``/N We/P 're/V strongly/T recommending/V that/I anyone/N who/T has/V eaten/N in/I the/D cafeteria/N this/D month/N have/V the/D shot/N ,/, ''/N Mr./N _OOV_/N added/V ,/, ``/N and/C that/I means/N virtually/N everyone/J who/P works/N here/N ./.
I/P was/V appalled/N to/T read/V the/D _OOV_/N of/I facts/N in/I your/J Oct./N 13/N editorial/N ``/N _OOV_/N 's/P _OOV_/N _OOV_/N ./, ''/N
It/P is/V the/D _OOV_/N guerrillas/N who/T are/V aligned/V with/I the/D drug/N traffickers/N ,/, not/R the/D left/V wing/N ./.
This/D information/N was/V gleaned/V from/I your/P own/N news/N stories/N on/I the/D region/N ./.
Past/N _OOV_/N government/N tolerance/N of/I the/D ``/N _OOV_/N ''/N was/V due/V to/T the/D drug/N lords/N '/P history/N of/I wiping/V out/I leftists/N in/I the/D hinterlands/N ./.
Mary/N _OOV_/N Palo/N Alto/N ,/, Calif/N ./.
I/P suggest/V that/D The/D Wall/N Street/N Journal/N -LRB-/N as/I well/R as/I other/J U.S./J news/N publications/N of/I like/J mind/N -RRB-/N should/T put/V its/D money/N where/I its/P mouth/N is/V :/P _OOV_/N computer/N equipment/N to/T replace/V that/D damaged/V at/I El/N _OOV_/N ,/, buy/V ad/N space/N ,/, publish/V stories/N under/I the/D _OOV_/N of/I El/N _OOV_/N journalists/N ./.
Perhaps/R an/D arrangement/N could/I be/V worked/V out/I to/T ``/N sponsor/N ''/N El/N _OOV_/N journalists/N and/C staff/N by/I paying/V for/I added/V security/N in/I exchange/N for/I exclusive/J stories/N ./.
_OOV_/N El/N _OOV_/N 's/P courage/N with/I real/J support/N ./.
Douglas/N B./N Evans/N
_OOV_/N Co/N ./. -LRB-/N Atlanta/N -RRB-/N --/P _OOV_/N _OOV_/N and/C George/N _OOV_/N were/V elected/V vice/N presidents/N of/I this/D _OOV_/N company/N ./.
Mr./N _OOV_/N ,/, 46/N years/N old/N ,/, is/V the/D company/N 's/P director/N of/I quality/N assurance/N ;/, most/V recently/V ,/, he/P served/V as/I vice/N president/N ,/, operations/N ,/, for/I Coca-Cola/N _OOV_/N ./.
Mr./N _OOV_/N ,/, 48/N ,/, is/V manager/N for/I corporate/N manufacturing/N operations/N ;/, he/P was/V assistant/N vice/N president/N at/I the/D company/N ./.
In/I the/D wake/V of/I a/D slide/N in/I sterling/N ,/, a/D tailspin/N in/I the/D stock/N market/N ,/, and/I a/D string/N of/I problematic/J economic/N indicators/N ,/, British/N Chancellor/N of/I the/D _OOV_/N Nigel/N _OOV_/N promised/V gradual/J improvement/N in/I the/D U.K./N economy/N ./.
In/I a/D speech/N prepared/V for/I delivery/N to/T London/N 's/P financial/J community/N ,/, Mr./N _OOV_/N summed/V up/R current/J economic/N policy/N as/I a/D battle/N to/T _OOV_/N inflation/N out/I of/I the/D British/N economy/N ,/, using/V high/J interest/N rates/N as/I ``/N the/I essential/J instrument/N ''/N to/T carry/V out/I the/D campaign/N ./.
Two/N weeks/N after/I boosting/V base/N rates/N to/T 15/N %/N ,/, he/P pledged/V that/I ``/N rates/N will/T have/V to/T remain/V high/J for/I some/D time/N to/T come/V ./, ''/N
Mr./N _OOV_/N also/N made/V it/P clear/J that/I he/P would/T be/V watching/V exchange/N rates/N carefully/C ./.
A/D sinking/N pound/V makes/V imports/N more/R expensive/J and/I increases/V businesses/N '/P expectations/N of/I future/J inflation/N ,/, he/P argued/V ./.
In/D an/D apparent/J warning/N to/T currency/N traders/N who/T have/V lately/V been/V selling/V the/D British/N currency/N ,/, he/P stated/V that/D the/D exchange/N rates/N will/T have/V a/D ``/N major/J role/N in/I the/D assessment/N of/I monetary/N conditions/N ./, ''/N
In/D reaffirming/N the/I current/J monetary/N policy/N of/I using/V high/J interest/N rates/N to/T fight/V inflation/N and/C shore/N up/R the/D pound/N ,/, Mr./N _OOV_/N dismissed/V other/J approaches/N to/T managing/N the/D economy/N ./.
He/P said/V he/P monitors/N the/I _OOV_/N figures/N ,/, but/V does/V n't/R give/V them/P paramount/J importance/N ,/, as/I some/D private/N and/I government/N economists/N have/V suggested/V ./.
Mr./N _OOV_/N also/N dismissed/V the/D possibility/N of/I imposing/V direct/J credit/N controls/V on/I Britain/N 's/P financial/J system/N ./.
Mr./N _OOV_/N 's/P speech/N ,/, delivered/V at/I the/D Lord/N Mayor/N of/I London/N 's/P annual/J dinner/N at/I _OOV_/N House/N ,/, came/V on/I the/D heels/N of/I a/D grueling/N period/N for/I the/D U.K./N economy/N ./.
Two/N weeks/N ago/C ,/, in/I a/D campaign/N to/T blunt/J inflation/N at/I home/N and/C arrest/N a/D world-wide/N plunge/N in/I the/D pound/N ,/, he/P raised/V base/N rates/N a/I full/D percentage/N point/V to/T 15/N %/N ./.
Despite/N the/D increase/N ,/, the/D British/N currency/N slid/V below/D a/D perceived/V threshold/N of/I three/N marks/N early/N last/J week/N ./.
It/P was/V quoted/V at/I _OOV_/C marks/N in/I late/N New/N York/N trading/N Wednesday/N ./.
_OOV_/N up/R to/T the/D speech/N was/V a/D _OOV_/N of/I economic/N statistics/N suggesting/V that/D the/D British/N war/N on/I inflation/N will/T be/V more/J bruising/N than/I previously/D assumed/V ./.
_OOV_/N in/I September/N dropped/V to/T _OOV_/N ,/, the/D lowest/J level/N since/V 1980/N ./.
While/C lower/D _OOV_/N is/V generally/R good/J news/N ,/, the/D hefty/N drop/V last/D month/N indicates/V that/D the/D economy/N is/V n't/R slowing/V down/I as/I much/R as/I hoped/V --/P despite/V a/D doubling/N of/I interest/N rates/N over/I the/D last/J 16/N months/N ./.
Meanwhile/N ,/, average/N earnings/N in/I Britain/N were/V up/R 8.75/N %/N in/I August/N over/I the/D previous/J year/N ./.
Another/D inflationary/N sign/N came/V in/I a/D surge/N in/I _OOV_/N lending/N to/T a/D record/N #/N _OOV_/N billion/N -LRB-/N $/N _OOV_/C billion/N -RRB-/N last/I month/N ,/, a/D much/R higher/D level/N than/I economists/N had/V predicted/V ./.
In/I a/D separate/D speech/N prepared/V for/I delivery/N at/I the/D dinner/N ,/, Robin/N _OOV_/N ,/, Bank/N of/I England/N governor/N ,/, conceded/V that/D ``/N demand/N pressures/N were/V even/R more/J buoyant/N than/I had/V been/V appreciated/V ''/N when/I the/D British/N economy/N was/V heating/N up/I last/J year/N ./.
He/P added/V that/D ``/N there/V 's/P no/D _OOV_/N solution/N ''/N to/T the/D economic/N woes/N ,/, and/C said/V ``/N tight/J monetary/N policy/N is/V the/D right/N approach/N ./, ''/N
_OOV_/N the/I recent/J slide/N in/I stock/N prices/N ,/, the/D central/J bank/N governor/N stated/V that/D ``/N the/D markets/N now/V appear/V to/T have/V _OOV_/N ''/N after/I the/D ``/N nasty/J jolt/N ''/N of/I the/D _OOV_/N plunge/N in/I the/D Dow/N Jones/N Industrial/N Average/N a/D week/N ago/C ./.
Although/V the/D New/N York/N market/N plunge/N prompted/V a/D _OOV_/N drop/V in/I the/D London/N Financial/N Times-Stock/N Exchange/N 100/N Share/N Index/N ,/, Mr./N _OOV_/N declared/V ``/N that/I the/D experience/N owed/V nothing/R to/T the/D particular/J problems/N of/I the/D British/N economy/N ./, ''/N
Specifically/C ,/, he/P pointed/V out/I that/D compared/V with/I the/D U.S./N market/N ,/, the/D U.K./N has/V far/R fewer/D highly/I leveraged/N junk-bond/N _OOV_/N ./.
_OOV_/N future/V monetary/N arrangements/N ,/, Mr./N _OOV_/N repeated/V the/D Thatcher/N government/N 's/P commitment/N to/T join/V the/D exchange/N rate/N mechanism/N of/I the/D European/N _OOV_/N System/N ,/, but/R he/P did/V n't/R indicate/V when/R ./.
C./N Olivetti/N &/N Co./N ,/, claiming/V it/P has/V won/V the/D race/N in/I Europe/N to/T introduce/V computers/N based/V on/I a/D powerful/J new/D microprocessor/N chip/N ,/, unveiled/V its/P _OOV_/N computer/N yesterday/N ./.
The/D product/N is/V the/D first/I from/I a/D European/N company/N based/V on/D Intel/N Corp./N 's/P new/I _OOV_/N _OOV_/N microprocessor/N ,/, which/D works/N several/I times/N faster/I than/I previously/D available/V chips/N ./.
Hewlett-Packard/N Co./N became/V the/D first/D company/N world-wide/N to/T announce/V a/D product/N based/V on/I the/D chip/N earlier/R this/D month/N ,/, but/R it/P wo/V n't/R start/V shipping/N the/D computers/N until/I early/I next/D year/N ./.
An/D Olivetti/N spokesman/N said/V the/D company/N 's/P factories/N are/V already/V beginning/I to/T produce/V the/D machine/N ,/, and/C that/I it/P should/T be/V available/V in/I Europe/N by/I December/N ./.
``/N What/R this/D means/N is/V that/D _OOV_/N will/R have/V these/D machines/N in/I their/P offices/N before/I Americans/N do/N ,/, ''/N the/D spokesman/N said/V ./.
The/D new/D chip/N ``/N is/V a/D very/V big/J step/N in/I computing/N ,/, and/C it/P is/V important/J that/D Olivetti/N be/V one/C of/I the/D first/I out/R on/I the/D market/N with/I this/D product/N ,/, ''/N said/V _OOV_/N _OOV_/N Davis/N ,/, an/D analyst/N at/I James/N _OOV_/N &/N Co./N in/I London/N ./.
Executives/N at/I Olivetti/N ,/, whose/D earnings/N have/V been/V steadily/N sliding/N over/I the/D past/N couple/N of/I years/N ,/, have/V acknowledged/V that/D in/I the/D past/N they/P have/V lagged/V at/I getting/V new/I technology/N to/T market/N ./.
Ms./N Davis/N said/V the/D new/J machines/N could/I steal/V some/D sales/N away/I from/I Olivetti/N 's/P own/J minicomputers/N ,/, but/V would/T bring/V new/I sales/N among/V professionals/N such/V as/I engineers/N ,/, _OOV_/N and/I medical/N doctors/N ./.
Although/V Olivetti/N 's/P profits/N tumbled/N 40/N %/N in/I the/D first/I half/N of/I this/D year/N ,/, she/P believes/V Olivetti/N 's/P restructuring/N last/I fall/V and/I its/D introduction/N of/I new/J products/N will/C begin/V to/T bear/N fruit/N with/I an/D earnings/N rebound/V next/D year/N ,/, especially/V if/I it/P can/T fulfill/V its/P promise/N to/T deliver/V the/D new/J machines/N by/I December/N ./.
``/N We/P think/V the/D worst/J is/V over/I ''/N in/I the/D European/N _OOV_/N market/N ,/, she/P said/V ./.
Depending/N on/I the/D type/J of/I software/N and/C peripherals/N used/V ,/, the/D machines/N can/T serve/V either/V as/I the/D main/D computer/N in/I a/D network/N of/I many/J terminals/N -LRB-/N a/D role/N usually/I filled/V by/I a/D minicomputer/N -RRB-/N ,/, as/I a/D technical/J workstation/N or/I as/I a/D very/V fast/N personal/J computer/N ./.
``/N It/P 's/P the/D missing/J link/N ''/N in/I Olivetti/N 's/P product/N line/N between/I small/J personal/J computers/N and/C _OOV_/N minicomputers/N ,/, the/D Olivetti/N spokesman/N said/V ./.
He/P added/V that/D Olivetti/N will/R continue/V making/V its/D _OOV_/N minicomputer/N line/N ./.
The/D machines/N will/T cost/N around/I $/P _OOV_/N on/I average/N in/I Europe/N ./.
The/D Intel/N _OOV_/N chip/N can/T process/N 15/N million/C instructions/N per/I second/N ,/, or/I _OOV_/N ,/, while/I Intel/N 's/P previous/D _OOV_/N chip/N could/I handle/N only/R 3/N to/T 6/N _OOV_/N ./.
Olivetti/N also/I plans/N to/T sell/V the/D _OOV_/N computer/N in/I the/D U.S./N starting/V next/D year/N through/I Olivetti/N USA/N and/C through/I its/D _OOV_/N unit/N ,/, which/D specializes/N in/I automating/N _OOV_/N networks/N ./.
_OOV_/N Inc./N said/V it/P received/V approval/N from/I the/D French/N government/N for/I its/D proposed/V $/N _OOV_/C million/C acquisition/N of/I _OOV_/N _OOV_/N ./.
The/D approval/N satisfies/V the/D remaining/J conditions/N of/I the/D purchase/N ,/, which/D is/V expected/V to/T close/J within/I two/N weeks/N ./.
_OOV_/N ,/, the/D second-largest/N maker/N of/I food/N cans/N in/I France/N ,/, had/V 1988/N sales/N of/I $/N 150/C million/C ./.
_OOV_/N has/V _OOV_/N workers/N at/I four/C canning/N manufacturing/N plants/N and/C one/C plastic/N container/N facility/N ./.
_OOV_/N makes/V flexible/J packaging/N films/N and/C machinery/N ,/, and/C materials/N for/I the/D food/N and/C pharmaceutical/N industries/N ./.
Social/N Security/N benefits/N will/T rise/N _OOV_/N %/N next/I year/N to/T keep/V pace/N with/I inflation/N ,/, boosting/V the/D average/N monthly/N benefit/N to/T $/N _OOV_/N from/I $/N _OOV_/N ,/, the/D Department/N of/I Health/N and/C Human/N Services/N announced/V ./.
The/D higher/J payments/N will/M start/V with/I Social/N Security/N checks/N received/V on/I Jan./N 3/N ,/, 1990/N ./.
_OOV_/N Security/N Income/N payments/N to/T the/D disabled/V also/R will/V rise/N _OOV_/N %/N ,/, starting/V with/I checks/N received/V on/I Dec./N 29/N ,/, 1988/N ,/, increasing/J the/D maximum/V _OOV_/N payment/N to/T $/N _OOV_/N from/I $/N _OOV_/N a/D month/N ./.
The/D inflation/N adjustment/N also/C means/N that/I the/D maximum/D annual/J level/N of/I earnings/N subject/V to/T the/D wage/N tax/N that/I generates/V revenue/N for/I the/D Social/N Security/N trust/N fund/N will/T rise/N to/T $/N _OOV_/C in/I 1990/N from/I $/N _OOV_/N this/D year/N ./.
As/N mandated/V by/I law/N ,/, the/D tax/N rate/N will/T rise/N to/T _OOV_/N %/N in/I 1990/N from/I _OOV_/C %/N and/N wo/V n't/R rise/N any/I further/J in/I the/D future/N ./.
This/D means/N that/I the/D maximum/D yearly/N Social/N Security/N tax/N paid/V by/I workers/N and/C employers/N each/I will/R rise/N $/N _OOV_/N next/D year/N to/T $/N _OOV_/C ./.
_OOV_/N aged/V 65/N through/I 69/N will/T be/V able/V to/T earn/V $/N _OOV_/N without/I losing/V any/D Social/N Security/N benefits/N in/I 1990/N ,/, up/R from/I $/N _OOV_/N this/D year/N ./.
The/D exempt/N amount/N for/I beneficiaries/N under/I 65/N will/T rise/N to/T $/N _OOV_/N from/I $/N _OOV_/C ./.
The/D adjustments/N reflect/V the/D increase/N in/I the/D consumer/N price/N index/N for/I urban/J wage/N earners/N and/C clerical/J workers/N from/I the/D third/J quarter/N of/I last/J year/N to/T the/D third/J quarter/N of/I this/D year/N ./.
_OOV_/N companies/N should/T get/V healthier/C in/I the/D third/J quarter/N ./.
_OOV_/N houses/N are/V expected/V to/T report/N earnings/N increases/V of/I about/I 15/N %/N on/I average/N for/I the/D third/J quarter/N ,/, despite/V sales/N increases/V of/I less/J than/I 10/C %/N ,/, analysts/N say/V ./.
To/N offset/V sluggish/J sales/N growth/N ,/, companies/N have/V been/V cutting/V staff/N ,/, mostly/N through/I attrition/N ,/, and/J slowing/V the/D growth/N in/I research/N and/C development/N spending/N ./.
Sales/N growth/N in/I the/D quarter/N was/V slowed/V by/I mounting/N pressure/N from/I groups/N of/I buyers/N ,/, such/J as/D hospitals/N ,/, to/T hold/V down/I prices/N ./.
_OOV_/N were/V also/R hurt/V by/I the/D stronger/R U.S./N dollar/N ,/, which/D makes/V sales/N abroad/N more/R difficult/J ./.
In/D some/D cases/N ,/, competition/N has/V squeezed/V margins/N ./.
_OOV_/N ,/, _OOV_/N &/N Co./N ,/, for/I example/N ,/, faces/N stiff/J competition/N from/I a/D Japanese/N supplier/N in/I the/D important/J syringe/N market/N ./.
The/D Franklin/N Lakes/N ,/, N.J./N ,/, company/N is/V expected/V to/T report/N sales/N growth/N of/I only/R 5/N %/N to/T 6/N %/N ,/, but/V should/T still/R maintain/V earnings/N growth/N of/I 10/N %/N ,/, says/V _OOV_/N E./N _OOV_/N ,/, an/D analyst/N with/I Duff/N &/N Phelps/N Inc/N ./.
Among/N the/D first/I of/I the/D group/N to/T post/J results/N ,/, Abbott/N Laboratories/N said/V third-quarter/N net/N income/N jumped/V 14/N %/N to/T $/N _OOV_/C million/C ,/, or/V 88/N cents/N a/D share/N ,/, from/I $/N _OOV_/C million/C ,/, or/V _OOV_/N cents/N a/D share/N ,/, a/D year/N earlier/C ./.
Sales/N for/I the/D company/N ,/, based/V in/I Abbott/N Park/N ,/, Ill./N ,/, rose/V _OOV_/N %/N to/T $/N 1.31/C billion/N from/I $/N _OOV_/C billion/N ./.
_OOV_/N International/N Inc./N yesterday/N reported/V net/N climbed/V 20/N %/N in/I the/D third/J period/N to/T $/N 102/C million/C ,/, or/V 34/N cents/N a/D share/N ,/, from/I $/N 85/C million/C ,/, or/V 28/N cents/N a/D share/N ,/, a/D year/N earlier/C ./.
Sales/N for/I the/D _OOV_/N ,/, Ill./N ,/, company/N rose/V 5.8/N %/N to/T $/N _OOV_/C billion/N from/I $/N 1.71/C billion/N ./.
But/I not/R every/D company/N expects/V to/T report/N increased/J earnings/N ./.
C.R./N Bard/N Inc./N yesterday/N said/V third-quarter/N net/N plunged/V 51/N %/N to/T $/N _OOV_/C million/C ,/, or/V 18/N cents/N a/D share/N ,/, from/I $/N 20/C million/C ,/, or/V 35/N cents/N a/D share/N ,/, a/D year/N earlier/C ./.
Sales/N fell/V 1.2/N %/N to/T $/N _OOV_/C million/C from/I $/N _OOV_/C million/C ./.
The/D Murray/N Hill/N ,/, N.J./N ,/, company/N said/V full-year/N earnings/N may/I be/V off/I 33/C cents/N a/D share/N because/I the/D company/N removed/V a/D catheter/N from/I the/D market/N ./.
In/D 1988/N ,/, the/D company/N earned/V $/N _OOV_/N a/D share/N ./.
The/D Food/N and/C Drug/N Administration/N had/V raised/V questions/N about/I the/D device/N 's/P design/N ./.
Some/J analysts/N add/V that/D _OOV_/N pressures/N to/T reduce/V health/N costs/N will/T continue/V to/T _OOV_/N companies/N '/P bottom/N lines/N ./.
Takeover/N speculation/N ,/, which/D has/V been/V _OOV_/N stocks/N of/I supply/N houses/N ,/, may/T also/R ease/N ,/, says/V Peter/N _OOV_/N ,/, an/D analyst/N with/I Drexel/N Burnham/N Lambert/N Inc/N ./.
``/N As/N that/I _OOV_/N ,/, you/P 're/V going/V to/T see/V the/D stocks/N probably/N wane/N as/I well/R ,/, ''/N he/P says/V ./.
_OOV_/N companies/N ,/, meanwhile/N ,/, are/V reporting/V improved/V earnings/N ./.
_OOV_/N by/I strong/J performances/N by/I its/D psychiatric/N hospitals/N ,/, National/N Medical/N _OOV_/N Inc./N ,/, Los/N Angeles/N ,/, reported/V net/J income/N of/I $/N 50/C million/C ,/, or/V 65/N cents/N a/D share/N ,/, for/I the/D first/D quarter/N ended/V Aug./N 31/N ,/, up/R from/I $/N 41/C million/C ,/, or/V 56/N cents/N a/D share/N ,/, a/D year/N earlier/C ./.
_OOV_/N Inc./N ,/, Louisville/N ,/, Ky./N ,/, also/R reported/V favorable/J results/N ,/, with/I net/J income/N of/I $/N 66.7/C million/C ,/, or/V 66/N cents/N ,/, in/I the/D fourth/J quarter/N ended/V Aug./N 31/N ,/, up/R from/I $/N _OOV_/C million/C ,/, or/V 59/N cents/N ,/, a/D year/N earlier/C ./.
Analysts/N say/V the/D handful/V of/I hospital/N companies/N that/I are/V still/R publicly/V traded/V are/V benefiting/N from/I several/D trends/N ./.
Most/I important/J ,/, hospital/N admission/N rates/N are/V stabilizing/V after/I several/D years/N of/I decline/N ./.
Moreover/N ,/, companies/N have/V sold/V off/I many/D of/I their/P smaller/J ,/, less-profitable/N hospitals/N and/C have/V completed/V painful/J _OOV_/N ./.
_OOV_/N 's/P revenues/N ,/, for/I example/N ,/, are/V being/V boosted/V by/I large/J increases/V in/I enrollments/N in/I the/D company/N 's/P health/N maintenance/N organizations/N ./.
_OOV_/N _OOV_/N _OOV_/N ,/, an/D analyst/N with/I _OOV_/N _OOV_/N _OOV_/N :/P ``/N The/D shakeout/N in/I the/D publicly/N traded/V companies/N is/V over/I ./.
Initial/N claims/N for/I regular/J state/N unemployment/N benefits/N rose/V to/T a/D seasonally/N adjusted/V _OOV_/N during/I the/D week/N ended/V Oct./N 7/N from/I _OOV_/N the/I previous/J week/N ,/, the/D Labor/N Department/N said/V ./.
The/D number/N of/I people/N receiving/V regular/J state/N benefits/N in/I the/D week/N ended/V Sept./N 30/N decreased/V to/T a/D seasonally/N adjusted/V _OOV_/N ,/, or/V 2.2/N %/N of/I those/N covered/V by/I unemployment/N insurance/N ,/, from/I _OOV_/N the/I previous/J week/N ,/, when/I the/D insured/N unemployment/N rate/N also/I was/V 2.2/N %/N ./.
_OOV_/N all/I state/N and/I federal/J benefit/N programs/N ,/, the/D number/N of/I people/N receiving/V unemployment/N benefits/N in/I the/D week/N ended/V Sept./N 30/N fell/V to/T _OOV_/N from/I _OOV_/N a/D week/N earlier/C ./.
These/D figures/N are/V n't/R seasonally/N adjusted/V ./.
A/D Labor/N Department/N spokesman/N said/V the/D unusually/N high/J number/N of/I initial/J claims/N for/I state/N unemployment/N benefits/N reflects/V the/D impact/N of/I Hurricane/N Hugo/N on/I southern/N states/N ,/, particularly/V North/N Carolina/N and/C South/N Carolina/N ./.
The/D figure/N also/I may/I reflect/V initial/D claims/N filed/N by/I striking/D _OOV_/N Corp./N workers/N who/P have/V become/V eligible/V for/I unemployment/N benefits/N ,/, the/D official/J said/V ./.
Digital/N Equipment/N Corp./N reported/V a/D 32/N %/N decline/N in/I net/J income/N on/I a/D modest/J revenue/N gain/V in/I its/D fiscal/N first/I quarter/N ,/, causing/V some/D analysts/N to/T predict/V weaker/J results/N ahead/I than/I they/P had/V expected/V ./.
Although/V the/D second-largest/N computer/N maker/N had/V prepared/V Wall/N Street/N for/I a/D poor/J quarter/N ,/, analysts/N said/V they/P were/V troubled/V by/I signs/N of/I flat/N U.S./N orders/N and/C a/D slowdown/N in/I the/D rate/N of/I gain/V in/I foreign/J orders/N ./.
The/D Maynard/N ,/, Mass./N ,/, company/N is/V in/I a/D transition/N in/I which/D it/P is/V trying/V to/T reduce/V its/J reliance/N on/I _OOV_/N machines/N and/C establish/V a/D presence/N in/I workstations/N and/I mainframes/N ./.
Net/N for/I the/D quarter/N ended/V Sept./N 30/N fell/V to/T $/N _OOV_/C million/C ,/, or/I $/N _OOV_/N a/D share/N ,/, from/I $/N _OOV_/C million/C ,/, or/I $/N 1.71/N a/D share/N ,/, a/D year/N ago/C ./.
Revenue/N rose/V 6.4/N %/N to/T $/N _OOV_/C billion/N from/I $/N _OOV_/C billion/N ./.
Digital/N said/V a/D shift/N in/I its/D product/N mix/N toward/I _OOV_/N products/N and/C strong/J growth/N in/I workstation/N sales/N yielded/V lower/D gross/N margins/N ./.
A/D spokesman/N also/C said/V margins/N for/I the/D company/N 's/P service/N business/N narrowed/V somewhat/V because/I of/I heavy/J investments/N made/V in/I that/D sector/N ./.
The/D lack/N of/I a/D strong/J product/N at/I the/D high/J end/N of/I Digital/N 's/P line/N was/V a/D significant/J drag/N on/I sales/N ./.
Digital/N hopes/N to/T address/N that/I with/I the/D debut/N of/I its/J first/I _OOV_/N computers/N next/I Tuesday/N ./.
The/D new/I line/N is/V aimed/V directly/C at/I International/N Business/N Machines/N Corp/N ./.
``/N Until/N the/I new/D mainframe/N products/N kick/N in/I ,/, there/V wo/V n't/R be/V a/D lot/N of/I revenue/N contribution/N at/I the/D high/J end/N ,/, and/C that/I 's/P hurt/V us/N ,/, ''/N said/V Mark/N _OOV_/N ,/, Digital/N 's/P director/N of/I investor/N relations/N ./.
He/P said/V unfavorable/J currency/N translations/N were/V also/R a/D factor/N in/I the/D quarter/N ./.
_OOV_/N shares/N rose/V $/N 1.375/N to/T $/N _OOV_/N apiece/N in/I consolidated/V New/N York/N Stock/N Exchange/N trading/N yesterday/N ./.
But/I analysts/N said/V that/D against/I the/D backdrop/N of/I a/D nearly/V _OOV_/N rise/N in/I the/D Dow/N Jones/N Industrial/N Average/N ,/, that/D should/T n't/R necessarily/V be/V taken/V as/I a/D sign/N of/I great/J strength/N ./.
Some/N cut/V their/P earnings/N estimates/N for/I the/D stock/N this/D year/N and/C predicted/V more/J efforts/N to/T control/N costs/N ahead/C ./.
``/N I/P think/V the/D next/R few/J quarters/N will/T be/V difficult/J ,/, ''/N said/V Steven/N _OOV_/N of/I First/N Boston/N ./.
``/N _OOV_/N will/T remain/V under/I pressure/N ,/, and/C when/I the/D new/D mainframe/V does/V ship/N ,/, I/P 'm/V not/R sure/R it/P will/R be/V a/D big/J winner/N ./.
''/N Mr./N _OOV_/N said/V he/P was/V revising/N his/P estimate/V for/I _OOV_/N 's/P current/J year/N from/I $/P 8.20/N a/D share/N to/T ``/N well/R below/D $/N 8/N ,/, ''/N although/V he/P has/V n't/R settled/V on/I a/D final/J number/N ./.
One/N troubling/J aspect/N of/I _OOV_/N 's/P results/N ,/, analysts/N said/V ,/, was/V its/D performance/N in/I Europe/N ./.
_OOV_/N said/V its/P overseas/J business/N ,/, which/D now/R accounts/N for/I more/J than/I half/D of/I sales/N ,/, improved/V in/I the/D quarter/N ./.
It/P even/V took/V the/D unusually/N frank/N step/N of/I telling/V analysts/N in/I a/D morning/N conference/N call/V that/D orders/N in/I Europe/N were/V up/R in/I ``/N double/N digits/N ''/N in/I foreign-currency/N terms/N ./.
That/D gain/V probably/N translated/V into/I about/I 5/N %/N to/T 7/N %/N in/I dollar/N terms/N ,/, well/R below/D recent/D quarters/N '/P gains/N of/I above/D 20/N %/N ,/, reckons/N Jay/N _OOV_/N of/I _OOV_/N _OOV_/N _OOV_/N ./.
``/N That/P was/V a/D disappointment/N ''/N and/C a/D sign/N of/I overall/J _OOV_/N softness/N in/I Europe/N ,/, Mr./N _OOV_/N said/V ./.
Marc/N _OOV_/N ,/, with/I _OOV_/N Securities/N in/I New/N York/N ,/, dropped/V his/P estimate/V of/I _OOV_/N 's/P full-year/N net/N to/T $/N _OOV_/N a/D share/N from/I $/N 8/C ./.
Although/V overall/J revenues/N were/V stronger/R ,/, Mr./N _OOV_/N said/V ,/, _OOV_/N ``/N drew/V down/I its/D European/N backlog/N ''/N and/C had/V flat/N world-wide/N orders/N overall/N ./.
``/N The/D bottom/N line/N is/V that/D it/P 's/P more/J hand/N to/T mouth/N than/I it/P has/V been/V before/I ,/, ''/N he/P said/V ./.
Mr./N _OOV_/N said/V he/P believes/V that/D the/D _OOV_/N of/I _OOV_/N 's/P new/I mainframe/N will/T ``/N occur/V somewhat/V more/R leisurely/V ''/N than/I many/D of/I his/P investment/N colleagues/N expect/V ./.
He/P said/V current/J expectations/N are/V for/I an/D entry/N level/N machine/N to/T be/V shipped/V in/I December/N ,/, with/I all/D of/I the/D more/J sophisticated/J versions/N out/I by/I June/N ./.
For/D reasons/N he/P would/V n't/R elaborate/V on/I ,/, he/P said/V he/P 's/P sure/R that/D schedule/N wo/V n't/R be/V met/V ,/, meaning/N less/I profit/N impact/N from/I the/D product/N for/I _OOV_/N in/I the/D next/R few/J quarters/N ./.
John/N R./N _OOV_/N contributed/V to/T this/D article/N ./.
Colgate/N _OOV_/N Co./N reported/V third-quarter/N net/N income/N rose/V 27/N %/N ,/, bolstered/V by/I strong/J sales/N in/I its/P Latin/N American/N business/N and/C surprisingly/V healthy/J profits/N from/I U.S./N operations/N ./.
Colgate/N said/V net/J income/N for/I the/D quarter/N rose/V to/T $/N _OOV_/C million/C ,/, or/I $/N _OOV_/N a/D share/N ,/, on/D sales/N that/I increased/J 6/N %/N to/T $/N 1.3/C billion/N ./.
In/I the/D year-earlier/N period/N ,/, Colgate/N posted/V net/J income/N of/I $/N _OOV_/C million/C ,/, or/V 88/N cents/N a/D share/N ./.
Last/N year/N 's/P results/N included/V earnings/N from/I discontinued/J operations/N of/I $/N 13.1/C million/C ,/, or/V 19/N cents/N a/D share/N ./.
_OOV_/N Mark/N ,/, chairman/N and/C chief/N executive/N officer/N of/I Colgate/N ,/, said/V earnings/N growth/N was/V fueled/V by/I strong/J sales/N in/I Latin/N America/N ,/, the/D Far/N East/N and/C Europe/N ./.
Results/N were/V also/D bolstered/V by/I ``/N a/D very/V meaningful/J increase/N in/I operating/N profit/N at/I Colgate/N 's/P U.S./N business/N ,/, ''/N he/P said/V ./.
Operating/N profit/N at/I Colgate/N 's/P U.S./N household/N products/N and/C personal/J care/N businesses/N ,/, which/D include/V such/J well-known/N brands/N as/I Colgate/N toothpaste/N and/C _OOV_/N laundry/N detergent/N ,/, jumped/V more/J than/I 40/N %/N ,/, the/D company/N said/V ./.
Mr./N Mark/N attributed/V the/D improvement/N to/T cost/N savings/N achieved/V by/I consolidating/V manufacturing/N operations/N ,/, blending/N together/P two/J sales/N organizations/N and/C more/R carefully/J focusing/V the/D company/N 's/P promotional/N activities/N ./.
``/N We/P 've/V done/V a/D lot/R to/T improve/V -LRB-/N U.S/N ./. -RRB-/C results/N and/I a/D lot/J more/R will/J be/V done/V ,/, ''/N Mr./N Mark/N said/V ./.
``/N _OOV_/N profitability/N of/I U.S./N operations/N is/V an/D extremely/V high/J priority/N in/I the/D company/N ./, ''/N
Colgate/N 's/P results/N were/V at/I the/D high/J end/N of/I the/D range/N of/I analysts/N '/P forecasts/N ./.
The/D scope/N of/I the/D improvement/N in/I the/D U.S./N business/N caught/V some/D analysts/N by/I surprise/N ./.
The/D company/N 's/P domestic/J business/N ,/, especially/V its/P household/N products/N division/N ,/, has/V performed/V poorly/P for/I years/N ./.
Analysts/N say/V the/D earnings/N improvement/N came/V from/I cutting/V costs/N rather/J than/I increasing/J sales/N ./.
For/I the/D nine/N months/N ,/, net/N increased/V 14/N %/N to/T $/N _OOV_/C million/C ,/, or/I $/N _OOV_/N a/D share/N ./.
Sales/N rose/V 7/N %/N to/T $/N 3.8/C billion/N ./.
The/D company/N earned/V $/N _OOV_/C million/C ,/, or/I $/N 2.79/N a/D share/N ,/, in/I the/D year-earlier/N period/N ./.
Colgate/N 's/P 1988/N net/N income/N included/V $/N _OOV_/C million/C ,/, or/V 59/N cents/N a/D share/N ,/, from/I discontinued/J operations/N ./.
Colgate/N sold/V its/D hospital/N supply/N and/C home/N health/N care/N business/N last/I year/N ./.
Separately/N ,/, Colgate/N Wednesday/N finalized/V an/D agreement/N with/I _OOV_/N Corp./N ,/, a/D tiny/J dental/N products/N and/C pharmaceutical/N concern/N based/V in/I _OOV_/N ,/, Mass./N ,/, to/T market/N in/I the/D U.S./N four/N of/I _OOV_/N 's/P _OOV_/C dental/N products/N ./.
The/D products/N --/P _OOV_/N and/C bonding/N materials/N used/V by/I dentists/N --/P all/I contain/V fluoride/N that/I is/V released/N over/I time/N ./.
The/D move/V is/V part/N of/I a/D drive/V to/T increase/N Colgate/N 's/P business/N with/I dentists/N ,/, a/D company/N spokeswoman/N said/V ./.
Terms/N of/I the/D agreement/N were/V n't/R given/V ./.
_OOV_/N Limited/N _OOV_/N said/V it/P completed/V the/D sale/N of/I its/D _OOV_/N restaurant/N franchise/N system/N to/T a/D subsidiary/N of/I _OOV_/N Co./N for/I $/N 71/C million/C in/I cash/N ./.
_OOV_/N ,/, which/D is/V nearly/V _OOV_/N by/I Sam/N and/C Charles/N _OOV_/N of/I Dallas/N ,/, said/V it/P will/R distribute/V proceeds/N from/I the/D sale/N to/T unit/N holders/N as/I a/D _OOV_/N dividend/N as/I soon/R as/I possible/J ./.
The/D _OOV_/N franchise/N system/N ,/, which/D generates/V about/I $/N 600/C million/C in/I sales/N annually/N ,/, represented/V substantially/N all/I of/I the/D partnership/N 's/P assets/N ./.
The/D sale/N of/I the/D system/N has/V been/V challenged/V in/I a/D class-action/N suit/N on/I behalf/N of/I unit/N holders/N filed/N last/J week/N in/I a/D Delaware/N court/N ,/, _OOV_/N said/V ./.
The/D company/N said/V it/P believes/V the/D suit/N is/V without/I merit/N ./.
American/J Telephone/N &/N Telegraph/N Co./N unveiled/V a/D sweetened/N pension/N and/C _OOV_/N program/N for/I management/N that/I it/P hopes/N will/T enable/V it/P to/T save/V $/N _OOV_/C million/C in/I the/D next/D year/N ./.
AT&T/N also/N said/V net/J income/N rose/V 19/N %/N in/I the/D third/J quarter/N ./.
AT&T/N said/V its/D amended/N pension/N program/N will/C nearly/I double/N to/T _OOV_/N the/D number/N of/I managers/N eligible/V to/T retire/V with/I immediate/J pension/N payments/N ./.
AT&T/N said/V that/D based/V on/D studies/N of/I other/J companies/N that/I have/V offered/V retirement/N plans/N ,/, it/P expects/V about/I one-third/N of/I its/P eligible/V managers/N to/T retire/V under/I the/D new/D program/N ./.
AT&T/N said/V third-quarter/N net/N income/N grew/V ,/, despite/V stiff/J competition/N in/I all/D of/I the/D company/N 's/P markets/N ./.
Net/N income/N rose/V to/T $/N _OOV_/C million/C ,/, or/V 65/N cents/N a/D share/N ,/, from/I the/D year-earlier/N $/N _OOV_/C million/C or/I 55/C cents/N a/D share/N ./.
Revenue/N edged/V up/R to/T $/N 8.9/C billion/N from/I $/N _OOV_/C billion/N ./.
The/D latest/J period/N 's/P net/N was/V reduced/V $/N 102/C million/C ,/, or/I nine/C cents/N a/D share/N ,/, for/I a/D change/V in/I depreciation/N method/N and/I concurrent/V changes/N in/I estimates/N of/I _OOV_/N lives/N and/I net/N salvage/N for/I certain/J telecommunications/N equipment/N ./.
The/D results/N roughly/I matched/V estimates/N of/I securities/N analysts/N ,/, who/P were/V encouraged/V by/I AT&T/N increasing/J its/D operating/N margin/N to/T 13/N %/N from/I 11/C %/N a/D year/N ago/N ,/, because/I of/I continued/V _OOV_/N efforts/N ./.
Sales/N of/I long-distance/N services/N ,/, an/D extremely/V competitive/J market/N ,/, rose/V 6.4/N %/N ./.
But/I the/D growth/N was/V partly/N offset/V by/I lower/J equipment/N sales/N and/C rentals/N and/C price/N cuts/N on/I some/D products/N ./.
Under/N the/D amended/J pension/N program/N ,/, AT&T/N managers/N who/P have/V at/I least/V five/C years/N of/I service/N will/R have/V five/N years/N added/V to/T their/P age/N and/C length/N of/I service/N for/I pension/N purposes/N ./.
Managers/N who/T retire/V Dec./N 30/N will/R have/V an/D additional/J 15/N %/N added/V to/T their/P monthly/N pension/N for/I as/I long/D as/I five/N years/N or/I age/N 65/N ,/, whichever/C comes/V earlier/J ./.
An/D AT&T/N spokeswoman/N said/V the/D company/N would/T likely/R replace/V about/I one-third/N of/I its/D managers/N who/T choose/V to/T retire/V with/I new/D employees/N ./.
Analysts/N hailed/V the/D sweetened/N pension/N package/N ,/, which/D they/P said/V had/V been/V the/D subject/J of/I rumors/V for/I several/D months/N ./.
``/N This/D tells/V you/P AT&T/N is/V serious/J about/I continuing/V to/T manage/V their/P cost/N structure/N and/C is/V committed/V to/T _OOV_/N earnings/N growth/N ,/, ''/N said/V Jack/N _OOV_/N ,/, an/D analyst/N with/I PaineWebber/N Inc/N ./.
But/I other/I analysts/N expressed/V disappointment/N that/I the/D _OOV_/N move/V wo/V n't/R result/V in/I even/R greater/J earnings/N growth/N ./.
``/N This/D is/V a/D good/J move/V ,/, but/R it/P only/R gets/V you/P to/T where/I people/N 's/P expectations/N already/V are/V ,/, ''/N in/I terms/N of/I earnings/N growth/N ,/, said/V Joel/N D./N _OOV_/N ,/, an/D analyst/N with/I Donaldson/N ,/, Lufkin/N &/N Jenrette/N ./.
Mr./N _OOV_/N said/V he/P had/V hoped/V that/D a/D cost/N savings/N of/I $/N _OOV_/C million/C would/T result/V in/I even/R greater/J growth/N than/I the/D 20/N %/N annual/N earnings/N increase/N AT&T/N has/V told/V analysts/N it/P expects/V in/I the/D future/N ./.
AT&T/N said/V the/D special/D retirement/N option/N will/T increase/N fourth-quarter/N expenses/N ./.
But/I the/D company/N said/V the/D amount/N ca/V n't/R be/V determined/V until/I it/P knows/V how/R many/D managers/N opt/N to/T retire/V ./.
AT&T/N said/V the/D expense/N increase/N will/V be/V largely/J offset/V by/I a/D gain/V from/I its/D previously/D announced/V plan/N to/T swap/V its/D holdings/N in/I Ing/N ./. C./N Olivetti/N &/N Co./N for/I shares/N in/I Cie/N ./. _OOV_/N _OOV_/N ,/, an/D Italian/N holding/V company/N ./.
For/I the/D nine/N months/N ,/, AT&T/N said/V net/J income/N was/V $/N _OOV_/C billion/N ,/, or/I $/N 1.85/N a/D share/N ,/, up/R 19/N %/N from/I $/N _OOV_/C billion/N ,/, or/I $/N 1.56/N a/D share/N ./.
Revenue/N gained/V 3.1/N %/N to/T $/N _OOV_/C billion/N from/I $/N 26/C billion/N ./.
In/D composite/N trading/N yesterday/N on/I the/D New/N York/N Stock/N Exchange/N ,/, AT&T/N shares/N closed/V at/I $/N _OOV_/N ,/, up/R 87.5/N cents/N ./.
When/T it/P comes/V to/T buying/N and/C selling/N shares/N ,/, _OOV_/N Capital/N Management/N Inc./N takes/V a/D back/R seat/N to/T no/D one/C ./.
Every/N dollar/N 's/P worth/N of/I stock/N in/I the/D Los/N Angeles/N money/N manager/N 's/P portfolio/N is/V traded/V seven/C or/I eight/C times/N a/D year/N ,/, the/D firm/N estimates/N ./.
That/D makes/V it/P the/D most/J active/J trader/N among/V all/D the/D nation/N 's/P investment/N advisers/N ,/, according/V to/T Securities/N and/C Exchange/N Commission/N filings/N ./.
But/I wait/V a/D second/J ./.
_OOV_/N Capital/N is/V an/D index/N fund/N --/P the/D type/J of/I _OOV_/N long-term/N investor/N whose/I goal/N is/V to/T be/V nothing/R more/J than/I average/N ./.
_OOV_/N Capital/N 's/P frenetic/J trading/N reflects/V the/D changes/N sweeping/N through/I the/D previously/R sleepy/N world/N of/I indexing/N ./.
_OOV_/N for/I the/D most/J part/N has/V involved/V simply/D buying/N and/C then/I holding/V stocks/N in/I the/D correct/J mix/N to/T mirror/V a/D stock/N market/N barometer/N ,/, such/J as/D Standard/N &/N Poor/N 's/P 500-stock/C index/N ,/, and/C match/N its/D performance/N ./.
_OOV_/N investors/N have/V poured/V $/N 210/C billion/N into/I stock/N and/I bond/J indexing/N as/I a/D cheap/N and/I easy/P form/V of/I investment/N management/N that/D promises/N to/T post/V average/N market/N returns/N ./.
These/D big/J investors/N have/V flocked/V to/T indexing/N because/I relatively/V few/J ``/C active/V ''/N stock/N pickers/N have/V been/V able/V to/T consistently/N match/N the/D returns/V of/I the/D S&P/N 500/N or/I other/D _OOV_/N ,/, much/R less/R beat/V it/P ./.
And/P the/D fees/N investors/N pay/V for/I indexing/N run/V a/D few/J pennies/N for/I each/D $/N 100/N of/I assets/N --/P a/D fraction/N of/I the/D cost/N of/I active/V managers/N ./.
That/D 's/P because/I computers/N do/V most/V of/I the/D work/N ,/, and/C low/J trading/N activity/N keeps/V a/D lid/N on/I commission/N costs/N ./.
But/I today/R ,/, indexing/N is/V moving/V from/I a/D passive/J investment/N strategy/N to/T an/D increasingly/R active/V one/N ./.
Because/V _OOV_/N managers/N are/V no/D longer/R satisfied/V with/I merely/J being/R average/N ,/, they/P have/V developed/V ``/N enhanced/N ''/N indexing/N strategies/N that/I are/V intended/V to/T outperform/V the/D market/N as/I much/R as/I three/C percentage/N points/N ./.
``/N _OOV_/N has/V been/V the/D most/V single/J successful/J investment/N concept/N in/I the/D last/J decade/N ,/, but/R the/D index/N money/N has/V been/V just/R sort/N of/I sitting/V there/V ,/, ''/N says/V _OOV_/N M./N _OOV_/N ,/, president/N of/I _OOV_/N _OOV_/N Investors/N Inc./N ,/, an/D _OOV_/N based/V in/I _OOV_/N ,/, _OOV_/N ./.
``/N Now/P the/D interest/N is/V in/I what/R else/V can/R I/P do/V with/I that/D money/N ./, ''/N
Among/N the/D _OOV_/N indexing/N strategies/N :/, _OOV_/N portfolios/N can/T be/V built/V around/I thousands/C of/I stocks/N ,/, or/V just/R a/D few/R dozen/N ,/, rather/J than/I being/R restricted/V to/T the/D S&P/N 500/N companies/N ./.
They/R can/R ignore/V the/D S&P/N 500/N stocks/N altogether/N and/I focus/V on/I particular/J types/N of/I stocks/N ,/, such/J as/I smaller/J companies/N ,/, those/J paying/V high/J dividends/N or/I companies/N in/I a/D particular/J industry/N ,/, state/N or/I country/N ./.
With/I today/J 's/P _OOV_/N program/N trading/N techniques/N ,/, index/N funds/N can/T trade/N back/R and/C forth/I between/I stock-index/N futures/N and/I the/D actual/D stocks/N making/V up/R indexes/N such/J as/I the/D S&P/N 500/N ./.
Futures/N and/C options/N also/C make/V it/P possible/V to/T build/V ``/N synthetic/N ''/N index/N funds/N that/I do/V n't/R actually/R own/N a/D single/D share/N of/I stock/N ,/, but/R can/R produce/V returns/V that/D match/N or/I exceed/V the/D broad/J stock/N market/N ./.
One/C reason/N for/I these/D hybrids/N is/V that/D indexing/N 's/P rapid/D growth/N is/V slowing/V ,/, particularly/V for/I those/N ``/N plain/N vanilla/V ''/N funds/N that/I mirror/V the/D 500/N ./.
``/N There/I is/V n't/R a/D _OOV_/N -LCB-/N of/I big/J investors/N -RCB-/N out/I there/V still/R waiting/V to/T get/V into/I indexing/N ,/, ''/N says/V P./N James/N _OOV_/N ,/, vice/N president/N of/I _OOV_/N Investment/N Management/N Co./N ,/, Chicago/N ,/, which/D offers/N both/I indexing/N and/I active/J management/J services/N ./.
After/I tripling/N in/I size/N in/I the/D past/N five/N years/N ,/, index/N funds/N now/V hold/V about/I 20/N %/N of/I the/D stock/N owned/V by/I pension/N funds/N ./.
A/D further/J problem/N is/V _OOV_/N profits/N ./.
_OOV_/N funds/N have/V become/V so/R commonplace/J that/D fees/N they/P can/T charge/N have/V plunged/V to/T almost/V nothing/R ,/, and/C in/I some/D cases/N are/V just/R that/D ./.
To/N land/N customers/N for/I their/P _OOV_/N stock/N custodial/N business/N ,/, big/J banks/N sometimes/I will/R throw/V in/I basic/J indexing/N services/N for/I free/J ./.
``/N It/P 's/V like/J getting/V a/D free/J toaster/N when/I you/P open/V an/D account/N ,/, ''/N says/V _OOV_/N _OOV_/N 's/P Mr./N _OOV_/N ./.
As/N a/D result/V ,/, _OOV_/N have/V been/V looking/V for/I ways/N to/T give/V investors/N something/N more/J than/I the/D average/N for/I their/P money/N ./.
And/C many/I have/V been/V successful/V ,/, as/I in/I the/D case/N of/I the/D index/N fund/N operated/V by/I _OOV_/N _OOV_/N Capital/N ./.
_OOV_/N Capital/N has/V used/V enhanced/J indexing/N techniques/N to/T beat/V the/D S&P/N 500/N 's/P returns/V by/I 2.5/N to/T 3/C percentage/N points/N over/I the/D past/N four/N years/N ,/, with/I the/D same/D risk/N level/N as/I holding/V the/D S&P/N 500/N stocks/N ,/, according/V to/T James/N _OOV_/N ,/, the/D firm/N 's/P president/N ./.
_OOV_/N vary/J for/I _OOV_/N Capital/N ,/, which/D has/V $/N 300/C million/C under/I management/N ./.
The/D firm/N sometimes/I buys/V S&P/N 500/N futures/N when/I they/P are/V selling/N at/I a/D discount/N to/T the/D actual/D stocks/N ,/, and/C will/J switch/N back/R and/I forth/I between/I stocks/N and/C stock-index/N futures/N to/T take/V advantages/N of/I any/J momentary/J price/N _OOV_/N ./.
Mr./N _OOV_/N also/N goes/V through/I periods/N when/I he/P buys/V stocks/N in/I conjunction/N with/I options/N to/T boost/N returns/V and/C protect/V against/I declines/N ./.
And/C in/I some/D months/N ,/, he/P buys/V stock-index/N futures/N and/C not/R stocks/N at/I all/D ./.
``/N By/I their/P nature/N ,/, our/J trades/N are/V very/V short-term/N and/C are/V going/V to/T create/V high/J turnover/N ,/, ''/N Mr./N _OOV_/N adds/V ./.
``/N The/D more/J turnover/N ,/, the/D better/J for/I our/J clients/N ./, ''/N
Big/N _OOV_/N Bankers/N Trust/N Co./N also/I uses/N futures/N in/I a/D strategy/N that/I on/I average/N has/V added/V one/N percentage/N point/V to/T its/D enhanced/N fund/N 's/P returns/V ./.
J./N Thomas/N _OOV_/N ,/, president/N of/I _OOV_/N Advanced/N Investment/N Management/N Inc./N ,/, agrees/V it/P 's/P a/D good/J idea/N to/T jump/N between/I the/D S&P/N 500/N stocks/N and/C futures/N ./.
``/N You/P 're/V buying/N the/D S&P/N ,/, and/C you/P always/V want/V to/T hold/V the/D cheapest/N form/N of/I it/P ,/, ''/N he/P says/V ./.
But/I some/D _OOV_/N make/V little/J or/I no/D use/N of/I futures/N ,/, saying/V that/D these/D instruments/N present/V added/V risks/N for/I investors/N ./.
``/N If/V the/D futures/N markets/N have/V a/D problem/N ,/, then/I those/J products/N could/T have/V a/D problem/N ,/, ''/N says/V John/N _OOV_/N ,/, managing/N director/N of/I Prudential/N Insurance/N Co./N of/I America/N 's/P Investment/N Index/N Technologies/N Inc./N unit/N ./.
Prudential/N currently/N is/V seeking/V approval/N to/T offer/V a/D new/D fund/N offering/V a/D return/V equal/J to/T the/D S&P/N 500/N index/N plus/N of/I a/D percentage/N point/N ./.
An/D added/V feature/N is/V that/D the/D _OOV_/N improved/V return/V would/T be/V guaranteed/V by/I Prudential/N ./.
There/I are/V many/R other/J strategies/N to/T bolster/N the/D returns/V of/I index/N funds/N ./.
They/P include/V :/P
LIMITED/N RISK/N FUNDS/N :/, These/N guarantee/N protection/N against/I stock/N market/N declines/N while/I still/R passing/V along/I most/D gains/N ./.
Here/R a/D fund/N may/T promise/N to/T pay/V back/R ,/, say/V ,/, $/N 95/C of/I every/D $/N 100/N invested/V for/I a/D year/N ,/, even/R if/I the/D market/N goes/V much/R lower/D ./.
The/D fund/N could/I invest/V $/N 87/C for/I one/N year/N in/I Treasury/N bills/N yielding/V 8/N %/N to/T return/V the/D guaranteed/J $/P 95/N ./.
That/P leaves/V $/N 13/N ,/, which/D could/R be/V used/V to/T buy/V S&P/N 500/N options/N that/I will/R nearly/I match/N any/I gain/V in/I the/D S&P/N index/N ./.
_OOV_/N _OOV_/N FUNDS/N :/, Say/N a/D big/J investor/N is/V interested/V in/I growth/N stocks/N ./.
Instead/N of/I hiring/N one/N of/I the/D many/J active/J managers/N specializing/N in/I growth/N stocks/N ,/, _OOV_/N can/T design/N a/D portfolio/N around/I the/D same/D stocks/N ;/, the/D portfolio/N will/T be/V maintained/V by/I computer/N ,/, reducing/V both/J fees/N and/C ,/, in/I theory/N ,/, risk/N -LRB-/N because/I of/I the/D large/J number/N of/I stocks/N -RRB-/N ./.
``/N We/P see/V a/D lot/N of/I interest/N in/I those/P kind/N of/I things/N ,/, ''/N says/V Frank/N _OOV_/N ,/, a/D vice/N president/N of/I Bankers/N Trust/N ./.
``/N People/N comfortable/N with/I the/D passive/N approach/N are/V using/V them/P for/I other/J strategies/N ./, ''/N
_OOV_/N FUNDS/N :/P This/D is/V an/D index/N fund/N with/I a/D bet/N ./.
Instead/N of/I replicating/V the/D S&P/N 500/N or/I some/I other/D index/N exactly/N ,/, some/D stocks/N are/V _OOV_/N or/I _OOV_/N in/I the/D portfolio/N ./.
One/N simple/J approach/N is/V to/T exclude/V S&P/N 500/N companies/N considered/V bankruptcy/N candidates/N ;/, this/D can/R avoid/V weak/J sisters/N ,/, but/R also/R can/R hurt/V when/I a/D company/N like/I Chrysler/N Corp./N rebounds/N ./.
Another/D approach/N :/P An/J investor/N with/I $/N 100/C million/C might/V use/V $/N 75/C million/C to/T buy/V the/D S&P/N 500/N index/N and/N spend/V the/D other/J $/N 25/C million/C on/I a/D favorite/N group/N of/I stocks/N ./.
_OOV_/N FUNDS/N :/P _OOV_/N can/T be/V constructed/V to/T serve/V social/J goals/N ,/, such/J as/D eliminating/V the/D stocks/N of/I companies/N doing/V business/N in/I South/N Africa/N ./.
Other/R funds/N have/V been/V designed/V to/T concentrate/V on/I stocks/N in/I a/D geographic/N area/N in/I order/N to/T encourage/V local/J investment/N ./.
Pennsylvania/N State/N Employees/N Retirement/N System/N ,/, for/I example/N ,/, has/V about/I $/N 130/C million/C invested/V in/I a/D fund/N of/I _OOV_/N companies/N that/I are/V either/V Pennsylvania-based/N or/I have/V 25/N %/N of/I their/P work/N forces/N in/I the/D state/N ./.
Short/N interest/N on/I the/D New/N York/N Stock/N Exchange/N declined/V for/I the/D second/N consecutive/N month/N ,/, this/D time/N 4.2/N %/N ,/, while/I the/D American/N Stock/N Exchange/N reported/V its/P third/J consecutive/J record/N month/N of/I short/J interest/N ./.
The/D Big/N Board/N reported/V that/D short/D interest/N dropped/V to/T _OOV_/N shares/N as/I of/I Oct./N 13/N from/I _OOV_/N shares/N in/I mid-September/N ./.
_OOV_/N short/J interest/N climbed/V 3/N %/N to/T _OOV_/N shares/N from/I _OOV_/N shares/N ./.
For/I the/D year-earlier/N month/N ,/, the/D Big/N Board/N reported/V _OOV_/N shares/N ,/, indicating/V a/D 13.5/N %/N _OOV_/N rise/N ,/, while/I the/D _OOV_/N reported/V _OOV_/N shares/N ,/, a/D 48/N %/N leap/N ./.
_OOV_/N short/J interest/N has/V been/V heading/N upward/V since/V mid-December/N ,/, with/I increases/V in/I each/D month/N since/V then/I except/V at/I _OOV_/N ./.
Traders/N who/T sell/V short/D borrow/V stock/N and/C sell/V it/P ,/, betting/N that/I the/D stock/N 's/P price/N will/T decline/N and/C that/I they/P can/R buy/V the/D shares/N back/R later/I at/I a/D lower/J price/N for/I return/V to/T the/D lender/N ./.
Short/N interest/N is/V the/D number/N of/I shares/N that/I have/V n't/R yet/R been/V purchased/V for/I return/V to/T lenders/N ./.
Although/V a/D substantial/J short/D position/N reflects/V heavy/J speculation/N that/I a/D stock/N 's/P price/N will/T decline/N ,/, some/D investors/N consider/V an/D increase/N in/I short/J interest/N bullish/N because/I the/D borrowed/V shares/N eventually/I must/T be/V bought/V back/R ./.
_OOV_/N in/I short/J interest/N of/I certain/J stocks/N also/I may/T be/V caused/V partly/N by/I _OOV_/N ./.
The/D figures/N occasionally/I include/V incomplete/J transactions/N in/I restricted/V stock/N ./.
The/D level/N of/I negative/J sentiment/N measured/V by/I the/D Big/N Board/N short/I interest/N ratio/N slipped/V to/T _OOV_/N from/I last/J month/N 's/P _OOV_/N ./.
The/D ratio/N is/V the/D number/N of/I trading/N days/N ,/, at/I the/D exchange/N 's/P average/J trading/N volume/N ,/, that/D would/T be/V required/V to/T convert/V the/D total/N short/J interest/N position/N ./.
Some/J analysts/N suggest/V ,/, however/V ,/, that/D the/D ratio/N has/V weakened/V in/I value/N as/I an/D indicator/V because/I options/N and/C other/J products/N can/T be/V used/V to/T hedge/N short/I positions/N ./.
_OOV_/N Corp./N led/V the/D Big/N Board/N list/N of/I largest/N short/J volumes/N with/I _OOV_/N shares/N ./.
_OOV_/N has/V proposed/V to/T acquire/V _OOV_/N Corp./N ,/, consisting/V of/I the/D auto/N parts/N division/N and/I some/D debt/N of/I _OOV_/N Corp./N ,/, for/I $/N _OOV_/C million/C of/I cash/N and/C securities/N ./.
Chemical/N Waste/N Management/N posted/V the/D biggest/J increase/N in/I short/J volume/N on/I the/D New/N York/N exchange/N ,/, up/R _OOV_/N shares/N to/T _OOV_/N ./.
Bristol-Myers/N Squibb/N Co./N ,/, the/D entity/N formed/V from/I the/D recent/J acquisition/N of/I Squibb/N Corp./N by/I Bristol-Myers/N Co./N ,/, logged/V the/D largest/N volume/N decline/N ,/, _OOV_/N shares/N ,/, to/T _OOV_/N ./.
Short/N interest/N in/I International/N Business/N Machines/N Corp./N plunged/V to/T _OOV_/N shares/N from/I _OOV_/C shares/N a/D month/N earlier/I ./.
Also/R closely/P watched/V is/V Exxon/N Corp./N ,/, where/I short/D interest/N slid/V to/T _OOV_/N shares/N from/I _OOV_/N ./.
On/, a/D percentage/N basis/N ,/, Germany/N Fund/N Inc./N led/V the/D gainers/N ,/, leaping/N to/T _OOV_/N shares/N from/I three/C shares/N ./.
_OOV_/N _OOV_/N Ltd./N led/V the/D percentage/N _OOV_/N ,/, dropping/V to/T 59/N shares/N from/I _OOV_/N ./.
The/D _OOV_/N short/J interest/N volume/N leader/N again/I was/V Texas/N Air/N Corp./N ,/, rising/V to/T _OOV_/N shares/N from/I _OOV_/N ./.
_OOV_/N Pharmaceutical/N Co./N posted/V the/D largest/N volume/N increase/N ,/, _OOV_/N shares/N ,/, to/T _OOV_/N ./.
The/D company/N is/V under/I an/D investigation/N concerning/V procedures/N to/T gain/V Food/N and/C Drug/N Administration/N approval/N of/I generic/J drugs/N ./.
_OOV_/N has/V denied/V any/D wrongdoing/N ./.
The/D largest/N volume/N drop/V --/P down/I _OOV_/C shares/N to/T _OOV_/N --/P came/V in/I shares/N represented/V by/I _OOV_/N Industries/N PLC/N 's/P American/J depositary/N receipts/N ./.
The/D company/N is/V facing/V a/D takeover/N proposal/N from/I the/D financier/N Sir/N James/N _OOV_/N ./.
First/N _OOV_/N Fund/N led/V the/D percentage/N increases/N ,/, rising/V to/T _OOV_/N shares/N from/I _OOV_/N ./.
Nelson/N Holdings/N International/N Ltd./N dropped/V the/D most/V on/I a/D percentage/N basis/N ,/, to/T 1,000/N shares/N from/I _OOV_/N ./.
The/D adjacent/V tables/N show/V the/D Big/N Board/N and/C _OOV_/N issues/N in/I which/D a/D short/J interest/N position/N of/I at/I least/V 100,000/N shares/N existed/V as/I of/I mid-October/N or/I in/I which/D there/V was/V a/D short/D position/N change/V of/I at/I least/V 50,000/N shares/N since/V mid-September/N ./.
Your/P Oct./N 12/N editorial/N ``/N _OOV_/N ,/, _OOV_/N _OOV_/N ?/, ''/N correctly/I states/N that/I I/P was/V critical/J of/I the/D Bush/N administration/N 's/P failure/N to/T have/V any/D plan/N in/I place/N to/T respond/V in/I a/D timely/N fashion/N to/T the/D opportunities/N to/T oust/N Manuel/N Noriega/N presented/V by/I the/D attempted/V military/J coup/N on/I Oct./N 3/N ./.
You/P are/V absolutely/V wrong/N ,/, however/V ,/, in/I _OOV_/N that/I this/D position/N is/V some/D kind/N of/I ``/N _OOV_/N ,/, ''/N something/N newly/P arrived/V at/I as/I a/D result/V of/I reading/V the/D opinion/N polls/N ./.
My/D position/N is/V one/N founded/N on/I both/I the/D facts/N and/C the/D law/N ./.
Although/V you/P may/T have/V forgotten/V ,/, public/J opinion/N about/I Gen./N Noriega/N is/V where/I it/P is/V in/I large/J measure/N because/I of/I my/J investigation/N of/I his/P years/N of/I involvement/N in/I narcotics/N smuggling/N -LRB-/N and/I simultaneous/V work/N as/I a/D U.S./N operative/V -RRB-/N ./.
The/D public/J made/V up/R its/D mind/N about/I Gen./N Noriega/N largely/C as/I a/D result/V of/I the/D hearings/N I/P chaired/N in/I the/D _OOV_/N on/I _OOV_/N and/C _OOV_/N of/I the/D Foreign/N Relations/N Committee/N on/I Feb./N 8/N ,/, 9/N ,/, 10/N and/C 11/N ,/, 1988/N ,/, and/C again/I on/D April/N 4/N ,/, 1988/N ./.
It/P was/V during/I those/J hearings/N that/I the/D nation/N first/I learned/V the/D breadth/N and/C depth/C of/I Gen./N Noriega/N 's/P criminality/N ,/, and/C of/I his/P enduring/J relationships/N with/I a/D variety/N of/I U.S./N government/N agencies/N ./.
Those/J hearings/N also/N highlighted/V how/J Gen./N Noriega/N was/V able/V to/T use/V his/P relationships/N with/I these/D agencies/N to/T delay/V U.S./N action/N against/I him/P ,/, and/I to/T exploit/V the/D administration/N 's/P obsession/N with/I overthrowing/V the/D _OOV_/N to/T protect/V his/P own/N _OOV_/N ./.
As/N former/N _OOV_/N to/T Costa/N _OOV_/N Francis/N J./N _OOV_/N testified/V before/I the/D subcommittee/N ,/, the/D Reagan/N administration/N knew/V that/D Gen./N Noriega/N was/V involved/V with/I narcotics/N ,/, but/R made/V a/D decision/N in/I the/D summer/N of/I 1986/N ``/N to/T put/V Gen./N Noriega/N on/I the/D shelf/N until/I _OOV_/N was/V settled/V ./, ''/N
As/N the/D report/N issued/V by/I the/D subcommittee/N concluded/V ,/, ``/N Our/N government/N did/V nothing/R regarding/J Gen./N Noriega/N 's/P drug/N business/N and/C substantial/J criminal/N involvement/N because/I the/D first/D priority/N was/V the/D _OOV_/N war/N ./.
This/D decision/N resulted/V in/I at/I least/V some/D drugs/N entering/V the/D United/N States/N as/I a/D hidden/N cost/N of/I the/D war/N ./, ''/N
Unfortunately/C ,/, this/D problem/N continued/V even/R after/I Gen./N Noriega/N 's/P indictment/N ./.
_OOV_/N 1988/N and/I this/D year/N ,/, I/P and/I others/N in/I Congress/N have/V pressed/V the/D U.S./N to/T develop/V a/D plan/N for/I pushing/V this/D ``/N _OOV_/N ''/N out/I of/I Panama/N ./.
_OOV_/N ,/, two/J administrations/N in/I a/D row/N have/V been/V unwilling/V and/I unable/V to/T develop/V any/D plan/N ,/, military/J or/I economic/N ,/, for/I supporting/V the/D Panamanian/N people/N in/I their/P attempts/N to/T restore/V democracy/N ./.
Sen./N John/N _OOV_/N -LRB-/N D./N ,/, _OOV_/N ./. -RRB-/N
For/D _OOV_/N ,/, these/D are/V tricky/V ,/, often/D treacherous/N ,/, times/N ./.
After/I years/N of/I hesitation/N ,/, economic/N and/N political/J reform/N was/V embraced/V at/I the/D end/N of/I 1986/N ,/, but/R ringing/I declarations/N have/V yet/R to/T be/V translated/V into/I much/J action/N ./.
Vietnam/N is/V finding/V that/D turning/V a/D stagnant/J socialist/N order/N into/I a/D dynamic/N free/J market/N does/V n't/R come/V easy/P ./.
Here/R is/V how/R three/N _OOV_/N are/V coping/N with/I change/V :/V
The/D Tire/N King/N
_OOV_/N Van/N _OOV_/N is/V living/N proof/N that/I old/J ways/N die/N hard/J ./.
Mr./N _OOV_/N used/V to/T be/V an/D oddity/N in/I _OOV_/N :/P a/D private/J entrepreneur/N ./.
His/J business/N success/N made/V him/P an/D official/J target/V in/I _OOV_/N days/N ./.
Mr./N _OOV_/N ,/, now/V 64/N years/N old/N ,/, invented/V a/D fountain/N pen/N he/P and/I his/P family/N produced/V from/I plastic/N waste/N ./.
Later/J ,/, he/P marketed/V glue/N ./.
Both/D products/N were/V immensely/N popular/I ./.
For/I his/P troubles/N ,/, Mr./N _OOV_/N was/V jailed/V three/C times/N between/I _OOV_/N and/C 1974/N ./.
Though/V his/D operation/N was/V registered/V and/I used/V only/J scrap/N ,/, he/P was/V accused/V of/I conducting/V illegal/J business/N and/C possessing/I illegal/J materials/N ./.
Once/D he/P was/V held/V for/I three/N months/N without/I being/V charged/V ./.
Things/N were/V supposed/V to/T change/V when/V Vietnam/N 's/P economic/N reforms/N gathered/V pace/N ,/, and/C for/I awhile/N they/P did/R ./.
After/I years/N of/I experimenting/N ,/, Mr./N _OOV_/N produced/V a/D heavy-duty/N bicycle/N tire/N that/I outlasted/N its/D _OOV_/N rival/N ./.
By/I 1982/N ,/, he/P was/V selling/N thousands/I of/I tires/N ./.
_OOV_/N published/V articles/N about/I him/P ,/, and/C he/P was/V hailed/V as/I ``/N the/D tire/N king/N ./, ''/N
His/J efforts/N earned/V a/D gold/N medal/N at/I a/D national/J exhibition/N --/, and/N attracted/V renewed/N attention/N from/I local/J authorities/N ./.
District/V police/N in/I 1983/N descended/V on/I his/J suburban/J home/N ,/, which/D he/P and/I his/P large/J family/N used/V as/I both/D residence/N and/C factory/N ,/, and/C demanded/V proof/N the/D house/N and/C equipment/N were/V his/P ./.
He/P produced/V it/P ./.
``/N That/P was/V the/D first/D time/N they/P lost/V and/C I/P won/N ,/, ''/N he/P says/V ./.
He/P was/V further/J questioned/V to/T determine/V if/I he/P was/V ``/N a/D real/J working/V man/N or/I an/D _OOV_/N ./, ''/N
_OOV_/N Mr./N _OOV_/N :/P ``/N When/V I/P showed/V it/P was/V from/I my/J own/N brain/N ,/, they/P lost/V for/I the/D second/J time/N ./, ''/N
But/I a/D few/J days/N later/I the/D police/N accused/V him/P of/I stealing/N electricity/N ,/, acquiring/V rubber/N without/I permission/N and/C buying/N stolen/V property/N ./.
_OOV_/N he/P was/V to/T be/V jailed/V again/R ,/, he/P fled/V to/T the/D countryside/N ./.
His/P family/N was/V given/V three/N hours/N to/T leave/V before/I the/D house/N and/C contents/N were/V confiscated/N ./.
With/I only/R the/D clothes/N they/P were/V wearing/N ,/, family/N members/N moved/V to/T a/D home/N owned/V by/I one/N of/I Mr./N _OOV_/N 's/P sons/N ./.
After/I six/C months/N on/I the/D run/N ,/, Mr./N _OOV_/N learned/V the/D order/N for/I his/P arrest/N had/V been/V canceled/V ./.
He/P rejoined/V his/P family/N in/I January/N 1984/N and/C began/V the/D long/D struggle/N for/I justice/N ,/, pressing/N everyone/N from/I _OOV_/N municipal/J officials/N to/T National/N _OOV_/N deputies/N for/I restoration/N of/I his/P rights/N ./.
He/P and/I his/P family/N kept/V afloat/N by/I repairing/N bicycles/N ,/, selling/N fruit/N and/C doing/V odd/J jobs/N ./.
Mr./N _OOV_/N achieved/V a/D breakthrough/N in/I 1987/N --/P and/N became/V a/D minor/J celebrity/N again/I --/P when/V his/P story/N was/V published/V in/I a/D weekly/N newspaper/N ./.
In/D 1988/N ,/, 18/N months/N after/I the/D sixth/J congress/N formally/N endorsed/V family-run/N private/N enterprise/N ,/, district/N authorities/N allowed/V Mr./N _OOV_/N to/T resume/V work/N ./.
By/I late/R last/J year/N he/P was/V invited/V back/R as/I ``/N the/D tire/N king/N ''/N to/T display/N his/P products/N at/I a/D national/J exhibition/N ./.
National/J leaders/N stopped/V by/I his/P stand/V to/T commend/N his/P achievements/N ./.
Mr./N _OOV_/N now/R produces/V 1,000/N bicycle/N and/C motorbike/N tires/N a/D month/N and/C 1,000/N tins/N of/I _OOV_/N glue/N in/I the/D son/N 's/P small/J house/N ./.
_OOV_/N people/N pack/N the/D house/N 's/P two/J rooms/N --/P the/D _OOV_/N ,/, four/N of/I their/P 10/N children/N with/I spouses/N ,/, and/C eight/C of/I 22/N grandchildren/N ./.
Most/D sleep/N on/I the/D floor/N ./.
Come/N daybreak/N ,/, eight/N family/N members/N and/C two/N other/J workers/N _OOV_/N a/D sheet/N of/I raw/J rubber/N that/I covers/V the/D floor/N of/I the/D house/N and/C spills/N out/I onto/V the/D street/N ./.
The/D primitive/D operations/N also/C burst/V out/I the/D back/R door/N into/I a/D small/J courtyard/N ,/, where/I an/D ancient/V press/N squeezes/N rubber/N solution/N into/I a/D flat/N strip/N and/I newly/P made/V tires/N are/V cooled/V in/I a/D bathtub/J filled/V with/I water/N ./.
Mr./N _OOV_/N talks/N _OOV_/N of/I expanding/N ,/, maybe/V even/R moving/V into/I the/D _OOV_/N field/N ./.
First/N ,/, however/V ,/, he/P has/V unfinished/V business/N ./.
When/T district/N authorities/N allowed/V him/P to/T resume/V manufacturing/N ,/, they/P released/V only/R one/N of/I his/J machines/N ./.
They/P did/V n't/R return/V the/D rubber/N stocks/N that/I represent/V his/D capital/N ./.
Nor/V did/V they/P return/V his/P house/N and/C contents/N ,/, which/D he/P values/N at/I about/I $/N _OOV_/C ./.
He/P wants/V to/T recover/V more/J than/I just/R his/D property/N ,/, though/V ./.
``/N I/P want/V my/J dignity/N back/R ,/, ''/N he/P says/V ./.
_OOV_/N _OOV_/N seemed/V an/D obvious/J choice/N when/I the/D _OOV_/N _OOV_/N Association/N was/V looking/V for/I a/D new/D editor/N to/T reform/N its/D weekly/N newspaper/N ,/, Van/N _OOV_/N ./.
After/I the/D sixth/J congress/N ,/, journalists/N seized/V the/D opportunity/N provided/V by/I the/D liberalization/N to/T probe/N previously/R taboo/N subjects/N ./.
Mr./N _OOV_/N ,/, 57/N years/N old/N ,/, had/V solid/J reformist/J credentials/N :/, He/P had/V lost/V his/P official/J position/N in/I the/D association/N in/I he/P early/J 1980s/N because/I he/P questioned/V the/D intrusion/N of/I politics/N into/I literature/N ./.
_OOV_/N editor/N in/I chief/N in/I July/N 1987/N ,/, Mr./N _OOV_/N rapidly/N turned/V the/D _OOV_/N Van/N _OOV_/N into/I Vietnam/N 's/P hottest/J paper/N ./.
_OOV_/N soared/V as/I the/D weekly/N went/V way/N beyond/I standard/N literary/J themes/N to/T cover/J _OOV_/N society/N and/C its/D ills/N ./.
_OOV_/N were/V electrified/N by/I the/D paper/N 's/P audacity/N and/C appalled/N by/I the/D dark/J side/N of/I life/N it/P uncovered/V ./.
One/C article/N recounted/V a/D decade-long/N struggle/N by/I a/D wounded/N soldier/N to/T prove/V ,/, officially/N ,/, he/P was/V alive/N ./.
Another/D described/V how/R _OOV_/N officials/N in/I _OOV_/N _OOV_/N province/N one/C night/N stormed/N through/I homes/N and/C confiscated/V rice/N from/I starving/N villagers/N ./.
The/D newspaper/N also/N ran/V a/D series/N of/I controversial/J short/J stories/N by/I _OOV_/N _OOV_/N _OOV_/N ,/, a/D former/J history/N teacher/N ,/, who/T stirred/V debate/N over/I his/P interpretation/N of/I _OOV_/N culture/N and/C took/V a/D thinly/J veiled/N swipe/N at/I writers/N who/T had/V blocked/V his/D entry/N into/I their/P official/J association/N ./.
Van/N _OOV_/N quickly/P made/V influential/J enemies/N ./.
``/N Those/N who/T manage/V ideology/N and/C a/D large/J number/N of/I writers/N reacted/V badly/I ''/N to/T the/D restyled/N paper/N ,/, says/V _OOV_/N _OOV_/N An/N ,/, a/D literary/J critic/N ./.
After/I months/N of/I internal/J _OOV_/N ,/, Mr./N _OOV_/N was/V fired/V last/D December/N ./.
His/J dismissal/V triggered/V a/D furor/N among/V intellectuals/N that/I continues/V today/R ./.
``/N Under/N Mr./N _OOV_/N ,/, Van/N _OOV_/N protected/V the/D people/N instead/R of/I the/D government/N ,/, ''/N says/V _OOV_/N _OOV_/N ,/, a/D poet/N who/P is/V the/D paper/N 's/P bureau/N chief/N for/I southern/N Vietnam/N ./.
``/N The/D paper/N reflected/V the/D truth/N ./.
For/I the/D leadership/N ,/, that/D was/V too/N painful/I to/T bear/N ./, ''/N
The/D `/N _OOV_/N '/P
_OOV_/N _OOV_/N _OOV_/N is/V Vietnam/N 's/P entrepreneur/N of/I the/D 1980s/N ./.
Her/J challenge/N is/V to/T keep/V her/P fledgling/N empire/N on/I top/N in/I the/D 1990s/N ./.
Mrs./N _OOV_/N did/V n't/R wait/V for/I the/D reforms/N to/T get/V her/P start/V ./.
She/P charged/V ahead/I of/I the/D government/N and/C the/D law/N to/T establish/V _OOV_/N City/N Food/N Co./N as/I the/D biggest/J rice/N dealer/N in/I the/D country/N ./.
Her/J success/N ,/, which/D included/V alleviating/N an/I urban/J food/N shortage/N in/I the/D early/J 1980s/N ,/, helped/V persuade/V _OOV_/N to/T take/V the/D reform/N path/N ./.
Her/J story/N is/V becoming/V part/N of/I local/J folklore/N ./.
A/D lifelong/V revolutionary/J with/I little/J education/N who/T fought/N both/I the/D French/N and/C the/D _OOV_/N _OOV_/N regime/N ,/, she/P switched/V effortlessly/N to/T commerce/N after/I the/D war/N ./.
Her/J instincts/N were/V capitalistic/N ,/, despite/V her/P background/N ./.
As/N she/P rode/V over/I regulations/N ,/, only/R her/P friendship/N with/I party/N leaders/N ,/, including/V _OOV_/N Van/N _OOV_/N ,/, then/I Ho/N Chi/N Minh/N City/N party/N secretary/N ,/, kept/V her/P out/I of/I jail/N ./.
Following/N Mr./N _OOV_/N 's/P appointment/N as/I _OOV_/N of/I the/D party/N at/I the/D sixth/J congress/N ,/, Mrs./N _OOV_/N has/V become/V the/D darling/N of/I ``/N doi/N moi/N ''/N ,/, the/D _OOV_/N version/N of/I perestroika/N ./.
The/D authorities/N have/V steered/V foreign/J reporters/N to/T her/P office/N to/T see/V an/D example/N of/I ``/N the/I new/J way/N of/I thinking/N ./, ''/N
Foreign/N publications/N have/V responded/V with/I articles/N declaring/V her/P Vietnam/N 's/P richest/N woman/N ./.
``/N Some/N people/N call/V me/P the/D communist/N billionaire/N ,/, ''/N she/P has/V told/V visitors/N ./.
Actually/C ,/, 67-year-old/N Mrs./N _OOV_/N is/V about/I as/I poor/J as/I almost/R everyone/R else/V in/I this/D impoverished/J land/N ./.
She/P has/V indeed/V turned/V _OOV_/N City/N Food/N into/I a/D budding/N conglomerate/N ,/, but/R the/D company/N itself/P remains/V state-owned/N ./.
She/P manages/V it/P with/I the/D title/N of/I _OOV_/N ./.
The/D heart/N of/I the/D business/N is/V the/D purchase/N of/I rice/N and/C other/J commodities/N ,/, such/J as/D corn/N and/C coffee/N ,/, from/I farmers/N in/I the/D south/N ,/, paying/V with/I fertilizer/N ,/, farm/N tools/N and/C other/J items/N ./.
Last/N year/N ,/, _OOV_/N City/N Food/N says/V it/P bought/V two/C million/C metric/N tons/N of/I _OOV_/N rice/N ,/, more/J than/I 10/C %/N of/I the/D country/N 's/P output/N ./.
The/D company/N operates/V a/D fleet/N of/I trucks/N and/C boats/N to/T transport/N the/D commodities/N to/T its/D warehouses/N ./.
A/D subsidiary/N company/N processes/N commodities/N into/I foods/N such/V as/V instant/J noodles/N that/I are/V sold/V with/I the/D rice/N through/I a/D vast/J retail/N network/N ./.
In/I recent/J years/N ,/, Mrs./N _OOV_/N has/V started/V to/T diversify/V the/D company/N ,/, taking/V a/D 20/N %/N stake/N in/I newly/N established/V ,/, partly/N private/N Industrial/N and/C Commercial/N Bank/N ,/, and/C setting/V up/R _OOV_/N _OOV_/N ,/, which/D owns/V and/J operates/V Vietnam/N 's/P first/I oil/N refinery/N ./.
Mrs./N _OOV_/N says/V _OOV_/N City/N Food/N last/I year/N increased/V pretax/N profit/N 60/N %/N to/T the/D equivalent/N of/I about/I $/N 2.7/C million/C on/I sales/N of/I $/N 150/C million/C ./.
She/P expects/V both/D revenue/N and/C profit/N to/T gain/V this/D year/N ./.
She/P is/V almost/J cavalier/N about/I the/D possibility/N Vietnam/N 's/P reforms/N will/T create/V rivals/N on/I her/P home/N turf/N ./.
``/N I/P do/V n't/R mind/N the/D competition/N inside/V the/D country/N ,/, ''/N she/P says/V ./.
``/N I/P am/V only/R afraid/R that/D with/I Vietnam/N 's/P _OOV_/N products/N we/P ca/V n't/P compete/N with/I neighboring/J countries/N ./.
The/D earthquake/N that/I hit/V the/D San/N Francisco/N Bay/N area/N is/V n't/R likely/V to/T result/V in/I wholesale/V downgrading/N of/I bond/N ratings/N ,/, officials/N at/I the/D two/N major/J rating/N agencies/N said/V ./.
Standard/N &/N Poor/N 's/P Corp./N is/V reviewing/V debt/N issued/V by/I 12/N California/N counties/N ,/, and/C ``/N there/V are/V potential/N isolated/V problems/N ,/, ''/N said/V _OOV_/N _OOV_/N ,/, a/D managing/N director/N ./.
The/D agency/N is/V preparing/V a/D report/N ,/, to/T be/V issued/V today/N ,/, on/I the/D earthquake/N 's/P impact/N on/I the/D and/J _OOV_/C industry/N ./.
The/D only/D securities/N so/V far/R to/T be/V singled/V out/R are/V those/J issued/V by/I Bay/N View/N Federal/N Savings/N &/N Loan/N ./.
Moody/N 's/P Investors/N Service/N Inc./N said/V it/P is/V reviewing/V ,/, with/I an/D eye/N toward/R a/D possible/J _OOV_/N ,/, the/D ratings/N on/I Bay/N View/N Federal/N bonds/N ,/, long-term/N deposits/N and/C the/D _OOV_/N rating/N of/I its/D parent/N company/N ,/, Bay/N View/N Capital/N Corp/N ./.
As/N for/I property/N and/I casualty/N insurers/N ,/, Moody/N 's/P said/V ``/N preliminary/N estimates/N suggest/V that/D losses/N should/T not/R have/V a/D significant/J impact/N on/I most/J insurers/N '/P financial/J condition/N ,/, ''/N but/V it/P ``/N raises/J concerns/N about/I potentially/N substantial/J risks/N ''/N longer-term/N ./.
``/N _OOV_/N from/I the/D earthquake/N are/V expected/V to/T be/V of/I similar/J magnitude/N to/T those/R of/I Hurricane/N Hugo/N ,/, ''/N according/V to/T Moody/N 's/P ./.
Your/P Oct./N 5/N editorial/N ``/N A/D Democratic/N Tax/N _OOV_/N ''/N contained/V an/D error/N ./.
In/I the/D third/J paragraph/N it/P referred/V to/T the/D senators/N seeking/V loophole/N suggestions/N from/I lobbyists/N for/I various/D sectors/N of/I the/D economy/N ./.
Among/N them/P ,/, ``/N banana/J farmers/N ./, ''/N
The/D only/R significant/J commercial/N banana/V farmers/N in/I the/D U.S./N are/V in/I Hawaii/N ./.
The/D Hawaii/N _OOV_/N Industry/N Association/N ,/, to/T which/D nearly/V all/D of/I them/P belong/V ,/, has/V no/D lobbyist/N ./.
Thomas/N _OOV_/N Reese/N _OOV_/N ./.
_OOV_/N _OOV_/N Co/N ./.
Western/N Digital/N Corp./N reported/V a/D net/J loss/N of/I $/N 2.7/C million/C ,/, or/I nine/C cents/N a/D share/N ,/, for/I its/D first/I quarter/N ended/V Sept./N 30/N ,/, citing/V factors/N as/I varied/D as/I hurricane/N damage/N ,/, an/D advance/V in/I graphics/N technology/N and/I the/D strengthening/N dollar/N ./.
In/I the/D year-ago/N period/N ,/, the/D company/N earned/V $/N 12.9/C million/C ,/, or/V 45/N cents/N a/D share/N ,/, on/D sales/N of/I $/N 247/C million/C ./.
Sales/N for/I the/D _OOV_/N period/N fell/V to/T about/I $/N 225/C million/C ,/, the/D maker/N of/I computer/N parts/N said/V ./.
_OOV_/N ,/, Chairman/N _OOV_/N W./N Johnson/N said/V he/P expects/V the/D company/N to/T be/V profitable/N in/I the/D current/J quarter/N ./.
``/N We/P are/V positioned/V to/T come/V through/I ,/, ''/N he/P said/V ,/, noting/V that/D the/D company/N 's/P backlog/N was/V up/R from/I the/D previous/J quarter/N ./.
In/I its/P second/J quarter/N last/I year/N ,/, Western/N Digital/N earned/V $/N _OOV_/C million/C ,/, or/V 44/N cents/N a/D share/N ,/, on/D sales/N of/I $/N _OOV_/C million/C ./.
Mr./N Johnson/N said/V Western/N Digital/N 's/P plant/N in/I Puerto/N Rico/N was/V affected/V by/I Hurricane/N Hugo/N ,/, losing/V three/C days/N '/P production/N because/I of/I the/D storm/N ,/, which/D wrecked/V much/N of/I the/D Caribbean/N island/N 's/P infrastructure/N ./.
Although/V the/D plant/N itself/P was/V n't/R damaged/V ,/, Mr./N Johnson/N said/V millions/N of/I dollars/N in/I first-quarter/N revenue/N were/V lost/V ./.
The/D revenue/N will/M be/V regained/V in/I the/D current/J period/N ,/, he/P added/V ./.
There/I are/V no/D plans/N to/T initiate/V a/D common/J stock/N dividend/N ,/, Mr./N Johnson/N said/V ,/, explaining/V that/D the/D board/N continues/V to/T believe/V shareholders/N are/V best/P served/V by/I _OOV_/N excess/N cash/N ./.
Mr./N Johnson/N said/V the/D first-quarter/N loss/N also/R heavily/N reflected/V a/D rapid/J change/J in/I graphics/N technology/N that/I left/V reseller/N channels/N with/I too/R many/D of/I the/D old/J computer/N graphics/N boards/N and/C too/N few/D new/I monitors/N compatible/N with/I the/D new/D graphics/N boards/N ./.
Western/N Digital/N does/V n't/R make/V the/D monitors/N ./.
An/D accelerating/N move/V by/I personal/J computer/N manufacturers/N '/P to/T include/V advanced/V graphics/N capabilities/N as/I standard/N equipment/N further/I dampened/V reseller/N purchases/N of/I Western/N Digital/N 's/P equipment/N ./.
``/N The/D other/J areas/N of/I the/D business/N --/P storage/N and/I microcomputers/N --/P were/V very/V good/J ,/, ''/N Mr./N Johnson/N said/V ./.
He/P said/V Western/N Digital/N has/V reacted/V swiftly/R to/T the/D movement/N to/T video/J graphics/N array/N ,/, _OOV_/N ,/, graphics/N technology/N from/I the/D old/J enhanced/J graphics/N adapter/N ,/, _OOV_/N ,/, which/D has/V a/D lower/J resolution/N standard/N ,/, technology/N and/C now/R is/V one/N of/I the/D leading/N producers/N of/I these/J newer/J units/N ./.
Other/R makers/N of/I video/N controller/N equipment/N also/N were/V caught/V in/I the/D _OOV_/N shift/N ,/, he/P said/V ,/, ``/N but/V we/P were/V able/V to/T respond/V much/R more/R quickly/P ./, ''/N
Still/N ,/, Mr./N Johnson/N said/V ,/, ``/N our/J stock/N is/V grossly/J undervalued/N ./, ''/N
He/P said/V the/D company/N has/V cut/V operating/N expenses/N by/I about/I 10/N %/N over/I the/D last/R few/J quarters/N ,/, while/I maintaining/N research/N and/C development/N at/I about/I 8/N %/N to/T 9/N %/N of/I sales/N ./.
As/N part/N of/I its/D reorganization/N this/D week/N ,/, Western/N Digital/N has/V divided/V its/D business/N into/I two/C segments/N --/P storage/N products/N ,/, including/V controllers/N and/C disk/N drives/N ;/, and/N microcomputer/N products/N ,/, which/D include/V graphics/N ,/, communications/N and/I peripheral/V control/N chips/N ./.
Graphics/N ,/, communications/N and/I peripheral/V control/N chips/N were/V combined/V because/N ,/, increasingly/R ,/, multiple/D functions/N are/V being/R governed/V by/I a/D single/D chip/N ./.
_OOV_/N ,/, which/D includes/V computer/N controllers/N and/C _OOV_/N disk/N drives/N ,/, represents/V nearly/V two-thirds/N of/I the/D company/N 's/P business/N ./.
_OOV_/N drives/N ,/, which/D allow/V a/D computer/N to/T access/N its/D memory/N ,/, generated/V 38/N %/N more/J revenue/N in/I the/D most/V recent/J period/N compared/V with/I the/D fiscal/N first/I quarter/N a/D year/N earlier/C ./.
Computer/N parts/N are/V getting/V ever/R smaller/J ,/, Mr./N Johnson/N said/V ,/, a/D shrinking/V that/D has/V propelled/V laptops/N into/I position/N as/I the/D _OOV_/N segment/N of/I the/D computer/N business/N ./.
As/N smaller/J and/I more/R powerful/J computers/N continue/V to/T be/V the/D focus/N of/I the/D industry/N ,/, he/P said/V ,/, Western/N Digital/N is/V strengthening/N development/N of/I laptop/N parts/N ./.
Next/D year/N Western/N Digital/N plans/N to/T consolidate/V its/D operations/N from/I 11/N buildings/N in/I _OOV_/N into/I two/C buildings/N in/I the/D same/D _OOV_/N new/I headquarters/N and/C ,/, a/D block/V away/R ,/, a/D modern/J $/N 100/C million/C silicon/N wafer/V fabrication/V plant/N ./.
The/D plan/N will/T help/V the/D company/N in/I its/P existing/J joint/N manufacturing/N agreement/N with/I AT&T/N ./.
About/N half/R of/I Western/N Digital/N 's/P business/N is/V overseas/N ,/, and/C Mr./N Johnson/N expects/V that/D proportion/N to/T continue/N ./.
_OOV_/N to/T dissolve/V many/J of/I the/D trade/N barriers/N within/I Europe/N in/I 1992/N creates/V significant/J opportunities/N for/I the/D company/N ,/, he/P said/V ,/, particularly/V since/V Western/N Digital/N already/V manufactures/N there/V ./.
Capitalizing/N on/I that/D presence/N ,/, Western/N Digital/N is/V launching/V a/D major/J effort/N to/T develop/V the/D embryonic/V reseller/N market/N in/I Europe/N ./.
_OOV_/N of/I state-owned/N Banca/N _OOV_/N del/N _OOV_/N approved/V a/D _OOV_/N _OOV_/N transaction/N and/I a/D change/J in/I the/D bank/N 's/P rules/N that/I will/R help/V it/P operate/V more/R like/J a/D private-sector/N institution/N ./.
Until/V now/R ,/, _OOV_/N 's/P top/J managers/N and/I its/P directors/N have/V been/V appointed/V by/I a/D Treasury/N decree/N ./.
But/C under/I the/D bank/N 's/P proposed/V statutes/N ,/, an/D assembly/N of/I shareholders/N must/T approve/V board/N members/N ./.
The/D bank/N 's/P chairman/N and/C director/N general/C ,/, who/T also/D sit/V on/I the/D board/N ,/, still/R would/T be/V appointed/V by/I the/D Treasury/N ./.
_OOV_/N ,/, which/D is/V controlled/V by/I the/D Italian/N Treasury/N ,/, was/V rocked/V by/I the/D disclosure/N last/I month/N that/I its/D Atlanta/N branch/N extended/V more/J than/I $/N 3/C billion/N in/I unauthorized/N credits/N to/T _OOV_/N ./.
The/D ensuing/J scandal/N ,/, in/I which/D the/D bank/N 's/P management/N resigned/V ,/, has/V helped/V renew/V calls/V for/I privatization/N ,/, or/V at/I least/V an/D overhaul/N ,/, of/I Italy/N 's/P banking/N system/N ,/, which/D is/V about/I 80/N %/N _OOV_/N ./.
In/I a/D related/V move/N ,/, the/D bank/N also/I proposed/V that/D board/N representation/N be/V linked/V more/R closely/N to/T the/D bank/N 's/V new/I shareholding/N structure/N ./.
_OOV_/N called/V a/D shareholders/N '/P assembly/N meeting/N in/I December/N to/T vote/N on/I the/D proposals/N ./.
_OOV_/N has/V about/I 75,000/N _OOV_/N shares/N that/I are/V listed/V on/I the/D Milan/N Stock/N Exchange/N ./.
The/D shares/N were/V suspended/V from/I trading/N following/I disclosure/N of/I the/D Atlanta/N scandal/N ;/N _OOV_/N ,/, the/D stock/N exchange/N regulatory/N body/N ,/, reportedly/V will/T decide/V soon/P whether/V to/T end/V the/D trading/N suspension/N ./.
Switzerland/N 's/P wholesale/J price/N index/N increased/V 0.3/N %/N in/I September/N from/I August/N ,/, and/C was/V up/R 3.9/N %/N from/I a/D year/N ago/N ,/, marking/N the/D first/D time/N this/D year/N that/I the/D index/N has/V fallen/V below/D 4/N %/N on/I a/D _OOV_/N basis/N ,/, the/D government/N reported/V ./.
The/D government/N attributed/V the/D 0.3/N %/N _OOV_/N rise/N in/I the/D index/N largely/N to/T higher/D energy/N prices/N ./.
In/I August/N ,/, the/D index/N was/V up/R 0.2/N %/N from/I the/D previous/J month/N ,/, and/C was/V up/R 4.5/N %/N on/I a/D _OOV_/N basis/N ./.
The/D wholesale/J price/N index/N ,/, based/V on/I 1963/N as/I 100/N ,/, was/V _OOV_/N in/I September/N ./.
American/J Express/N Co./N posted/V a/D 21/N %/N increase/N in/I third/J quarter/N net/N income/N despite/V a/D sharp/J rise/N in/I reserves/N for/I Third/N World/N loans/N at/I its/D banking/N unit/N ./.
Aided/N by/I a/D sharp/J gain/V in/I its/D travel/V business/N ,/, American/N Express/N said/V net/N rose/V to/T $/N _OOV_/C million/C ,/, or/V 77/N cents/N a/D share/N ,/, from/I $/N _OOV_/C million/C ,/, or/V 64/N cents/N a/D share/N ./.
The/D year-earlier/N figures/N included/V $/N _OOV_/C million/C ,/, or/I three/C cents/N a/D share/N ,/, in/I income/N from/I discontinued/J operations/N ./.
Income/N from/I continuing/J operations/N was/V up/R 26/N %/N ./.
Revenue/N rose/V 24/N %/N to/T $/N 6.5/C billion/N from/I $/N _OOV_/C billion/N ./.
The/D travel/N ,/, investment/N services/N ,/, insurance/N and/C banking/N concern/N added/V $/N 110/C million/C to/T reserves/N for/I credit/N losses/N at/I its/P American/N Express/N Bank/N unit/N ,/, boosting/V the/D reserve/N to/T $/N _OOV_/C million/C as/I of/I Sept./N 30/N ./.
The/D bank/N 's/P Third/N World/N debt/N portfolio/N totals/N $/N _OOV_/C million/C ,/, down/I from/I $/N 2.2/C billion/N at/I the/D end/N of/I 1986/N ./.
The/D bank/N charged/V off/I $/P 53/N million/C in/I loans/N during/I the/D quarter/N ./.
At/I the/D American/N Express/N Travel/N Related/N Services/N Co./N unit/N ,/, net/N rose/V 17/N %/N to/T a/D record/N $/N _OOV_/C million/C on/I a/D 19/N %/N revenue/N increase/N ./.
The/D figures/N exclude/V businesses/N now/V organized/V as/V American/N Express/N Information/N Services/N Co/N ./.
American/J Express/N card/N charge/N volume/N rose/V 12/N %/N ./.
Travel/N sales/N rose/V 11/N %/N ,/, led/V by/I gains/N in/I the/D U.S/N ./.
At/I _OOV_/C Financial/N Services/N ,/, the/D financial/J planning/N and/C mutual/N fund/N unit/N ,/, net/N rose/V 19/N %/N to/T a/D record/N $/N _OOV_/C million/C on/I a/D 33/N %/N revenue/N gain/V ./.
_OOV_/N owned/V or/I managed/N rose/V 20/N %/N to/T $/N 45/C billion/N ,/, and/C mutual/C fund/N sales/N rose/V 45/N %/N in/I the/D quarter/N to/T $/N _OOV_/C million/C ./.
American/N Express/N Bank/N earnings/N fell/V 50/N %/N to/T $/N _OOV_/C million/C from/I $/N _OOV_/C million/C despite/V a/D 29/N %/N revenue/N gain/V ./.
The/D results/N include/V $/N 106/C million/C of/I tax/N benefits/N associated/V with/I previous/J years/N '/P Third/N World/N loan/N activity/N ,/, compared/V with/I $/N 15/C million/C a/D year/N earlier/C ./.
Profit/N rose/V 38/N %/N at/I American/N Express/N Information/N Services/N to/T $/N _OOV_/C million/C ./.
Shearson/N Lehman/N Hutton/N Holdings/N Inc./N ,/, as/I previously/D reported/V ,/, had/V net/N of/I $/N _OOV_/C million/C ,/, reversing/V a/D $/N 3.5/C million/C loss/N a/D year/N earlier/R ;/J its/P latest/J results/N include/V a/D $/N 37/C million/C gain/V from/I the/D sale/N of/I an/D institutional/J money/N management/N business/N ./.
American/J Express/N 's/P share/N of/I Shearson/N 's/P earnings/N was/V $/N 41/C million/C ,/, after/I preferred/V stock/N dividends/N ;/C it/P owns/V about/I 68/N %/N of/I Shearson/N 's/P common/D ./.
For/I the/D nine/N months/N ,/, American/N Express/N said/V net/N rose/V 11/N %/N to/T $/N _OOV_/C million/C ,/, or/I $/N _OOV_/N a/D share/N ,/, from/I $/N _OOV_/C million/C ,/, or/I $/N _OOV_/N a/D share/N ./.
Revenue/N rose/V 24/N %/N to/T $/N _OOV_/C billion/N from/I $/N _OOV_/C billion/N ./.
_OOV_/N Inc./N ,/, hampered/V by/I a/D slowdown/N in/I its/D defense/N sales/N ,/, reported/V an/D 8/N %/N decline/N in/I per-share/N earnings/N on/I nearly/V flat/N revenue/N for/I its/P third/J quarter/N ./.
The/D aerospace/N and/I financial/J services/N concern/N said/V net/J income/N fell/V 5/N %/N to/T $/N _OOV_/C million/C from/I $/N 62.8/C million/C ./.
Revenue/N of/I $/N _OOV_/C billion/N was/V almost/V unchanged/D from/I last/J year/N 's/P $/N _OOV_/C billion/N ./.
Per-share/N net/N of/I 66/N cents/N ,/, down/I from/I 72/C cents/N ,/, fell/V by/I more/J than/I overall/J net/N because/V of/I more/J shares/N outstanding/N ./.
The/D company/N said/V that/D improved/J results/N in/I its/D financial-services/N sector/N were/V negated/N by/I increased/J costs/N in/I its/D government/N contract/N business/N ,/, lower/D operating/N earnings/N in/I its/D _OOV_/N sector/N and/C soft/J automotive/N markets/N ./.
Net/N was/V aided/V by/I a/D lower/J income/N tax/N rate/N ./.
Profit/N before/I taxes/N fell/V 17/N %/N to/T $/N _OOV_/C million/C from/I $/N _OOV_/C million/C ./.
For/I the/D nine/N months/N ,/, _OOV_/N reported/V net/N of/I $/N _OOV_/C million/C ,/, or/I $/N 2.06/N a/D share/N ,/, on/D revenue/N of/I $/N _OOV_/C billion/N ./.
A/D year/N ago/N ,/, net/N was/V $/N _OOV_/C million/C ,/, or/I $/N _OOV_/N a/D share/N ,/, on/D revenue/N of/I $/N 5.3/C billion/N ./.
The/D _OOV_/N results/N included/V a/D $/N 9.5/C million/C special/I charge/N in/I 1989/N for/I an/D arbitration/N settlement/N related/V to/T past/J export/N sales/N ,/, and/C $/N _OOV_/C million/C in/I extraordinary/J charges/N in/I 1988/N related/V to/T a/D former/N line/N of/I business/N and/C early/I redemption/N of/I debt/N ./.
_OOV_/N said/V that/D _OOV_/N '/P results/N do/V n't/R include/V earnings/N of/I _OOV_/N PLC/N ,/, a/D British/N maker/N of/I industrial/N _OOV_/N ,/, but/R do/V include/V interest/N costs/N of/I $/N _OOV_/C million/C on/I borrowings/N related/V to/T the/D proposed/V purchase/N of/I _OOV_/N ./.
A/D federal/J judge/N has/V issued/V a/D preliminary/J injunction/N against/I the/D purchase/N because/I of/I Federal/N Trade/N Commission/N concerns/N that/I the/D transaction/N would/V reduce/V competition/N in/I the/D production/N of/I two/N kinds/N of/I rivets/N ./.
For/I the/D quarter/N ,/, _OOV_/N said/V aerospace/N revenue/N ,/, including/V _OOV_/N helicopter/N and/C _OOV_/N manufacture/N ,/, declined/V _OOV_/N %/N to/T $/N _OOV_/C million/C from/I $/N _OOV_/C million/C ,/, an/D indication/N of/I slowing/V government/N defense/N work/N ./.
As/N the/D _OOV_/N brothers/N '/P personal/J bankruptcy/N cases/N _OOV_/N into/I their/P second/N year/N ,/, _OOV_/N S.A./N has/V proposed/V a/D deal/N to/T settle/V its/D huge/J claim/N against/I the/D troubled/V Texas/N oil/N men/N ./.
But/I the/D plan/N only/R threatens/V to/T heighten/N the/D tension/N and/I confusion/N already/V surrounding/V the/D cases/N that/I were/V filed/N in/I September/N 1988/N ./.
The/D _OOV_/N mineral/N concern/N 's/P $/N _OOV_/C million/C claim/V stems/V from/I 1988/N jury/N award/N in/I a/D case/N stemming/V from/I the/D brothers/N '/P alleged/V attempts/N to/T corner/N the/D _OOV_/N silver/J market/N ./.
_OOV_/N now/V says/V it/P is/V willing/V to/T settle/V for/I up/R to/T $/N _OOV_/C million/C from/I each/D brother/N ,/, although/V the/D actual/D amount/N would/T probably/V be/V much/R less/R ./.
Although/V the/D proposal/N must/T be/V approved/V by/I federal/J Judge/N Harold/N C./N _OOV_/N ,/, W./N Herbert/N _OOV_/N has/V agreed/V to/T the/D _OOV_/N mineral/N concern/N 's/P proposal/N ./.
Nelson/N _OOV_/N _OOV_/N is/V considering/V it/P ,/, although/V his/D attorney/N says/V he/P wo/V n't/R do/V it/P if/I the/D proposal/N _OOV_/N a/D tentative/V settlement/N he/P has/V reached/V with/I the/D Internal/N Revenue/N Service/N ,/, which/D claims/N the/D brothers/N owe/V $/N 1/C billion/N in/I back/R taxes/N and/C is/V by/I far/R the/D biggest/J creditor/N in/I both/D cases/N ./.
The/D tentative/V agreement/N between/I the/D _OOV_/N and/C Nelson/N _OOV_/N _OOV_/N is/V awaiting/V U.S./N Justice/N Department/N approval/N ./.
Under/N it/P ,/, the/D former/J billionaire/N 's/P assets/N would/T be/V liquidated/N with/I the/D _OOV_/N getting/V 80/N %/N of/I the/D proceeds/N and/I the/D rest/J being/V divided/V among/V other/J creditors/N ,/, including/V _OOV_/N and/C Manufacturers/N _OOV_/N Trust/N Co./N ,/, which/D is/V seeking/V repayment/N of/I a/D $/N 36/C million/C loan/N ./.
A/D _OOV_/N proposal/N has/V been/V made/V in/I the/D W./N Herbert/N _OOV_/N case/N although/V he/P and/I the/D _OOV_/N are/V at/I odds/N over/I the/D size/N of/I the/D _OOV_/N debt/N he/P would/T have/V to/T pay/V to/T the/D government/N from/I future/J earnings/N ./.
In/I both/D cases/N ,/, _OOV_/N and/C Manufacturers/N _OOV_/N have/V been/V fighting/N ferociously/N over/I their/P shares/N of/I the/D pie/N ./.
With/I support/N from/I the/D _OOV_/N ,/, Manufacturers/N _OOV_/N has/V filed/N suit/N asking/V Judge/N _OOV_/N to/T subordinate/V _OOV_/N 's/P claim/V to/T those/R of/I _OOV_/N _OOV_/N and/I the/D _OOV_/N ./.
_OOV_/N has/V threatened/V a/D ``/N volcano/N ''/N of/I litigation/N if/I the/D Manufacturers/N _OOV_/N Corp./N unit/N attempts/N to/T force/N such/V a/D plan/N through/I the/D court/N ./.
_OOV_/N said/V it/P would/V n't/R pursue/V such/J litigation/N if/I its/D settlement/N plan/N in/I the/D W./N Herbert/N _OOV_/N case/N is/V approved/V by/I Judge/N _OOV_/N ,/, who/P will/R consider/V the/D proposal/N at/I a/D hearing/N next/D week/N ./.
_OOV_/N attorney/N Thomas/N _OOV_/N _OOV_/N the/D plan/N as/I one/C step/N toward/V an/D overall/J settlement/N of/I the/D W./N Herbert/N _OOV_/N case/N but/V Hugh/N Ray/N ,/, attorney/N for/I Manufacturers/N _OOV_/N ,/, called/V it/P ``/N silly/I ''/N and/C said/V he/P would/T fight/V it/P in/I court/N ./.
``/N The/D thing/N is/V so/R fluid/N right/N now/V that/D there/V 's/P really/P no/D way/N to/T say/V what/R will/J happen/V ,/, ''/N says/V Justice/N Department/N attorney/N _OOV_/N _OOV_/N III/N ,/, who/T represents/V the/D _OOV_/N in/I the/D case/N ./.
``/N Developments/N like/I this/D are/V hard/R to/T predict/V ./.
Banc/N One/N Corp./N said/V it/P agreed/V in/I principle/N to/T buy/V five/C branch/N offices/N from/I _OOV_/N Inc./N ,/, Toledo/N ,/, Ohio/N ,/, following/I the/D planned/V merger/N of/I _OOV_/N into/I Society/N Corp./N ,/, Cleveland/N ./.
The/D five/N offices/N in/I Erie/N and/C _OOV_/N counties/N in/I northern/R Ohio/N have/V total/J assets/N of/I about/I $/N 88/C million/C ,/, Banc/N One/N said/V ./.
The/D purchase/N price/N will/T be/V established/V after/I Banc/N One/N has/V an/D opportunity/N to/T study/V the/D quality/N of/I the/D assets/N ,/, Banc/N One/N said/V ./.
Society/N Corp./N already/V has/V branches/N in/I the/D area/N ,/, and/C selling/V the/D _OOV_/N offices/N could/I avoid/V a/D problem/N with/I regulators/N over/I excessive/J concentration/N of/I banking/N in/I the/D two/N counties/N after/I the/D merger/N of/I _OOV_/N into/I Society/N ,/, according/V to/T industry/N sources/N ./.
The/D merger/N is/V scheduled/V to/T take/V place/N in/I the/D 1990/N first/I quarter/N ./.
_OOV_/N fears/N and/C relatively/V more/R attractive/J interest/N rates/N pushed/V _OOV_/N mutual/N fund/N assets/N up/R $/N _OOV_/C billion/N in/I the/D latest/J week/N ,/, the/D sharpest/N increase/N in/I almost/V two/C years/N ./.
The/D _OOV_/N funds/N tracked/V by/I the/D Investment/N Company/N Institute/N ,/, a/D _OOV_/N trade/N group/N ,/, rose/V to/T $/N _OOV_/C billion/N ,/, a/D record/N ./.
The/D $/N _OOV_/C billion/N increase/N was/V the/D strongest/J weekly/N inflow/N since/V January/N 1988/N ./.
The/D increase/N was/V spread/V fairly/N evenly/I among/V all/R three/N types/N of/I funds/N ./.
Individual/N investors/N ,/, represented/V in/I the/D _OOV_/N and/I broker-dealer/N fund/N categories/N ,/, pulled/V money/N from/I the/D stock/N market/N after/I its/D big/J drop/V last/D Friday/N and/C put/V the/D money/N into/I funds/N ,/, said/V _OOV_/N _OOV_/N ,/, vice/N president/N and/C chief/J economist/N of/I the/D Institute/N ./.
``/N _OOV_/N investors/N ,/, on/I the/D other/J hand/N ,/, reacted/V to/T the/D steep/J decline/N in/I yields/N on/I direct/V _OOV_/N instruments/N following/I the/D _OOV_/N decline/N last/I Friday/N ,/, ''/N Mr./N _OOV_/N said/V ./.
Yields/N on/I money/N funds/N dropped/V in/I the/D week/N ended/V Tuesday/N ,/, according/V to/T _OOV_/N 's/P Money/N Fund/N Report/N ,/, a/D _OOV_/N ,/, Mass./N ,/, newsletter/N ./.
The/D average/N _OOV_/N compounded/V yield/V fell/V to/T _OOV_/N %/N from/I 8.60/C %/N the/D week/N earlier/C ,/, _OOV_/N 's/P said/V ./.
At/I the/D auction/N of/I six-month/N U.S./N Treasury/N bills/N on/I Monday/N ,/, the/D average/N yield/V fell/V to/T _OOV_/N %/N from/I _OOV_/C %/N ./.
Likewise/V ,/, certificates/N of/I deposit/N on/I average/N posted/V lower/D yields/N in/I the/D week/N ended/V Tuesday/N ./.
The/D _OOV_/N _OOV_/N money/N funds/N rose/V $/N _OOV_/C billion/N to/T $/N _OOV_/C billion/N ./.
The/D _OOV_/N _OOV_/N funds/N increased/V $/N _OOV_/C billion/N to/T $/N _OOV_/C billion/N ,/, while/I 96/C broker-dealer/N funds/N increased/V $/N 1.3/C billion/N to/T $/N _OOV_/C billion/N ./.
Domestic/N lending/N for/I real/J estate/N and/C property/N development/N was/V the/D source/N of/I Bank/N _OOV_/N Malaysia/N _OOV_/N 's/P most/R recent/J spate/N of/I financial/N troubles/N ,/, the/D institution/N 's/P executive/N chairman/N ,/, _OOV_/N _OOV_/N _OOV_/N ,/, said/V ./.
Speaking/N to/T reporters/V this/D week/N after/I Bank/N _OOV_/N 's/P shareholders/N approved/V a/D rescue/N plan/N ,/, _OOV_/N _OOV_/N _OOV_/N said/V heavy/J lending/N to/T the/D property/N sector/N rocked/V the/D bank/N when/I property/N prices/N in/I Malaysia/N plummeted/V in/I _OOV_/N ./.
He/P said/V the/D bank/N could/I n't/R wait/V any/I longer/R for/I prices/N to/T recover/V and/C for/I borrowers/N to/T service/N their/P loans/N ./.
So/I the/D bank/N 's/P board/N decided/V to/T make/V 1.23/N billion/N _OOV_/N dollars/N -LRB-/N US$/N _OOV_/N million/C -RRB-/N in/I provisions/N for/I interest/N payments/N from/I loans/N previously/I recorded/V as/I revenue/N but/V never/R actually/R received/V by/I the/D bank/N ,/, and/I to/T submit/V a/D bailout/N package/N to/T replenish/V the/D bank/N 's/P _OOV_/C capital/N ./.
The/D predicament/N ,/, he/P added/V ,/, was/V similar/J to/T the/D Hong/N Kong/N _OOV_/N _OOV_/N collapse/N ,/, which/D exposed/V the/D involvement/N of/I Bank/N _OOV_/N 's/P former/V subsidiary/N in/I the/D colony/N in/I the/D largest/N banking/N scandal/N in/I Malaysia/N 's/P history/N ./.
The/D subsidiary/N ,/, _OOV_/N Malaysia/N Finance/N Ltd./N ,/, was/V left/V with/I _OOV_/N _OOV_/N billion/N in/I bad/J loans/N made/V to/T Hong/N Kong/N property/N speculators/N ./.
Both/D episodes/N wiped/V out/I Bank/N _OOV_/N 's/P shareholders/N '/P funds/N ./.
Each/D time/N ,/, the/D bank/N 's/P 90/N %/N shareholder/N --/P _OOV_/N _OOV_/N _OOV_/N ,/, or/I _OOV_/N ,/, the/D national/N oil/N company/N --/P has/V been/V called/V upon/I to/T rescue/V the/D institution/N ./.
In/I five/N years/N ,/, _OOV_/N ,/, which/D became/V the/D dominant/J shareholder/N in/I a/D 1984/N rescue/N exercise/N ,/, has/V spent/V about/I _OOV_/N 3.5/N billion/N to/T prop/N up/R the/D troubled/V bank/N ./.
_OOV_/N _OOV_/N _OOV_/N said/V the/D capital/N restructuring/N plan/N has/V been/V approved/V by/I Malaysia/N 's/P Capital/N _OOV_/N Committee/N and/C central/J bank/N ./.
Malaysia/N 's/P High/N Court/N is/V expected/V to/T approve/V the/D plan/N ./.
Once/D the/D plan/N is/V approved/V ,/, _OOV_/N _OOV_/N _OOV_/N said/V ,/, most/V of/I Bank/N _OOV_/N 's/P _OOV_/N loans/N will/R have/V been/V fully/P provided/V for/I and/J the/D bank/N will/T be/V on/D track/N to/T report/N a/D pretax/N profit/N of/I between/I _OOV_/N 160/N million/C and/C _OOV_/N 170/N million/C for/I the/D fiscal/N year/N ending/N March/N 31/N ./.
For/D the/D previous/J financial/J year/N ,/, the/D bank/N would/T have/V reported/V a/D pretax/N profit/N of/I _OOV_/N _OOV_/N million/C if/I it/P had/V n't/R made/V provisions/N for/I the/D _OOV_/N loans/N ,/, he/P said/V ./.
Malaysia/N 's/P Banking/N _OOV_/N Act/N prohibited/V the/D bank/N from/I identifying/V delinquent/N borrowers/N ,/, said/V _OOV_/N _OOV_/N _OOV_/N ./.
But/I public/J documents/N indicate/V 10/N %/N or/I more/R of/I the/D bank/N 's/P provisions/N were/V made/V for/I foregone/N interest/N on/I a/D _OOV_/N 200/N million/N loan/N to/T Malaysia/N 's/P dominant/R political/J party/N ,/, the/D United/N _OOV_/N National/N Organization/N ,/, to/T build/V its/D convention/N and/N headquarters/N complex/N in/I _OOV_/N _OOV_/N ./.
The/D loan/N to/T _OOV_/N was/V made/V in/I September/N 1983/N ./.
``/N We/P lent/V a/D lot/N of/I money/N all/I over/I the/D place/N ,/, ''/N said/V _OOV_/N _OOV_/N _OOV_/N ,/, who/T refused/V to/T discuss/V the/D bank/N 's/P outstanding/N loans/N to/T
As/N well/J as/I the/D _OOV_/N 1.23/N billion/N in/I provisions/N announced/V on/I Oct./N 6/N ,/, the/D restructuring/N package/N covers/V an/D additional/J _OOV_/N _OOV_/N million/C in/I provisions/N made/V in/I earlier/J years/N but/V never/R reflected/V in/I a/D reduction/N of/I the/D bank/N 's/P _OOV_/C capital/N ./.
At/I the/D end/N of/I the/D exercise/N ,/, the/D cash/N injection/N from/I _OOV_/N will/T increase/N the/D bank/N 's/P _OOV_/C capital/N to/T _OOV_/N 1.15/N billion/N after/I virtually/R being/V wiped/V out/I by/I the/D new/J provisions/N ./.
_OOV_/N _OOV_/N might/V have/V stepped/V from/I a/D recruiting/N poster/N for/I young/J Republicans/C ./.
White/N ,/, 24/N years/N old/N ,/, a/D singer/N in/I her/P church/N choir/N ,/, she/P symbolizes/V a/D generation/N that/I gave/V its/P heart/N and/I its/P vote/N to/T Ronald/N Reagan/N ./.
``/N I/P felt/V kind/N of/I safe/J ,/, ''/N she/P says/V ./.
No/D longer/R ./.
When/T the/D Supreme/N Court/N opened/V the/D door/N this/D year/N to/T new/I restrictions/N on/I abortion/N ,/, Ms./N _OOV_/N opened/V her/P mind/N to/T Democratic/C politics/N ./.
Then/N a/D political/J novice/N ,/, she/P stepped/V into/I a/D whirl/N of/I ``/N _OOV_/N ''/N marches/N ,/, house/N parties/N and/C _OOV_/N ./.
Now/P she/P leads/V a/D grassroots/N _OOV_/N campaign/N in/I _OOV_/N County/N for/I _OOV_/N Democratic/N gubernatorial/N candidate/N James/N _OOV_/N ./.
``/N This/D is/V one/N where/I I/P cross/N party/N lines/N ,/, ''/N she/P says/V ,/, rejecting/V the/D _OOV_/N stance/N of/I Rep./N _OOV_/N 's/P opponent/N ,/, _OOV_/N Rep./N James/N _OOV_/N ./.
``/N People/N my/J age/N thought/V it/P was/V n't/R going/V to/T be/V an/D issue/N ./.
Now/P it/P has/V --/P especially/N for/I people/N my/. age/N ./, ''/N
_OOV_/N bear/N out/I this/D warning/N ,/, but/R after/I a/D decade/N of/I increased/J Republican/N influence/N here/C ,/, the/D new/D politics/N of/I abortion/N have/V contributed/V to/T a/D world/N turned/V upside/V down/I for/I Mr./N _OOV_/N ./.
Unless/R he/P closes/V the/D gap/N ,/, Republicans/N risk/N losing/V not/R only/R the/D governorship/N but/V also/R the/D assembly/N next/I month/N ./.
Going/N into/I the/D 1990s/N ,/, the/D _OOV_/N is/V paying/V a/D price/N for/I the/D same/D conservative/N social/J agenda/N that/I it/P used/V to/T torment/V Democrats/N in/I the/D past/N ./.
This/D change/J comes/V less/R from/I a/D shift/N in/I public/J opinion/N ,/, which/D has/V n't/R changed/V much/R on/D abortion/N over/I the/D past/J decade/N ,/, than/I in/I the/D boundaries/N of/I the/D debate/N ./.
New/N Jersey/N 's/P own/R highest/V court/N remains/V a/D liberal/J bulwark/N against/I major/J restrictions/N on/I abortion/N ,/, but/R the/D U.S./N Supreme/N Court/N ruling/N ,/, Webster/N vs./N Missouri/N ,/, has/V engaged/V voters/N across/I the/D nation/N who/P had/V been/V insulated/V from/I the/D issue/N ./.
Before/I July/N ,/, _OOV_/N voters/N could/I safely/R make/V political/J decisions/N without/I focusing/V narrowly/N on/I abortion/N ./.
Now/P ,/, the/D threat/N of/I further/J restrictions/N adds/V a/D new/D dimension/N ,/, bringing/V an/D upsurge/N in/I political/J activity/N by/I _OOV_/N forces/N ./.
A/D recent/D _OOV_/N rally/N in/I _OOV_/N drew/V thousands/C ,/, and/C in/I a/D major/J reversal/N ,/, Congress/N is/V defying/V a/D presidential/N veto/N and/C demanding/V that/D _OOV_/C abortions/N be/V permitted/V in/I cases/N of/I rape/N and/I incest/N ./.
``/N If/V Webster/N had/V n't/R happened/V ,/, you/P would/V n't/R be/V here/R ,/, ''/N _OOV_/N _OOV_/N tells/V a/D reporter/N in/I the/D _OOV_/N office/N of/I the/D National/N Organization/N for/I Women/N ./.
``/N We/P could/R have/V shouted/V from/I the/D rooftops/N about/I _OOV_/N and/C no/D one/C would/T have/V heard/V us/N ./, ''/N
New/N Jersey/N is/V a/D proving/V ground/N for/I this/D aggressive/J _OOV_/N movement/N this/D year/N ./.
The/D infusion/N of/I activists/N can/T bring/V a/D clash/N of/I cultures/N ./.
In/D _OOV_/N Hill/N ,/, the/D National/N _OOV_/N Rights/N Action/N League/N ,/, whose/D goal/N is/V to/T sign/N up/R 50,000/N _OOV_/N voters/N ,/, targets/N a/D union/N breakfast/N to/T build/V labor/N support/N for/I its/D cause/V ./.
The/D league/N organizers/N seem/V more/R a/D fit/V with/I a/D convention/N next/J door/N of/I young/J aerobics/N instructors/N in/I _OOV_/N than/I the/D _OOV_/J union/N leaders/N ;/N ``/N I/P wish/N I/P could/I go/V work/N out/I ,/, ''/N says/V a/D slim/J activist/N ./.
A/D labor/N chief/N speaks/V sardonically/N of/I having/R to/T ``/N man/N and/C woman/N ''/N Election/N Day/N phones/N ./.
No/D age/N group/N is/V more/J sensitive/D than/I younger/P voters/N ,/, like/I Ms./N _OOV_/N ./.
A/D year/N ago/V this/D fall/V ,/, New/N Jersey/N voters/N under/I 30/N favored/V George/N Bush/N by/I 56/N %/N to/T 39/N %/N over/I Michael/N _OOV_/N ,/, according/V to/T a/D survey/N then/I by/I _OOV_/N University/N 's/P _OOV_/N Institute/N ./.
A/D matching/J _OOV_/N _OOV_/N _OOV_/N poll/N last/I month/N showed/V a/D complete/J reversal/N ./.
_OOV_/N in/I the/D same/D age/N group/N backed/V Democrat/N _OOV_/N 55/N %/N to/T 29/N %/N over/I Republican/N _OOV_/N ./.
_OOV_/N alone/I ca/V n't/R explain/V this/D shift/N ,/, but/R New/N Jersey/N is/V a/D model/N of/I how/J so/R personal/J an/D issue/N can/T become/V a/D baseline/N of/I sorts/N in/I judging/V a/D candidate/N ./.
By/I a/D _OOV_/N ratio/N ,/, voters/N appear/V more/R at/I ease/N with/I Mr./N _OOV_/N 's/P stance/N on/I abortion/N ,/, and/I polls/N indicate/V his/P lead/V widens/V when/I the/D candidates/N are/V specifically/D linked/V to/T the/D issue/N ./.
``/N The/D times/N are/V my/J times/N ,/, ''/N says/V Mr./N _OOV_/N ./.
The/D _OOV_/N County/N congressman/N still/R carries/V himself/P with/I a/D trademark/N ``/N _OOV_/N ''/N intensity/N ,/, but/R at/I a/D pause/V in/I _OOV_/N 's/P Columbus/N Day/N parade/N recently/V ,/, he/P was/V dancing/N with/I his/P wife/N in/I the/D middle/J of/I the/D avenue/N in/I the/D city/N 's/V old/J _OOV_/N ward/N ./.
After/I losing/V by/I fewer/D than/I 1,800/N votes/N in/I the/D 1981/N governor/N 's/P race/N ,/, he/P has/V prepared/V himself/P methodically/N for/I this/D moment/N ,/, including/V deciding/V in/I recent/J years/N he/P could/R no/D longer/R support/N curbs/N on/I federal/N funding/N for/I _OOV_/N abortions/N ./.
``/N If/V you/P 're/V going/V to/T be/V consistent/V and/J say/V it/P is/V a/D constitutionally/N protected/V right/N ,/, ''/N he/P asks/N ,/, ``/N how/R are/V you/P going/V to/T say/V an/D upscale/N woman/N who/P can/R drive/V to/T the/D hospital/N or/I clinic/N in/I a/D nice/J car/N has/V a/D constitutional/J right/N and/C someone/N who/T is/V not/R in/I great/J shape/N financially/V does/V not/R ?/, ''/N
Mr./N _OOV_/N ,/, by/I comparison/N ,/, seems/V a/D shadow/N of/I the/D confident/J hawk/N who/P defended/V Oliver/N North/N before/I national/D cameras/N at/I Iran-Contra/N hearings/N two/N years/N ago/C ./.
Looking/N back/R ,/, he/P says/V he/P erred/N by/I stating/V his/P ``/N personal/J ''/N opposition/N to/T abortion/N instead/R of/I assuring/N voters/N that/I he/P would/V n't/R impose/V his/P views/N on/I ``/N policy/N ''/N as/I governor/N ./.
It/P is/V a/D distinction/N that/I satisfies/V neither/N side/N in/I the/D debate/N ./.
``/N He/, does/V n't/R know/V himself/P ,/, ''/N _OOV_/N _OOV_/N of/I the/D _OOV_/N Rights/N League/N says/V of/I Mr./N _OOV_/N 's/P position/N ./.
Even/I abortion/N opponents/N ,/, however/V angry/N with/I Mr./N _OOV_/N ,/, ca/V n't/R hide/V their/P frustration/N with/I the/D Republican/N 's/P ambivalence/N ./.
``/N He/, does/V n't/R want/V to/T lead/V the/D people/N ,/, ''/N says/V Richard/N _OOV_/N ,/, president/N of/I New/N Jersey/N Right/N to/T Life/P ./.
Moreover/N ,/, by/I stepping/V outside/I the/D state/N 's/P _OOV_/N tradition/N ,/, Mr./N _OOV_/N _OOV_/N fears/N that/I he/P is/V too/N conservative/J as/I well/R on/I more/J pressing/N concerns/N such/J as/D auto/N insurance/N rates/N and/I the/D environment/N ./.
He/P hurt/V himself/P further/I this/D summer/N by/I bringing/V homosexual/J issues/N into/I the/D debate/N ;/N and/C by/I wavering/N on/I this/D issue/N and/C abortion/N ,/, he/P has/V weakened/V his/P credibility/N in/I what/R is/V already/V a/D _OOV_/N campaign/N on/I both/J sides/N ./.
_OOV_/N to/T Congress/N in/I 1978/N ,/, the/D _OOV_/N Mr./N _OOV_/N is/V part/N of/I a/D generation/N of/I young/J conservatives/N who/T were/V once/R very/V much/R in/I the/D lead/V of/I the/D _OOV_/N shift/N under/I Mr./N Reagan/N ./.
Like/N many/C of/I his/P colleagues/N ,/, he/P did/V n't/R serve/V in/I Vietnam/N in/I the/D 1960s/N yet/R embraced/V a/D _OOV_/N defense/N and/C foreign/J policy/N --/P even/V voting/N against/I a/D 1984/N resolution/N critical/J of/I the/D U.S./N mining/V of/I _OOV_/N harbors/N ./.
Jack/N Kemp/N and/I the/D writers/N _OOV_/N Kristol/N and/C George/N _OOV_/N were/V influences/N ,/, and/C Mr./N _OOV_/N 's/P own/N conservative/N credentials/N proved/V useful/J to/T the/D current/J New/N Jersey/N _OOV_/N governor/N ,/, Thomas/N _OOV_/N ,/, in/I the/D 1981/N Republican/N primary/N here/N ./.
The/D same/D partnership/N is/V now/R crucial/J to/T Mr./N _OOV_/N 's/P fortunes/N ,/, but/R the/D abortion/N issue/N is/V only/R a/D reminder/N of/I the/D gap/N between/I his/P record/N and/C that/I of/I the/D more/R moderate/J ,/, _OOV_/N Gov./N _OOV_/N ./.
While/N the/D _OOV_/N County/N congressman/N pursued/V an/D _OOV_/N ,/, _OOV_/N agenda/N in/I Washington/N ,/, Gov./N _OOV_/N was/V approving/V increased/J income/N and/C sales/N taxes/N at/I home/N and/C overseeing/V a/D near/V doubling/N in/I the/D size/N of/I New/N Jersey/N 's/P budget/N in/I his/P eight/N years/N in/I office/N ./.
_OOV_/N forces/N play/N down/I any/D differences/N with/I Mr./N _OOV_/N ,/, but/R this/D history/N makes/V it/P harder/J for/I the/D conservative/N to/T run/V against/I government/N ./.
Mr./N _OOV_/N 's/P free-market/N plan/N to/T bring/V down/I auto/N insurance/N rates/N met/V criticism/N from/I Gov./N _OOV_/N 's/P own/J insurance/N commissioner/N ./.
Mr./N _OOV_/N is/V further/J hobbled/N by/I a/D record/N of/I votes/N opposed/V to/T government/N regulation/V on/I behalf/N of/I consumers/N ./.
_OOV_/N in/I Spanish/N from/I his/P days/N in/I the/D Peace/N _OOV_/N ,/, Mr./N _OOV_/N actively/N courts/N minority/N voters/N but/V seems/V oddly/V over/I his/P head/V ./.
He/P is/V warm/P and/I polished/V before/I a/D Puerto/N _OOV_/N Congress/N in/I _OOV_/N Park/N ./.
Yet/N minutes/N after/I promising/V to/T appoint/V _OOV_/N to/T high/J posts/N in/I state/N government/N ,/, he/P is/V unable/V to/T say/V whether/V he/P has/V ever/P employed/V any/I in/I his/P congressional/J office/N ./.
``/N I/P do/V n't/R think/V we/P do/V now/R ,/, ''/N he/P says/V ./.
``/N I/P think/V we/P did/R ./, ''/N
Asked/N the/I same/D question/N after/I his/P appearance/N ,/, Democrat/N _OOV_/N identifies/V a/D staff/N member/N by/I name/N and/C explains/V her/P whereabouts/V today/R ./.
When/T he/P is/V presented/V with/I a/D poster/N celebrating/V the/D organization/N 's/P 20th/N anniversary/N ,/, he/P recognizes/V a/D photograph/N of/I one/N of/I the/D founders/N and/C recalls/V time/N spent/V together/P in/I _OOV_/N ./.
Details/N and/C _OOV_/N are/V essential/J _OOV_/N ./.
_OOV_/N to/T Congress/N as/I a/D ``/N Watergate/N baby/N ''/N in/I 1974/N ,/, he/P ran/V for/I governor/N three/C years/N later/I ./.
In/I the/D opinion/N of/I many/J ,/, he/P has/V n't/R stopped/V running/V since/V ,/, even/R though/V he/P declined/V a/D rematch/N with/I Gov./N _OOV_/N in/I 1985/N ./.
His/P base/N in/I South/N Jersey/N and/C on/I the/D House/N Energy/N and/C Commerce/N Committee/N helped/V him/P sustain/V a/D network/N of/I _OOV_/N committees/N to/T preserve/V his/P edge/N ./.
With/I limited/J budgets/N for/I television/N in/I a/D high-priced/N market/N ,/, Mr./N _OOV_/N 's/P higher/D recognition/N than/I his/P rival/N is/V a/D major/J advantage/N ./.
More/J than/I ever/R ,/, his/P _OOV_/N and/C _OOV_/N record/N is/V in/I sync/N with/I the/D state/N ./.
Auto/N insurance/N rates/N are/V soaring/N ./.
A/D _OOV_/N fire/N destroyed/V part/N of/I an/D interstate/N highway/N this/D summer/N ./.
In/D _OOV_/N ,/, an/D important/J swing/N area/N ,/, Republican/N _OOV_/N now/V run/V on/I a/D slogan/N promising/V to/T keep/V the/D county/N ``/N clean/N and/I green/J ./, ''/N
Mr./N _OOV_/N _OOV_/N this/D vindication/J ,/, but/R at/I age/N 52/N ,/, the/D congressman/N is/V also/R a/D product/N of/I his/P times/N and/I losses/N ./.
He/P speaks/V for/I the/D death/N penalty/N as/I if/I reading/V from/I _OOV_/N 21/N ;/, to/T increase/N state/N revenue/N he/P focuses/V not/V on/I ``/N taxes/N ''/N but/V on/I ``/N audits/N ''/N to/T cut/V waste/N ./.
_OOV_/N consultants/N match/N ads/N with/I Mr./N _OOV_/N 's/P team/N ,/, and/C Mr./N _OOV_/N _OOV_/N himself/P as/I the/D lean/N ,/, mean/V Democratic/N fighting/N machine/N of/I the/D 1990s/N ./.
_OOV_/N to/T a/D young/J audience/N ,/, he/P scraps/N an/I old/J reference/N to/T _OOV_/N and/C _OOV_/N and/I instead/R quotes/N the/D _OOV_/N _OOV_/N ./.
The/D lyric/N chosen/V --/P ``/N long/R strange/J night/N ''/N --/, may/V be/V an/D apt/N footnote/N to/T television/N spots/N by/I both/D candidates/N intended/V to/T portray/V each/D other/J as/D a/D liar/N ./.
The/D Democratic/N lawmaker/N fits/V a/D pattern/N of/I younger/R reformers/N arising/V out/I of/I old/J machines/N ,/, but/R his/P ties/N to/T _OOV_/N remain/V a/D sore/J point/V because/I of/I the/D county/N 's/P past/R corruption/N ./.
His/J campaign/N hierarchy/N is/V chosen/V from/I elsewhere/I in/I the/D state/N ,/, and/C faced/V with/I criticism/N of/I a/D sweetheart/N bank/N investment/N ,/, he/P has/V so/V far/R blunted/N the/D issue/N by/I donating/N the/D bulk/N of/I his/P profits/N to/T his/P alma/N mater/N ,/, _OOV_/N State/N College/N ./.
Mr./N _OOV_/N 's/P _OOV_/N on/I the/D abortion/N issue/N after/I the/D Webster/N ruling/N divides/N some/I of/I his/P old/J constituency/N ./.
_OOV_/N _OOV_/N ,/, an/D unlikely/J but/R enthusiastic/R pipe/N major/N in/I an/D _OOV_/N County/N Irish/N bagpipe/N band/N ,/, speaks/V sadly/V of/I Mr./N _OOV_/N ./.
``/N I/P am/V a/D devout/N _OOV_/N ,/, ''/N says/V Mr./N _OOV_/N ,/, a/D 40-year-old/N health/N officer/N ./.
``/N I/P ca/V n't/R support/N him/P because/V of/I abortion/N ./, ''/N
Bill/N _OOV_/N Sr./N ,/, 72/N ,/, is/V _OOV_/N too/N ,/, but/R _OOV_/N by/I Mr./N _OOV_/N 's/P stand/V on/D abortion/N ./.
A/D security/N guard/N at/I a/D cargo/N terminal/N ,/, he/P wears/V a/D Sons/N of/I Italy/N jacket/N and/C cap/N celebrating/N ``/N The/D US/N 1/N _OOV_/N ./, ''/N
``/N I/P still/R think/V the/D woman/N has/V the/D right/N to/T do/V with/I her/P body/N as/I she/P pleases/N ,/, ''/N he/P says/V ./.
``/N If/V you/P want/V more/J opinions/N ask/V my/J wife/N ./.
She/P has/V lots/N of/I opinions/N ./.
Consumer/N prices/N rose/V a/D surprisingly/R moderate/J 0.2/C %/N in/I September/N ,/, pushed/V up/R mostly/N by/I a/D jump/N in/I clothing/N costs/N ,/, the/D Labor/N Department/N reported/V ./.
Energy/N costs/N ,/, which/D drove/V wholesale/V prices/N up/R sharply/C during/I the/D month/N ,/, continued/V to/T decline/N at/I the/D retail/N level/N ,/, pulling/N down/I transportation/N and/C helping/V to/T ease/N housing/N costs/N ./.
The/D report/N was/V the/D brightest/N news/N the/D financial/J markets/N had/V seen/V since/V before/I the/D stock/N market/N plunged/V more/J than/I 190/N points/N last/I Friday/N ./.
The/D Dow/N Jones/N Industrial/N Average/N rallied/V on/I the/D news/N ,/, closing/V _OOV_/N points/N higher/I at/I _OOV_/N ./.
Bond/N prices/N also/N jumped/V as/I traders/N appeared/V to/T read/V the/D data/N as/I a/D sign/N that/I interest/N rates/N may/T fall/V ./.
But/I many/D economists/N were/V not/R nearly/I as/I jubilant/N ./.
The/D climb/N in/I wholesale/V energy/N prices/N is/V certain/J to/T push/V up/R retail/N energy/N prices/N in/I the/D next/R few/J months/N ,/, they/P warned/V ./.
They/P also/D said/V the/D dollar/N is/V leveling/N off/I after/I a/D rise/N this/D summer/N that/I helped/V to/T reduce/V the/D prices/N of/I imported/V goods/N ./.
``/N I/P think/V inflation/N is/V going/V to/T pick/V up/R through/I the/D fall/V ,/, ''/N said/V Joel/N _OOV_/N ,/, a/D specialist/N on/I inflation/N who/T runs/N an/I economic/N consulting/N firm/N here/N ./.
``/N It/P has/V been/V in/I what/R I/P would/T describe/V as/I a/D lull/N for/I the/D past/N several/D months/N ./, ''/N
``/N We/P 've/V had/V _OOV_/N declines/N in/I consumer/N energy/N prices/N in/I each/D of/I the/D past/N three/C months/N ,/, and/C at/I the/D wholesale/N level/N those/N are/V fully/P behind/I us/N now/R ,/, ''/N said/V Jay/N _OOV_/N ,/, chief/N domestic/N economist/N at/I Bankers/N Trust/N Co./N in/I New/N York/N ./.
Because/V wholesale/V energy/N prices/N shot/N up/R by/I a/D steep/N 6.5/N %/N last/I month/N ,/, many/D analysts/N expected/V energy/N prices/N to/T rise/N at/I the/D consumer/N level/N too/N ./.
As/N a/D result/V ,/, many/D economists/N were/V expecting/V the/D consumer/N price/N index/N to/T increase/N significantly/N more/J than/I it/P did/R ./.
But/I retail/N energy/N prices/N declined/V 0.9/N %/N in/I September/N ./.
Though/V analysts/N say/V competition/N will/R probably/V hold/V down/I increases/V in/I retail/N energy/N prices/N ,/, many/J expect/V some/I of/I the/D wholesale/N rise/N to/T be/V passed/V along/I to/T the/D consumer/N before/I the/D end/N of/I the/D year/N ./.
Still/N ,/, some/I analysts/N insisted/V that/D the/D worst/V of/I the/D inflation/N is/V behind/V ./.
``/N It/P increasingly/N appears/V that/D _OOV_/N was/V a/D temporary/N inflation/N _OOV_/N and/C not/R the/D beginning/J of/I a/D cyclical/N inflation/N problem/N ,/, ''/N argued/V Edward/N _OOV_/N ,/, chief/J economist/N at/I Prudential-Bache/N Securities/N Inc./N in/I New/N York/N ./.
In/I both/I 1987/N and/C 1988/N ,/, consumer/N prices/N rose/V _OOV_/N %/N ./.
A/D run-up/N in/I world/N oil/N prices/N last/I winter/N sent/V consumer/N prices/N soaring/N at/I a/D _OOV_/N %/N annual/N rate/N in/I the/D first/I five/N months/N of/I this/D year/N ,/, but/R the/D subsequent/D decline/N in/I energy/N prices/N has/V pulled/V the/D annual/J rate/N back/R down/I to/T _OOV_/N %/N ./.
Mr./N _OOV_/N predicted/V that/D world/N business/N competition/N will/T continue/V to/T restrain/N prices/N ./.
``/N The/D bottom/N line/N is/V ,/, it/P seems/V to/T me/P that/I the/D economic/N environment/N has/V become/V very/N ,/, very/V _OOV_/N for/I a/D lot/N of/I businesses/N ,/, ''/N he/P said/V ./.
``/N Back/N in/I _OOV_/N ,/, business/N was/V operating/N at/I fairly/N tight/J capacity/N ,/, so/R businesses/N felt/V they/P could/I raise/V prices/N ./, ''/N
Now/P ,/, he/P said/V ,/, a/D slowdown/N in/I economic/N activity/N has/V _OOV_/N demand/N ./.
The/D mild/J inflation/N figures/N renewed/N investors/N '/P hopes/N that/I the/D Federal/N Reserve/N will/R ease/N its/P interest-rate/N stance/N ./.
The/D steep/N climb/N in/I producer/N prices/N reported/V last/D Friday/N fostered/N pessimism/N about/I lower/J interest/N rates/N and/C contributed/V to/T the/D stock/N market/N 's/P 6.9/N %/N plunge/V that/D day/N ./.
In/I the/D past/N several/D days/N ,/, however/V ,/, the/D U.S./N 's/P central/J bank/N has/V allowed/V a/D key/N interest/N rate/N to/T fall/V slightly/N to/T try/V to/T stabilize/V the/D markets/N ./.
Analysts/N say/V Fed/N policy/N makers/N have/V been/V wary/N of/I relaxing/J credit/N too/N much/J because/I they/P were/V still/R uncertain/J about/I the/D level/N of/I inflation/N in/I the/D economy/N ./.
Excluding/N the/D volatile/J categories/N of/I energy/N and/C food/N --/P leaving/V what/R some/D economists/N call/V the/D core/N inflation/N rate/N --/P consumer/N prices/N still/R rose/V only/R 0.2/N %/N in/I September/N ./.
Transportation/N costs/N actually/I fell/V 0.5/N %/N ,/, and/C housing/N costs/N gained/V only/R 0.1/N %/N ./.
Apparel/N prices/N _OOV_/N up/R 1.7/N %/N ,/, but/R that/D was/V after/I three/C months/N of/I declines/N ./.
Medical/N costs/N continued/V their/P steep/J ascent/N ,/, rising/R _OOV_/N %/N after/I four/C consecutive/N months/N of/I 0.7/N %/N increases/V ./.
Car/N prices/N ,/, another/D area/N that/I contributed/V to/T the/D steep/N rise/N in/I the/D wholesale/V index/N last/J month/N ,/, still/R showed/V declines/N at/I the/D consumer/N level/N ./.
They/P dropped/V _OOV_/N %/N as/I dealers/N continued/V to/T offer/V rebates/N to/T attract/V customers/N ./.
Food/N prices/N rose/V 0.2/N %/N for/I the/D second/J month/N in/I a/D row/N ,/, far/R slower/D than/I the/D monthly/N rises/V earlier/D in/I the/D year/N ./.
Separately/N ,/, the/D Labor/N Department/N reported/V that/D average/N weekly/N earnings/N rose/V 0.3/N %/N in/I September/N ,/, after/I adjusting/V for/I inflation/N ,/, following/I a/D 0.7/N %/N decline/N in/I August/N ./.
All/N the/D numbers/N are/V adjusted/V for/I seasonal/N fluctuations/N ./.
Here/R are/V the/D seasonally/N adjusted/V changes/N in/I the/D components/N of/I the/D Labor/N Department/N 's/P consumer/N price/N index/N for/I September/N ./.
After/I watching/V interest/N in/I the/D sport/N plummet/N for/I years/N ,/, the/D ski/N industry/N is/V trying/J to/T give/V itself/D a/D lift/N ./.
_OOV_/N the/D country/N ,/, resorts/N are/V using/V everything/N from/I fireworks/N to/T _OOV_/N concerts/N to/T attract/V new/D customers/N ./.
Some/N have/V built/V health/N _OOV_/N ,/, business/N centers/N and/C shopping/N villages/N so/I visitors/N have/V more/R to/T do/V than/I ski/N ./.
And/P this/D week/N ,/, the/D industry/N 's/P efforts/N will/T go/V national/N for/I the/D first/D time/N when/I it/P unveils/V a/D $/N 7/C million/C advertising/N campaign/N ./.
Such/J efforts/N --/P unheard/N of/I only/R a/D few/J years/N ago/I --/P are/V the/D latest/J attempts/N to/T revive/V the/D sagging/N $/N 1.76/C billion/N U.S./N ski/N industry/N ./.
Since/I the/D start/V of/I the/D decade/N ,/, _OOV_/N sales/N have/V grown/V only/R 3/N %/N a/D year/N on/I average/N ,/, compared/V with/I 16/N %/N annual/N growth/N rates/N in/I the/D _OOV_/N and/C _OOV_/N ./.
Last/J season/N ,/, _OOV_/N sales/N fell/V for/I the/D first/D time/N in/I seven/N years/N ./.
By/I some/I estimates/N ,/, nearly/V a/D fourth/N of/I all/R U.S./N ski/N areas/N have/V been/V forced/V to/T shut/V down/I since/V the/D early/J _OOV_/N ./.
Competition/N and/I mounting/V insurance/N and/C equipment/N costs/N have/V been/V the/D undoing/N of/I many/J resorts/N ./.
But/I another/D big/J problem/N has/V been/V the/D aging/V of/I baby/N boomers/N ./.
_OOV_/N ,/, after/I all/R ,/, has/V mainly/N been/V for/I the/D young/J and/I daring/N and/I many/R baby/N boomers/N have/V outgrown/N skiing/N or/I have/V too/R many/D family/N responsibilities/N to/T stick/N with/I the/D sport/N ./.
In/D its/D new/I ad/N campaign/N ,/, created/V by/I _OOV_/N _OOV_/N _OOV_/N &/N _OOV_/N Inc./N ,/, Chicago/N ,/, the/D ski/N industry/N is/V trying/J to/T change/V its/D image/N as/I a/D sport/N primarily/C for/I young/V white/N people/N ./.
One/N _OOV_/N TV/N spot/N features/N a/I diverse/J group/N of/I skiers/N gracefully/N gliding/N down/I _OOV_/N slopes/N :/, senior/N citizens/N ,/, minorities/N ,/, families/N with/I children/N --/P even/V a/D blind/J skier/N ./.
``/N _OOV_/N school/N is/V great/J ,/, ''/N cries/N out/I a/D tot/N ,/, bundled/V in/I a/D _OOV_/N as/I he/P plows/N down/I a/D bunny/N slope/N ./.
``/N You/P 'll/N never/I _OOV_/N you/P try/N ,/, ''/N says/V a/D black/J skier/N ./.
``/N We/P used/V to/T show/V some/I _OOV_/N skier/N in/I his/P twenties/N or/I thirties/V going/V over/I the/D edge/N of/I a/D cliff/N ,/, ''/N says/V _OOV_/N _OOV_/N ,/, a/D spokeswoman/N for/I the/D United/N _OOV_/N Industries/N Association/N ,/, the/D trade/N group/N sponsoring/N the/D campaign/N ./.
_OOV_/N promotions/N have/V traditionally/D avoided/V the/D touchy/N issue/N of/I safety/N ./.
But/I the/D new/J commercials/N deal/N with/I it/P indirectly/V by/I showing/V a/D woman/N smiling/N as/I she/P tries/N to/T get/V up/R from/I a/D fall/V ./.
``/N We/P wanted/V to/T show/V it/P 's/P okay/I if/I you/P fall/V ,/, ''/N says/V Ms./N _OOV_/N ./.
``/N Most/I people/N think/V if/I you/P slip/N ,/, you/P 'll/P wind/N up/R in/I a/D body/N cast/V ./, ''/N
The/D ad/N campaign/N represents/V an/D unusual/D spirit/N of/I cooperation/N among/V resorts/N and/C ski/N equipment/N makers/N ;/, normally/R ,/, they/P only/D run/V ads/N hyping/N their/P own/J products/N and/C facilities/N ./.
But/C in/I these/D crunch/N times/N for/I the/D ski/N industry/N ,/, some/D resorts/N ,/, such/J as/I the/D _OOV_/N Fire/N ,/, Red/N River/N and/C _OOV_/N ski/N areas/N in/I New/N Mexico/N ,/, have/V even/R started/V _OOV_/N skiers/N to/T each/D other/J 's/P slopes/N and/I next/D year/N plan/N to/T sell/V tickets/N good/J for/I all/R local/J lifts/N ./.
Many/J resorts/N also/R are/V focusing/V more/J on/I the/D service/N side/N of/I their/P business/N ./.
Since/I 40/C %/N of/I skiers/N are/V parents/N ,/, many/R slopes/N are/V building/N nurseries/N ,/, expanding/V ski/N schools/N and/C adding/N entertainment/N for/I kids/N ./.
_OOV_/N ,/, Colo./N ,/, now/R has/V a/D _OOV_/N that/I looks/N like/I an/I old/J mining/N town/N ;/C kids/N can/T ski/N through/I and/C pan/N for/I fool/V 's/P gold/N ./.
For/D $/N 15/N ,/, they/P can/R enjoy/V their/P own/J nightly/N entertainment/N ,/, with/I dinner/N ,/, without/I mom/N and/C dad/N ./.
A/D few/J years/N ago/C ,/, parents/N usually/I had/V to/T hire/V a/D sitter/J or/I take/V turns/V skiing/N while/I one/C spouse/N stayed/V with/I the/D children/N ./.
``/N Most/J parents/N who/P had/V to/T go/V through/I that/I never/R came/V back/R ,/, ''/N says/V Michael/N _OOV_/N ,/, president/N of/I _OOV_/N Associates/N Inc./N ,/, which/D owns/V and/J operates/V the/D _OOV_/N and/I nearby/V Beaver/N _OOV_/N resorts/N ./.
To/N make/V skiing/N more/R convenient/J for/I _OOV_/N visitors/N ,/, several/D resorts/N are/V buying/N or/I starting/V their/P own/N travel/V agencies/N ./.
In/I one/N phone/N call/V ,/, ski/N buffs/N can/T make/V hotel/N and/C restaurant/N reservations/N ,/, buy/V lift/N tickets/N ,/, rent/N ski/N equipment/N and/C sign/N up/R for/I lessons/N ./.
And/P resorts/N are/V adding/V other/J amenities/N ,/, such/J as/I pricey/N restaurants/N ,/, health/N _OOV_/N and/C vacation/N packages/N with/I a/D twist/J ./.
During/V _OOV_/N Carnival/N week/N ,/, for/I example/N ,/, visitors/N at/I Sunday/N River/N in/I Maine/N can/T take/V a/D _OOV_/N balloon/N ride/N ./.
``/N People/N these/D days/N want/V something/N else/I to/T do/V besides/V ski/N and/C sit/V in/I the/D bar/N ,/, ''/N says/V Don/N _OOV_/N ,/, executive/N director/N of/I _OOV_/N Fire/N ,/, _OOV_/N 's/P Chamber/N of/I Commerce/N ./.
The/D ski/N industry/N hopes/N to/T increase/N the/D number/N of/I skiers/N by/I 3.5/N million/C to/T about/I _OOV_/N million/C in/I the/D next/R five/N years/N with/I its/P latest/J ads/N and/C promotions/N ./.
But/I some/D think/V that/D 's/P being/V overly/N optimistic/J ./.
For/C one/N thing/N ,/, it/P may/T be/V tough/V to/T attract/V people/N because/I skiing/N is/V still/R expensive/J :/P a/D lift/N ticket/V can/T cost/N up/R to/T $/N 35/N a/D day/N and/C equipment/N prices/N are/V rising/R ./.
And/P most/V _OOV_/N still/V prefer/V a/D warm/P climate/N for/I their/P winter/N excursions/N ./.
An/I American/N Express/N Co./N survey/N of/I its/D travel/V agents/N revealed/V that/D only/D 34/C %/N believe/V their/P clients/N will/C pick/V a/D trip/N this/D winter/N based/V on/I the/D availability/N of/I winter/N sports/N ,/, as/I opposed/V to/T 69/N %/N who/P think/V that/D _OOV_/C sports/N will/T be/V the/D deciding/V factor/N ./.
``/N Even/N if/I they/P could/I bring/V in/I that/D many/D new/I skiers/N ,/, I/P do/V n't/R know/V if/I -LCB-/N the/D industry/N -RCB-/N could/I handle/N that/I kind/N of/I an/D increase/N ,/, ''/N says/V _OOV_/N William/N Berry/N ,/, editor/N and/I publisher/N of/I the/D _OOV_/N Industry/N Letter/N in/I _OOV_/N ,/, _OOV_/N ./.
``/N Most/I people/N will/T come/V on/I the/D weekend/N ,/, the/D slopes/N will/T be/V overcrowded/V and/C then/I these/D -LCB-/N new/I skiers/N -RCB-/N wo/V n't/R come/V back/R ./.
They/P did/V n't/R play/V the/D third/J game/N of/I the/D World/N Series/N on/I Tuesday/N night/N as/I scheduled/V ,/, and/I they/P did/V n't/R play/N it/P on/D Wednesday/N or/I Thursday/N either/N ./.
But/I you/P knew/V that/D ,/, did/V n't/R you/P ?/.
They/P are/V supposed/V to/T play/V the/D game/N next/I Tuesday/N ,/, in/I _OOV_/N Park/N here/C ./.
The/D theory/N is/V that/D the/D stadium/N ,/, damaged/V by/I Tuesday/N 's/P earthquake/N ,/, will/R be/V repaired/V by/I then/R ,/, and/C that/I people/N will/T be/V able/V to/T get/V there/V ./.
Like/N just/V about/I everything/N else/C ,/, that/D remains/V to/T be/V seen/V ./.
_OOV_/N could/I intervene/N ./.
But/C ,/, at/I least/V ,/, the/D law/N of/I averages/V should/T have/V swung/N to/T the/D favorable/J side/N ./.
It/P may/V seem/V trivial/V to/T worry/V about/I the/D World/N Series/N amid/V the/D destruction/N to/T the/D Bay/N Area/N wrought/V by/I Tuesday/N 's/P quake/J ,/, but/R the/D name/N of/I this/D column/N is/V ``/N On/N Sports/N ,/, ''/N so/V I/P feel/N obliged/T to/T do/V so/R ./.
You/P might/V be/V interested/V to/T know/V that/D baseball/N ,/, not/R survival/N ,/, appeared/V to/T be/V the/D first/D thought/N of/I most/V of/I the/D crowd/N of/I _OOV_/N that/I had/V gathered/V at/I _OOV_/N at/I _OOV_/N p.m./N Tuesday/N ,/, a/D half-hour/N before/I game/N time/N ,/, when/I the/D quake/J struck/V ./.
As/N soon/R as/I the/D tremor/N passed/V ,/, many/R people/N spontaneously/N arose/V and/N cheered/V ,/, as/R though/V it/P had/V been/V a/D novel/N kind/N of/I _OOV_/N show/N ./.
One/C fan/N ,/, seated/V several/D rows/N in/I front/N of/I the/D open/J ,/, _OOV_/N auxiliary/N press/N section/N where/I I/P was/V stationed/V ,/, faced/V the/D assembled/V _OOV_/N and/C _OOV_/N shouted/V ,/, ``/N We/P arranged/V that/D just/R for/I you/P guys/N ''/N I/P thought/V and/C ,/, I/P 'm/V sure/R ,/, others/N did/V :/P ``/N You/P should/T n't/R have/V bothered/V ./, ''/N
I/P 'd/V slept/V through/I my/J only/R previous/J brush/N with/I natural/J disaster/N ,/, a/D tornado/N 15/N or/I so/R summers/N ago/I near/V _OOV_/N City/N ,/, Mich./N ,/, so/V I/P was/V unprepared/N for/I one/N reaction/N to/T such/J things/N :/, the/I urge/V to/T talk/N about/I them/P ./.
Perhaps/J primed/N by/I the/D daily/N diet/N of/I radio/V and/C TV/N reporters/N thrusting/N microphones/N into/I people/N 's/P faces/N and/C asking/V how/R they/P ``/N feel/N ''/N about/I one/N calamity/N or/V another/D ,/, fellow/V reporters/N and/I civilians/N who/T spied/N my/J press/N _OOV_/N were/V eager/V to/T chat/N ./.
``/N It/P felt/V like/J I/P was/V on/I a/D station/N platform/N and/C a/D train/N went/V by/I ,/, ''/N said/V one/N man/N ,/, describing/V my/J own/J reaction/N ./.
A/D women/N said/V she/P saw/V the/D park/N 's/P light/J standards/N sway/N ./.
A/D man/N said/V he/P saw/V the/D upper/V rim/N _OOV_/N ./.
I/P saw/V neither/N ./.
_OOV_/N of/I good/J sense/N to/T the/D contrary/V not/R withstanding/N ,/, the/D general/J inclination/N was/V to/T believe/V that/D the/D disturbance/N would/T be/V brief/J and/I that/D ball/N would/I be/V played/V ./.
``/N I/P was/V near/V the/D top/N of/I the/D stadium/N ,/, and/C saw/V a/D steel/N _OOV_/N bow/N six/N feet/N from/I where/I I/P sat/V ,/, but/V I/P stayed/V put/V for/I 10/N or/I 15/N minutes/N ,/, ''/N confessed/V a/D friend/N ./.
``/N I/P guess/V I/P thought/N ,/, `/N This/D is/V the/D World/N Series/N and/C I/P 'm/V not/R gon/N na/N wimp/N out/I '/P ''/N
Here/D in/I the/D Global/N _OOV_/N ,/, though/R ,/, folks/N do/V not/R stay/V uninformed/N for/I long/D ./.
_OOV_/J power/N was/V out/I in/I _OOV_/N _OOV_/N Park/N ,/, but/R _OOV_/N radios/N and/I television/N sets/N were/V plentiful/N ./.
Within/I a/D few/R minutes/N ,/, the/D true/J extent/N of/I the/D catastrophe/N was/V becoming/V clear/J ./.
Its/V _OOV_/N _OOV_/N measurement/N was/V reported/V as/I 6.5/N ,/, then/I 6.9/N ,/, then/I _OOV_/N ./.
A/D section/N of/I the/D Bay/N Bridge/N had/V collapsed/V ,/, as/I had/V a/D part/N of/I Interstate/N Highway/N 880/N in/I _OOV_/N ./.
People/P had/V died/V ./.
At/I _OOV_/C p.m./N ,/, scheduled/V game/N time/N having/I passed/V ,/, some/D fans/N chanted/V ``/N Let/N 's/P Play/N Ball/N ./, ''/N
No/D longer/R innocent/D ,/, they/P qualified/V as/I fools/N ./.
The/D stadium/N was/V ordered/V evacuated/V soon/P afterward/I ;/P the/D announcement/N ,/, made/V over/I police/N _OOV_/N ,/, cited/V the/D power/N outage/N ,/, but/R it/P later/R was/V revealed/V that/D there/V also/R had/V been/V damage/N of/I the/D sort/N reported/V by/I my/J friend/N ./.
Outside/N ,/, I/P spotted/N two/N young/I men/N _OOV_/N blocks/N of/I concrete/N ./.
``/N _OOV_/N of/I _OOV_/N ,/, ''/N they/P said/V ./.
The/D crowd/N remained/V good/J natured/N ,/, even/R bemused/N ./.
TV/N reporters/N interviewed/V fans/N in/I the/D parking/N lots/C while/I ,/, a/D few/R feet/N away/N ,/, others/N watched/V the/D interviews/N on/I their/P portable/N TVs/N ./.
The/D only/D frenzy/N I/P saw/V was/V commercial/N :/N _OOV_/N selling/N World/N Series/N commemorative/N stamps/N and/C dated/V _OOV_/N were/V besieged/V by/I fledgling/N speculators/N who/T saw/V future/J profit/N in/I the/D items/N ./.
The/D traffic/N jam/N out/I of/I the/D park/N was/V monumental/J ./.
It/P took/V me/P a/D half-hour/N to/T move/V 10/N feet/N from/I my/J parking/N spot/N in/I an/D outer/V lot/N to/T an/D aisle/N ,/, and/I an/D additional/J hour/N to/T reach/V an/D inner/J roadway/N a/D _OOV_/N away/C ./.
The/D _OOV_/N trip/N to/T my/J airport/N hotel/N that/I had/V taken/V 20/N minutes/N earlier/I in/I the/D day/N took/V more/J than/I three/C hours/N ./.
At/I my/J hotel/N ,/, the/D _OOV_/N ,/, power/N was/V out/R ,/, some/R interior/J plaster/P had/V broken/V loose/D and/I there/V had/V been/V water/N damage/N ,/, but/R little/R else/V ./.
With/I _OOV_/N randomness/N ,/, a/D hotel/N across/I the/D street/N ,/, the/D _OOV_/N ,/, had/V been/V hit/V harder/J :/P A/D large/J sheet/N of/I its/P concrete/N facade/N and/I several/D window/N _OOV_/N were/V torn/V away/R ./.
The/D _OOV_/N staff/N had/V ,/, kindly/N ,/, set/V out/I lighted/V candles/N in/I the/D ballroom/N ,/, prepared/V a/D _OOV_/N buffet/N and/C passed/V around/I pillows/N and/C blankets/N ./.
I/P fell/V asleep/R on/I the/D lobby/N floor/N ,/, next/R to/T a/D man/N wearing/N a/D Chicago/N _OOV_/N jacket/N ./.
I/P expected/V him/P to/T say/V ,/, ``/N I/P told/V you/P so/R ,/, ''/N but/V he/P already/V was/V snoring/N ./.
The/D journalistic/N consensus/N was/V that/D the/D earthquake/N made/V the/D World/N Series/N seem/V unimportant/N ./.
My/D response/N was/V that/D sports/N rarely/R are/V important/J ,/, only/R diverting/N ,/, and/I the/D quake/J merely/J highlighted/V that/D fact/N ./.
Should/I the/D rest/N of/I the/D Series/N be/V played/V at/I all/D ?/.
The/D quake/V and/N baseball/N were/V n't/R related/V ,/, unlike/V the/D massacre/V of/I athletes/N that/I attended/V the/D 1972/N _OOV_/N ./.
That/D heavily/J politicized/N event/N learned/V nothing/R from/I the/D horrifying/J experience/N ,/, and/C seems/V doomed/V to/T repeat/V it/P ./.
Two/N _OOV_/N _OOV_/N ./.
This/D has/V been/V widely/P dubbed/V the/D BART/N Series/N ,/, after/I the/D local/J subway/N line/N ,/, and/I the/D Bay/N Bridge/N Series/N ./.
_OOV_/N fly/V at/I _OOV_/N for/I the/D death/N of/I _OOV_/N _OOV_/N ,/, the/D late/N baseball/N commissioner/N ,/, and/C now/V the/D Bay/N Bridge/N lies/V in/I ruins/N ./.
A/D Series/N that/I was/V shaping/V up/R as/I the/D _OOV_/N since/V the/D _OOV_/N _OOV_/N _OOV_/N go/V of/I 1984/N has/V become/V memorable/J in/I the/D least/V fortunate/V way/N ./.
Still/N ,/, its/D edge/N is/V lost/V ./.
It/P now/V will/T be/V played/V mostly/N for/I the/D record/N ,/, and/I should/T be/V wrapped/V up/R as/I quickly/P as/I possible/J ,/, without/I ``/N off/I ''/N days/N ./.
And/P I/P will/R never/R again/R complain/V about/I a/D _OOV_/N ./.
The/D disarray/N in/I the/D junk-bond/N market/N that/I began/V last/D month/N with/I a/D credit/N crunch/N at/I Campeau/N Corp./N has/V offered/V commercial/N banks/N a/I golden/J opportunity/N to/T play/N a/I greater/J role/N in/I financing/N _OOV_/N takeovers/N ./.
But/I two/C big/J New/N York/N banks/N seem/V to/T have/V kicked/V those/J chances/V away/R ,/, for/I the/D moment/N ,/, with/I the/D embarrassing/J failure/N of/I _OOV_/N and/C Chase/N Manhattan/N Corp./N to/T deliver/V $/N 7.2/C billion/N in/I bank/N financing/N for/I a/D leveraged/N buy-out/N of/I United/N Airlines/N parent/N UAL/N Corp/N ./.
For/I more/J than/I a/D decade/N ,/, banks/N have/V been/V pressing/N Congress/N and/C banking/N regulators/N for/I expanded/V powers/N to/T act/N like/J securities/N firms/N in/I playing/V Wall/N Street/N 's/P lucrative/J takeover/N game/N ,/, from/I giving/V mergers/N advice/N all/I the/D way/N to/T selling/V and/I trading/N high-yield/N junk/N bonds/N ./.
Those/J expanded/V powers/N reached/V their/P zenith/V in/I July/N when/I Bankers/C Trust/N New/N York/N Corp./N provided/V mergers/N advice/N ,/, an/D equity/N investment/N and/C bank/N loans/N for/I the/D $/N _OOV_/C billion/N leveraged/N buy-out/N of/I _OOV_/N Airlines/N parent/N _OOV_/N Inc/N ./.
One/C of/I the/D major/J selling/N points/N used/V by/I Los/N Angeles/N financier/N Alfred/N _OOV_/N in/I getting/V the/D takeover/N approved/V was/V that/D the/D deal/N did/V n't/R include/V any/J junk/N bonds/N ./.
That/D was/V seen/V as/I an/D advantage/N in/I lobbying/N airline/N employees/N and/C Washington/N regulators/N for/I approval/N of/I the/D contested/V takeover/N ./.
All/N $/N _OOV_/C billion/N in/I debt/N for/I the/D deal/N was/V supplied/V by/I banks/N ./.
Charles/N _OOV_/N ,/, _OOV_/N of/I mergers/N and/C acquisitions/N at/I Salomon/N Brothers/N Inc./N ,/, says/V it/P is/V natural/J for/I banks/N to/T try/V to/T expand/V beyond/I their/P _OOV_/N business/N of/I providing/V senior/N debt/N for/I _OOV_/N ./.
But/I the/D UAL/N collapse/N ,/, he/P says/V ,/, ``/N may/T tell/V you/P it/P 's/P not/R going/V to/T work/N that/I easily/R ./, ''/N
David/N _OOV_/N ,/, a/D mergers/N adviser/N in/I La/N _OOV_/N ,/, Calif./N ,/, who/T aided/V Los/N Angeles/N investor/N Marvin/N Davis/N on/I the/D bids/N which/D put/V both/I UAL/N and/C _OOV_/N in/I play/N as/I takeover/N candidates/N this/D year/N ,/, says/V that/D banks/N have/V been/V ``/N preparing/V to/T play/N a/I larger/J and/I larger/J role/N in/I acquisition/N financing/N ./, ''/N
Mr./N _OOV_/N says/V that/D in/I the/D past/N ,/, banks/N would/T normally/D have/V loaned/N 65/N %/N of/I a/D total/J buy-out/N price/N ,/, with/I the/D loans/N secured/V by/I the/D target/V company/N 's/P assets/N ./.
Another/D 20/N %/N of/I the/D borrowed/V funds/N would/T come/V from/I the/D sale/N to/T investors/N of/I junk/N bonds/N ,/, which/D offer/V less/J security/N and/C typically/D carry/V higher/J yields/N than/I bank/N loans/N ./.
Mr./N _OOV_/N 's/P purchase/N of/I _OOV_/N ,/, Mr./N _OOV_/N notes/N ,/, ``/N was/V probably/V the/D most/V aggressive/J to/T date/N ,/, ''/N with/I bank/N debt/N at/I 85/N %/N of/I the/D purchase/N price/N ./.
But/C Mr./N _OOV_/N says/V that/D _OOV_/N 's/P ``/N failure/N to/T deliver/V ''/N on/I its/P promise/N to/T raise/V the/D UAL/N bank/N debt/N for/I a/D labor-management/N buy-out/N group/N ``/N is/V very/V distressing/V to/T potential/N users/N of/I a/D `/N _OOV_/N '/P letter/N from/I commercial/N banks/N ./, ''/N
His/J client/N ,/, Mr./N Davis/N ,/, used/V just/R such/J a/D letter/N from/I _OOV_/N in/I pursuing/V UAL/N ;/N _OOV_/N later/I agreed/V to/T work/N with/I a/D competing/V UAL/N buy-out/N group/N ./.
Executives/N of/I _OOV_/N and/C Chase/N Manhattan/N declined/V to/T comment/N on/I either/V the/D UAL/N situation/N ,/, or/V on/I the/D changing/J nature/N of/I banks/N '/P role/N in/I financing/N takeovers/N ./.
In/I the/D wake/V of/I Campeau/N 's/P problems/N ,/, prices/N of/I junk/N bonds/N tumbled/N ,/, throwing/V into/I doubt/V the/D ability/N of/I corporate/N _OOV_/N to/T finance/N large/J takeovers/N with/I the/D help/V of/I junk/N bond/N sales/N ./.
Mark/N _OOV_/N ,/, senior/J managing/N director/N at/I Manufacturers/N _OOV_/N Trust/N Co./N ,/, says/V the/D _OOV_/N in/I junk/N bonds/N may/T yet/R open/V new/J business/N opportunities/N to/T banks/N in/I structuring/N takeovers/N ./.
But/I he/P warns/V that/D banks/N will/R have/V ``/N to/T have/V enough/N discipline/N ''/N not/R to/T make/V loans/N that/I are/V too/R risky/J ./.
In/I fact/N ,/, Manufacturers/N _OOV_/N said/V in/I its/P third-quarter/N earnings/N report/N that/I fees/N from/I _OOV_/N loans/N to/T other/J banks/N dropped/V 48/N %/N ,/, to/T $/N 21/C million/C ./.
``/N We/P did/V n't/R take/V part/N in/I a/D lot/N of/I deals/V because/V their/P credit/N quality/N was/V poor/J ,/, ''/N says/V a/D bank/N spokesman/N ./.
James/N B./N Lee/N ,/, head/V of/I _OOV_/N and/I private/N placements/N at/I Chemical/N Banking/N Corp./N ,/, said/V he/P believes/V banks/N can/T still/R make/V a/D credible/J offer/N of/I _OOV_/N shopping/N for/I takeover/N finance/N ./.
As/N evidence/N ,/, he/P cites/V yesterday/N 's/P arrangement/N for/I the/D final/J financing/N of/I a/D $/N 3/C billion/N bid/N for/I American/N Medical/N International/N Inc./N in/I which/D Chemical/N served/V as/I both/I the/D lead/V bank/N and/C an/D equity/N investor/N ./.
Beyond/N the/D current/J weakness/N in/I the/D junk/V bond/N market/N ,/, banks/N have/V another/D advantage/N over/I investment/N banks/N in/I financing/N contested/V takeovers/N ./.
Arthur/N _OOV_/N Jr./N ,/, a/D takeover/N lawyer/N at/I Fried/N Frank/N Harris/N _OOV_/N &/N _OOV_/N ,/, notes/N that/I ``/N a/D political/J and/C emotional/J bias/N ''/N has/V developed/V against/I junk/N bonds/N ./.
One/N hostile/J bidder/N who/C deliberately/I avoided/V using/V junk/N bonds/N was/V Paramount/N Communications/N Inc./N in/I its/D initial/J offer/V to/T acquire/V Time/N Inc./N for/I $/N _OOV_/C billion/N ,/, or/I $/N 175/N a/D share/N ./.
A/D Paramount/N spokesman/N says/V that/D decision/N was/V based/V on/I the/D financial/N ,/, not/R political/J ,/, drawbacks/N of/I junk/N bonds/N ./.
But/I some/D observers/N believe/V Paramount/N Chairman/N Martin/N Davis/N wanted/V to/T avoid/V the/D possible/J taint/N of/I being/N perceived/V as/I a/D corporate/N raider/N in/I his/P controversial/J bid/N for/I Time/N ./.
In/I the/D end/N ,/, Mr./N Davis/N used/V junk/N bonds/N so/V that/D he/P could/R raise/V Paramount/N 's/P bid/N to/T $/N 200/N a/D share/N ./.
Some/J _OOV_/N quarterbacks/N said/V the/D initial/V lower/J bid/N ,/, without/I junk/N bonds/N ,/, was/V a/D factor/N in/I his/P losing/V the/D company/N ./.
Time/N eluded/V Paramount/N by/I acquiring/N Warner/N Communications/N Inc/N ./.
The/D success/N of/I the/D _OOV_/N financing/N ,/, and/I the/D failure/N of/I the/D UAL/N deal/N ,/, also/R seem/V to/T highlight/J the/D important/J new/D role/N in/I takeover/N financing/N being/N played/V by/I Japanese/N banks/N ./.
Japanese/N banks/N accounted/N for/I 50/N %/N of/I the/D _OOV_/N bank/N debt/N ,/, according/V to/T a/D report/N by/I Transportation/N Secretary/N Samuel/N _OOV_/N ./.
But/I it/P was/V _OOV_/N rejection/N by/I Japanese/N banks/N that/I helped/V seal/N the/D fate/N of/I the/D attempt/N to/T buy/V UAL/N ./.
_OOV_/N and/C Chase/N are/V attempting/V to/T put/V together/P a/D new/J ,/, lower/J bid/N ./.
_OOV_/N _OOV_/N ,/, chief/J economist/N of/I the/D Institute/N for/I Financial/N Affairs/N Inc./N ,/, a/D Tokyo/N research/N center/N on/I finance/N and/I economics/N ,/, says/V ,/, ``/N The/D junk/N bond/N market/N became/V very/V _OOV_/N ,/, and/C there/V 's/P a/D fear/N of/I a/D coming/V recession/N and/C the/D possible/J bankruptcy/N of/I _OOV_/N companies/N ./.
_OOV_/N Inc./N filed/N suit/N in/I federal/J court/N here/N ,/, alleging/N that/I a/D group/N that/I holds/V _OOV_/N %/N of/I its/D stock/N made/V ``/N false/N ,/, deceptive/N and/I misleading/J ''/N statements/N in/I recent/J regulatory/J filings/N and/I public/J announcements/N ./.
_OOV_/N 's/P complaint/N claims/N that/I the/D group/N ,/, led/V by/I investor/N Malcolm/N _OOV_/N _OOV_/N ,/, violated/V securities/N laws/N by/I failing/N to/T disclose/V plans/N to/T purchase/N 15/N %/N of/I the/D company/N 's/P shares/N outstanding/N and/I that/D when/I the/D required/V Hart-Scott-Rodino/N filing/N eventually/I was/V made/V ,/, it/P did/V n't/R disclose/V the/D group/N 's/P alleged/V earlier/J violation/N of/I the/D so-called/N _OOV_/N requirements/N of/I the/D law/N ./.
Mr./N _OOV_/N could/I n't/R immediately/R be/V reached/V to/T comment/N ./.
But/I when/I _OOV_/N last/I week/N publicly/N questioned/V the/D legality/N of/I the/D group/N 's/P filing/N procedures/N ,/, the/D Rochester/N ,/, N.Y./N ,/, investor/N said/V ``/N we/P complied/V with/I every/D law/N ,/, ''/N and/C he/P denied/V any/D wrongdoing/N ./.
The/D _OOV_/N group/N said/V in/I a/D Securities/N and/C Exchange/N Commission/N filing/N in/I early/J October/N that/I it/P may/T seek/V a/D controlling/J interest/N in/I _OOV_/N ,/, or/I seek/V representation/N on/I the/D company/N 's/P board/N ./.
_OOV_/N has/V said/V it/P does/R n't/R intend/V to/T be/V acquired/V by/I the/D _OOV_/N group/N or/I any/I other/J party/N ./.
Inland/N Steel/N Industries/N Inc./N ,/, battered/V by/I lower/J volume/N and/N higher/J costs/N ,/, posted/V a/D 75/N %/N drop/V in/I third-quarter/N earnings/N ./.
The/D nation/N 's/P _OOV_/N steelmaker/N earned/V $/N _OOV_/C million/C ,/, or/V 43/N cents/N a/D share/N ,/, compared/V with/I $/N 61/C million/C ,/, or/I $/N _OOV_/N a/D share/N ,/, a/D year/N earlier/C ,/, when/I the/D industry/N was/V enjoying/J peak/J demand/N and/C strong/J pricing/N ./.
Sales/N fell/V to/T $/N _OOV_/C million/C from/I $/N 1.02/C billion/N ./.
The/D earnings/N also/I mark/N a/D significant/J drop/V from/I the/D second/J quarter/N 's/P $/N _OOV_/C million/C or/I $/N 1.25/N a/D share/N ./.
Moreover/N ,/, the/D earnings/N were/V well/R below/D analysts/N '/P expectations/N of/I about/I $/N _OOV_/N a/D share/N ./.
In/D composite/N trading/N on/I the/D New/N York/N Stock/N Exchange/N ,/, Inland/N closed/V yesterday/N at/I $/N _OOV_/N a/D share/N ,/, down/I $/P 1/N ./.
The/D company/N attributed/V the/D earnings/N drop/V to/T lower/D volume/N related/V to/T seasonal/N demand/N and/I the/D soft/J consumer/N durable/J market/N ,/, especially/V in/I the/D automotive/N sector/N ./.
However/R ,/, the/D company/N also/C lost/V orders/N because/I of/I prolonged/V labor/N talks/N in/I the/D second/J quarter/N ./.
Third-quarter/N shipments/N slipped/V 7/N %/N from/I the/D year-ago/N period/N ,/, and/C 17/N %/N from/I this/D year/N 's/P second/D quarter/N ./.
Profit/N of/I steel/N shipped/V for/I the/D company/N 's/P steel/N segment/N slid/V to/T $/N 26/C a/D ton/N ,/, from/I $/N 66/C a/D ton/N a/D year/N earlier/R and/J $/N 57/C a/D ton/N a/D quarter/N earlier/I ./.
Analysts/N noted/V that/D the/D disappointing/J results/N do/V n't/R reflect/V lower/J prices/N for/I steel/N products/N ./.
Charles/N Bradford/N ,/, an/D analyst/N with/I Merrill/N Lynch/N Capital/N Markets/N ,/, said/V higher/D prices/N for/I galvanized/N and/C _OOV_/N products/N offset/V lower/D prices/N for/I bar/N ,/, _OOV_/N and/C structural/J steel/N ./.
Structural/N steel/N ,/, which/D primarily/J serves/V the/D construction/N market/N ,/, was/V especially/V hurt/V by/I a/D 15/N %/N price/N drop/V ,/, Mr./N Bradford/N said/V ./.
The/D company/N said/V its/D integrated/V steel/N sector/N was/V also/R hurt/V by/I higher/J raw/J material/N ,/, repair/V and/J maintenance/N ,/, and/I labor/N costs/N ./.
The/D increased/J labor/N costs/N became/V effective/J Aug./N 1/N under/I terms/N of/I the/D four-year/N labor/N agreement/N with/I the/D United/N _OOV_/N union/N ./.
Meanwhile/N ,/, the/D company/N 's/P service/N center/N segment/N ,/, which/D saw/V operating/N profit/N drop/V to/T $/N 11.5/C million/C from/I $/N _OOV_/C million/C a/D year/N ago/N ,/, experienced/V much/R of/I the/D same/D demand/N and/C cost/N problems/N ,/, as/I well/R as/I start-up/N costs/N associated/V with/I a/D coil/N processing/N facility/N in/I Chicago/N and/I an/D upgraded/V computer/N information/N system/N ./.
Inland/N Chairman/N Frank/N W./N _OOV_/N said/V the/D company/N 's/P short-term/N outlook/N is/V ``/N clouded/N by/I uncertainties/N in/I the/D economy/N and/I financial/J markets/N ./, ''/N
However/R ,/, he/P noted/V that/D steel/N mill/N bookings/N are/V up/R from/I early/I summer/N levels/N ,/, and/C that/I he/P expects/V the/D company/N to/T improve/V its/D cost/N performance/N in/I the/D fourth/J quarter/N ./.
In/I the/D first/I nine/N months/N ,/, profit/N was/V $/N 113/C million/C ,/, or/I $/N _OOV_/N a/D share/N ,/, on/D sales/N of/I $/N _OOV_/C billion/N ,/, compared/V with/I $/N _OOV_/C million/C ,/, or/I $/N _OOV_/N a/D share/N ,/, on/D sales/N of/I $/N _OOV_/C billion/N ,/, a/D year/N earlier/C ./.
The/D ``/N seismic/N ''/N activity/N of/I a/D financial/J market/N bears/N a/D resemblance/N to/T the/D seismic/N activity/N of/I the/D earth/N ./.
When/T things/N are/V quiet/J -LRB-/N low/J volatility/N -RRB-/N ,/, the/D structures/N on/I which/D markets/N stand/V can/T be/V relatively/V inefficient/V and/J still/R perform/V their/P functions/N adequately/N ./.
However/R ,/, when/R powerful/J forces/N start/V shaking/V the/D market/N 's/P structure/N ,/, the/D more/J ``/N _OOV_/N ''/N it/P is/V ,/, the/D better/R its/D chance/N for/I survival/N ./.
America/N 's/P financial/J markets/N do/V not/R yet/R have/V all/D the/D required/V modern/J features/N required/V to/T make/V them/P fully/P ``/N _OOV_/N ./, ''/N
Investors/N lack/V equal/J access/N to/T the/D markets/N '/P trading/N arena/N and/I its/D information/N ./.
That/D structural/V lack/N is/V crucial/J because/I investors/N are/V the/D only/D source/N of/I market/N liquidity/N ./.
And/P liquidity/N is/V what/J markets/N need/V to/T damp/J quakes/N and/I aftershocks/N ./.
In/I today/N 's/P markets/N ,/, specialists/N -LRB-/N on/I the/D New/N York/N Stock/N Exchange/N -RRB-/N and/C ``/N upstairs/N ''/N market/N makers/N -LRB-/N in/I the/D over-the-counter/N market/N -RRB-/N are/V the/D only/D market/N participants/N allowed/V to/T play/V a/D direct/J role/N in/I the/D _OOV_/N process/N ./.
When/T they/P halt/V trading/N ,/, all/D market/N liquidity/N is/V gone/V ./.
And/R when/I any/D component/N of/I the/D market/N --/P cash/N ,/, futures/N or/I options/N --/P loses/V liquidity/N ,/, the/D price/N discovery/N system/N -LRB-/N the/I way/N prices/N are/V determined/V -RRB-/N becomes/V flawed/V or/I is/V lost/V entirely/N for/I a/D time/N ./.
Last/J Friday/N the/D 13th/N -LRB-/N as/I well/R as/I two/J years/N ago/C this/D week/N -RRB-/N the/D markets/N became/V _OOV_/N ./.
When/T that/D happened/V ,/, ``/N seismic/N ''/N tremors/N of/I fear/N --/P much/N like/I the/D shock/J waves/N created/V by/I an/D earthquake/N --/P _OOV_/N through/I the/D market/N and/C increased/V the/D market/N 's/P volatility/N ./.
_OOV_/N of/I important/J ,/, needed/V information/N can/J cause/V fear/N ./.
_OOV_/N is/V the/D father/N of/I panic/N ./.
_OOV_/N frequently/I results/N in/I irrational/J behavior/N ./.
And/C in/I financial/J markets/N ,/, irrational/J behavior/N is/V sometimes/D translated/V into/I catastrophe/N ./.
When/T market/N tremors/N start/N ,/, it/P is/V crucial/J that/D as/I much/J information/N about/I transaction/N prices/N and/C the/D _OOV_/N curve/N -LRB-/N buy/V and/J sell/V orders/N at/I various/D prices/N -RRB-/N be/V made/V available/V to/T all/D ,/, not/R just/R to/T market/N makers/N ./.
Because/R of/I a/D lack/N of/I information/N and/C access/N ,/, many/J investors/N --/P including/V the/D very/J ones/N whose/I buying/N power/N could/I restore/V stability/N and/C damp/J volatility/N --/P are/V forced/V to/T stand/V on/I the/D sidelines/N when/I they/P are/V most/V needed/N ,/, because/I of/I their/P ignorance/N of/I important/J market/N information/N ./.
To/N add/V _OOV_/N power/N to/T America/N 's/P markets/N ,/, a/D modern/J ,/, electronic/J trading/N system/N should/T be/V implemented/V that/D permits/V equal/J access/N to/T the/D trading/N arena/N -LRB-/N and/I the/D information/N that/I would/T automatically/R accompany/V such/J access/N -RRB-/N by/I investors/N --/P particularly/N institutional/J investors/N ./.
_OOV_/N to/T some/D opinions/N ,/, the/D trading/N activities/N of/I specialists/N and/C other/J market/N makers/N do/V not/R provide/V liquidity/N to/T the/D market/N as/I a/D whole/D ./.
What/D market/N makers/N provide/V is/V immediacy/N ,/, a/D very/V valuable/J service/N ./.
_OOV_/N is/V not/R a/D service/N ./.
It/P is/V a/D market/N attribute/V --/N the/I ability/N to/T absorb/V selling/N orders/N without/I causing/V significant/J price/N changes/N in/I the/D absence/N of/I news/N ./.
Market/N makers/N buy/V what/J investors/N wish/N to/T sell/V ;/R their/P business/N is/V _OOV_/N these/I unwanted/V positions/N as/I quickly/P as/I possible/V to/T other/J investors/N ,/, and/C at/I a/D profit/N ./.
As/N a/D result/V ,/, while/I any/I one/N customer/N may/I purchase/N immediacy/N by/I selling/N to/T a/D market/N maker/N -LRB-/N which/D is/V _OOV_/N for/I the/D investor/N -RRB-/N ,/, the/D market/N as/I a/D whole/D remains/V in/I the/D same/D circumstances/N it/P was/V before/I the/D transaction/N :/P The/D unwanted/J position/N is/V still/R an/D unwanted/J position/N ;/, only/R the/D identity/N of/I the/D seller/N has/V changed/V ./.
In/I fact/N it/P can/R be/V argued/V that/D increasing/J capital/N commitments/N by/I market/N makers/N -LRB-/N a/D result/V of/I some/J _OOV_/J crash/N studies/N -RRB-/N also/I increases/V market/N volatility/N ,/, since/V the/D more/J securities/N are/V held/V by/I market/N makers/N at/I any/D given/V time/N ,/, the/D more/J selling/N pressure/N is/V overhanging/N the/D market/N ./.
In/I an/D open/J electronic/J system/N ,/, any/D investor/N wishing/V to/T pay/V for/I real-time/N access/N to/T the/D trading/N arena/N through/I a/D registered/N broker-dealer/N would/T be/V able/V to/T see/V the/D entire/D _OOV_/N curve/N -LRB-/N buy/V and/J sell/V orders/N at/I each/D price/N -RRB-/N entered/V by/I dealers/N and/C investors/N alike/C ,/, and/C to/T enter/V and/I execute/V orders/N ./.
Current/N quotations/N would/T reflect/V the/D combined/V financial/N judgment/N of/I all/D market/N participants/N --/P not/V just/R those/R of/I intermediaries/N who/T become/V extremely/V _OOV_/N during/I times/N of/I crisis/N ./.
Investors/N and/C professionals/N alike/V would/T compete/V on/I the/D level/N playing/V field/N Congress/N sought/V and/I called/V a/D ``/N national/N market/N system/N ''/N -LRB-/N not/R yet/R achieved/V -RRB-/N almost/V 15/N years/N ago/C when/I it/P passed/V the/D Securities/N Reform/N Act/N of/I _OOV_/N ./.
Last/J Friday/N 's/P market/N _OOV_/N did/V not/R result/V in/I severe/J ``/N aftershocks/N ./, ''/N
Were/N we/P smart/J or/I just/R lucky/V ?/.
I/P 'm/V not/R certain/D ./.
But/I I/P am/V sure/R we/P need/V to/T maximize/N our/J ``/N earthquake/N ''/N protection/N by/I making/V certain/J that/R our/J market/N structures/N let/V investors/N add/V their/P mighty/N _OOV_/N power/N to/T our/D nation/N 's/P markets/N ./.
Mr./N _OOV_/N is/V chairman/N of/I his/P own/N consulting/N company/N in/I _OOV_/N ,/, N.J/N ./.
NOW/J YOU/N _OOV_/N IT/N ,/, now/V you/P do/V n't/R ./.
The/D recession/N ,/, that/D is/V ./.
The/D economy/N 's/P _OOV_/N steps/N leave/V investors/N wondering/V whether/N things/N are/V slowing/V down/I or/I speeding/V up/R ./.
So/I often/D are/V government/N statistics/N revised/V that/I they/P seem/V to/T resemble/V a/D spinning/N weather/N vane/N ./.
For/I the/D past/N seven/N years/N ,/, investors/N have/V had/V the/D wind/N at/I their/P backs/N ,/, in/I the/D form/N of/I a/D generally/J growing/J economy/N ./.
Some/, may/V have/V forgotten/V --/P and/C some/I younger/P ones/N may/T never/R have/V experienced/V --/P what/N it/P 's/P like/I to/T invest/V during/I a/D recession/N ./.
_OOV_/N tactics/N are/V called/V for/I ,/, as/I losing/V money/N becomes/V easier/P and/I making/V money/N becomes/V tougher/V ./.
For/I those/J investors/N who/T believe/V --/P or/N fear/N --/P that/I 1990/N will/T be/V a/D recession/N year/N ,/, many/D economists/N and/C money/N managers/N agree/V on/D steps/N that/I can/R be/V taken/V to/T lower/D the/D risks/N in/I a/D portfolio/N ./.
In/I a/D nutshell/N ,/, pros/N advise/V investors/N who/T expect/V a/D slowdown/N to/T hold/V fewer/D stocks/N than/I usual/D and/I to/T favor/J shares/N of/I big/J companies/N in/I ``/N defensive/N ''/N industries/N ./.
A/D heavy/J dose/N of/I cash/N is/V prescribed/V ,/, along/I with/I a/D _OOV_/N allotment/N to/T bonds/N --/P preferably/V government/N bonds/N ./.
It/P 's/V tempting/V to/T think/V these/D defensive/N steps/N can/T be/V delayed/V until/V a/D recession/N is/V clearly/R at/I hand/N ./.
But/I that/D may/T not/R be/V possible/J ,/, because/I recessions/N often/I take/V investors/N by/I surprise/N ./.
``/N They/P always/V seem/V to/T come/V a/D bit/N later/I than/I you/P expect/V ./.
When/T they/P do/V hit/N ,/, they/P hit/V fast/N ,/, ''/N says/V David/N A./N _OOV_/N ,/, chief/J financial/J economist/N at/I the/D Data/N Resources/N division/N of/I McGraw-Hill/N Inc/N ./.
Though/V he/P himself/V does/V n't/R expect/V a/D recession/N soon/P ,/, Mr./N _OOV_/N advises/N people/N who/P do/V that/D ``/N the/I best/P thing/N to/T be/V in/I is/V long/D that/I is/V ,/, _OOV_/N to/T 30-year/N Treasury/N bonds/N ./, ''/N
The/D reason/N is/V simple/J ,/, Mr./N _OOV_/N says/V :/P ``/N Interest/N rates/N almost/I always/P decline/N during/I recession/N ./, ''/N
As/N surely/V as/I a/D _OOV_/N tilts/N ,/, falling/V interest/N rates/N force/N up/R the/D price/N of/I previously/D issued/V bonds/N ./.
They/P are/V worth/V more/J because/I they/P pay/V higher/D interest/N than/I newly/T issued/V bonds/N do/V ./.
That/D effect/N holds/V true/J for/I both/J short-term/N and/C long-term/N bonds/N ./.
But/I short-term/N bonds/N ca/V n't/R rise/N too/N much/R ,/, because/V everyone/J knows/V they/P will/R be/V redeemed/V at/I a/D preset/N price/N fairly/N soon/R ./.
_OOV_/N bonds/N ,/, with/I many/J years/N left/V before/I maturity/D ,/, swing/N more/R widely/R in/I price/N ./.
But/I not/R just/R any/D bonds/N will/R do/V ./.
Corporate/N bonds/N ``/N are/V usually/D not/R a/D good/J bet/N in/I a/D recession/N ,/, ''/N Mr./N _OOV_/N says/V ./.
As/J times/N get/V tougher/N ,/, investors/N fret/N about/I whether/J companies/N will/R have/V enough/N money/N to/T pay/V their/P debts/N ./.
This/D hurts/N the/D price/N of/I corporate/N bonds/N ./.
Also/R ,/, he/P notes/N ,/, ``/N most/J corporate/J bonds/N are/V _OOV_/N ./, ''/N
That/D means/N that/I a/D corporation/N ,/, after/I a/D specified/J amount/N of/I time/N has/V passed/V ,/, can/R buy/V back/R its/D bonds/N by/I paying/V investors/N the/D face/N value/N -LRB-/N plus/N ,/, in/I some/D cases/N ,/, a/D sweetener/N -RRB-/N ./.
When/T interest/N rates/N have/V dropped/V ,/, it/P makes/V sense/N for/I corporations/N to/T do/V just/R that/D ;/R they/P then/I save/V on/D interest/N costs/N ./.
But/I the/D investors/N are/V left/V stranded/V with/I money/N to/T _OOV_/N at/I a/D time/N when/I interest/N rates/N are/V _OOV_/N ./.
If/J corporate/J bonds/N are/V bad/J in/I recessions/N ,/, junk/N bonds/N are/V likely/V to/T be/V the/D worst/V of/I all/R ./.
It/P 's/P an/D ``/N absolute/I necessity/N ''/N to/T get/V out/I of/I junk/N bonds/N when/I a/D recession/N is/V in/I the/D _OOV_/N ,/, says/V _OOV_/N _OOV_/N ,/, professor/N of/I finance/N at/I Cornell/C University/N ./.
``/N Such/N bonds/N are/V very/V sensitive/D to/T the/D downside/N ,/, and/I this/D could/R be/V a/D disaster/N ./, ''/N
Municipal/N bonds/N are/V generally/D a/D bit/N safer/J than/I corporate/J bonds/N in/I a/D recession/N ,/, but/R not/R as/I safe/J as/D bonds/N issued/V by/I the/D federal/J government/N ./.
During/V an/D economic/N slump/N ,/, local/J tax/N revenues/N often/I go/V down/I ,/, raising/V the/D risks/N associated/V with/I at/I least/V some/I _OOV_/N ./.
And/C ,/, like/I corporates/N ,/, many/J municipal/J bonds/N are/V _OOV_/N ./.
But/I a/D few/R experts/N ,/, going/V against/I the/D consensus/N ,/, do/V n't/R think/V bonds/N would/T help/V investors/N even/V if/I a/D recession/N is/V in/I the/D _OOV_/N ./.
One/C of/I these/D is/V Jeffrey/N L./N Beach/N ,/, director/N of/I research/N for/I _OOV_/N _OOV_/N &/N Co./N ,/, a/D brokerage/N house/N in/I Houston/N ,/, who/T thinks/V that/D ``/N we/P 're/V either/R in/I a/D recession/N or/V about/I to/T go/V into/I one/C ./, ''/N
What/D 's/P more/R ,/, he/P thinks/V this/D could/R be/V a/D _OOV_/N recession/N than/I usual/D :/P ``/N Once/I the/D downturn/N comes/V ,/, it/P 's/P going/V to/T be/V very/V hard/R to/T reverse/N ./, ''/N
Investors/N ,/, he/P advises/N ,/, ``/N should/T be/V cautious/N ,/, ''/N holding/V fewer/D stocks/N than/I usual/D and/I also/R shunning/N bonds/N ./.
Because/V he/P sees/V ``/N 5/N %/N to/T 6/N %/N base/N rate/N of/I inflation/N in/I the/D economy/N ,/, ''/N he/P doubts/N that/I interest/N rates/N will/T fall/V much/R any/D time/N soon/P ./.
Instead/N ,/, Mr./N Beach/N says/V ,/, investors/N ``/N probably/V should/T be/V carrying/V a/D very/V high/J level/N of/I cash/N ,/, ''/N by/I which/D he/P means/N such/J so-called/N cash/N equivalents/N as/I _OOV_/N funds/N and/C Treasury/N bills/N ./.
_OOV_/N _OOV_/N ,/, president/N of/I _OOV_/N Financial/N Inc./N in/I _OOV_/N ,/, Pa./N ,/, also/P recommends/V that/D investors/N go/V heavily/R for/I cash/N ./.
He/P is/V n't/R sure/R a/D recession/N is/V coming/V ,/, but/R says/V the/D other/J likely/V alternative/V --/P _OOV_/N inflation/N --/P is/V just/R as/I bad/J ./.
``/N This/D late/N in/I an/D expansion/N ,/, ''/N the/D economy/N tends/V to/T veer/N off/I either/R into/I damaging/V inflation/N or/V into/I a/D recession/N ,/, Mr./N _OOV_/N says/V ./.
The/D Federal/N Reserve/N Board/N 's/P plan/N for/I a/D ``/N soft/J landing/N ,/, ''/N he/P says/V ,/, requires/V the/D Fed/N to/T navigate/N ``/N an/I _OOV_/N corridor/N ./, ''/N
A/D soft/J landing/N is/V n't/R something/N that/I can/R be/V achieved/V once/I and/C for/I all/R ,/, Mr./N _OOV_/N adds/V ./.
It/P has/V to/T be/V engineered/V over/I and/C over/I again/R ,/, month/N after/I month/N ./.
He/P believes/V that/D the/D task/N facing/V Fed/N Chairman/N Alan/N Greenspan/N is/V so/R difficult/J that/D it/P resembles/V ``/N juggling/N a/D _OOV_/N ax/N and/I a/D buzz/N saw/V ./, ''/N
And/C ,/, in/I a/D sense/N ,/, that/D 's/P the/D kind/N of/I task/N individuals/N face/N in/I deciding/V what/R to/T do/V about/I stocks/N --/P the/D mainstay/N of/I most/V serious/J investors/N '/P portfolios/N ./.
It/P comes/V down/I to/T a/D question/N of/I whether/V to/T try/V to/T ``/N time/N ''/N the/D market/N ./.
For/C people/N who/P can/R ride/N out/I market/N waves/N through/I good/J times/N and/C bad/I ,/, stocks/N have/V been/V rewarding/J long-term/N investments/N ./.
Most/D studies/N show/N that/I _OOV_/N investors/N historically/N have/V earned/V an/D annual/N return/V from/I stocks/N of/I 9/N %/N to/T 10/N %/N ,/, including/V both/D dividends/N and/C price/N appreciation/N ./.
That/D 's/P well/R above/I what/J bonds/N or/I bank/N certificates/N have/V paid/V ./.
Moreover/N ,/, because/I no/D one/C knows/V for/I sure/R just/R when/I a/D recession/N is/V coming/V ,/, some/D analysts/N think/V investors/N should/T n't/R even/R worry/V too/R much/R about/I timing/N ./.
``/N _OOV_/N to/T time/V the/D economy/N is/V a/D mistake/N ,/, ''/N says/V David/N Katz/N ,/, chief/J investment/N officer/N of/I Value/N Matrix/N Management/N Inc./N in/I New/N York/N ./.
Mr./N Katz/N notes/N that/I some/D economists/N have/V been/V predicting/V a/D recession/N for/I at/I least/V two/C years/N ./.
Investors/N who/T listened/V ,/, and/C lightened/V up/R on/D stocks/N ,/, ``/N have/V just/R hurt/V themselves/T ,/, ''/N he/P says/V ./.
Mr./N Katz/N adds/V that/D people/N who/T jump/N in/I and/C out/I of/I the/D stock/N market/N need/V to/T be/V right/N about/I 70/N %/N of/I the/D time/N to/T beat/V a/D _OOV_/N strategy/N ./.
_OOV_/N trading/N runs/N up/R high/J commission/N costs/N ./.
And/P the/D _OOV_/N might/V miss/V the/D sudden/J _OOV_/N that/I account/N for/I much/R of/I the/D stock/N market/N 's/P gains/N over/I time/N ./.
Still/N ,/, few/J investors/N are/V able/V to/T sit/V tight/J when/V they/P are/V convinced/V a/D recession/N is/V coming/V ./.
After/I all/R ,/, in/I all/R five/N recessions/N since/V _OOV_/N ,/, stocks/N declined/N ./.
According/N to/T _OOV_/N Davis/N ,/, president/N of/I _OOV_/N Davis/N Research/N Inc./N in/I _OOV_/N ,/, _OOV_/N ,/, the/D average/N drop/V in/I the/D Dow/N Jones/N Industrial/N Average/N was/V about/I 21/N %/N ,/, and/I the/D decrease/N began/V an/D average/N of/I six/N months/N before/I a/D recession/N officially/N started/V ./.
By/I the/D time/N a/D recession/N is/V ``/N official/N ''/N -LRB-/N two/N consecutive/N quarters/N of/I declining/N gross/N national/N product/N -RRB-/N ,/, much/R of/I the/D damage/N to/T stocks/N has/V already/R been/V _OOV_/N ,/, in/I the/D typical/J case/N ,/, the/D recession/N is/V already/R half/R over/I ./.
About/N six/C months/N before/I a/D recession/N ends/N ,/, stocks/N typically/I begin/V to/T rise/N again/N ,/, as/I investors/N anticipate/V a/D recovery/N ./.
The/D average/N recession/N lasts/V about/I a/D year/N ./.
Unfortunately/C ,/, though/R ,/, recessions/N vary/V enough/N in/I length/N so/V that/D the/D average/N ca/V n't/R reliably/V be/V used/V to/T guide/N investors/N in/I timing/N stock/N sales/N or/I purchases/N ./.
But/I whatever/R their/P advice/N about/I timing/N ,/, none/R of/I these/D experts/N recommend/V _OOV_/N stocks/N entirely/N during/I a/D recession/N ./.
For/I the/D portion/N of/I an/D investor/N 's/P portfolio/N that/I stays/V in/I stocks/N ,/, professionals/N have/V a/D number/N of/I suggestions/N ./.
Mr./N Katz/N advocates/N issues/N with/I low/J _OOV_/N ratios/N --/, that/I is/V ,/, low/J prices/N in/I relation/N to/T the/D company/N 's/P earnings/N per/I share/N ./.
``/N _OOV_/N _OOV_/N ''/N stocks/N ,/, he/P says/V ,/, vastly/V outperform/V others/N ``/N during/I a/D recession/N or/I bear/N market/N ./, ''/N
In/I good/J times/N ,/, he/P says/V ,/, they/P lag/V a/D bit/N ,/, but/R overall/J they/P provide/V superior/D performance/N ./.
Prof./N _OOV_/N urges/N investors/N to/T discard/V stocks/N in/I small/J companies/N ./.
_OOV_/N shares/N typically/I fall/V more/J than/I _OOV_/C stocks/N in/I a/D recession/N ,/, he/P says/V ./.
And/C in/I any/J case/N ,/, he/P argues/N ,/, stocks/N of/I small/J companies/N are/V ``/N almost/I as/I overpriced/N as/I they/P were/V Sept./N 30/N ,/, 1987/N ,/, just/R before/I the/D crash/N ./, ''/N
For/D example/N ,/, Mr./N _OOV_/N says/V ,/, stocks/N of/I small/J companies/N are/V selling/N for/I about/I 19/N times/N cash/N flow/N ./.
_OOV_/N flow/N ,/, basically/D earnings/N plus/N depreciation/N ,/, is/V one/N common/J gauge/R of/I a/D company/N 's/P financial/J health/N ./. -RRB-/N
That/D ratio/N is/V dangerously/V close/J to/T the/D ratio/N of/I _OOV_/N that/I prevailed/V before/I the/D 1987/N _OOV_/N crash/N ,/, Mr./N _OOV_/N says/V ./.
And/P it/P 's/P way/N above/I the/D ratio/N -LRB-/N _OOV_/N times/N cash/N flow/N -RRB-/N that/I bigger/J companies/N are/V selling/N for/I ./.
Another/D major/J trick/N in/I making/V a/D portfolio/N _OOV_/N is/V choosing/V stocks/N in/I ``/N defensive/N ''/N industries/N ./.
Food/N ,/, tobacco/N ,/, drugs/N and/C utilities/N are/V the/D classic/J examples/N ./.
Recession/N or/I not/R ,/, people/N still/R eat/N ,/, smoke/N ,/, and/C take/V medicine/N when/I they/P 're/N sick/N ./.
George/N _OOV_/N III/N ,/, editor/N of/I _OOV_/N Letter/N in/I Boston/N ,/, offers/N one/N final/J tip/N for/I _OOV_/N investors/N ./.
``/N Keep/N some/I money/N available/V for/I opportunities/N ,/, ''/N he/P says/V ./.
``/N If/V the/D recession/N does/J hit/N ,/, there/V will/R be/V some/R great/J investment/N opportunities/N just/V when/I things/N seem/V the/D blackest/N ./, ''/N
Mr./N Dorfman/N covers/V investing/N issues/N from/I The/D Wall/N Street/N Journal/N 's/P New/N York/N bureau/N ./.
Some/J industry/N groups/N consistently/N weather/N the/I storm/N better/J than/I others/N ./.
The/D following/D shows/V the/D number/N of/I times/N these/I industries/N outperformed/V the/D Standard/N &/N Poor/N 's/P _OOV_/N Index/N during/I the/D first/I six/N months/N of/I the/D past/N seven/C recessions/N ./.
Bond/N prices/N posted/V strong/J gains/N as/I investors/N went/V on/I a/D bargain/N hunt/N ./.
But/C while/I the/D overall/J market/N improved/V ,/, the/D _OOV_/N junk-bond/N market/N continued/V to/T count/N casualties/N ,/, even/I as/I junk-bond/N prices/N rose/V ./.
Yesterday/N ,/, Prudential-Bache/N Securities/N Inc./N said/V it/P postponed/V a/D $/N _OOV_/C million/C senior/N subordinated/V _OOV_/N offering/N by/I York/N International/N Corp/N ./.
And/P Donaldson/N ,/, Lufkin/N &/N Jenrette/N Securities/N Corp./N scrambled/V to/T restructure/N and/C improve/V the/D potential/N returns/V on/I a/D $/N _OOV_/C million/C _OOV_/N offering/N by/I Chicago/N &/N North/N Western/N Acquisition/N Corp./N that/I was/V still/R being/R negotiated/V late/V last/J night/N ./.
The/D issue/N by/I Chicago/N &/N North/N Western/N is/V one/N of/I the/D so-called/N good/J junk-bond/N offerings/N on/I the/D _OOV_/N calendar/N ./.
Some/J analysts/N said/V the/D restructuring/N of/I the/D railroad/N concern/N 's/P issue/N shows/V how/R tough/J it/P is/V for/I underwriters/N to/T sell/V even/R the/D junk/N bonds/N of/I a/D company/N considered/V to/T be/V a/D relatively/V good/J credit/N risk/N ./.
Since/I last/J week/N 's/P junk-bond/N market/N debacle/N ,/, many/R new/J issues/N of/I high-yield/N ,/, high-risk/N corporate/N bonds/N have/V either/R been/V scaled/V back/R ,/, delayed/V or/V dropped/V ./.
On/C Wednesday/N ,/, Drexel/N Burnham/N Lambert/N Inc./N had/V to/T slash/C the/D size/N of/I Continental/N Airlines/N '/P junk-bond/N offering/V to/T $/N 71/C million/C from/I $/N 150/C million/C ./.
Salomon/N Brothers/N Inc./N has/V delayed/V Grand/N Union/N Co./N 's/P $/N _OOV_/C billion/N junk-bond/N offering/N while/I it/P _OOV_/N the/D transaction/N ./.
Last/J week/N ,/, the/D Grand/N Union/N offering/V was/V sweetened/N to/T include/V warrants/N that/I allow/V _OOV_/N to/T acquire/V common/D stock/N ./.
Prudential-Bache/N said/V the/D York/N issue/N was/V delayed/V because/V of/I market/N conditions/N ./.
``/N Everything/N is/V going/V through/I _OOV_/C right/N now/R ,/, and/C -LCB-/N Chicago/N &/N North/N Western/N -RCB-/N is/V no/D exception/N ,/, ''/N said/V _OOV_/N _OOV_/N ,/, vice/N president/N ,/, high-yield/N research/N ,/, at/I _OOV_/N ./.
_OOV_/N managers/N say/V sweeteners/N like/I equity/N kickers/N and/C stricter/J protective/J covenants/N may/V increasingly/R be/V required/V to/T sell/V junk-bond/N deals/N ./.
Dan/N _OOV_/N ,/, managing/N director/N of/I high-yield/N investments/N at/I Chancellor/N Capital/N Management/N ,/, said/V the/D Chicago/N &/N North/N Western/N offering/V was/V restructured/N in/I part/N because/I ``/N several/I large/J insurance/N buyers/N right/N now/R are/V demanding/V equity/N as/I part/N of/I the/D package/N ./.
If/V you/P 're/V going/V to/T take/V the/D risk/N in/I this/D market/N ,/, you/P want/V something/N extra/N ./, ''/N
Mr./N _OOV_/N likes/V the/D offering/N ./.
But/I several/D mutual-fund/N managers/N ,/, nervous/V about/I the/D deteriorating/J quality/N of/I their/P junk-bond/N portfolios/N and/C shy/V about/I buying/N new/I issues/N ,/, said/V they/P 're/V staying/V away/R from/I any/D junk/N security/N that/I is/V n't/R considered/V first/I rate/N for/I its/D class/N ./.
While/N they/P consider/V the/D Chicago/N &/N North/N Western/N issue/N to/T be/V good/J ,/, they/P do/V n't/R view/N it/P as/I the/D best/R ./.
To/N lure/V buyers/N to/T the/D Chicago/N &/N North/N Western/N bonds/N ,/, portfolio/N managers/N said/V Donaldson/N Lufkin/N sweetened/N the/D transaction/N by/I offering/V the/D bonds/N with/I a/D _OOV_/N interest/N rate/N and/I a/D 10/N %/N equity/N kicker/N ./.
The/D bonds/N are/V expected/V to/T have/V a/D 14/N %/N coupon/N rate/N ./.
The/D equity/N arrangement/N apparently/V would/T allow/V _OOV_/N to/T buy/V a/D total/N of/I 10/N %/N of/I the/D stock/N of/I _OOV_/N Corp./N ,/, Chicago/N &/N North/N Western/N 's/P parent/N company/N ./.
Donaldson/N Lufkin/N declined/V to/T comment/N on/I the/D restructuring/N ./.
According/N to/T some/D analysts/N familiar/N with/I the/D negotiations/N ,/, the/D 10/N %/N of/I equity/N would/T come/V directly/C from/I Donaldson/N Lufkin/N and/I a/D fund/N affiliated/N with/I the/D investment/N bank/N _OOV_/N Group/N ,/, which/R would/V reduce/V their/P _OOV_/N equity/N holdings/N by/I 5/N %/N each/I ./.
That/D would/T leave/V the/D _OOV_/N fund/N with/I a/D 60/N %/N stake/N and/C Donaldson/N Lufkin/N with/I 15/N %/N ./.
Despite/N the/D problems/N with/I new/D issues/N ,/, high-yield/N bonds/N showed/V gains/N in/I the/D secondary/N ,/, or/J resell/N ,/, market/N ./.
_OOV_/N bonds/N ended/V about/I one-half/N point/V higher/I with/I so-called/N high-quality/N issues/N from/I RJR/N Capital/N Holdings/N Corp./N and/C _OOV_/N Gas/N Service/N Limited/N _OOV_/N rising/V one/N point/N ./.
In/I the/D Treasury/N market/N ,/, the/D benchmark/N 30-year/N bond/N rose/V _OOV_/N point/N ,/, or/I $/N 8.75/C for/I each/D $/N 1,000/N face/N amount/N ./.
The/D gain/V reflects/V fresh/N economic/N evidence/N that/I inflation/N is/V moderating/N while/I the/D economy/N slows/V ./.
That/D raised/V hopes/N that/I interest/N rates/N will/T continue/V to/T move/V lower/D ./.
The/D Labor/N Department/N reported/V that/D consumer/N prices/N rose/V just/R 0.2/N %/N last/I month/N ,/, slightly/N lower/D than/I some/D economists/N had/V expected/V ./.
But/I there/V were/V also/R rumors/V yesterday/N that/I several/D Japanese/N institutional/J investors/N were/V shifting/V their/P portfolios/N and/C buying/N long-term/N bonds/N while/I selling/N _OOV_/N Treasurys/N ./.
Short-term/N Treasury/N securities/N ended/V narrowly/N mixed/V ,/, with/I two-year/J notes/N posting/V slight/D declines/N while/I three-year/N notes/N were/V slightly/N higher/I ./.
Yesterday/N ,/, the/D Fed/N executed/V four-day/N matched/V sales/N ,/, a/D technical/J trading/N operation/N designed/V to/T drain/N reserves/N from/I the/D banking/N system/N ./.
The/D move/V was/V interpreted/V by/I some/D economists/N as/I a/D sign/N that/I the/D Fed/N does/V n't/R want/V the/D federal/J funds/N rate/N to/T move/V any/I lower/J than/I the/D 8/N %/N at/I which/D it/P has/V been/V hovering/V around/I during/I the/D past/J week/N ./.
The/D closely/P watched/V funds/N rate/N is/V what/J banks/N charge/N each/I other/J on/I overnight/N loans/N ./.
It/P is/V considered/V an/D early/J signal/N of/I Fed/N credit/N policy/N changes/N ./.
``/N The/D fact/N that/I they/P did/V four-day/N matched/V sales/N means/N they/P are/V not/R in/I a/D mood/N to/T ease/N aggressively/N ./.
They/P are/V telling/V us/N that/I -LCB-/N 8/N %/N -RCB-/N is/V as/I low/J as/I they/P want/V to/T see/V the/D fed/V funds/N rate/N ,/, ''/N said/V Robert/N _OOV_/N at/I _OOV_/N Bank/N PLC/N ./.
The/D benchmark/N 30-year/N bond/N was/V quoted/V late/N at/I a/D price/N of/I 101/N to/T yield/V _OOV_/N %/N ,/, compared/V with/I 100/N to/T yield/V _OOV_/N %/N Wednesday/N ./.
The/D latest/J 10-year/N notes/N were/V quoted/V late/N at/I 100/N to/T yield/V _OOV_/N %/N ,/, compared/V with/I 99/N to/T yield/V _OOV_/N %/N ./.
Short-term/C rates/N rose/V yesterday/N ./.
The/D discount/N rate/N on/I three-month/N Treasury/N bills/N rose/V to/T _OOV_/N %/N from/I _OOV_/N %/N Wednesday/N ,/, while/I the/D rate/N on/I six-month/N bills/N rose/V to/T _OOV_/N %/N from/I _OOV_/C %/N ./.
Meanwhile/N ,/, the/D Treasury/N sold/V $/N _OOV_/C billion/N of/I _OOV_/N bills/N yesterday/N ./.
The/D average/N yield/V on/I the/D bills/N was/V _OOV_/N %/N ,/, down/I from/I _OOV_/C %/N at/I the/D previous/J _OOV_/N bill/N auction/N Sept./N 21/N ./.
Yesterday/J 's/P yield/V was/V the/D lowest/J since/V _OOV_/N %/N on/I July/N 27/N ./.
Here/R are/V details/N of/I the/D auction/N :/.
Rates/N are/V determined/V by/I the/D difference/N between/I the/D purchase/N price/N and/C face/N value/N ./.
Thus/N ,/, higher/J bidding/N narrows/N the/D investor/N 's/P return/V while/I lower/D bidding/N widens/V it/P ./.
The/D percentage/N rates/N are/V calculated/V on/I a/D 360-day/N year/N ,/, while/I the/D coupon-equivalent/N yield/V is/V based/V on/I a/D 365-day/N year/N ./.
_OOV_/N bond/N price/N climbed/V yesterday/N despite/V skittishness/N in/I the/D _OOV_/N market/N for/I high-yield/N securities/N ./.
Dealers/N said/V junk/V bond/N issues/N on/I average/N were/V up/R by/I to/T point/V with/I so-called/N quality/N issues/N from/I RJR/N Capital/N Holdings/N Corp./N and/C _OOV_/N Gas/N Service/N Limited/N _OOV_/N posting/V _OOV_/N gains/N ./.
_OOV_/N Gas/N Service/N 's/P 13/N %/N debentures/N traded/V at/I 102/N ,/, after/I trading/N around/I par/N earlier/J this/D week/N ,/, and/C RJR/N 's/P 13/N %/N subordinated/V debentures/N of/I 2001/N were/V at/I 101/N after/I trading/N at/I below/D par/N earlier/J this/D week/N ./.
Investment-grade/N bonds/N were/V unchanged/D ./.
Activity/N was/V brisk/N in/I the/D _OOV_/N general/N obligation/N market/N ,/, as/I a/D series/N of/I sell/V lists/N hit/V the/D Street/N and/C capped/V upward/N price/N movement/N in/I the/D sector/N ./.
Traders/N estimated/N that/I more/J than/I $/N 140/C million/C of/I _OOV_/N bonds/N was/V put/V up/R for/I sale/N via/N _OOV_/C lists/N circulated/V by/I a/D handful/V of/I major/J brokers/N ./.
There/I was/V speculation/N that/I the/D supply/N was/V coming/V from/I a/D commercial/N bank/N 's/P portfolios/N ./.
According/N to/T market/N participants/N ,/, the/D bonds/N were/V met/V with/I decent/J bids/N ,/, but/R the/D volume/N of/I paper/N left/V high/J grades/N in/I the/D 10-year/N and/C under/I maturity/D range/N unchanged/V to/T _OOV_/C percentage/N point/V higher/I in/I yield/V ./.
_OOV_/N from/I the/D general/J obligation/N sector/N ,/, activity/N was/V modest/J ./.
Long/N dollar/N bonds/N were/V flat/N to/T up/R point/V ./.
New/N Jersey/N _OOV_/N Authority/N 's/P 7.20/N %/N issue/N of/I _OOV_/N was/V up/R at/I 98/C bid/N to/T yield/V about/I 7.32/N %/N ,/, down/I _OOV_/C percentage/N point/N ./.
The/D debt/N of/I some/D California/N issuers/N pulled/V off/I lows/V reached/V after/I Tuesday/N 's/P massive/I earthquake/N ,/, although/V traders/N said/V market/N participants/N remained/V cautious/N ./.
California/N expects/V to/T rely/V on/I federal/J emergency/N funds/N and/C its/D $/N _OOV_/C billion/N in/I general/J fund/N reserves/N to/T meet/V the/D estimated/N $/N 500/C million/C to/T $/N 1/C billion/N in/I damages/N resulting/V from/I the/D quake/J ,/, according/V to/T a/D state/N official/N ./.
It/P 's/P also/R unclear/V precisely/V how/R the/D state/N will/T rebuild/V its/D reserve/N ,/, said/V _OOV_/N Katz/N ,/, assistant/N director/N of/I California/N 's/P department/N of/I finance/N ,/, although/V she/P noted/V that/D a/D bond/N offering/N for/I that/D purpose/N is/V n't/R anticipated/V ./.
Meanwhile/N ,/, new/I issuance/N was/V slow/V ./.
The/D largest/N sale/N in/I the/D competitive/J arena/N was/V a/D $/N _OOV_/C million/C issue/N of/I school/N financing/N bonds/N from/I the/D _OOV_/N Public/N School/N Authority/N ./.
A/D balance/N of/I $/N _OOV_/C million/C remained/V in/I late/N _OOV_/N ,/, according/V to/T the/D lead/V manager/N ./.
Mortgage/N securities/N generally/I ended/V to/T point/V higher/I ,/, but/R lagged/V gains/N in/I the/D Treasury/N market/N because/I of/I a/D shift/N in/I the/D shape/N of/I the/D Treasury/N yield/V curve/N and/C rumored/V mortgage/N sales/N by/I thrifts/N ./.
Premium/N Government/N National/N Mortgage/N Association/N securities/N with/I coupon/N rates/N of/I 13/N %/N and/C higher/I actually/I declined/V amid/J concerns/N about/I increased/J prepayments/N because/I of/I a/D plan/N being/N considered/V by/I Congress/N to/T speed/N the/D refinancing/N of/I _OOV_/N mortgages/N ./.
Ginnie/N Mae/N 13/N %/N securities/N were/V down/I about/I at/I _OOV_/N ./.
If/V the/D refinancing/N plan/N clears/V Congress/N ,/, there/V could/I be/V fairly/V heavy/J prepayments/N on/I the/D premium/N securities/N ,/, hurting/V any/D investor/N paying/V much/R above/D par/N for/I them/P ./.
In/I the/D _OOV_/N sector/N ,/, a/D shift/N in/I the/D Treasury/N yield/V curve/N resulting/V from/I the/D better/J performance/N of/I _OOV_/N issues/N over/I _OOV_/N securities/N hurt/V major/J coupons/N because/I it/P will/R become/V more/R difficult/J to/T structure/N new/I derivative/N securities/N offerings/N ./.
Ginnie/N Mae/N 9/N %/N securities/N ended/V at/I 98/N ,/, up/R 9/N ,/, 9/N %/N
%/N to/T a/D 12-year/N average/N life/N assumption/N ,/, as/I the/D spread/V above/D the/D Treasury/N 10-year/N note/N widened/N _OOV_/C percentage/N point/V to/T _OOV_/N ./.
While/N Remic/C issuance/N may/V slow/V in/I the/D coming/V days/N because/I of/I the/D shift/N in/I the/D Treasury/N yield/V curve/N ,/, underwriters/N continued/V to/T crank/N out/I new/I real/J estate/N mortgage/N investment/N conduits/N structured/V when/V the/D yield/V curve/N was/V more/R favorable/J ./.
Two/N new/I _OOV_/N totaling/N $/N 900/C million/C were/V announced/V by/I Freddie/N Mac/N yesterday/N ./.
British/N government/N bonds/N ended/V little/J changed/V as/I investors/N awaited/V an/I economic/N policy/N address/N last/I night/N by/I Chancellor/N of/I the/D _OOV_/N Nigel/N _OOV_/N ./.
The/D Treasury/N 11/N %/N bond/N due/V was/V down/I at/I 111/N to/T yield/V _OOV_/N %/N ,/, while/I the/D 11/N %/N notes/N due/V 1991/N were/V unchanged/D at/I 98/N to/T yield/V _OOV_/N %/N ./.
In/D Japan/N ,/, the/D bellwether/N No./N 111/N 4.6/N %/N bond/N of/I 1998/N ended/V off/I _OOV_/N at/I _OOV_/N ,/, to/T yield/V _OOV_/N %/N ,/, and/C in/I West/N Germany/N ,/, the/D 7/N %/N benchmark/N issue/N due/V October/N 1999/N ended/V _OOV_/N point/V lower/D at/I _OOV_/N to/T yield/V _OOV_/N %/N ./.
