``/N We/, 're/, strongly/N recommending/N that/N anyone/N who/V has/V eaten/N in/I the/I cafeteria/N this/V month/N have/N the/I shot/N ,/, ''/N Mr./N _OOV_/N added/N ,/, ``/N and/N that/V means/N virtually/N everyone/V who/V works/N here/N ./.
I/, was/I appalled/N to/V read/V the/I _OOV_/N of/I facts/N in/N your/, Oct./N 13/N editorial/N ``/N _OOV_/N 's/, _OOV_/N _OOV_/N ./, ''/N
It/, is/V the/I _OOV_/N guerrillas/N who/N are/N aligned/N with/I the/I drug/N traffickers/N ,/, not/V the/I left/V wing/N ./.
This/N information/N was/N gleaned/N from/I your/, own/V news/N stories/N on/N the/I region/N ./.
Past/N _OOV_/N government/N tolerance/N of/I the/I ``/N _OOV_/N ''/N was/I due/N to/N the/I drug/N lords/N '/N history/N of/I wiping/N out/V leftists/N in/I the/I hinterlands/N ./.
Mary/N _OOV_/N Palo/N Alto/N ,/, Calif/N ./.
I/, suggest/V that/V The/I Wall/N Street/N Journal/N -LRB-/N as/N well/N as/N other/N U.S./N news/N publications/N of/I like/N mind/N -RRB-/N should/N put/V its/I money/N where/V its/I mouth/V is/V :/N _OOV_/N computer/N equipment/N to/N replace/N that/N damaged/V at/N El/N _OOV_/N ,/, buy/N ad/N space/N ,/, publish/N stories/N under/N the/I _OOV_/N of/I El/N _OOV_/N journalists/N ./.
Perhaps/, an/V arrangement/I could/V be/V worked/N out/V to/N ``/N sponsor/N ''/N El/N _OOV_/N journalists/N and/I staff/N by/N paying/N for/N added/N security/N in/I exchange/N for/N exclusive/N stories/N ./.
_OOV_/N El/N _OOV_/N 's/, courage/V with/V real/I support/N ./.
Douglas/N B./N Evans/N
_OOV_/N Co/N ./, -LRB-/N Atlanta/N -RRB-/N --/N _OOV_/N _OOV_/N and/I George/N _OOV_/N were/N elected/N vice/N presidents/N of/I this/I _OOV_/N company/N ./.
Mr./N _OOV_/N ,/, 46/N years/N old/I ,/, is/V the/I company/N 's/, director/N of/N quality/N assurance/N ;/, most/N recently/N ,/, he/D served/N as/N vice/N president/N ,/, operations/N ,/, for/I Coca-Cola/N _OOV_/N ./.
Mr./N _OOV_/N ,/, 48/N ,/, is/V manager/N for/I corporate/N manufacturing/N operations/N ;/, he/V was/I assistant/N vice/N president/N at/N the/I company/N ./.
In/, the/I wake/N of/I a/I slide/I in/I sterling/N ,/, a/I tailspin/N in/N the/I stock/N market/N ,/, and/V a/I string/N of/I problematic/N economic/N indicators/N ,/, British/N Chancellor/N of/I the/I _OOV_/N Nigel/N _OOV_/N promised/V gradual/I improvement/N in/N the/I U.K./N economy/N ./.
In/, a/I speech/V prepared/N for/I delivery/N to/N London/N 's/, financial/N community/N ,/, Mr./N _OOV_/N summed/N up/V current/N economic/N policy/N as/N a/I battle/N to/N _OOV_/N inflation/N out/V of/I the/I British/N economy/N ,/, using/V high/N interest/N rates/N as/I ``/N the/I essential/N instrument/I ''/N to/V carry/V out/V the/I campaign/N ./.
Two/N weeks/N after/N boosting/N base/N rates/N to/N 15/N %/N ,/, he/D pledged/N that/N ``/N rates/N will/N have/N to/V remain/N high/N for/N some/N time/V to/N come/V ./, ''/N
Mr./N _OOV_/N also/N made/V it/V clear/V that/V he/V would/V be/V watching/V exchange/N rates/N carefully/N ./.
A/N sinking/N pound/N makes/N imports/N more/N expensive/N and/N increases/N businesses/N '/N expectations/V of/I future/I inflation/N ,/, he/V argued/N ./.
In/, an/V apparent/D warning/N to/N currency/N traders/N who/N have/N lately/V been/N selling/N the/I British/N currency/N ,/, he/V stated/V that/V the/I exchange/N rates/N will/N have/V a/I ``/N major/N role/N in/N the/I assessment/N of/I monetary/N conditions/N ./, ''/N
In/, reaffirming/N the/I current/N monetary/N policy/N of/I using/N high/N interest/N rates/N to/N fight/V inflation/N and/N shore/N up/V the/I pound/N ,/, Mr./N _OOV_/N dismissed/N other/N approaches/N to/N managing/N the/I economy/N ./.
He/, said/V he/V monitors/N the/I _OOV_/N figures/N ,/, but/V does/V n't/, give/V them/V paramount/V importance/N ,/, as/V some/N private/N and/N government/N economists/N have/N suggested/V ./.
Mr./N _OOV_/N also/I dismissed/N the/I possibility/V of/I imposing/N direct/I credit/N controls/N on/N Britain/N 's/, financial/N system/N ./.
Mr./N _OOV_/N 's/, speech/V ,/, delivered/N at/N the/I Lord/N Mayor/N of/I London/N 's/, annual/N dinner/N at/N _OOV_/N House/N ,/, came/I on/N the/I heels/N of/I a/I grueling/N period/I for/N the/I U.K./N economy/N ./.
Two/N weeks/N ago/N ,/, in/I a/I campaign/N to/N blunt/V inflation/N at/N home/N and/I arrest/N a/D world-wide/N plunge/N in/I the/I pound/N ,/, he/V raised/V base/N rates/N a/I full/I percentage/N point/N to/N 15/N %/N ./.
Despite/N the/I increase/N ,/, the/I British/N currency/N slid/N below/N a/V perceived/N threshold/N of/I three/N marks/N early/N last/N week/N ./.
It/, was/I quoted/N at/N _OOV_/N marks/N in/I late/N New/N York/N trading/N Wednesday/N ./.
_OOV_/N up/V to/V the/I speech/N was/V a/I _OOV_/N of/I economic/N statistics/N suggesting/N that/V the/I British/N war/N on/N inflation/N will/N be/N more/N bruising/N than/N previously/I assumed/V ./.
_OOV_/N in/I September/N dropped/N to/N _OOV_/N ,/, the/I lowest/N level/N since/I 1980/N ./.
While/V lower/V _OOV_/N is/V generally/N good/V news/N ,/, the/I hefty/N drop/V last/V month/N indicates/V that/V the/I economy/N is/N n't/, slowing/V down/V as/V much/N as/V hoped/I --/N despite/N a/I doubling/N of/I interest/N rates/N over/I the/I last/I 16/N months/N ./.
Meanwhile/N ,/, average/N earnings/N in/I Britain/N were/N up/V 8.75/N %/N in/I August/N over/I the/I previous/I year/N ./.
Another/N inflationary/N sign/N came/I in/I a/I surge/N in/I _OOV_/N lending/N to/N a/V record/N #/N _OOV_/N billion/N -LRB-/N $/N _OOV_/N billion/N -RRB-/N last/V month/N ,/, a/V much/N higher/N level/N than/N economists/N had/N predicted/V ./.
In/, a/I separate/N speech/V prepared/N for/I delivery/N at/N the/I dinner/V ,/, Robin/N _OOV_/N ,/, Bank/N of/I England/N governor/N ,/, conceded/V that/N ``/N demand/N pressures/N were/N even/N more/N buoyant/N than/N had/V been/N appreciated/I ''/N when/V the/I British/N economy/N was/I heating/N up/V last/V year/N ./.
He/, added/N that/N ``/N there/N 's/, no/V _OOV_/N solution/N ''/N to/V the/I economic/N woes/N ,/, and/I said/V ``/N tight/I monetary/N policy/N is/N the/I right/V approach/V ./, ''/N
_OOV_/N the/I recent/N slide/I in/I stock/N prices/N ,/, the/I central/N bank/N governor/N stated/V that/N ``/N the/I markets/N now/N appear/N to/V have/N _OOV_/N ''/N after/V the/I ``/N nasty/V jolt/N ''/N of/I the/I _OOV_/N plunge/N in/I the/I Dow/N Jones/N Industrial/N Average/N a/I week/N ago/N ./.
Although/N the/I New/N York/N market/N plunge/N prompted/N a/I _OOV_/N drop/V in/I the/I London/N Financial/N Times-Stock/N Exchange/N 100/N Share/N Index/N ,/, Mr./N _OOV_/N declared/N ``/N that/N the/I experience/N owed/N nothing/N to/V the/I particular/N problems/N of/I the/I British/N economy/N ./, ''/N
Specifically/N ,/, he/V pointed/V out/V that/V compared/I with/I the/I U.S./N market/N ,/, the/I U.K./N has/N far/N fewer/I highly/N leveraged/N junk-bond/N _OOV_/N ./.
_OOV_/N future/I monetary/N arrangements/N ,/, Mr./N _OOV_/N repeated/V the/I Thatcher/N government/N 's/, commitment/N to/N join/V the/I exchange/N rate/N mechanism/N of/I the/I European/N _OOV_/N System/N ,/, but/V he/V did/V n't/, indicate/N when/V ./.
C./N Olivetti/N &/N Co./N ,/, claiming/V it/V has/N won/N the/I race/N in/I Europe/N to/N introduce/V computers/N based/N on/N a/I powerful/N new/N microprocessor/N chip/N ,/, unveiled/N its/I _OOV_/N computer/N yesterday/N ./.
The/I product/N is/N the/I first/N from/N a/I European/N company/N based/N on/N Intel/N Corp./N 's/, new/N _OOV_/N _OOV_/N microprocessor/N ,/, which/I works/N several/N times/N faster/V than/N previously/I available/N chips/N ./.
Hewlett-Packard/N Co./N became/I the/I first/N company/N world-wide/N to/N announce/N a/I product/N based/N on/N the/I chip/N earlier/I this/V month/N ,/, but/V it/V wo/V n't/, start/V shipping/N the/I computers/N until/N early/N next/N year/N ./.
An/N Olivetti/N spokesman/N said/V the/I company/N 's/, factories/N are/N already/V beginning/I to/V produce/N the/I machine/N ,/, and/V that/N it/V should/V be/V available/N in/I Europe/N by/I December/N ./.
``/N What/, this/V means/N is/V that/N _OOV_/N will/N have/N these/N machines/N in/N their/N offices/N before/I Americans/N do/N ,/, ''/N the/I spokesman/N said/V ./.
The/I new/N chip/N ``/N is/V a/V very/N big/N step/V in/I computing/N ,/, and/V it/V is/V important/N that/N Olivetti/N be/N one/N of/I the/I first/N out/V on/N the/I market/N with/I this/V product/N ,/, ''/N said/V _OOV_/N _OOV_/N Davis/N ,/, an/I analyst/N at/N James/N _OOV_/N &/N Co./N in/I London/N ./.
Executives/N at/N Olivetti/N ,/, whose/I earnings/N have/N been/V steadily/N sliding/V over/I the/I past/N couple/V of/I years/N ,/, have/V acknowledged/I that/V in/I the/I past/N they/N have/N lagged/N at/N getting/V new/N technology/N to/N market/N ./.
Ms./N Davis/N said/V the/I new/N machines/N could/N steal/V some/N sales/N away/V from/I Olivetti/N 's/, own/V minicomputers/N ,/, but/V would/V bring/V new/N sales/N among/N professionals/N such/N as/I engineers/N ,/, _OOV_/N and/N medical/N doctors/N ./.
Although/N Olivetti/N 's/, profits/N tumbled/N 40/N %/N in/I the/I first/N half/N of/I this/V year/N ,/, she/V believes/N Olivetti/N 's/, restructuring/N last/N fall/V and/N its/I introduction/N of/I new/N products/N will/N begin/N to/V bear/V fruit/N with/V an/N earnings/N rebound/N next/N year/N ,/, especially/N if/N it/V can/V fulfill/V its/I promise/V to/V deliver/N the/I new/N machines/N by/I December/N ./.
``/N We/, think/V the/I worst/N is/V over/I ''/N in/I the/I European/N _OOV_/N market/N ,/, she/V said/V ./.
Depending/N on/N the/I type/N of/I software/N and/N peripherals/N used/N ,/, the/I machines/N can/N serve/V either/N as/V the/I main/N computer/N in/N a/I network/N of/I many/N terminals/N -LRB-/N a/I role/N usually/N filled/V by/N a/I minicomputer/N -RRB-/N ,/, as/V a/I technical/N workstation/N or/N as/V a/V very/N fast/V personal/N computer/N ./.
``/N It/, 's/, the/I missing/V link/N ''/N in/I Olivetti/N 's/, product/N line/N between/I small/N personal/N computers/N and/I _OOV_/N minicomputers/N ,/, the/I Olivetti/N spokesman/N said/V ./.
He/, added/N that/N Olivetti/N will/N continue/N making/V its/I _OOV_/N minicomputer/N line/N ./.
The/I machines/N will/V cost/N around/I $/N _OOV_/N on/N average/N in/I Europe/N ./.
The/I Intel/N _OOV_/N chip/N can/N process/N 15/N million/N instructions/N per/N second/N ,/, or/N _OOV_/N ,/, while/D Intel/N 's/, previous/I _OOV_/N chip/N could/N handle/N only/D 3/N to/N 6/N _OOV_/N ./.
Olivetti/N also/I plans/N to/N sell/N the/I _OOV_/N computer/N in/N the/I U.S./N starting/N next/N year/N through/I Olivetti/N USA/N and/N through/V its/I _OOV_/N unit/N ,/, which/D specializes/N in/N automating/N _OOV_/N networks/N ./.
_OOV_/N Inc./N said/V it/V received/N approval/N from/N the/I French/N government/N for/N its/I proposed/N $/N _OOV_/N million/N acquisition/N of/I _OOV_/N _OOV_/N ./.
The/I approval/N satisfies/N the/I remaining/N conditions/N of/I the/I purchase/N ,/, which/I is/V expected/V to/N close/V within/N two/N weeks/N ./.
_OOV_/N ,/, the/I second-largest/N maker/N of/I food/N cans/N in/I France/N ,/, had/D 1988/N sales/N of/I $/N 150/N million/N ./.
_OOV_/N has/I _OOV_/N workers/N at/N four/N canning/N manufacturing/N plants/N and/I one/N plastic/N container/N facility/N ./.
_OOV_/N makes/N flexible/N packaging/N films/N and/I machinery/N ,/, and/I materials/N for/N the/I food/N and/N pharmaceutical/N industries/N ./.
Social/N Security/N benefits/N will/V rise/I _OOV_/N %/N next/V year/N to/N keep/V pace/V with/I inflation/N ,/, boosting/N the/I average/N monthly/N benefit/N to/N $/N _OOV_/N from/I $/N _OOV_/N ,/, the/I Department/N of/I Health/N and/N Human/N Services/N announced/N ./.
The/V higher/N payments/N will/N start/V with/I Social/N Security/N checks/N received/N on/N Jan./N 3/N ,/, 1990/N ./.
_OOV_/N Security/N Income/N payments/N to/N the/I disabled/N also/N will/V rise/I _OOV_/N %/N ,/, starting/N with/I checks/N received/N on/N Dec./N 29/N ,/, 1988/N ,/, increasing/N the/I maximum/N _OOV_/N payment/N to/N $/N _OOV_/N from/I $/N _OOV_/N a/I month/N ./.
The/I inflation/N adjustment/N also/N means/N that/V the/I maximum/N annual/N level/N of/I earnings/N subject/N to/V the/I wage/N tax/N that/N generates/N revenue/N for/N the/I Social/N Security/N trust/N fund/N will/N rise/I to/N $/N _OOV_/N in/I 1990/N from/I $/N _OOV_/N this/N year/N ./.
As/, mandated/N by/I law/N ,/, the/I tax/N rate/N will/N rise/I to/N _OOV_/N %/N in/I 1990/N from/I _OOV_/N %/N and/N wo/V n't/, rise/I any/N further/V in/N the/I future/I ./.
This/N means/N that/V the/I maximum/N yearly/N Social/N Security/N tax/N paid/N by/I workers/N and/N employers/N each/N will/V rise/I $/N _OOV_/N next/V year/N to/N $/N _OOV_/N ./.
_OOV_/N aged/N 65/N through/I 69/N will/N be/N able/V to/V earn/V $/N _OOV_/N without/N losing/V any/N Social/N Security/N benefits/N in/I 1990/N ,/, up/V from/I $/N _OOV_/N this/N year/N ./.
The/I exempt/N amount/N for/I beneficiaries/N under/N 65/N will/V rise/I to/N $/N _OOV_/N from/I $/N _OOV_/N ./.
The/I adjustments/V reflect/N the/I increase/N in/N the/I consumer/N price/N index/N for/N urban/N wage/N earners/N and/N clerical/N workers/N from/N the/I third/N quarter/N of/I last/N year/N to/N the/I third/N quarter/N of/I this/V year/N ./.
_OOV_/N companies/N should/N get/V healthier/N in/I the/I third/N quarter/N ./.
_OOV_/N houses/N are/N expected/V to/N report/N earnings/N increases/N of/I about/N 15/N %/N on/N average/N for/N the/I third/N quarter/N ,/, despite/N sales/N increases/N of/I less/N than/N 10/N %/N ,/, analysts/V say/N ./.
To/N offset/N sluggish/N sales/N growth/N ,/, companies/N have/N been/V cutting/N staff/N ,/, mostly/N through/I attrition/N ,/, and/I slowing/N the/I growth/N in/I research/N and/N development/N spending/N ./.
Sales/N growth/N in/N the/I quarter/N was/I slowed/N by/I mounting/N pressure/N from/I groups/N of/I buyers/N ,/, such/N as/I hospitals/N ,/, to/V hold/V down/V prices/N ./.
_OOV_/N were/N also/N hurt/V by/N the/I stronger/N U.S./N dollar/N ,/, which/I makes/V sales/N abroad/N more/N difficult/N ./.
In/, some/N cases/N ,/, competition/N has/I squeezed/N margins/I ./.
_OOV_/N ,/, _OOV_/N &/N Co./N ,/, for/V example/N ,/, faces/V stiff/V competition/N from/I a/I Japanese/N supplier/N in/N the/I important/I syringe/N market/N ./.
The/I Franklin/N Lakes/N ,/, N.J./N ,/, company/N is/N expected/V to/N report/N sales/N growth/N of/I only/D 5/N %/N to/N 6/N %/N ,/, but/V should/N still/V maintain/N earnings/N growth/N of/I 10/N %/N ,/, says/V _OOV_/N E./N _OOV_/N ,/, an/I analyst/N with/I Duff/N &/N Phelps/N Inc/N ./.
Among/N the/I first/N of/I the/I group/N to/N post/N results/N ,/, Abbott/N Laboratories/N said/V third-quarter/N net/N income/N jumped/N 14/N %/N to/N $/N _OOV_/N million/N ,/, or/N 88/N cents/N a/I share/N ,/, from/I $/N _OOV_/N million/N ,/, or/N _OOV_/N cents/N a/I share/N ,/, a/I year/N earlier/I ./.
Sales/N for/N the/I company/N ,/, based/N in/I Abbott/N Park/N ,/, Ill./N ,/, rose/N _OOV_/N %/N to/N $/N 1.31/N billion/N from/I $/N _OOV_/N billion/N ./.
_OOV_/N International/N Inc./N yesterday/V reported/N net/N climbed/N 20/N %/N in/I the/I third/N period/I to/N $/N 102/N million/N ,/, or/N 34/N cents/N a/I share/N ,/, from/I $/N 85/N million/N ,/, or/N 28/N cents/N a/I share/N ,/, a/I year/N earlier/I ./.
Sales/N for/N the/I _OOV_/N ,/, Ill./N ,/, company/N rose/N 5.8/N %/N to/N $/N _OOV_/N billion/N from/I $/N 1.71/N billion/N ./.
But/, not/V every/V company/N expects/I to/V report/N increased/N earnings/N ./.
C.R./N Bard/N Inc./N yesterday/V said/V third-quarter/N net/N plunged/N 51/N %/N to/N $/N _OOV_/N million/N ,/, or/N 18/N cents/N a/I share/N ,/, from/I $/N 20/N million/N ,/, or/N 35/N cents/N a/I share/N ,/, a/I year/N earlier/I ./.
Sales/N fell/I 1.2/N %/N to/N $/N _OOV_/N million/N from/I $/N _OOV_/N million/N ./.
The/I Murray/N Hill/N ,/, N.J./N ,/, company/N said/V full-year/N earnings/N may/N be/V off/V 33/N cents/N a/I share/N because/N the/I company/N removed/N a/I catheter/N from/I the/I market/N ./.
In/, 1988/N ,/, the/I company/N earned/N $/N _OOV_/N a/I share/N ./.
The/I Food/N and/I Drug/N Administration/N had/I raised/V questions/N about/V the/I device/N 's/, design/N ./.
Some/N analysts/V add/V that/N _OOV_/N pressures/N to/N reduce/N health/N costs/N will/N continue/N to/N _OOV_/N companies/N '/N bottom/V lines/N ./.
Takeover/N speculation/N ,/, which/I has/N been/I _OOV_/N stocks/N of/I supply/N houses/N ,/, may/V also/I ease/N ,/, says/V Peter/N _OOV_/N ,/, an/I analyst/N with/I Drexel/N Burnham/N Lambert/N Inc/N ./.
``/N As/, that/N _OOV_/N ,/, you/, 're/, going/V to/V see/N the/I stocks/N probably/I wane/V as/I well/N ,/, ''/N he/V says/V ./.
_OOV_/N companies/N ,/, meanwhile/I ,/, are/N reporting/N improved/N earnings/N ./.
_OOV_/N by/N strong/N performances/N by/N its/I psychiatric/N hospitals/N ,/, National/N Medical/N _OOV_/N Inc./N ,/, Los/N Angeles/N ,/, reported/N net/N income/N of/I $/N 50/N million/N ,/, or/N 65/N cents/N a/I share/N ,/, for/V the/I first/N quarter/N ended/I Aug./N 31/N ,/, up/V from/I $/N 41/N million/N ,/, or/N 56/N cents/N a/I share/N ,/, a/I year/N earlier/I ./.
_OOV_/N Inc./N ,/, Louisville/N ,/, Ky./N ,/, also/I reported/N favorable/N results/N ,/, with/D net/N income/N of/I $/N 66.7/N million/N ,/, or/N 66/N cents/N ,/, in/I the/I fourth/N quarter/N ended/I Aug./N 31/N ,/, up/V from/I $/N _OOV_/N million/N ,/, or/N 59/N cents/N ,/, a/I year/N earlier/I ./.
Analysts/N say/N the/I handful/N of/I hospital/N companies/N that/N are/N still/N publicly/N traded/N are/N benefiting/N from/N several/N trends/N ./.
Most/N important/N ,/, hospital/N admission/N rates/N are/N stabilizing/N after/N several/N years/N of/I decline/N ./.
Moreover/N ,/, companies/N have/N sold/N off/V many/N of/I their/N smaller/N ,/, less-profitable/N hospitals/N and/N have/N completed/N painful/N _OOV_/N ./.
_OOV_/N 's/, revenues/N ,/, for/V example/N ,/, are/N being/V boosted/N by/N large/N increases/N in/I enrollments/N in/N the/I company/N 's/, health/N maintenance/N organizations/N ./.
_OOV_/N _OOV_/N _OOV_/N ,/, an/I analyst/N with/I _OOV_/N _OOV_/N _OOV_/N :/N ``/N The/I shakeout/N in/N the/I publicly/N traded/N companies/N is/N over/I ./.
Initial/N claims/N for/N regular/I state/N unemployment/N benefits/N rose/N to/V a/I seasonally/N adjusted/I _OOV_/N during/N the/I week/N ended/I Oct./N 7/N from/I _OOV_/N the/I previous/I week/N ,/, the/I Labor/N Department/N said/V ./.
The/V number/I of/I people/N receiving/N regular/I state/N benefits/N in/N the/I week/N ended/I Sept./N 30/N decreased/N to/N a/V seasonally/N adjusted/I _OOV_/N ,/, or/N 2.2/N %/N of/I those/N covered/V by/N unemployment/N insurance/N ,/, from/I _OOV_/N the/I previous/I week/N ,/, when/V the/I insured/N unemployment/N rate/N also/N was/I 2.2/N %/N ./.
_OOV_/N all/N state/N and/I federal/N benefit/N programs/N ,/, the/I number/I of/I people/N receiving/N unemployment/N benefits/N in/N the/I week/N ended/I Sept./N 30/N fell/N to/N _OOV_/N from/I _OOV_/N a/I week/N earlier/I ./.
These/N figures/I are/N n't/, seasonally/N adjusted/N ./.
A/N Labor/N Department/N spokesman/N said/V the/I unusually/N high/N number/I of/I initial/N claims/N for/I state/N unemployment/N benefits/N reflects/N the/I impact/N of/I Hurricane/N Hugo/N on/N southern/N states/N ,/, particularly/N North/N Carolina/N and/N South/N Carolina/N ./.
The/I figure/I also/I may/N reflect/N initial/N claims/N filed/N by/N striking/I _OOV_/N Corp./N workers/N who/N have/N become/N eligible/V for/N unemployment/N benefits/N ,/, the/I official/N said/V ./.
Digital/N Equipment/N Corp./N reported/N a/I 32/N %/N decline/N in/I net/N income/N on/N a/I modest/N revenue/N gain/N in/I its/I fiscal/N first/N quarter/N ,/, causing/N some/N analysts/V to/N predict/V weaker/N results/N ahead/V than/N they/N had/V expected/I ./.
Although/N the/I second-largest/N computer/N maker/N had/V prepared/N Wall/N Street/N for/V a/I poor/N quarter/N ,/, analysts/V said/V they/N were/N troubled/N by/I signs/N of/I flat/V U.S./N orders/V and/N a/I slowdown/N in/N the/I rate/N of/I gain/N in/I foreign/N orders/N ./.
The/I Maynard/N ,/, Mass./N ,/, company/N is/N in/I a/I transition/N in/N which/I it/V is/V trying/V to/V reduce/N its/I reliance/N on/N _OOV_/N machines/N and/N establish/N a/I presence/N in/I workstations/N and/N mainframes/N ./.
Net/N for/N the/I quarter/N ended/I Sept./N 30/N fell/N to/N $/N _OOV_/N million/N ,/, or/N $/N _OOV_/N a/I share/N ,/, from/I $/N _OOV_/N million/N ,/, or/N $/N 1.71/N a/I share/N ,/, a/I year/N ago/N ./.
Revenue/N rose/N 6.4/N %/N to/N $/N _OOV_/N billion/N from/I $/N _OOV_/N billion/N ./.
Digital/N said/V a/V shift/I in/N its/I product/N mix/N toward/N _OOV_/N products/N and/N strong/N growth/N in/I workstation/N sales/N yielded/N lower/V gross/N margins/N ./.
A/N spokesman/N also/N said/V margins/I for/N the/I company/N 's/, service/N business/N narrowed/V somewhat/N because/N of/I heavy/N investments/N made/N in/I that/N sector/N ./.
The/V lack/N of/I a/I strong/N product/N at/N the/I high/N end/I of/I Digital/N 's/, line/N was/I a/I significant/N drag/V on/N sales/N ./.
Digital/N hopes/N to/V address/N that/N with/V the/I debut/N of/I its/N first/N _OOV_/N computers/N next/N Tuesday/N ./.
The/I new/N line/N is/V aimed/N directly/N at/N International/N Business/N Machines/N Corp/N ./.
``/N Until/N the/I new/N mainframe/N products/N kick/N in/I ,/, there/V wo/V n't/, be/V a/V lot/V of/I revenue/N contribution/N at/N the/I high/N end/I ,/, and/V that/N 's/, hurt/V us/N ,/, ''/N said/V Mark/N _OOV_/N ,/, Digital/N 's/, director/N of/I investor/N relations/N ./.
He/, said/V unfavorable/I currency/N translations/N were/N also/N a/I factor/N in/N the/I quarter/N ./.
_OOV_/N shares/N rose/N $/N 1.375/N to/N $/N _OOV_/N apiece/N in/I consolidated/N New/N York/N Stock/N Exchange/N trading/N yesterday/V ./.
But/, analysts/V said/V that/N against/N the/I backdrop/I of/I a/I nearly/I _OOV_/N rise/N in/N the/I Dow/N Jones/N Industrial/N Average/N ,/, that/V should/V n't/, necessarily/N be/V taken/V as/V a/I sign/V of/I great/I strength/N ./.
Some/N cut/V their/N earnings/N estimates/N for/N the/I stock/N this/N year/N and/N predicted/V more/N efforts/N to/N control/N costs/N ahead/V ./.
``/N I/, think/V the/I next/N few/I quarters/N will/V be/N difficult/N ,/, ''/N said/V Steven/N _OOV_/N of/I First/N Boston/N ./.
``/N _OOV_/N will/N remain/N under/N pressure/N ,/, and/I when/V the/I new/N mainframe/N does/N ship/N ,/, I/, 'm/, not/V sure/V it/V will/V be/V a/V big/N winner/N ./.
''/N Mr./N _OOV_/N said/V he/V was/V revising/N his/V estimate/N for/I _OOV_/N 's/, current/N year/N from/I $/N 8.20/N a/I share/N to/N ``/N well/N below/N $/N 8/N ,/, ''/N although/N he/V has/N n't/, settled/N on/N a/I final/V number/I ./.
One/N troubling/V aspect/N of/I _OOV_/N 's/, results/N ,/, analysts/V said/V ,/, was/I its/I performance/N in/I Europe/N ./.
_OOV_/N said/V its/I overseas/N business/N ,/, which/I now/V accounts/N for/N more/N than/N half/N of/I sales/N ,/, improved/N in/N the/I quarter/N ./.
It/, even/V took/V the/I unusually/N frank/N step/N of/I telling/V analysts/V in/N a/I morning/N conference/N call/V that/V orders/V in/I Europe/N were/N up/V in/I ``/N double/N digits/N ''/N in/I foreign-currency/N terms/N ./.
That/, gain/V probably/I translated/N into/V about/N 5/N %/N to/N 7/N %/N in/I dollar/N terms/N ,/, well/V below/N recent/N quarters/N '/N gains/N of/I above/V 20/N %/N ,/, reckons/N Jay/N _OOV_/N of/I _OOV_/N _OOV_/N _OOV_/N ./.
``/N That/, was/I a/I disappointment/I ''/N and/N a/I sign/V of/I overall/I _OOV_/N softness/V in/I Europe/N ,/, Mr./N _OOV_/N said/V ./.
Marc/N _OOV_/N ,/, with/D _OOV_/N Securities/N in/I New/N York/N ,/, dropped/N his/V estimate/N of/I _OOV_/N 's/, full-year/N net/N to/N $/N _OOV_/N a/I share/N from/I $/N 8/N ./.
Although/N overall/I revenues/N were/N stronger/N ,/, Mr./N _OOV_/N said/V ,/, _OOV_/N ``/N drew/N down/V its/I European/N backlog/N ''/N and/N had/I flat/V world-wide/N orders/V overall/N ./.
``/N The/V bottom/N line/N is/V that/V it/V 's/, more/N hand/N to/V mouth/V than/N it/V has/V been/N before/V ,/, ''/N he/V said/V ./.
Mr./N _OOV_/N said/V he/V believes/V that/V the/I _OOV_/N of/I _OOV_/N 's/, new/N mainframe/N will/N ``/N occur/N somewhat/N more/N leisurely/N ''/N than/N many/N of/I his/D investment/N colleagues/N expect/N ./.
He/, said/V current/N expectations/N are/N for/V an/N entry/N level/N machine/N to/N be/V shipped/N in/N December/N ,/, with/I all/V of/I the/I more/N sophisticated/N versions/N out/V by/I June/N ./.
For/N reasons/N he/V would/V n't/, elaborate/V on/N ,/, he/V said/V he/V 's/, sure/V that/V schedule/N wo/V n't/, be/V met/N ,/, meaning/N less/N profit/N impact/N from/N the/I product/N for/I _OOV_/N in/N the/I next/N few/I quarters/N ./.
John/N R./N _OOV_/N contributed/N to/N this/V article/N ./.
Colgate/N _OOV_/N Co./N reported/N third-quarter/N net/N income/N rose/N 27/N %/N ,/, bolstered/I by/N strong/N sales/N in/N its/I Latin/N American/N business/N and/N surprisingly/I healthy/N profits/N from/I U.S./N operations/N ./.
Colgate/N said/V net/N income/N for/N the/I quarter/N rose/N to/N $/N _OOV_/N million/N ,/, or/N $/N _OOV_/N a/I share/N ,/, on/I sales/N that/N increased/N 6/N %/N to/N $/N 1.3/N billion/N ./.
In/, the/I year-earlier/N period/I ,/, Colgate/N posted/N net/N income/N of/I $/N _OOV_/N million/N ,/, or/N 88/N cents/N a/I share/N ./.
Last/N year/N 's/, results/N included/N earnings/N from/I discontinued/N operations/N of/I $/N 13.1/N million/N ,/, or/N 19/N cents/N a/I share/N ./.
_OOV_/N Mark/N ,/, chairman/N and/I chief/N executive/N officer/N of/I Colgate/N ,/, said/V earnings/N growth/N was/I fueled/N by/N strong/N sales/N in/N Latin/N America/N ,/, the/I Far/N East/N and/I Europe/N ./.
Results/N were/N also/I bolstered/N by/I ``/N a/I very/N meaningful/N increase/N in/I operating/N profit/N at/N Colgate/N 's/, U.S./N business/N ,/, ''/N he/V said/V ./.
Operating/N profit/N at/N Colgate/N 's/, U.S./N household/N products/N and/N personal/N care/N businesses/N ,/, which/D include/N such/N well-known/N brands/N as/N Colgate/N toothpaste/N and/I _OOV_/N laundry/N detergent/N ,/, jumped/N more/N than/N 40/N %/N ,/, the/I company/N said/V ./.
Mr./N Mark/N attributed/I the/I improvement/N to/N cost/N savings/N achieved/I by/N consolidating/I manufacturing/N operations/N ,/, blending/N together/I two/N sales/N organizations/N and/N more/N carefully/V focusing/N the/I company/N 's/, promotional/N activities/N ./.
``/N We/, 've/, done/N a/I lot/V to/V improve/N -LRB-/N U.S/N ./, -RRB-/N results/N and/N a/I lot/V more/N will/V be/V done/N ,/, ''/N Mr./N Mark/N said/V ./.
``/N _OOV_/N profitability/N of/I U.S./N operations/N is/N an/V extremely/N high/N priority/N in/N the/I company/N ./, ''/N
Colgate/N 's/, results/N were/N at/N the/I high/N end/I of/I the/I range/N of/I analysts/I '/N forecasts/N ./.
The/I scope/N of/I the/I improvement/N in/N the/I U.S./N business/N caught/N some/N analysts/V by/N surprise/V ./.
The/I company/N 's/, domestic/N business/N ,/, especially/N its/I household/N products/N division/N ,/, has/N performed/V poorly/N for/N years/N ./.
Analysts/N say/N the/I earnings/N improvement/N came/I from/I cutting/N costs/N rather/N than/N increasing/N sales/N ./.
For/N the/I nine/N months/N ,/, net/N increased/N 14/N %/N to/N $/N _OOV_/N million/N ,/, or/N $/N _OOV_/N a/I share/N ./.
Sales/N rose/N 7/N %/N to/N $/N 3.8/N billion/N ./.
The/I company/N earned/N $/N _OOV_/N million/N ,/, or/N $/N 2.79/N a/I share/N ,/, in/I the/I year-earlier/N period/I ./.
Colgate/N 's/, 1988/N net/N income/N included/N $/N _OOV_/N million/N ,/, or/N 59/N cents/N a/I share/N ,/, from/I discontinued/N operations/N ./.
Colgate/N sold/N its/I hospital/N supply/N and/N home/N health/N care/N business/N last/N year/N ./.
Separately/N ,/, Colgate/N Wednesday/N finalized/N an/I agreement/N with/I _OOV_/N Corp./N ,/, a/I tiny/N dental/N products/N and/N pharmaceutical/N concern/N based/N in/I _OOV_/N ,/, Mass./N ,/, to/V market/N in/N the/I U.S./N four/N of/I _OOV_/N 's/, _OOV_/N dental/N products/N ./.
The/I products/N --/N _OOV_/N and/I bonding/N materials/N used/N by/I dentists/N --/N all/V contain/N fluoride/N that/N is/V released/N over/I time/I ./.
The/V move/V is/V part/I of/I a/I drive/N to/N increase/N Colgate/N 's/, business/N with/I dentists/N ,/, a/I company/N spokeswoman/N said/V ./.
Terms/N of/I the/I agreement/N were/N n't/, given/V ./.
_OOV_/N Limited/N _OOV_/N said/V it/V completed/N the/I sale/N of/I its/I _OOV_/N restaurant/N franchise/N system/N to/N a/I subsidiary/N of/I _OOV_/N Co./N for/I $/N 71/N million/N in/N cash/N ./.
_OOV_/N ,/, which/I is/V nearly/I _OOV_/N by/I Sam/N and/I Charles/N _OOV_/N of/I Dallas/N ,/, said/V it/V will/V distribute/N proceeds/N from/V the/I sale/N to/N unit/N holders/N as/N a/I _OOV_/N dividend/N as/N soon/V as/N possible/V ./.
The/I _OOV_/N franchise/N system/N ,/, which/D generates/N about/N $/N 600/N million/N in/N sales/N annually/N ,/, represented/I substantially/N all/V of/I the/I partnership/N 's/, assets/N ./.
The/I sale/N of/I the/I system/N has/N been/N challenged/V in/N a/I class-action/N suit/V on/N behalf/N of/I unit/N holders/N filed/N last/N week/N in/N a/I Delaware/N court/N ,/, _OOV_/N said/V ./.
The/I company/N said/V it/V believes/V the/I suit/V is/V without/V merit/V ./.
American/N Telephone/N &/N Telegraph/N Co./N unveiled/N a/I sweetened/N pension/N and/I _OOV_/N program/N for/I management/N that/N it/V hopes/V will/V enable/N it/V to/V save/V $/N _OOV_/N million/N in/N the/I next/N year/N ./.
AT&T/N also/N said/V net/N income/N rose/N 19/N %/N in/I the/I third/N quarter/N ./.
AT&T/N said/V its/I amended/N pension/N program/N will/N nearly/V double/N to/N _OOV_/N the/I number/I of/I managers/N eligible/N to/V retire/V with/I immediate/I pension/N payments/N ./.
AT&T/N said/V that/V based/N on/N studies/N of/N other/N companies/N that/N have/N offered/N retirement/N plans/N ,/, it/V expects/V about/N one-third/N of/I its/I eligible/V managers/N to/N retire/V under/N the/I new/N program/N ./.
AT&T/N said/V third-quarter/N net/N income/N grew/N ,/, despite/N stiff/V competition/N in/N all/V of/I the/I company/N 's/, markets/N ./.
Net/N income/N rose/N to/N $/N _OOV_/N million/N ,/, or/N 65/N cents/N a/I share/N ,/, from/V the/I year-earlier/N $/N _OOV_/N million/N or/N 55/N cents/N a/I share/N ./.
Revenue/N edged/I up/V to/N $/N 8.9/N billion/N from/I $/N _OOV_/N billion/N ./.
The/I latest/N period/I 's/, net/N was/N reduced/I $/N 102/N million/N ,/, or/N nine/N cents/N a/I share/N ,/, for/V a/I change/N in/I depreciation/N method/N and/I concurrent/N changes/N in/I estimates/N of/I _OOV_/N lives/N and/I net/N salvage/N for/N certain/N telecommunications/N equipment/N ./.
The/V results/N roughly/N matched/I estimates/N of/I securities/N analysts/N ,/, who/V were/N encouraged/N by/I AT&T/N increasing/N its/I operating/N margin/N to/N 13/N %/N from/I 11/N %/N a/I year/N ago/N ,/, because/V of/I continued/I _OOV_/N efforts/N ./.
Sales/N of/I long-distance/N services/N ,/, an/V extremely/N competitive/N market/N ,/, rose/N 6.4/N %/N ./.
But/, the/I growth/N was/I partly/N offset/N by/N lower/V equipment/N sales/N and/N rentals/N and/N price/N cuts/N on/N some/N products/N ./.
Under/N the/I amended/N pension/N program/N ,/, AT&T/N managers/N who/N have/N at/N least/I five/N years/N of/I service/N will/N have/N five/N years/N added/N to/N their/N age/N and/N length/N of/I service/N for/N pension/N purposes/N ./.
Managers/N who/N retire/V Dec./N 30/N will/N have/N an/V additional/N 15/N %/N added/N to/N their/N monthly/N pension/N for/N as/N long/V as/I five/N years/N or/N age/N 65/N ,/, whichever/V comes/V earlier/I ./.
An/N AT&T/N spokeswoman/N said/V the/I company/N would/N likely/V replace/N about/N one-third/N of/I its/I managers/N who/N choose/N to/V retire/V with/I new/N employees/N ./.
Analysts/N hailed/I the/I sweetened/N pension/N package/N ,/, which/I they/V said/V had/V been/N the/I subject/V of/I rumors/N for/N several/N months/N ./.
``/N This/N tells/V you/, AT&T/N is/V serious/N about/N continuing/N to/V manage/N their/N cost/N structure/N and/N is/V committed/N to/N _OOV_/N earnings/N growth/N ,/, ''/N said/V Jack/N _OOV_/N ,/, an/I analyst/N with/I PaineWebber/N Inc/N ./.
But/, other/N analysts/V expressed/N disappointment/V that/V the/I _OOV_/N move/V wo/V n't/, result/N in/I even/N greater/N earnings/N growth/N ./.
``/N This/N is/V a/V good/V move/V ,/, but/V it/V only/V gets/V you/, to/V where/V people/N 's/, expectations/V already/I are/N ,/, ''/N in/I terms/N of/I earnings/N growth/N ,/, said/V Joel/N D./N _OOV_/N ,/, an/I analyst/N with/I Donaldson/N ,/, Lufkin/N &/N Jenrette/N ./.
Mr./N _OOV_/N said/V he/V had/V hoped/N that/V a/I cost/N savings/N of/I $/N _OOV_/N million/N would/N result/N in/I even/N greater/N growth/N than/N the/I 20/N %/N annual/N earnings/N increase/N AT&T/N has/N told/V analysts/V it/N expects/V in/I the/I future/I ./.
AT&T/N said/V the/I special/N retirement/N option/N will/V increase/N fourth-quarter/N expenses/N ./.
But/, the/I company/N said/V the/I amount/N ca/N n't/, be/V determined/V until/N it/V knows/V how/V many/N managers/N opt/N to/V retire/V ./.
AT&T/N said/V the/I expense/N increase/N will/V be/V largely/N offset/N by/N a/I gain/N from/V its/N previously/I announced/N plan/N to/N swap/N its/I holdings/N in/I Ing/N ./, C./N Olivetti/N &/N Co./N for/I shares/N in/I Cie/N ./, _OOV_/N _OOV_/N ,/, an/I Italian/N holding/V company/N ./.
For/N the/I nine/N months/N ,/, AT&T/N said/V net/N income/N was/I $/N _OOV_/N billion/N ,/, or/N $/N 1.85/N a/I share/N ,/, up/V 19/N %/N from/I $/N _OOV_/N billion/N ,/, or/N $/N 1.56/N a/I share/N ./.
Revenue/N gained/I 3.1/N %/N to/N $/N _OOV_/N billion/N from/I $/N 26/N billion/N ./.
In/, composite/N trading/N yesterday/V on/N the/I New/N York/N Stock/N Exchange/N ,/, AT&T/N shares/N closed/N at/N $/N _OOV_/N ,/, up/V 87.5/N cents/N ./.
When/, it/V comes/V to/V buying/N and/N selling/N shares/N ,/, _OOV_/N Capital/N Management/N Inc./N takes/V a/I back/V seat/N to/N no/V one/N ./.
Every/N dollar/N 's/, worth/N of/I stock/N in/N the/I Los/N Angeles/N money/N manager/N 's/, portfolio/N is/N traded/N seven/N or/N eight/N times/N a/I year/N ,/, the/I firm/N estimates/N ./.
That/, makes/V it/V the/I most/N active/N trader/N among/N all/V the/I nation/N 's/, investment/N advisers/N ,/, according/V to/N Securities/N and/I Exchange/N Commission/N filings/N ./.
But/, wait/V a/V second/N ./.
_OOV_/N Capital/N is/V an/I index/N fund/N --/N the/I type/N of/I _OOV_/N long-term/N investor/N whose/I goal/V is/V to/V be/V nothing/V more/N than/N average/N ./.
_OOV_/N Capital/N 's/, frenetic/I trading/N reflects/N the/I changes/N sweeping/I through/V the/I previously/I sleepy/N world/I of/I indexing/N ./.
_OOV_/N for/N the/I most/N part/I has/I involved/N simply/N buying/N and/N then/V holding/V stocks/N in/N the/I correct/V mix/V to/N mirror/N a/I stock/N market/N barometer/N ,/, such/N as/I Standard/N &/N Poor/N 's/, 500-stock/N index/N ,/, and/V match/I its/I performance/N ./.
_OOV_/N investors/N have/N poured/V $/N 210/N billion/N into/N stock/N and/N bond/N indexing/N as/N a/I cheap/N and/N easy/V form/N of/I investment/N management/N that/N promises/V to/V post/N average/N market/N returns/N ./.
These/N big/N investors/N have/N flocked/V to/N indexing/N because/N relatively/N few/I ``/N active/N ''/N stock/N pickers/N have/N been/V able/N to/V consistently/V match/I the/I returns/N of/I the/I S&P/N 500/N or/N other/N _OOV_/N ,/, much/V less/N beat/V it/V ./.
And/, the/I fees/N investors/N pay/N for/I indexing/N run/N a/I few/V pennies/N for/N each/N $/N 100/N of/I assets/N --/N a/I fraction/N of/I the/I cost/N of/I active/N managers/N ./.
That/, 's/, because/V computers/N do/N most/N of/I the/I work/N ,/, and/V low/N trading/N activity/N keeps/V a/D lid/N on/I commission/N costs/N ./.
But/, today/N ,/, indexing/N is/V moving/I from/V a/I passive/N investment/N strategy/N to/V an/V increasingly/N active/N one/N ./.
Because/N _OOV_/N managers/N are/N no/V longer/V satisfied/V with/V merely/N being/V average/N ,/, they/N have/N developed/N ``/N enhanced/N ''/N indexing/N strategies/N that/N are/N intended/V to/V outperform/N the/I market/N as/N much/V as/I three/N percentage/N points/I ./.
``/N _OOV_/N has/N been/N the/I most/N single/I successful/I investment/N concept/N in/N the/I last/N decade/N ,/, but/V the/I index/N money/N has/N been/N just/V sort/V of/I sitting/V there/V ,/, ''/N says/V _OOV_/N M./N _OOV_/N ,/, president/N of/I _OOV_/N _OOV_/N Investors/N Inc./N ,/, an/I _OOV_/N based/N in/I _OOV_/N ,/, _OOV_/N ./.
``/N Now/, the/I interest/N is/V in/I what/N else/V can/V I/, do/V with/V that/V money/N ./, ''/N
Among/N the/I _OOV_/N indexing/N strategies/N :/N _OOV_/N portfolios/N can/N be/V built/N around/I thousands/N of/I stocks/N ,/, or/N just/V a/V few/I dozen/I ,/, rather/N than/N being/V restricted/N to/N the/I S&P/N 500/N companies/N ./.
They/, can/V ignore/V the/I S&P/N 500/N stocks/N altogether/N and/N focus/N on/N particular/N types/N of/I stocks/N ,/, such/N as/V smaller/I companies/N ,/, those/N paying/N high/N dividends/N or/N companies/N in/N a/I particular/N industry/N ,/, state/N or/N country/I ./.
With/N today/N 's/, _OOV_/N program/N trading/N techniques/N ,/, index/N funds/N can/N trade/N back/V and/V forth/V between/I stock-index/N futures/N and/N the/I actual/N stocks/N making/N up/V indexes/N such/N as/V the/I S&P/N 500/N ./.
Futures/N and/N options/N also/N make/N it/V possible/V to/V build/V ``/N synthetic/N ''/N index/N funds/N that/N do/V n't/, actually/V own/V a/V single/I share/N of/I stock/N ,/, but/V can/V produce/N returns/N that/V match/D or/N exceed/N the/I broad/I stock/N market/N ./.
One/V reason/V for/V these/N hybrids/N is/V that/V indexing/N 's/, rapid/N growth/N is/V slowing/N ,/, particularly/N for/N those/N ``/N plain/V vanilla/N ''/N funds/N that/N mirror/N the/I 500/N ./.
``/N There/, is/V n't/, a/I _OOV_/N -LCB-/N of/I big/N investors/N -RCB-/N out/V there/V still/N waiting/V to/V get/V into/D indexing/N ,/, ''/N says/V P./N James/N _OOV_/N ,/, vice/N president/N of/I _OOV_/N Investment/N Management/N Co./N ,/, Chicago/N ,/, which/D offers/N both/N indexing/N and/N active/N management/N services/N ./.
After/, tripling/N in/I size/N in/N the/I past/N five/N years/N ,/, index/N funds/N now/N hold/N about/V 20/N %/N of/I the/I stock/N owned/N by/I pension/N funds/N ./.
A/N further/I problem/N is/I _OOV_/N profits/N ./.
_OOV_/N funds/N have/N become/N so/V commonplace/N that/V fees/N they/N can/V charge/N have/N plunged/V to/V almost/V nothing/V ,/, and/I in/I some/N cases/N are/N just/V that/V ./.
To/N land/N customers/N for/N their/N _OOV_/N stock/N custodial/N business/N ,/, big/N banks/N sometimes/N will/V throw/V in/I basic/N indexing/N services/N for/N free/N ./.
``/N It/, 's/, like/V getting/V a/I free/N toaster/N when/V you/, open/N an/N account/V ,/, ''/N says/V _OOV_/N _OOV_/N 's/, Mr./N _OOV_/N ./.
As/, a/V result/N ,/, _OOV_/N have/N been/N looking/V for/N ways/N to/V give/V investors/N something/N more/N than/N the/I average/N for/N their/N money/N ./.
And/, many/N have/N been/V successful/N ,/, as/I in/I the/I case/N of/I the/I index/N fund/N operated/N by/I _OOV_/N _OOV_/N Capital/N ./.
_OOV_/N Capital/N has/N used/I enhanced/N indexing/N techniques/N to/N beat/V the/I S&P/N 500/N 's/, returns/N by/I 2.5/N to/N 3/N percentage/N points/V over/I the/I past/N four/N years/N ,/, with/V the/I same/D risk/N level/N as/N holding/V the/I S&P/N 500/N stocks/N ,/, according/V to/N James/N _OOV_/N ,/, the/I firm/N 's/, president/N ./.
_OOV_/N vary/N for/I _OOV_/N Capital/N ,/, which/I has/I $/N 300/N million/N under/N management/N ./.
The/I firm/N sometimes/N buys/N S&P/N 500/N futures/N when/V they/N are/N selling/N at/N a/I discount/N to/N the/I actual/N stocks/N ,/, and/V will/V switch/V back/V and/V forth/V between/I stocks/N and/I stock-index/N futures/N to/N take/V advantages/N of/I any/N momentary/V price/N _OOV_/N ./.
Mr./N _OOV_/N also/N goes/V through/V periods/N when/V he/V buys/N stocks/N in/I conjunction/N with/I options/N to/N boost/N returns/N and/I protect/N against/N declines/N ./.
And/, in/I some/N months/N ,/, he/D buys/N stock-index/N futures/N and/N not/N stocks/N at/N all/N ./.
``/N By/N their/N nature/N ,/, our/, trades/N are/N very/N short-term/N and/N are/N going/V to/V create/V high/N turnover/N ,/, ''/N Mr./N _OOV_/N adds/V ./.
``/N The/V more/N turnover/N ,/, the/I better/V for/N our/V clients/N ./, ''/N
Big/N _OOV_/N Bankers/N Trust/N Co./N also/I uses/N futures/N in/N a/I strategy/V that/N on/V average/N has/N added/N one/N percentage/N point/N to/V its/I enhanced/N fund/N 's/, returns/N ./.
J./N Thomas/N _OOV_/N ,/, president/N of/I _OOV_/N Advanced/N Investment/N Management/N Inc./N ,/, agrees/N it/V 's/, a/I good/V idea/V to/V jump/V between/I the/I S&P/N 500/N stocks/N and/N futures/N ./.
``/N You/, 're/, buying/N the/I S&P/N ,/, and/V you/, always/V want/V to/V hold/V the/I cheapest/V form/N of/I it/V ,/, ''/N he/V says/V ./.
But/, some/N _OOV_/N make/N little/V or/N no/V use/N of/I futures/N ,/, saying/V that/N these/N instruments/I present/V added/I risks/N for/I investors/N ./.
``/N If/, the/I futures/N markets/N have/N a/I problem/N ,/, then/V those/N products/N could/N have/V a/I problem/N ,/, ''/N says/V John/N _OOV_/N ,/, managing/N director/N of/I Prudential/N Insurance/N Co./N of/I America/N 's/, Investment/N Index/N Technologies/N Inc./N unit/N ./.
Prudential/N currently/N is/N seeking/N approval/N to/N offer/N a/I new/N fund/N offering/N a/I return/V equal/V to/V the/I S&P/N 500/N index/N plus/N of/I a/I percentage/V point/N ./.
An/N added/N feature/I is/V that/V the/I _OOV_/N improved/N return/V would/V be/V guaranteed/N by/I Prudential/N ./.
There/, are/N many/N other/N strategies/N to/N bolster/V the/I returns/N of/I index/N funds/N ./.
They/, include/N :/N
LIMITED/N RISK/N FUNDS/N :/N These/V guarantee/N protection/N against/N stock/N market/N declines/N while/N still/N passing/V along/V most/N gains/N ./.
Here/N a/I fund/N may/N promise/V to/V pay/N back/V ,/, say/V ,/, $/N 95/N of/I every/I $/N 100/N invested/N for/N a/I year/N ,/, even/V if/V the/I market/N goes/V much/V lower/V ./.
The/I fund/N could/N invest/N $/N 87/N for/I one/N year/N in/I Treasury/N bills/N yielding/N 8/N %/N to/V return/V the/I guaranteed/N $/N 95/N ./.
That/, leaves/V $/N 13/N ,/, which/I could/V be/V used/V to/V buy/N S&P/N 500/N options/N that/N will/V nearly/V match/I any/N gain/N in/I the/I S&P/N index/N ./.
_OOV_/N _OOV_/N FUNDS/N :/N Say/N a/V big/N investor/N is/N interested/N in/I growth/N stocks/N ./.
Instead/N of/I hiring/N one/N of/I the/I many/N active/N managers/N specializing/N in/N growth/N stocks/N ,/, _OOV_/N can/N design/N a/I portfolio/N around/N the/I same/I stocks/N ;/, the/I portfolio/N will/N be/N maintained/N by/I computer/N ,/, reducing/N both/N fees/N and/N ,/, in/I theory/N ,/, risk/N -LRB-/N because/N of/I the/I large/N number/I of/I stocks/N -RRB-/N ./.
``/N We/, see/N a/I lot/V of/I interest/N in/N those/N kind/V of/I things/N ,/, ''/N says/V Frank/N _OOV_/N ,/, a/D vice/N president/N of/I Bankers/N Trust/N ./.
``/N People/N comfortable/N with/V the/I passive/N approach/V are/N using/V them/N for/V other/N strategies/N ./, ''/N
_OOV_/N FUNDS/N :/N This/N is/V an/I index/N fund/N with/N a/I bet/V ./.
Instead/N of/I replicating/N the/I S&P/N 500/N or/N some/N other/N index/N exactly/V ,/, some/N stocks/N are/N _OOV_/N or/N _OOV_/N in/N the/I portfolio/N ./.
One/V simple/V approach/V is/V to/V exclude/N S&P/N 500/N companies/N considered/N bankruptcy/N candidates/I ;/, this/V can/N avoid/N weak/N sisters/N ,/, but/V also/V can/N hurt/V when/V a/I company/N like/N Chrysler/N Corp./N rebounds/N ./.
Another/N approach/V :/N An/N investor/N with/I $/N 100/N million/N might/N use/N $/N 75/N million/N to/N buy/N the/I S&P/N 500/N index/N and/N spend/N the/I other/N $/N 25/N million/N on/N a/I favorite/N group/N of/I stocks/N ./.
_OOV_/N FUNDS/N :/N _OOV_/N can/N be/V constructed/N to/N serve/N social/N goals/N ,/, such/N as/I eliminating/V the/I stocks/N of/I companies/N doing/N business/N in/N South/N Africa/N ./.
Other/N funds/N have/N been/I designed/N to/N concentrate/N on/N stocks/N in/N a/I geographic/N area/N in/N order/N to/V encourage/N local/N investment/N ./.
Pennsylvania/N State/N Employees/N Retirement/N System/N ,/, for/V example/N ,/, has/V about/N $/N 130/N million/N invested/N in/N a/I fund/N of/I _OOV_/N companies/N that/N are/N either/N Pennsylvania-based/N or/N have/N 25/N %/N of/I their/N work/V forces/N in/I the/I state/N ./.
Short/N interest/N on/N the/I New/N York/N Stock/N Exchange/N declined/N for/N the/I second/N consecutive/N month/N ,/, this/V time/I 4.2/N %/N ,/, while/V the/I American/N Stock/N Exchange/N reported/N its/N third/N consecutive/N record/N month/N of/I short/N interest/N ./.
The/I Big/N Board/N reported/N that/N short/V interest/N dropped/N to/N _OOV_/N shares/N as/N of/I Oct./N 13/N from/I _OOV_/N shares/N in/I mid-September/N ./.
_OOV_/N short/V interest/N climbed/N 3/N %/N to/N _OOV_/N shares/N from/I _OOV_/N shares/N ./.
For/N the/I year-earlier/N month/N ,/, the/I Big/N Board/N reported/N _OOV_/N shares/N ,/, indicating/V a/I 13.5/N %/N _OOV_/N rise/N ,/, while/V the/I _OOV_/N reported/N _OOV_/N shares/N ,/, a/I 48/N %/N leap/N ./.
_OOV_/N short/V interest/N has/N been/V heading/N upward/V since/I mid-December/N ,/, with/I increases/N in/N each/V month/N since/I then/V except/V at/N _OOV_/N ./.
Traders/N who/N sell/N short/N borrow/V stock/N and/N sell/N it/V ,/, betting/V that/V the/I stock/N 's/, price/N will/N decline/N and/N that/N they/N can/V buy/N the/I shares/N back/V later/V at/N a/I lower/V price/N for/N return/V to/V the/I lender/N ./.
Short/N interest/N is/V the/I number/I of/I shares/N that/N have/V n't/, yet/V been/I purchased/N for/N return/V to/V lenders/N ./.
Although/N a/V substantial/N short/N position/V reflects/N heavy/N speculation/N that/V a/D stock/N 's/, price/N will/N decline/N ,/, some/N investors/N consider/N an/V increase/N in/N short/N interest/N bullish/N because/N the/I borrowed/D shares/N eventually/I must/N be/V bought/N back/V ./.
_OOV_/N in/N short/N interest/N of/I certain/N stocks/N also/N may/V be/V caused/N partly/N by/I _OOV_/N ./.
The/I figures/N occasionally/N include/N incomplete/I transactions/N in/N restricted/N stock/N ./.
The/V level/N of/I negative/N sentiment/N measured/N by/N the/I Big/N Board/N short/V interest/N ratio/N slipped/N to/N _OOV_/N from/I last/V month/N 's/, _OOV_/N ./.
The/V ratio/N is/V the/I number/I of/I trading/N days/N ,/, at/N the/I exchange/N 's/, average/N trading/N volume/N ,/, that/V would/V be/V required/V to/N convert/V the/I total/N short/N interest/N position/V ./.
Some/N analysts/V suggest/N ,/, however/V ,/, that/V the/I ratio/N has/N weakened/N in/I value/N as/N an/V indicator/N because/N options/N and/N other/N products/N can/N be/V used/V to/V hedge/N short/N positions/N ./.
_OOV_/N Corp./N led/N the/I Big/N Board/N list/N of/I largest/N short/N volumes/N with/I _OOV_/N shares/N ./.
_OOV_/N has/N proposed/N to/N acquire/N _OOV_/N Corp./N ,/, consisting/N of/I the/I auto/N parts/I division/N and/N some/N debt/N of/I _OOV_/N Corp./N ,/, for/I $/N _OOV_/N million/N of/I cash/N and/I securities/N ./.
Chemical/N Waste/N Management/N posted/N the/I biggest/N increase/N in/N short/N volume/N on/N the/I New/N York/N exchange/N ,/, up/V _OOV_/N shares/N to/N _OOV_/N ./.
Bristol-Myers/N Squibb/N Co./N ,/, the/D entity/N formed/N from/N the/I recent/N acquisition/N of/I Squibb/N Corp./N by/I Bristol-Myers/N Co./N ,/, logged/N the/I largest/N volume/N decline/N ,/, _OOV_/N shares/N ,/, to/N _OOV_/N ./.
Short/N interest/N in/I International/N Business/N Machines/N Corp./N plunged/N to/N _OOV_/N shares/N from/I _OOV_/N shares/N a/I month/N earlier/I ./.
Also/N closely/N watched/V is/I Exxon/N Corp./N ,/, where/V short/V interest/N slid/N to/N _OOV_/N shares/N from/I _OOV_/N ./.
On/N a/I percentage/V basis/N ,/, Germany/N Fund/N Inc./N led/N the/I gainers/N ,/, leaping/V to/N _OOV_/N shares/N from/I three/N shares/N ./.
_OOV_/N _OOV_/N Ltd./N led/N the/I percentage/I _OOV_/N ,/, dropping/V to/N 59/N shares/N from/I _OOV_/N ./.
The/I _OOV_/N short/N interest/N volume/N leader/N again/V was/I Texas/N Air/N Corp./N ,/, rising/I to/N _OOV_/N shares/N from/I _OOV_/N ./.
_OOV_/N Pharmaceutical/N Co./N posted/N the/I largest/N volume/N increase/N ,/, _OOV_/N shares/N ,/, to/N _OOV_/N ./.
The/I company/N is/N under/N an/I investigation/N concerning/I procedures/N to/N gain/N Food/N and/I Drug/N Administration/N approval/N of/I generic/N drugs/N ./.
_OOV_/N has/N denied/V any/N wrongdoing/N ./.
The/I largest/N volume/N drop/I --/N down/V _OOV_/N shares/N to/N _OOV_/N --/N came/I in/I shares/N represented/N by/I _OOV_/N Industries/N PLC/N 's/, American/N depositary/N receipts/N ./.
The/I company/N is/N facing/V a/I takeover/N proposal/N from/N the/I financier/N Sir/N James/N _OOV_/N ./.
First/N _OOV_/N Fund/N led/N the/I percentage/N increases/N ,/, rising/I to/N _OOV_/N shares/N from/I _OOV_/N ./.
Nelson/N Holdings/N International/N Ltd./N dropped/N the/I most/N on/N a/I percentage/V basis/N ,/, to/V 1,000/N shares/N from/I _OOV_/N ./.
The/I adjacent/N tables/N show/N the/I Big/N Board/N and/I _OOV_/N issues/N in/N which/I a/V short/N interest/N position/V of/I at/N least/I 100,000/N shares/N existed/N as/V of/I mid-October/N or/N in/I which/I there/N was/V a/I short/N position/V change/N of/I at/N least/I 50,000/N shares/N since/I mid-September/N ./.
Your/N Oct./N 12/N editorial/N ``/N _OOV_/N ,/, _OOV_/N _OOV_/N ?/, ''/N correctly/V states/N that/N I/, was/I critical/N of/I the/I Bush/N administration/N 's/, failure/N to/N have/N any/N plan/N in/N place/I to/V respond/N in/I a/I timely/N fashion/N to/V the/I opportunities/N to/V oust/N Manuel/N Noriega/N presented/V by/N the/I attempted/I military/N coup/N on/I Oct./N 3/N ./.
You/, are/N absolutely/V wrong/V ,/, however/V ,/, in/I _OOV_/N that/N this/V position/V is/V some/N kind/V of/I ``/N _OOV_/N ,/, ''/N something/V newly/N arrived/N at/N as/N a/V result/N of/I reading/N the/I opinion/N polls/N ./.
My/N position/V is/V one/N founded/N on/N both/N the/I facts/N and/N the/I law/N ./.
Although/N you/, may/V have/N forgotten/V ,/, public/N opinion/N about/N Gen./N Noriega/N is/V where/V it/V is/V in/I large/N measure/N because/N of/I my/V investigation/N of/I his/I years/N of/I involvement/N in/I narcotics/N smuggling/N -LRB-/N and/N simultaneous/N work/N as/V a/I U.S./N operative/N -RRB-/N ./.
The/I public/N made/N up/V its/I mind/N about/V Gen./N Noriega/N largely/N as/N a/V result/N of/I the/I hearings/N I/, chaired/N in/N the/I _OOV_/N on/I _OOV_/N and/I _OOV_/N of/I the/I Foreign/N Relations/N Committee/N on/I Feb./N 8/N ,/, 9/N ,/, 10/N and/I 11/N ,/, 1988/N ,/, and/V again/V on/N April/N 4/N ,/, 1988/N ./.
It/, was/I during/I those/N hearings/N that/N the/I nation/N first/N learned/V the/I breadth/N and/N depth/N of/I Gen./N Noriega/N 's/, criminality/N ,/, and/I of/I his/I enduring/I relationships/N with/V a/I variety/N of/I U.S./N government/N agencies/N ./.
Those/, hearings/N also/N highlighted/N how/V Gen./N Noriega/N was/I able/N to/V use/N his/V relationships/N with/V these/N agencies/N to/N delay/N U.S./N action/N against/N him/V ,/, and/V to/N exploit/N the/I administration/N 's/, obsession/N with/I overthrowing/N the/I _OOV_/N to/N protect/N his/V own/N _OOV_/N ./.
As/, former/N _OOV_/N to/N Costa/N _OOV_/N Francis/N J./N _OOV_/N testified/N before/V the/I subcommittee/N ,/, the/I Reagan/N administration/N knew/V that/N Gen./N Noriega/N was/I involved/N with/I narcotics/N ,/, but/V made/V a/I decision/N in/I the/I summer/N of/I 1986/N ``/N to/N put/V Gen./N Noriega/N on/N the/I shelf/N until/N _OOV_/N was/I settled/N ./, ''/N
As/, the/I report/N issued/N by/N the/I subcommittee/N concluded/N ,/, ``/N Our/N government/N did/N nothing/V regarding/N Gen./N Noriega/N 's/, drug/N business/N and/N substantial/N criminal/N involvement/N because/N the/I first/N priority/N was/N the/I _OOV_/N war/N ./.
This/N decision/N resulted/N in/I at/N least/I some/N drugs/N entering/N the/I United/N States/N as/N a/V hidden/I cost/N of/I the/I war/I ./, ''/N
Unfortunately/N ,/, this/V problem/N continued/N even/N after/I Gen./N Noriega/N 's/, indictment/N ./.
_OOV_/N 1988/N and/N this/V year/N ,/, I/, and/V others/N in/I Congress/N have/N pressed/V the/I U.S./N to/N develop/N a/I plan/N for/N pushing/V this/I ``/N _OOV_/N ''/N out/V of/I Panama/N ./.
_OOV_/N ,/, two/N administrations/N in/N a/I row/N have/N been/V unwilling/N and/V unable/N to/V develop/N any/N plan/N ,/, military/N or/N economic/N ,/, for/I supporting/N the/I Panamanian/N people/N in/I their/N attempts/V to/N restore/V democracy/I ./.
Sen./N John/N _OOV_/N -LRB-/N D./N ,/, _OOV_/N ./, -RRB-/N
For/N _OOV_/N ,/, these/N are/N tricky/V ,/, often/N treacherous/V ,/, times/V ./.
After/, years/N of/I hesitation/N ,/, economic/N and/N political/N reform/N was/N embraced/N at/N the/I end/V of/I 1986/N ,/, but/V ringing/V declarations/N have/N yet/V to/V be/V translated/N into/V much/V action/N ./.
Vietnam/N is/V finding/V that/N turning/V a/I stagnant/N socialist/N order/N into/V a/I dynamic/N free/N market/N does/N n't/, come/V easy/V ./.
Here/N is/V how/V three/N _OOV_/N are/N coping/N with/V change/N :/N
The/I Tire/N King/N
_OOV_/N Van/N _OOV_/N is/V living/N proof/N that/N old/V ways/N die/N hard/V ./.
Mr./N _OOV_/N used/N to/V be/V an/V oddity/N in/I _OOV_/N :/N a/I private/N entrepreneur/N ./.
His/, business/N success/N made/V him/V an/I official/N target/N in/I _OOV_/N days/N ./.
Mr./N _OOV_/N ,/, now/I 64/N years/N old/I ,/, invented/N a/I fountain/N pen/N he/V and/V his/I family/N produced/N from/I plastic/N waste/N ./.
Later/N ,/, he/D marketed/N glue/N ./.
Both/N products/N were/N immensely/V popular/N ./.
For/N his/V troubles/V ,/, Mr./N _OOV_/N was/I jailed/N three/N times/N between/I _OOV_/N and/I 1974/N ./.
Though/V his/D operation/N was/I registered/N and/N used/N only/I scrap/N ,/, he/V was/I accused/N of/I conducting/N illegal/N business/N and/N possessing/N illegal/N materials/N ./.
Once/, he/V was/V held/I for/I three/N months/N without/N being/V charged/N ./.
Things/N were/N supposed/V to/V change/V when/I Vietnam/N 's/, economic/N reforms/N gathered/I pace/V ,/, and/V for/I awhile/N they/N did/V ./.
After/, years/N of/I experimenting/N ,/, Mr./N _OOV_/N produced/N a/I heavy-duty/N bicycle/N tire/N that/N outlasted/V its/I _OOV_/N rival/N ./.
By/, 1982/N ,/, he/V was/V selling/N thousands/N of/I tires/N ./.
_OOV_/N published/N articles/N about/N him/V ,/, and/N he/V was/I hailed/I as/I ``/N the/I tire/N king/N ./, ''/N
His/V efforts/N earned/N a/I gold/N medal/N at/N a/I national/N exhibition/N --/N and/N attracted/N renewed/N attention/N from/I local/N authorities/N ./.
District/N police/N in/I 1983/N descended/N on/V his/I suburban/N home/N ,/, which/I he/V and/N his/V large/N family/N used/N as/N both/N residence/N and/N factory/N ,/, and/V demanded/I proof/N the/I house/N and/I equipment/N were/N his/V ./.
He/, produced/N it/N ./.
``/N That/, was/I the/I first/N time/V they/N lost/V and/N I/, won/N ,/, ''/N he/V says/V ./.
He/, was/I further/N questioned/V to/V determine/V if/N he/V was/I ``/N a/I real/I working/N man/V or/N an/I _OOV_/N ./, ''/N
_OOV_/N Mr./N _OOV_/N :/N ``/N When/, I/, showed/V it/V was/I from/I my/V own/N brain/V ,/, they/V lost/I for/N the/I second/N time/I ./, ''/N
But/, a/I few/V days/N later/N the/I police/N accused/N him/V of/I stealing/N electricity/N ,/, acquiring/I rubber/N without/V permission/N and/N buying/N stolen/N property/N ./.
_OOV_/N he/V was/V to/N be/N jailed/N again/V ,/, he/V fled/V to/V the/I countryside/N ./.
His/V family/N was/V given/I three/N hours/N to/V leave/V before/V the/I house/N and/N contents/N were/N confiscated/N ./.
With/N only/I the/I clothes/N they/N were/N wearing/N ,/, family/N members/N moved/N to/N a/V home/N owned/N by/I one/N of/I Mr./N _OOV_/N 's/, sons/N ./.
After/, six/N months/N on/N the/I run/N ,/, Mr./N _OOV_/N learned/V the/I order/N for/V his/I arrest/N had/V been/N canceled/N ./.
He/, rejoined/N his/I family/N in/I January/N 1984/N and/N began/N the/I long/I struggle/N for/I justice/N ,/, pressing/V everyone/V from/I _OOV_/N municipal/N officials/N to/N National/N _OOV_/N deputies/N for/V restoration/N of/I his/D rights/N ./.
He/, and/V his/I family/N kept/V afloat/N by/I repairing/N bicycles/N ,/, selling/N fruit/N and/N doing/V odd/V jobs/N ./.
Mr./N _OOV_/N achieved/N a/I breakthrough/N in/I 1987/N --/N and/N became/I a/I minor/I celebrity/N again/V --/N when/V his/V story/V was/I published/N in/N a/I weekly/N newspaper/N ./.
In/, 1988/N ,/, 18/N months/N after/N the/I sixth/N congress/N formally/N endorsed/N family-run/N private/N enterprise/N ,/, district/N authorities/N allowed/N Mr./N _OOV_/N to/N resume/V work/V ./.
By/N late/N last/N year/N he/V was/V invited/N back/V as/D ``/N the/I tire/N king/N ''/N to/V display/N his/V products/N at/N a/I national/N exhibition/N ./.
National/N leaders/N stopped/V by/N his/V stand/V to/V commend/N his/V achievements/N ./.
Mr./N _OOV_/N now/I produces/N 1,000/N bicycle/N and/N motorbike/N tires/N a/I month/N and/I 1,000/N tins/N of/I _OOV_/N glue/N in/I the/I son/N 's/, small/N house/N ./.
_OOV_/N people/N pack/V the/I house/N 's/, two/N rooms/V --/N the/I _OOV_/N ,/, four/N of/I their/N 10/N children/N with/D spouses/N ,/, and/I eight/N of/I 22/N grandchildren/N ./.
Most/V sleep/, on/V the/I floor/N ./.
Come/N daybreak/N ,/, eight/N family/N members/N and/I two/N other/N workers/N _OOV_/N a/I sheet/N of/I raw/N rubber/N that/N covers/N the/I floor/N of/I the/I house/N and/I spills/N out/V onto/V the/I street/N ./.
The/V primitive/I operations/N also/I burst/N out/V the/I back/V door/V into/V a/I small/N courtyard/N ,/, where/V an/V ancient/I press/N squeezes/N rubber/N solution/N into/V a/I flat/V strip/N and/I newly/N made/I tires/N are/N cooled/N in/N a/I bathtub/N filled/V with/I water/N ./.
Mr./N _OOV_/N talks/N _OOV_/N of/I expanding/N ,/, maybe/V even/V moving/I into/V the/I _OOV_/N field/N ./.
First/N ,/, however/V ,/, he/V has/V unfinished/N business/N ./.
When/, district/N authorities/N allowed/N him/V to/V resume/V manufacturing/N ,/, they/V released/N only/I one/N of/I his/D machines/N ./.
They/, did/V n't/, return/V the/I rubber/N stocks/N that/N represent/N his/D capital/N ./.
Nor/V did/V they/V return/V his/V house/N and/N contents/N ,/, which/I he/V values/V at/N about/N $/N _OOV_/N ./.
He/, wants/V to/V recover/V more/N than/N just/V his/V property/N ,/, though/V ./.
``/N I/, want/V my/V dignity/V back/V ,/, ''/N he/V says/V ./.
_OOV_/N _OOV_/N seemed/V an/V obvious/N choice/V when/V the/I _OOV_/N _OOV_/N Association/N was/I looking/V for/N a/I new/N editor/N to/N reform/N its/N weekly/N newspaper/N ,/, Van/N _OOV_/N ./.
After/, the/I sixth/N congress/N ,/, journalists/N seized/N the/I opportunity/N provided/N by/N the/I liberalization/N to/N probe/N previously/N taboo/N subjects/N ./.
Mr./N _OOV_/N ,/, 57/N years/N old/I ,/, had/I solid/N reformist/N credentials/N :/N He/, had/V lost/I his/D official/N position/N in/I the/I association/N in/N he/V early/N 1980s/N because/N he/V questioned/V the/I intrusion/N of/I politics/N into/N literature/V ./.
_OOV_/N editor/N in/I chief/N in/I July/N 1987/N ,/, Mr./N _OOV_/N rapidly/N turned/V the/I _OOV_/N Van/N _OOV_/N into/I Vietnam/N 's/, hottest/N paper/N ./.
_OOV_/N soared/N as/N the/I weekly/N went/N way/V beyond/I standard/N literary/N themes/N to/N cover/N _OOV_/N society/N and/N its/I ills/N ./.
_OOV_/N were/N electrified/N by/N the/I paper/N 's/, audacity/N and/V appalled/N by/N the/I dark/I side/V of/I life/N it/V uncovered/V ./.
One/, article/N recounted/N a/I decade-long/N struggle/N by/V a/I wounded/N soldier/N to/V prove/V ,/, officially/N ,/, he/V was/V alive/V ./.
Another/N described/V how/V _OOV_/N officials/N in/I _OOV_/N _OOV_/N province/N one/N night/N stormed/N through/V homes/N and/N confiscated/N rice/N from/I starving/N villagers/N ./.
The/I newspaper/N also/I ran/N a/I series/N of/I controversial/N short/N stories/V by/I _OOV_/N _OOV_/N _OOV_/N ,/, a/I former/N history/N teacher/N ,/, who/V stirred/V debate/N over/I his/V interpretation/I of/I _OOV_/N culture/N and/N took/V a/I thinly/N veiled/I swipe/N at/N writers/N who/N had/D blocked/N his/V entry/N into/N their/N official/N association/N ./.
Van/N _OOV_/N quickly/N made/V influential/N enemies/N ./.
``/N Those/N who/V manage/V ideology/N and/N a/I large/N number/I of/I writers/N reacted/N badly/N ''/N to/V the/I restyled/N paper/N ,/, says/V _OOV_/N _OOV_/N An/N ,/, a/V literary/I critic/N ./.
After/, months/N of/I internal/N _OOV_/N ,/, Mr./N _OOV_/N was/I fired/N last/N December/N ./.
His/V dismissal/N triggered/N a/I furor/N among/N intellectuals/N that/N continues/N today/N ./.
``/N Under/N Mr./N _OOV_/N ,/, Van/N _OOV_/N protected/N the/I people/N instead/N of/I the/I government/N ,/, ''/N says/V _OOV_/N _OOV_/N ,/, a/I poet/N who/N is/V the/I paper/N 's/, bureau/N chief/N for/I southern/N Vietnam/N ./.
``/N The/I paper/N reflected/I the/I truth/V ./.
For/N the/I leadership/N ,/, that/V was/V too/N painful/N to/V bear/V ./, ''/N
The/I `/N _OOV_/N '/N
_OOV_/N _OOV_/N _OOV_/N is/I Vietnam/N 's/, entrepreneur/N of/N the/I 1980s/N ./.
Her/N challenge/V is/N to/V keep/V her/V fledgling/N empire/I on/N top/N in/N the/I 1990s/N ./.
Mrs./N _OOV_/N did/V n't/, wait/V for/V the/I reforms/N to/N get/V her/V start/V ./.
She/, charged/N ahead/V of/I the/I government/N and/N the/I law/N to/V establish/I _OOV_/N City/N Food/N Co./N as/N the/I biggest/N rice/N dealer/N in/I the/I country/N ./.
Her/N success/V ,/, which/I included/N alleviating/N an/N urban/N food/N shortage/N in/N the/I early/N 1980s/N ,/, helped/V persuade/N _OOV_/N to/N take/V the/I reform/N path/V ./.
Her/N story/V is/V becoming/N part/I of/I local/N folklore/N ./.
A/N lifelong/N revolutionary/N with/N little/V education/N who/N fought/I both/N the/I French/N and/N the/I _OOV_/N _OOV_/N regime/N ,/, she/V switched/N effortlessly/N to/V commerce/N after/N the/I war/I ./.
Her/N instincts/V were/N capitalistic/N ,/, despite/N her/V background/N ./.
As/, she/V rode/V over/I regulations/N ,/, only/I her/V friendship/N with/I party/I leaders/N ,/, including/I _OOV_/N Van/N _OOV_/N ,/, then/V Ho/N Chi/N Minh/N City/N party/I secretary/N ,/, kept/V her/V out/V of/I jail/N ./.
Following/N Mr./N _OOV_/N 's/, appointment/N as/I _OOV_/N of/I the/I party/N at/N the/I sixth/N congress/N ,/, Mrs./N _OOV_/N has/N become/N the/I darling/N of/I ``/N doi/N moi/N ''/N ,/, the/I _OOV_/N version/N of/I perestroika/N ./.
The/I authorities/N have/N steered/N foreign/N reporters/N to/N her/V office/N to/N see/N an/I example/N of/I ``/N the/I new/N way/N of/I thinking/V ./, ''/N
Foreign/N publications/N have/N responded/N with/I articles/N declaring/N her/V Vietnam/N 's/, richest/N woman/N ./.
``/N Some/N people/N call/V me/N the/I communist/N billionaire/N ,/, ''/N she/V has/N told/V visitors/V ./.
Actually/N ,/, 67-year-old/N Mrs./N _OOV_/N is/V about/V as/I poor/N as/N almost/V everyone/V else/V in/I this/V impoverished/N land/N ./.
She/, has/N indeed/N turned/D _OOV_/N City/N Food/N into/V a/I budding/N conglomerate/N ,/, but/V the/I company/N itself/N remains/I state-owned/N ./.
She/, manages/N it/V with/V the/I title/N of/I _OOV_/N ./.
The/I heart/N of/I the/I business/N is/N the/I purchase/N of/I rice/N and/N other/N commodities/N ,/, such/N as/I corn/N and/N coffee/N ,/, from/I farmers/N in/N the/I south/N ,/, paying/N with/I fertilizer/N ,/, farm/N tools/N and/N other/N items/N ./.
Last/N year/N ,/, _OOV_/N City/N Food/N says/V it/V bought/N two/N million/N metric/N tons/N of/I _OOV_/N rice/N ,/, more/N than/N 10/N %/N of/I the/I country/N 's/, output/N ./.
The/I company/N operates/N a/I fleet/N of/I trucks/N and/I boats/N to/N transport/N the/I commodities/N to/N its/I warehouses/N ./.
A/N subsidiary/N company/N processes/N commodities/N into/N foods/N such/N as/N instant/N noodles/N that/N are/N sold/N with/I the/I rice/N through/N a/V vast/N retail/N network/N ./.
In/, recent/N years/N ,/, Mrs./N _OOV_/N has/N started/N to/N diversify/N the/I company/N ,/, taking/V a/I 20/N %/N stake/N in/I newly/N established/N ,/, partly/I private/N Industrial/N and/I Commercial/N Bank/N ,/, and/V setting/I up/V _OOV_/N _OOV_/N ,/, which/D owns/N and/I operates/N Vietnam/N 's/, first/N oil/N refinery/N ./.
Mrs./N _OOV_/N says/V _OOV_/N City/N Food/N last/N year/N increased/N pretax/N profit/N 60/N %/N to/N the/D equivalent/N of/I about/N $/N 2.7/N million/N on/N sales/N of/I $/N 150/N million/N ./.
She/, expects/V both/N revenue/N and/N profit/N to/N gain/N this/V year/N ./.
She/, is/V almost/I cavalier/N about/N the/I possibility/I Vietnam/N 's/, reforms/N will/N create/V rivals/I on/N her/V home/N turf/I ./.
``/N I/, do/V n't/, mind/V the/I competition/N inside/V the/I country/N ,/, ''/N she/V says/V ./.
``/N I/, am/N only/V afraid/V that/V with/D Vietnam/N 's/, _OOV_/N products/N we/N ca/N n't/, compete/N with/I neighboring/N countries/N ./.
The/I earthquake/N that/N hit/V the/I San/N Francisco/N Bay/N area/N is/V n't/, likely/V to/V result/N in/I wholesale/N downgrading/N of/I bond/N ratings/N ,/, officials/N at/N the/I two/N major/N rating/N agencies/N said/V ./.
Standard/N &/N Poor/N 's/, Corp./N is/V reviewing/N debt/N issued/N by/I 12/N California/N counties/N ,/, and/I ``/N there/N are/N potential/N isolated/N problems/N ,/, ''/N said/V _OOV_/N _OOV_/N ,/, a/I managing/N director/N ./.
The/I agency/N is/N preparing/N a/I report/N ,/, to/V be/N issued/N today/N ,/, on/V the/I earthquake/N 's/, impact/N on/N the/I and/I _OOV_/N industry/N ./.
The/V only/D securities/N so/N far/N to/V be/V singled/V out/V are/N those/N issued/N by/N Bay/N View/N Federal/N Savings/N &/N Loan/N ./.
Moody/N 's/, Investors/N Service/N Inc./N said/V it/V is/V reviewing/N ,/, with/I an/N eye/V toward/N a/V possible/N _OOV_/N ,/, the/I ratings/N on/N Bay/N View/N Federal/N bonds/N ,/, long-term/N deposits/N and/N the/I _OOV_/N rating/N of/I its/I parent/N company/N ,/, Bay/N View/N Capital/N Corp/N ./.
As/, for/I property/N and/N casualty/N insurers/N ,/, Moody/N 's/, said/V ``/N preliminary/N estimates/N suggest/N that/N losses/V should/N not/N have/N a/V significant/N impact/N on/N most/N insurers/N '/N financial/N condition/N ,/, ''/N but/N it/V ``/N raises/V concerns/N about/N potentially/N substantial/N risks/N ''/N longer-term/N ./.
``/N _OOV_/N from/I the/I earthquake/N are/N expected/V to/N be/V of/I similar/N magnitude/N to/N those/V of/I Hurricane/N Hugo/N ,/, ''/N according/V to/N Moody/N 's/, ./.
Your/N Oct./N 5/N editorial/N ``/N A/N Democratic/N Tax/N _OOV_/N ''/N contained/I an/I error/N ./.
In/, the/I third/N paragraph/N it/V referred/V to/V the/D senators/N seeking/N loophole/N suggestions/N from/I lobbyists/N for/N various/N sectors/N of/N the/I economy/N ./.
Among/N them/V ,/, ``/N banana/N farmers/N ./, ''/N
The/V only/I significant/N commercial/N banana/N farmers/N in/N the/I U.S./N are/N in/I Hawaii/N ./.
The/I Hawaii/N _OOV_/N Industry/N Association/N ,/, to/V which/I nearly/V all/N of/I them/N belong/V ,/, has/V no/I lobbyist/N ./.
Thomas/N _OOV_/N Reese/N _OOV_/N ./.
_OOV_/N _OOV_/N Co/N ./.
Western/N Digital/N Corp./N reported/N a/I net/N loss/N of/I $/N 2.7/N million/N ,/, or/N nine/N cents/N a/I share/N ,/, for/V its/N first/N quarter/N ended/I Sept./N 30/N ,/, citing/N factors/N as/N varied/N as/I hurricane/N damage/N ,/, an/V advance/I in/I graphics/N technology/N and/N the/I strengthening/I dollar/N ./.
In/, the/I year-ago/N period/I ,/, the/I company/N earned/N $/N 12.9/N million/N ,/, or/N 45/N cents/N a/I share/N ,/, on/I sales/N of/I $/N 247/N million/N ./.
Sales/N for/N the/I _OOV_/N period/I fell/N to/N about/N $/N 225/N million/N ,/, the/I maker/N of/I computer/N parts/N said/V ./.
_OOV_/N ,/, Chairman/N _OOV_/N W./N Johnson/N said/V he/V expects/V the/I company/N to/N be/V profitable/N in/N the/I current/N quarter/N ./.
``/N We/, are/N positioned/V to/V come/V through/V ,/, ''/N he/V said/V ,/, noting/V that/V the/I company/N 's/, backlog/N was/N up/V from/V the/I previous/I quarter/N ./.
In/, its/I second/N quarter/N last/N year/N ,/, Western/N Digital/N earned/N $/N _OOV_/N million/N ,/, or/N 44/N cents/N a/I share/N ,/, on/I sales/N of/I $/N _OOV_/N million/N ./.
Mr./N Johnson/N said/V Western/N Digital/N 's/, plant/N in/I Puerto/N Rico/N was/I affected/N by/I Hurricane/N Hugo/N ,/, losing/I three/N days/N '/N production/N because/N of/I the/I storm/N ,/, which/D wrecked/N much/N of/I the/I Caribbean/N island/N 's/, infrastructure/N ./.
Although/N the/I plant/N itself/N was/V n't/, damaged/N ,/, Mr./N Johnson/N said/V millions/V of/I dollars/N in/I first-quarter/N revenue/N were/N lost/I ./.
The/I revenue/N will/N be/V regained/I in/N the/I current/N period/I ,/, he/V added/N ./.
There/, are/N no/V plans/N to/N initiate/V a/V common/N stock/N dividend/N ,/, Mr./N Johnson/N said/V ,/, explaining/V that/V the/I board/N continues/N to/N believe/V shareholders/N are/N best/V served/N by/I _OOV_/N excess/N cash/N ./.
Mr./N Johnson/N said/V the/I first-quarter/N loss/N also/N heavily/N reflected/I a/I rapid/N change/N in/I graphics/N technology/N that/N left/V reseller/N channels/N with/N too/V many/N of/I the/I old/D computer/N graphics/N boards/N and/N too/V few/V new/N monitors/N compatible/N with/I the/I new/N graphics/N boards/N ./.
Western/N Digital/N does/N n't/, make/V the/I monitors/N ./.
An/N accelerating/N move/V by/V personal/N computer/N manufacturers/N '/N to/V include/N advanced/N graphics/N capabilities/N as/N standard/N equipment/N further/N dampened/N reseller/N purchases/N of/I Western/N Digital/N 's/, equipment/N ./.
``/N The/V other/N areas/N of/I the/I business/N --/N storage/N and/N microcomputers/N --/N were/N very/N good/V ,/, ''/N Mr./N Johnson/N said/V ./.
He/, said/V Western/N Digital/N has/N reacted/N swiftly/V to/V the/I movement/N to/N video/N graphics/N array/N ,/, _OOV_/N ,/, graphics/N technology/N from/N the/I old/D enhanced/N graphics/N adapter/N ,/, _OOV_/N ,/, which/I has/N a/I lower/V resolution/N standard/N ,/, technology/N and/N now/I is/I one/N of/I the/I leading/N producers/N of/I these/N newer/I units/N ./.
Other/N makers/N of/I video/N controller/N equipment/N also/N were/N caught/V in/I the/I _OOV_/N shift/I ,/, he/V said/V ,/, ``/N but/N we/, were/N able/N to/V respond/N much/N more/N quickly/V ./, ''/N
Still/N ,/, Mr./N Johnson/N said/V ,/, ``/N our/V stock/N is/V grossly/N undervalued/N ./, ''/N
He/, said/V the/I company/N has/N cut/V operating/N expenses/N by/N about/N 10/N %/N over/I the/I last/N few/I quarters/N ,/, while/V maintaining/N research/N and/N development/N at/N about/N 8/N %/N to/N 9/N %/N of/I sales/N ./.
As/, part/I of/I its/I reorganization/N this/N week/N ,/, Western/N Digital/N has/N divided/I its/I business/N into/I two/N segments/I --/N storage/N products/N ,/, including/N controllers/N and/N disk/N drives/N ;/, and/I microcomputer/N products/N ,/, which/I include/N graphics/N ,/, communications/N and/N peripheral/N control/N chips/N ./.
Graphics/N ,/, communications/N and/N peripheral/N control/N chips/N were/N combined/N because/N ,/, increasingly/N ,/, multiple/I functions/N are/N being/V governed/N by/N a/I single/I chip/N ./.
_OOV_/N ,/, which/I includes/N computer/N controllers/N and/I _OOV_/N disk/N drives/N ,/, represents/V nearly/I two-thirds/N of/I the/I company/N 's/, business/N ./.
_OOV_/N drives/N ,/, which/I allow/N a/I computer/N to/N access/N its/N memory/N ,/, generated/N 38/N %/N more/N revenue/N in/N the/I most/N recent/N period/I compared/I with/I the/I fiscal/N first/N quarter/N a/I year/N earlier/I ./.
Computer/N parts/N are/N getting/V ever/V smaller/I ,/, Mr./N Johnson/N said/V ,/, a/I shrinking/V that/N has/I propelled/N laptops/N into/N position/V as/V the/I _OOV_/N segment/N of/I the/I computer/N business/N ./.
As/, smaller/I and/N more/N powerful/N computers/N continue/N to/V be/V the/I focus/N of/I the/I industry/N ,/, he/V said/V ,/, Western/N Digital/N is/N strengthening/N development/N of/I laptop/N parts/N ./.
Next/N year/N Western/N Digital/N plans/N to/N consolidate/N its/I operations/N from/I 11/N buildings/N in/I _OOV_/N into/I two/N buildings/N in/N the/I same/I _OOV_/N new/N headquarters/N and/N ,/, a/D block/N away/V ,/, a/V modern/I $/N 100/N million/N silicon/N wafer/N fabrication/N plant/N ./.
The/I plan/N will/N help/N the/I company/N in/N its/N existing/I joint/N manufacturing/N agreement/N with/I AT&T/N ./.
About/N half/N of/I Western/N Digital/N 's/, business/N is/I overseas/N ,/, and/I Mr./N Johnson/N expects/V that/N proportion/N to/N continue/N ./.
_OOV_/N to/N dissolve/N many/N of/I the/I trade/N barriers/N within/N Europe/N in/I 1992/N creates/V significant/N opportunities/N for/N the/I company/N ,/, he/V said/V ,/, particularly/N since/I Western/N Digital/N already/I manufactures/N there/N ./.
Capitalizing/N on/N that/N presence/N ,/, Western/N Digital/N is/N launching/N a/I major/N effort/N to/N develop/N the/I embryonic/N reseller/N market/N in/I Europe/N ./.
_OOV_/N of/I state-owned/N Banca/N _OOV_/N del/N _OOV_/N approved/N a/I _OOV_/N _OOV_/N transaction/N and/N a/I change/N in/N the/I bank/N 's/, rules/N that/N will/V help/N it/V operate/N more/N like/V a/I private-sector/N institution/N ./.
Until/N now/I ,/, _OOV_/N 's/, top/N managers/N and/N its/I directors/N have/N been/I appointed/N by/N a/I Treasury/N decree/N ./.
But/, under/N the/I bank/N 's/, proposed/N statutes/N ,/, an/I assembly/N of/I shareholders/N must/N approve/N board/N members/N ./.
The/I bank/N 's/, chairman/N and/N director/N general/N ,/, who/V also/I sit/V on/V the/I board/N ,/, still/V would/V be/V appointed/N by/N the/I Treasury/N ./.
_OOV_/N ,/, which/I is/V controlled/N by/N the/I Italian/N Treasury/N ,/, was/I rocked/N by/N the/I disclosure/N last/N month/N that/N its/I Atlanta/N branch/N extended/N more/N than/N $/N 3/N billion/N in/N unauthorized/N credits/N to/N _OOV_/N ./.
The/I ensuing/I scandal/N ,/, in/I which/I the/I bank/N 's/, management/N resigned/N ,/, has/I helped/N renew/V calls/N for/I privatization/N ,/, or/N at/N least/I an/I overhaul/N ,/, of/I Italy/N 's/, banking/N system/N ,/, which/I is/V about/N 80/N %/N _OOV_/N ./.
In/, a/I related/N move/V ,/, the/I bank/N also/I proposed/N that/N board/N representation/N be/N linked/N more/N closely/N to/V the/I bank/N 's/, new/N shareholding/N structure/N ./.
_OOV_/N called/V a/I shareholders/N '/N assembly/N meeting/N in/I December/N to/V vote/N on/N the/I proposals/N ./.
_OOV_/N has/N about/N 75,000/N _OOV_/N shares/N that/N are/N listed/N on/N the/I Milan/N Stock/N Exchange/N ./.
The/I shares/N were/N suspended/N from/I trading/N following/I disclosure/N of/I the/I Atlanta/N scandal/N ;/, _OOV_/N ,/, the/I stock/N exchange/N regulatory/N body/N ,/, reportedly/V will/N decide/V soon/V whether/N to/V end/V the/I trading/N suspension/N ./.
Switzerland/N 's/, wholesale/N price/N index/N increased/N 0.3/N %/N in/I September/N from/I August/N ,/, and/I was/V up/I 3.9/N %/N from/I a/I year/N ago/N ,/, marking/N the/I first/N time/I this/V year/N that/N the/I index/N has/N fallen/V below/N 4/N %/N on/N a/I _OOV_/N basis/N ,/, the/I government/N reported/N ./.
The/I government/N attributed/I the/I 0.3/N %/N _OOV_/N rise/N in/N the/I index/N largely/N to/N higher/N energy/N prices/N ./.
In/, August/N ,/, the/I index/N was/N up/I 0.2/N %/N from/I the/I previous/I month/N ,/, and/I was/V up/I 4.5/N %/N on/N a/I _OOV_/N basis/N ./.
The/I wholesale/N price/N index/N ,/, based/N on/N 1963/N as/I 100/N ,/, was/I _OOV_/N in/I September/N ./.
American/N Express/N Co./N posted/N a/I 21/N %/N increase/N in/N third/N quarter/N net/N income/N despite/N a/V sharp/I rise/I in/I reserves/N for/I Third/N World/N loans/N at/N its/I banking/N unit/N ./.
Aided/N by/N a/I sharp/I gain/N in/I its/N travel/N business/N ,/, American/N Express/N said/V net/N rose/N to/N $/N _OOV_/N million/N ,/, or/N 77/N cents/N a/I share/N ,/, from/I $/N _OOV_/N million/N ,/, or/N 64/N cents/N a/I share/N ./.
The/I year-earlier/N figures/N included/I $/N _OOV_/N million/N ,/, or/N three/N cents/N a/I share/N ,/, in/I income/N from/I discontinued/N operations/N ./.
Income/N from/I continuing/N operations/N was/N up/I 26/N %/N ./.
Revenue/N rose/N 24/N %/N to/N $/N 6.5/N billion/N from/I $/N _OOV_/N billion/N ./.
The/V travel/N ,/, investment/N services/N ,/, insurance/N and/N banking/N concern/N added/I $/N 110/N million/N to/N reserves/N for/N credit/N losses/N at/N its/I American/N Express/N Bank/N unit/N ,/, boosting/N the/I reserve/N to/N $/N _OOV_/N million/N as/N of/I Sept./N 30/N ./.
The/I bank/N 's/, Third/N World/N debt/N portfolio/N totals/N $/N _OOV_/N million/N ,/, down/V from/I $/N 2.2/N billion/N at/N the/I end/V of/I 1986/N ./.
The/I bank/N charged/N off/V $/N 53/N million/N in/I loans/N during/N the/I quarter/N ./.
At/N the/I American/N Express/N Travel/N Related/N Services/N Co./N unit/N ,/, net/N rose/N 17/N %/N to/N a/V record/N $/N _OOV_/N million/N on/N a/I 19/N %/N revenue/N increase/N ./.
The/I figures/I exclude/N businesses/N now/I organized/N as/I American/N Express/N Information/N Services/N Co/N ./.
American/N Express/N card/V charge/N volume/N rose/N 12/N %/N ./.
Travel/N sales/N rose/N 11/N %/N ,/, led/I by/I gains/N in/N the/I U.S/N ./.
At/N _OOV_/N Financial/N Services/N ,/, the/I financial/N planning/N and/N mutual/N fund/N unit/N ,/, net/N rose/N 19/N %/N to/N a/V record/N $/N _OOV_/N million/N on/N a/I 33/N %/N revenue/N gain/N ./.
_OOV_/N owned/N or/N managed/V rose/N 20/N %/N to/N $/N 45/N billion/N ,/, and/I mutual/N fund/N sales/N rose/N 45/N %/N in/I the/I quarter/N to/N $/N _OOV_/N million/N ./.
American/N Express/N Bank/N earnings/N fell/N 50/N %/N to/N $/N _OOV_/N million/N from/I $/N _OOV_/N million/N despite/N a/I 29/N %/N revenue/N gain/N ./.
The/V results/N include/N $/N 106/N million/N of/I tax/N benefits/N associated/N with/V previous/I years/N '/N Third/N World/N loan/N activity/N ,/, compared/I with/I $/N 15/N million/N a/I year/N earlier/I ./.
Profit/N rose/N 38/N %/N at/N American/N Express/N Information/N Services/N to/N $/N _OOV_/N million/N ./.
Shearson/N Lehman/N Hutton/N Holdings/N Inc./N ,/, as/V previously/I reported/N ,/, had/D net/N of/I $/N _OOV_/N million/N ,/, reversing/V a/I $/N 3.5/N million/N loss/N a/I year/N earlier/I ;/, its/I latest/N results/N include/N a/I $/N 37/N million/N gain/N from/V the/I sale/N of/I an/I institutional/N money/N management/N business/N ./.
American/N Express/N 's/, share/N of/I Shearson/N 's/, earnings/N was/I $/N 41/N million/N ,/, after/V preferred/N stock/N dividends/N ;/, it/V owns/N about/N 68/N %/N of/I Shearson/N 's/, common/N ./.
For/N the/I nine/N months/N ,/, American/N Express/N said/V net/N rose/N 11/N %/N to/N $/N _OOV_/N million/N ,/, or/N $/N _OOV_/N a/I share/N ,/, from/I $/N _OOV_/N million/N ,/, or/N $/N _OOV_/N a/I share/N ./.
Revenue/N rose/N 24/N %/N to/N $/N _OOV_/N billion/N from/I $/N _OOV_/N billion/N ./.
_OOV_/N Inc./N ,/, hampered/N by/N a/I slowdown/N in/N its/I defense/N sales/N ,/, reported/N an/I 8/N %/N decline/N in/I per-share/N earnings/N on/N nearly/I flat/V revenue/N for/N its/I third/N quarter/N ./.
The/I aerospace/N and/N financial/N services/N concern/N said/V net/N income/N fell/N 5/N %/N to/N $/N _OOV_/N million/N from/I $/N 62.8/N million/N ./.
Revenue/N of/I $/N _OOV_/N billion/N was/N almost/I unchanged/I from/I last/N year/N 's/, $/N _OOV_/N billion/N ./.
Per-share/N net/N of/I 66/N cents/N ,/, down/V from/I 72/N cents/N ,/, fell/V by/N more/N than/N overall/I net/N because/N of/I more/N shares/N outstanding/N ./.
The/I company/N said/V that/V improved/N results/N in/N its/I financial-services/N sector/N were/N negated/N by/N increased/N costs/N in/N its/I government/N contract/N business/N ,/, lower/V operating/N earnings/N in/N its/I _OOV_/N sector/N and/N soft/N automotive/N markets/N ./.
Net/N was/I aided/N by/N a/I lower/V income/N tax/N rate/N ./.
Profit/N before/V taxes/N fell/N 17/N %/N to/N $/N _OOV_/N million/N from/I $/N _OOV_/N million/N ./.
For/N the/I nine/N months/N ,/, _OOV_/N reported/N net/N of/I $/N _OOV_/N million/N ,/, or/N $/N 2.06/N a/I share/N ,/, on/I revenue/N of/I $/N _OOV_/N billion/N ./.
A/N year/N ago/N ,/, net/N was/I $/N _OOV_/N million/N ,/, or/N $/N _OOV_/N a/I share/N ,/, on/I revenue/N of/I $/N 5.3/N billion/N ./.
The/I _OOV_/N results/N included/N a/I $/N 9.5/N million/N special/N charge/N in/I 1989/N for/N an/I arbitration/N settlement/N related/N to/N past/N export/N sales/N ,/, and/I $/N _OOV_/N million/N in/N extraordinary/I charges/N in/I 1988/N related/N to/N a/I former/N line/N of/I business/N and/N early/N redemption/V of/I debt/N ./.
_OOV_/N said/V that/N _OOV_/N '/N results/N do/N n't/, include/N earnings/N of/I _OOV_/N PLC/N ,/, a/I British/N maker/N of/I industrial/N _OOV_/N ,/, but/V do/V include/N interest/N costs/N of/I $/N _OOV_/N million/N on/N borrowings/I related/N to/N the/I proposed/N purchase/N of/I _OOV_/N ./.
A/N federal/N judge/N has/I issued/N a/I preliminary/N injunction/N against/N the/D purchase/N because/N of/I Federal/N Trade/N Commission/N concerns/N that/N the/I transaction/N would/N reduce/N competition/N in/N the/I production/N of/I two/N kinds/N of/I rivets/N ./.
For/N the/I quarter/N ,/, _OOV_/N said/V aerospace/N revenue/N ,/, including/I _OOV_/N helicopter/N and/N _OOV_/N manufacture/N ,/, declined/I _OOV_/N %/N to/N $/N _OOV_/N million/N from/I $/N _OOV_/N million/N ,/, an/V indication/I of/I slowing/N government/N defense/N work/N ./.
As/, the/I _OOV_/N brothers/N '/N personal/V bankruptcy/N cases/N _OOV_/N into/N their/N second/N year/N ,/, _OOV_/N S.A./N has/I proposed/N a/I deal/N to/N settle/V its/I huge/N claim/N against/N the/I troubled/N Texas/N oil/N men/N ./.
But/, the/I plan/N only/I threatens/N to/V heighten/N the/I tension/N and/N confusion/V already/V surrounding/N the/I cases/N that/N were/N filed/N in/N September/N 1988/N ./.
The/I _OOV_/N mineral/N concern/N 's/, $/N _OOV_/N million/N claim/N stems/V from/I 1988/N jury/N award/N in/N a/I case/N stemming/N from/I the/I brothers/N '/N alleged/N attempts/N to/V corner/N the/I _OOV_/N silver/N market/N ./.
_OOV_/N now/I says/V it/V is/V willing/N to/V settle/V for/V up/V to/N $/N _OOV_/N million/N from/I each/V brother/N ,/, although/N the/I actual/N amount/N would/N probably/V be/N much/N less/N ./.
Although/N the/I proposal/N must/N be/N approved/N by/I federal/N Judge/N Harold/N C./N _OOV_/N ,/, W./N Herbert/N _OOV_/N has/N agreed/N to/N the/I _OOV_/N mineral/N concern/N 's/, proposal/N ./.
Nelson/N _OOV_/N _OOV_/N is/V considering/V it/V ,/, although/N his/D attorney/N says/V he/V wo/V n't/, do/V it/V if/V the/I proposal/N _OOV_/N a/I tentative/N settlement/N he/V has/N reached/N with/I the/I Internal/N Revenue/N Service/N ,/, which/D claims/N the/I brothers/N owe/V $/N 1/N billion/N in/N back/V taxes/N and/N is/V by/N far/N the/I biggest/N creditor/N in/N both/N cases/N ./.
The/V tentative/I agreement/N between/N the/I _OOV_/N and/I Nelson/N _OOV_/N _OOV_/N is/V awaiting/N U.S./N Justice/N Department/N approval/N ./.
Under/N it/V ,/, the/I former/N billionaire/N 's/, assets/N would/N be/V liquidated/N with/N the/I _OOV_/N getting/V 80/N %/N of/I the/I proceeds/N and/N the/I rest/I being/V divided/I among/N other/N creditors/N ,/, including/I _OOV_/N and/I Manufacturers/N _OOV_/N Trust/N Co./N ,/, which/I is/V seeking/N repayment/N of/I a/I $/N 36/N million/N loan/N ./.
A/N _OOV_/N proposal/N has/N been/N made/V in/N the/I W./N Herbert/N _OOV_/N case/N although/N he/V and/V the/I _OOV_/N are/N at/N odds/V over/I the/I size/N of/I the/I _OOV_/N debt/N he/V would/V have/N to/V pay/N to/N the/I government/N from/N future/I earnings/N ./.
In/, both/N cases/N ,/, _OOV_/N and/I Manufacturers/N _OOV_/N have/N been/V fighting/N ferociously/N over/I their/N shares/N of/I the/I pie/N ./.
With/N support/N from/N the/I _OOV_/N ,/, Manufacturers/N _OOV_/N has/N filed/N suit/N asking/V Judge/N _OOV_/N to/N subordinate/I _OOV_/N 's/, claim/N to/V those/V of/I _OOV_/N _OOV_/N and/N the/I _OOV_/N ./.
_OOV_/N has/N threatened/N a/I ``/N volcano/N ''/N of/I litigation/N if/N the/I Manufacturers/N _OOV_/N Corp./N unit/N attempts/N to/N force/N such/N a/I plan/N through/N the/I court/N ./.
_OOV_/N said/V it/V would/V n't/, pursue/N such/N litigation/N if/N its/I settlement/N plan/N in/N the/I W./N Herbert/N _OOV_/N case/N is/V approved/N by/I Judge/N _OOV_/N ,/, who/V will/V consider/N the/I proposal/N at/N a/I hearing/N next/V week/N ./.
_OOV_/N attorney/N Thomas/N _OOV_/N _OOV_/N the/I plan/N as/N one/N step/N toward/N an/N overall/I settlement/N of/I the/I W./N Herbert/N _OOV_/N case/N but/N Hugh/N Ray/N ,/, attorney/N for/I Manufacturers/N _OOV_/N ,/, called/V it/V ``/N silly/V ''/N and/N said/V he/V would/V fight/V it/V in/I court/N ./.
``/N The/V thing/V is/V so/V fluid/N right/V now/V that/N there/V 's/, really/V no/V way/V to/V say/V what/V will/V happen/V ,/, ''/N says/V Justice/N Department/N attorney/N _OOV_/N _OOV_/N III/N ,/, who/V represents/V the/I _OOV_/N in/N the/I case/N ./.
``/N Developments/N like/N this/V are/N hard/V to/V predict/V ./.
Banc/N One/, Corp./N said/V it/V agreed/N in/I principle/N to/V buy/N five/N branch/N offices/N from/I _OOV_/N Inc./N ,/, Toledo/N ,/, Ohio/N ,/, following/I the/I planned/N merger/N of/I _OOV_/N into/I Society/N Corp./N ,/, Cleveland/N ./.
The/I five/N offices/N in/I Erie/N and/I _OOV_/N counties/N in/I northern/N Ohio/N have/N total/N assets/N of/I about/N $/N 88/N million/N ,/, Banc/N One/V said/V ./.
The/I purchase/N price/N will/N be/V established/N after/N Banc/N One/N has/V an/N opportunity/N to/V study/N the/I quality/N of/I the/I assets/N ,/, Banc/N One/V said/V ./.
Society/N Corp./N already/V has/I branches/N in/N the/I area/N ,/, and/I selling/N the/I _OOV_/N offices/N could/N avoid/N a/V problem/N with/I regulators/N over/I excessive/N concentration/N of/I banking/N in/N the/I two/N counties/N after/N the/I merger/N of/I _OOV_/N into/I Society/N ,/, according/V to/N industry/N sources/N ./.
The/I merger/N is/N scheduled/N to/N take/V place/V in/I the/I 1990/N first/N quarter/N ./.
_OOV_/N fears/N and/N relatively/N more/N attractive/N interest/N rates/N pushed/I _OOV_/N mutual/N fund/N assets/N up/I $/N _OOV_/N billion/N in/N the/I latest/N week/N ,/, the/I sharpest/N increase/N in/N almost/I two/N years/N ./.
The/I _OOV_/N funds/N tracked/N by/N the/I Investment/N Company/N Institute/N ,/, a/I _OOV_/N trade/N group/N ,/, rose/N to/N $/N _OOV_/N billion/N ,/, a/I record/N ./.
The/I $/N _OOV_/N billion/N increase/N was/I the/I strongest/I weekly/N inflow/N since/I January/N 1988/N ./.
The/I increase/N was/I spread/N fairly/N evenly/I among/N all/N three/N types/N of/I funds/N ./.
Individual/N investors/N ,/, represented/I in/I the/I _OOV_/N and/I broker-dealer/N fund/N categories/N ,/, pulled/V money/N from/I the/I stock/N market/N after/N its/I big/N drop/V last/V Friday/N and/N put/V the/I money/N into/D funds/N ,/, said/V _OOV_/N _OOV_/N ,/, vice/N president/N and/I chief/N economist/N of/I the/I Institute/N ./.
``/N _OOV_/N investors/N ,/, on/N the/I other/N hand/N ,/, reacted/N to/N the/I steep/V decline/N in/I yields/N on/N direct/I _OOV_/N instruments/I following/I the/I _OOV_/N decline/N last/V Friday/N ,/, ''/N Mr./N _OOV_/N said/V ./.
Yields/N on/N money/N funds/N dropped/N in/N the/I week/N ended/N Tuesday/N ,/, according/V to/N _OOV_/N 's/, Money/N Fund/N Report/N ,/, a/I _OOV_/N ,/, Mass./N ,/, newsletter/N ./.
The/V average/N _OOV_/N compounded/N yield/N fell/N to/N _OOV_/N %/N from/I 8.60/N %/N the/I week/N earlier/I ,/, _OOV_/N 's/, said/V ./.
At/N the/I auction/N of/I six-month/N U.S./N Treasury/N bills/N on/N Monday/N ,/, the/I average/N yield/N fell/N to/N _OOV_/N %/N from/I _OOV_/N %/N ./.
Likewise/N ,/, certificates/N of/I deposit/N on/N average/N posted/N lower/N yields/N in/N the/I week/N ended/N Tuesday/N ./.
The/I _OOV_/N _OOV_/N money/N funds/N rose/N $/N _OOV_/N billion/N to/N $/N _OOV_/N billion/N ./.
The/I _OOV_/N _OOV_/N funds/N increased/N $/N _OOV_/N billion/N to/N $/N _OOV_/N billion/N ,/, while/D 96/N broker-dealer/N funds/N increased/N $/N 1.3/N billion/N to/N $/N _OOV_/N billion/N ./.
Domestic/N lending/N for/N real/I estate/N and/N property/N development/N was/N the/I source/N of/I Bank/N _OOV_/N Malaysia/N _OOV_/N 's/, most/N recent/N spate/N of/I financial/N troubles/N ,/, the/I institution/N 's/, executive/N chairman/N ,/, _OOV_/N _OOV_/N _OOV_/N ,/, said/V ./.
Speaking/N to/V reporters/N this/N week/N after/I Bank/N _OOV_/N 's/, shareholders/N approved/N a/I rescue/N plan/N ,/, _OOV_/N _OOV_/N _OOV_/N said/V heavy/N lending/N to/N the/I property/N sector/N rocked/N the/I bank/N when/V property/N prices/N in/I Malaysia/N plummeted/N in/I _OOV_/N ./.
He/, said/V the/I bank/N could/N n't/, wait/V any/N longer/V for/I prices/N to/N recover/V and/N for/I borrowers/N to/N service/N their/N loans/N ./.
So/, the/I bank/N 's/, board/N decided/V to/N make/N 1.23/N billion/N _OOV_/N dollars/N -LRB-/N US$/N _OOV_/N million/N -RRB-/N in/I provisions/N for/N interest/N payments/N from/I loans/N previously/N recorded/N as/I revenue/N but/N never/V actually/V received/N by/N the/I bank/N ,/, and/V to/N submit/N a/I bailout/N package/N to/N replenish/V the/I bank/N 's/, _OOV_/N capital/N ./.
The/I predicament/N ,/, he/V added/N ,/, was/V similar/N to/V the/I Hong/N Kong/N _OOV_/N _OOV_/N collapse/N ,/, which/I exposed/N the/I involvement/N of/I Bank/N _OOV_/N 's/, former/N subsidiary/N in/N the/I colony/N in/I the/I largest/N banking/N scandal/N in/I Malaysia/N 's/, history/N ./.
The/I subsidiary/N ,/, _OOV_/N Malaysia/N Finance/N Ltd./N ,/, was/I left/V with/D _OOV_/N _OOV_/N billion/N in/N bad/V loans/N made/N to/N Hong/N Kong/N property/N speculators/N ./.
Both/N episodes/N wiped/V out/V Bank/N _OOV_/N 's/, shareholders/N '/N funds/N ./.
Each/N time/V ,/, the/I bank/N 's/, 90/N %/N shareholder/N --/N _OOV_/N _OOV_/N _OOV_/N ,/, or/N _OOV_/N ,/, the/I national/N oil/N company/N --/N has/N been/V called/N upon/V to/V rescue/N the/I institution/N ./.
In/, five/N years/N ,/, _OOV_/N ,/, which/I became/I the/I dominant/N shareholder/N in/N a/I 1984/N rescue/N exercise/N ,/, has/I spent/N about/N _OOV_/N 3.5/N billion/N to/N prop/N up/V the/I troubled/N bank/N ./.
_OOV_/N _OOV_/N _OOV_/N said/V the/I capital/N restructuring/N plan/N has/N been/I approved/N by/I Malaysia/N 's/, Capital/N _OOV_/N Committee/N and/N central/N bank/N ./.
Malaysia/N 's/, High/N Court/N is/V expected/V to/N approve/N the/I plan/N ./.
Once/, the/I plan/N is/I approved/N ,/, _OOV_/N _OOV_/N _OOV_/N said/V ,/, most/N of/I Bank/N _OOV_/N 's/, _OOV_/N loans/N will/N have/N been/V fully/I provided/N for/N and/N the/I bank/N will/N be/V on/V track/N to/V report/N a/I pretax/N profit/N of/I between/I _OOV_/N 160/N million/N and/I _OOV_/N 170/N million/N for/N the/I fiscal/N year/N ending/V March/N 31/N ./.
For/N the/I previous/I financial/N year/N ,/, the/I bank/N would/N have/N reported/N a/I pretax/N profit/N of/I _OOV_/N _OOV_/N million/N if/N it/V had/V n't/, made/I provisions/N for/N the/I _OOV_/N loans/N ,/, he/V said/V ./.
Malaysia/N 's/, Banking/N _OOV_/N Act/N prohibited/N the/I bank/N from/N identifying/N delinquent/N borrowers/N ,/, said/V _OOV_/N _OOV_/N _OOV_/N ./.
But/, public/N documents/N indicate/N 10/N %/N or/N more/N of/I the/I bank/N 's/, provisions/N were/N made/V for/I foregone/N interest/N on/N a/I _OOV_/N 200/N million/N loan/N to/N Malaysia/N 's/, dominant/I political/N party/N ,/, the/I United/N _OOV_/N National/N Organization/N ,/, to/V build/N its/I convention/N and/I headquarters/N complex/N in/I _OOV_/N _OOV_/N ./.
The/I loan/N to/N _OOV_/N was/I made/I in/I September/N 1983/N ./.
``/N We/, lent/V a/I lot/V of/I money/N all/V over/I the/I place/V ,/, ''/N said/V _OOV_/N _OOV_/N _OOV_/N ,/, who/V refused/V to/V discuss/V the/I bank/N 's/, outstanding/N loans/N to/N
As/, well/N as/V the/I _OOV_/N 1.23/N billion/N in/I provisions/N announced/N on/N Oct./N 6/N ,/, the/I restructuring/N package/N covers/N an/I additional/N _OOV_/N _OOV_/N million/N in/I provisions/N made/V in/N earlier/I years/N but/N never/V reflected/I in/I a/I reduction/N of/N the/I bank/N 's/, _OOV_/N capital/N ./.
At/N the/I end/I of/I the/I exercise/N ,/, the/I cash/N injection/N from/I _OOV_/N will/V increase/N the/I bank/N 's/, _OOV_/N capital/N to/N _OOV_/N 1.15/N billion/N after/N virtually/N being/V wiped/V out/V by/N the/I new/N provisions/N ./.
_OOV_/N _OOV_/N might/N have/N stepped/N from/I a/I recruiting/N poster/N for/N young/N Republicans/N ./.
White/N ,/, 24/N years/N old/I ,/, a/I singer/N in/N her/V church/I choir/V ,/, she/V symbolizes/V a/V generation/N that/N gave/V its/I heart/N and/N its/I vote/N to/N Ronald/N Reagan/N ./.
``/N I/, felt/V kind/V of/I safe/N ,/, ''/N she/V says/V ./.
No/N longer/V ./.
When/, the/I Supreme/N Court/N opened/N the/I door/V this/V year/N to/N new/N restrictions/N on/N abortion/N ,/, Ms./N _OOV_/N opened/N her/N mind/N to/N Democratic/N politics/N ./.
Then/N a/I political/N novice/V ,/, she/V stepped/N into/V a/I whirl/N of/I ``/N _OOV_/N ''/N marches/N ,/, house/N parties/N and/I _OOV_/N ./.
Now/, she/V leads/V a/I grassroots/N _OOV_/N campaign/N in/I _OOV_/N County/N for/I _OOV_/N Democratic/N gubernatorial/N candidate/N James/N _OOV_/N ./.
``/N This/N is/V one/N where/V I/, cross/I party/I lines/N ,/, ''/N she/V says/V ,/, rejecting/V the/I _OOV_/N stance/N of/I Rep./N _OOV_/N 's/, opponent/N ,/, _OOV_/N Rep./N James/N _OOV_/N ./.
``/N People/N my/V age/N thought/N it/V was/V n't/N going/V to/V be/V an/V issue/N ./.
Now/, it/V has/I --/N especially/N for/N people/N my/V age/N ./, ''/N
_OOV_/N bear/N out/V this/V warning/N ,/, but/V after/V a/I decade/N of/I increased/N Republican/N influence/N here/N ,/, the/I new/N politics/N of/I abortion/N have/N contributed/N to/N a/V world/N turned/I upside/V down/V for/I Mr./N _OOV_/N ./.
Unless/N he/V closes/N the/I gap/N ,/, Republicans/N risk/N losing/I not/N only/V the/I governorship/N but/N also/V the/I assembly/N next/N month/N ./.
Going/N into/N the/I 1990s/N ,/, the/I _OOV_/N is/V paying/N a/I price/N for/N the/I same/V conservative/I social/N agenda/N that/N it/V used/V to/V torment/V Democrats/N in/I the/I past/N ./.
This/N change/N comes/V less/N from/V a/I shift/I in/I public/N opinion/N ,/, which/I has/N n't/, changed/I much/N on/N abortion/N over/I the/I past/N decade/N ,/, than/N in/N the/I boundaries/I of/I the/I debate/N ./.
New/N Jersey/N 's/, own/V highest/N court/N remains/N a/I liberal/I bulwark/N against/N major/I restrictions/N on/N abortion/N ,/, but/V the/I U.S./N Supreme/N Court/N ruling/N ,/, Webster/N vs./N Missouri/N ,/, has/I engaged/N voters/N across/N the/I nation/N who/N had/V been/I insulated/N from/N the/I issue/N ./.
Before/N July/N ,/, _OOV_/N voters/N could/N safely/V make/V political/N decisions/N without/N focusing/N narrowly/V on/N abortion/N ./.
Now/, ,/, the/I threat/N of/I further/I restrictions/N adds/V a/I new/N dimension/N ,/, bringing/V an/I upsurge/N in/N political/N activity/N by/I _OOV_/N forces/N ./.
A/N recent/N _OOV_/N rally/N in/I _OOV_/N drew/N thousands/N ,/, and/I in/I a/I major/N reversal/I ,/, Congress/N is/V defying/N a/I presidential/N veto/N and/N demanding/N that/N _OOV_/N abortions/N be/N permitted/N in/I cases/N of/I rape/N and/I incest/N ./.
``/N If/, Webster/N had/V n't/, happened/V ,/, you/, would/V n't/, be/V here/N ,/, ''/N _OOV_/N _OOV_/N tells/V a/I reporter/N in/N the/I _OOV_/N office/N of/I the/I National/N Organization/N for/I Women/N ./.
``/N We/, could/V have/V shouted/V from/V the/I rooftops/N about/N _OOV_/N and/N no/V one/N would/N have/N heard/V us/N ./, ''/N
New/N Jersey/N is/V a/I proving/N ground/V for/V this/N aggressive/N _OOV_/N movement/N this/V year/N ./.
The/I infusion/N of/I activists/N can/N bring/V a/V clash/I of/I cultures/N ./.
In/, _OOV_/N Hill/N ,/, the/D National/N _OOV_/N Rights/N Action/N League/N ,/, whose/I goal/V is/V to/V sign/V up/V 50,000/N _OOV_/N voters/N ,/, targets/N a/I union/N breakfast/N to/V build/N labor/N support/N for/N its/N cause/N ./.
The/I league/N organizers/N seem/N more/N a/V fit/V with/V a/I convention/N next/N door/V of/I young/N aerobics/N instructors/N in/I _OOV_/N than/N the/I _OOV_/N union/N leaders/N ;/, ``/N I/, wish/V I/, could/V go/V work/V out/V ,/, ''/N says/V a/V slim/N activist/N ./.
A/N labor/N chief/N speaks/V sardonically/N of/I having/N to/N ``/N man/V and/I woman/N ''/N Election/N Day/N phones/N ./.
No/N age/N group/N is/N more/N sensitive/N than/N younger/V voters/N ,/, like/V Ms./N _OOV_/N ./.
A/N year/N ago/N this/V fall/V ,/, New/N Jersey/N voters/N under/N 30/N favored/N George/N Bush/N by/I 56/N %/N to/N 39/N %/N over/I Michael/N _OOV_/N ,/, according/V to/N a/V survey/N then/N by/I _OOV_/N University/N 's/, _OOV_/N Institute/N ./.
A/N matching/V _OOV_/N _OOV_/N _OOV_/N poll/N last/N month/N showed/N a/I complete/N reversal/V ./.
_OOV_/N in/N the/I same/V age/N group/N backed/N Democrat/N _OOV_/N 55/N %/N to/N 29/N %/N over/I Republican/N _OOV_/N ./.
_OOV_/N alone/V ca/N n't/, explain/V this/V shift/I ,/, but/V New/N Jersey/N is/V a/I model/N of/I how/V so/V personal/V an/N issue/N can/N become/N a/I baseline/N of/I sorts/N in/I judging/V a/I candidate/N ./.
By/N a/I _OOV_/N ratio/N ,/, voters/I appear/N more/N at/N ease/N with/I Mr./N _OOV_/N 's/, stance/N on/N abortion/N ,/, and/V polls/N indicate/N his/V lead/V widens/N when/V the/I candidates/V are/N specifically/N linked/N to/N the/I issue/N ./.
``/N The/V times/N are/N my/V times/V ,/, ''/N says/V Mr./N _OOV_/N ./.
The/I _OOV_/N County/N congressman/N still/N carries/N himself/V with/V a/I trademark/N ``/N _OOV_/N ''/N intensity/V ,/, but/V at/N a/I pause/N in/I _OOV_/N 's/, Columbus/N Day/N parade/N recently/N ,/, he/V was/V dancing/N with/V his/V wife/N in/I the/I middle/I of/I the/I avenue/N in/N the/I city/N 's/, old/D _OOV_/N ward/N ./.
After/, losing/I by/N fewer/N than/N 1,800/N votes/N in/N the/I 1981/N governor/N 's/, race/V ,/, he/V has/I prepared/N himself/V methodically/N for/N this/V moment/V ,/, including/N deciding/V in/I recent/N years/N he/V could/V no/V longer/V support/N curbs/N on/N federal/N funding/N for/I _OOV_/N abortions/N ./.
``/N If/, you/, 're/, going/V to/V be/V consistent/V and/N say/V it/V is/V a/D constitutionally/N protected/N right/V ,/, ''/N he/V asks/V ,/, ``/N how/N are/N you/, going/V to/V say/V an/V upscale/N woman/N who/V can/V drive/N to/N the/I hospital/N or/N clinic/N in/N a/I nice/V car/N has/N a/I constitutional/N right/V and/N someone/N who/V is/V not/V in/I great/I shape/I financially/N does/N not/V ?/, ''/N
Mr./N _OOV_/N ,/, by/V comparison/N ,/, seems/V a/V shadow/N of/I the/I confident/D hawk/N who/N defended/I Oliver/N North/N before/D national/N cameras/N at/N Iran-Contra/N hearings/N two/N years/N ago/N ./.
Looking/N back/V ,/, he/V says/V he/V erred/N by/I stating/N his/D ``/N personal/N ''/N opposition/N to/N abortion/N instead/N of/I assuring/N voters/N that/N he/V would/V n't/, impose/N his/V views/N on/N ``/N policy/N ''/N as/I governor/N ./.
It/, is/V a/V distinction/N that/V satisfies/N neither/N side/V in/I the/I debate/N ./.
``/N He/, does/V n't/, know/, himself/V ,/, ''/N _OOV_/N _OOV_/N of/I the/I _OOV_/N Rights/N League/N says/V of/I Mr./N _OOV_/N 's/, position/V ./.
Even/N abortion/N opponents/N ,/, however/V angry/V with/D Mr./N _OOV_/N ,/, ca/N n't/, hide/V their/N frustration/V with/V the/I Republican/N 's/, ambivalence/N ./.
``/N He/, does/V n't/, want/V to/V lead/V the/I people/N ,/, ''/N says/V Richard/N _OOV_/N ,/, president/N of/I New/N Jersey/N Right/N to/N Life/N ./.
Moreover/N ,/, by/I stepping/N outside/N the/I state/N 's/, _OOV_/N tradition/N ,/, Mr./N _OOV_/N _OOV_/N fears/N that/N he/V is/V too/V conservative/N as/N well/N on/N more/N pressing/V concerns/N such/N as/I auto/N insurance/N rates/N and/N the/I environment/N ./.
He/, hurt/V himself/V further/V this/N summer/N by/N bringing/N homosexual/N issues/N into/N the/I debate/N ;/, and/N by/I wavering/N on/N this/V issue/N and/N abortion/N ,/, he/V has/V weakened/N his/I credibility/V in/N what/V is/V already/V a/I _OOV_/N campaign/N on/N both/N sides/V ./.
_OOV_/N to/N Congress/N in/I 1978/N ,/, the/I _OOV_/N Mr./N _OOV_/N is/V part/I of/I a/I generation/N of/I young/N conservatives/N who/N were/N once/V very/V much/N in/N the/I lead/N of/I the/I _OOV_/N shift/I under/N Mr./N Reagan/N ./.
Like/N many/N of/I his/D colleagues/N ,/, he/V did/V n't/, serve/V in/I Vietnam/N in/N the/I 1960s/N yet/N embraced/N a/I _OOV_/N defense/N and/N foreign/N policy/N --/N even/V voting/V against/N a/D 1984/N resolution/N critical/N of/I the/I U.S./N mining/N of/I _OOV_/N harbors/N ./.
Jack/N Kemp/N and/N the/I writers/I _OOV_/N Kristol/N and/I George/N _OOV_/N were/N influences/N ,/, and/I Mr./N _OOV_/N 's/, own/V conservative/I credentials/N proved/I useful/N to/V the/I current/N New/N Jersey/N _OOV_/N governor/N ,/, Thomas/N _OOV_/N ,/, in/I the/I 1981/N Republican/N primary/N here/N ./.
The/V same/I partnership/N is/N now/V crucial/N to/N Mr./N _OOV_/N 's/, fortunes/I ,/, but/V the/I abortion/N issue/N is/N only/V a/I reminder/N of/I the/I gap/N between/I his/V record/N and/N that/N of/I the/I more/N moderate/N ,/, _OOV_/N Gov./N _OOV_/N ./.
While/V the/I _OOV_/N County/N congressman/N pursued/N an/I _OOV_/N ,/, _OOV_/N agenda/N in/I Washington/N ,/, Gov./N _OOV_/N was/I approving/N increased/N income/N and/N sales/N taxes/N at/N home/N and/I overseeing/N a/I near/N doubling/N in/N the/I size/N of/I New/N Jersey/N 's/, budget/N in/N his/D eight/N years/N in/I office/N ./.
_OOV_/N forces/N play/V down/V any/N differences/N with/I Mr./N _OOV_/N ,/, but/V this/V history/N makes/N it/V harder/V for/N the/I conservative/N to/N run/N against/N government/N ./.
Mr./N _OOV_/N 's/, free-market/N plan/N to/N bring/V down/V auto/N insurance/N rates/N met/N criticism/N from/I Gov./N _OOV_/N 's/, own/V insurance/N commissioner/N ./.
Mr./N _OOV_/N is/V further/I hobbled/N by/N a/I record/N of/I votes/N opposed/N to/V government/N regulation/N on/N behalf/N of/I consumers/N ./.
_OOV_/N in/I Spanish/N from/N his/V days/N in/N the/I Peace/N _OOV_/N ,/, Mr./N _OOV_/N actively/N courts/N minority/N voters/N but/N seems/N oddly/V over/I his/D head/N ./.
He/, is/V warm/N and/N polished/I before/V a/I Puerto/N _OOV_/N Congress/N in/I _OOV_/N Park/N ./.
Yet/N minutes/N after/N promising/N to/N appoint/V _OOV_/N to/N high/N posts/N in/I state/N government/N ,/, he/V is/V unable/V to/V say/V whether/N he/V has/N ever/I employed/N any/N in/I his/D congressional/N office/N ./.
``/N I/, do/V n't/, think/, we/, do/V now/V ,/, ''/N he/V says/V ./.
``/N I/, think/, we/, did/V ./, ''/N
Asked/N the/I same/V question/V after/V his/I appearance/V ,/, Democrat/N _OOV_/N identifies/N a/I staff/N member/N by/N name/N and/N explains/V her/V whereabouts/V today/N ./.
When/, he/V is/V presented/V with/I a/I poster/N celebrating/N the/I organization/N 's/, 20th/N anniversary/N ,/, he/D recognizes/N a/I photograph/N of/I one/N of/I the/I founders/N and/N recalls/N time/V spent/N together/V in/I _OOV_/N ./.
Details/N and/I _OOV_/N are/N essential/N _OOV_/N ./.
_OOV_/N to/N Congress/N as/N a/I ``/N Watergate/N baby/N ''/N in/I 1974/N ,/, he/D ran/N for/I governor/N three/N years/N later/N ./.
In/, the/I opinion/N of/I many/N ,/, he/V has/N n't/, stopped/V running/N since/I ,/, even/N though/N he/V declined/V a/I rematch/N with/I Gov./N _OOV_/N in/I 1985/N ./.
His/, base/N in/N South/N Jersey/N and/N on/N the/I House/N Energy/N and/I Commerce/N Committee/N helped/N him/V sustain/N a/I network/N of/I _OOV_/N committees/N to/N preserve/N his/V edge/V ./.
With/N limited/N budgets/N for/I television/N in/N a/I high-priced/N market/N ,/, Mr./N _OOV_/N 's/, higher/N recognition/N than/N his/V rival/I is/V a/I major/N advantage/N ./.
More/N than/N ever/V ,/, his/D _OOV_/N and/I _OOV_/N record/N is/V in/I sync/N with/I the/I state/N ./.
Auto/N insurance/N rates/N are/N soaring/N ./.
A/N _OOV_/N fire/V destroyed/V part/I of/I an/I interstate/N highway/N this/N summer/N ./.
In/, _OOV_/N ,/, an/V important/N swing/N area/N ,/, Republican/N _OOV_/N now/I run/N on/N a/I slogan/N promising/N to/N keep/V the/I county/N ``/N clean/N and/I green/N ./, ''/N
Mr./N _OOV_/N _OOV_/N this/N vindication/V ,/, but/V at/N age/N 52/N ,/, the/I congressman/N is/N also/V a/I product/N of/I his/V times/V and/N losses/N ./.
He/, speaks/V for/V the/I death/V penalty/N as/V if/V reading/N from/I _OOV_/N 21/N ;/, to/V increase/N state/N revenue/N he/I focuses/N not/N on/N ``/N taxes/N ''/N but/V on/I ``/N audits/N ''/N to/V cut/V waste/N ./.
_OOV_/N consultants/N match/D ads/N with/I Mr./N _OOV_/N 's/, team/V ,/, and/I Mr./N _OOV_/N _OOV_/N himself/V as/V the/I lean/N ,/, mean/V Democratic/N fighting/N machine/N of/I the/I 1990s/N ./.
_OOV_/N to/N a/I young/V audience/N ,/, he/V scraps/N an/N old/I reference/N to/N _OOV_/N and/I _OOV_/N and/N instead/N quotes/N the/I _OOV_/N _OOV_/N ./.
The/V lyric/N chosen/V --/N ``/N long/I strange/V night/N ''/N --/N may/V be/V an/V apt/V footnote/N to/N television/N spots/N by/N both/N candidates/I intended/V to/N portray/V each/V other/N as/V a/I liar/N ./.
The/I Democratic/N lawmaker/N fits/V a/I pattern/V of/I younger/N reformers/D arising/N out/V of/I old/D machines/N ,/, but/V his/V ties/N to/N _OOV_/N remain/N a/I sore/V point/V because/V of/I the/I county/N 's/, past/I corruption/N ./.
His/V campaign/N hierarchy/N is/V chosen/V from/V elsewhere/N in/I the/I state/N ,/, and/V faced/N with/I criticism/N of/I a/I sweetheart/N bank/N investment/N ,/, he/V has/V so/N far/N blunted/N the/I issue/N by/I donating/N the/I bulk/N of/I his/D profits/N to/N his/V alma/N mater/N ,/, _OOV_/N State/N College/N ./.
Mr./N _OOV_/N 's/, _OOV_/N on/N the/I abortion/N issue/N after/N the/I Webster/N ruling/N divides/N some/N of/I his/V old/D constituency/N ./.
_OOV_/N _OOV_/N ,/, an/V unlikely/V but/V enthusiastic/V pipe/N major/N in/N an/I _OOV_/N County/N Irish/N bagpipe/I band/N ,/, speaks/V sadly/V of/I Mr./N _OOV_/N ./.
``/N I/, am/N a/V devout/D _OOV_/N ,/, ''/N says/V Mr./N _OOV_/N ,/, a/I 40-year-old/N health/N officer/N ./.
``/N I/, ca/N n't/, support/N him/N because/V of/I abortion/N ./, ''/N
Bill/N _OOV_/N Sr./N ,/, 72/N ,/, is/I _OOV_/N too/V ,/, but/N _OOV_/N by/I Mr./N _OOV_/N 's/, stand/V on/I abortion/N ./.
A/N security/N guard/N at/N a/I cargo/N terminal/N ,/, he/V wears/V a/I Sons/N of/I Italy/N jacket/V and/I cap/N celebrating/I ``/N The/I US/N 1/N _OOV_/N ./, ''/N
``/N I/, still/V think/V the/I woman/N has/N the/I right/V to/V do/N with/V her/V body/N as/V she/V pleases/N ,/, ''/N he/V says/V ./.
``/N If/, you/, want/V more/N opinions/N ask/V my/V wife/N ./.
She/, has/N lots/V of/I opinions/N ./.
Consumer/N prices/N rose/N a/I surprisingly/V moderate/N 0.2/N %/N in/I September/N ,/, pushed/I up/V mostly/N by/N a/I jump/N in/I clothing/N costs/N ,/, the/I Labor/N Department/N reported/N ./.
Energy/N costs/N ,/, which/I drove/V wholesale/N prices/N up/V sharply/I during/I the/I month/N ,/, continued/I to/N decline/N at/N the/I retail/N level/N ,/, pulling/V down/V transportation/N and/N helping/N to/V ease/V housing/N costs/N ./.
The/I report/N was/N the/I brightest/N news/N the/I financial/N markets/N had/N seen/V since/I before/V the/I stock/N market/N plunged/N more/N than/N 190/N points/I last/V Friday/N ./.
The/I Dow/N Jones/N Industrial/N Average/N rallied/V on/V the/I news/N ,/, closing/I _OOV_/N points/I higher/N at/N _OOV_/N ./.
Bond/N prices/N also/I jumped/N as/I traders/N appeared/N to/V read/V the/I data/N as/N a/I sign/V that/V interest/N rates/N may/N fall/V ./.
But/, many/N economists/N were/N not/N nearly/V as/I jubilant/N ./.
The/V climb/N in/I wholesale/N energy/N prices/N is/N certain/N to/V push/V up/V retail/N energy/N prices/N in/N the/I next/N few/I months/N ,/, they/V warned/N ./.
They/, also/I said/V the/I dollar/N is/N leveling/V off/V after/V a/I rise/I this/V summer/N that/N helped/V to/N reduce/N the/I prices/N of/I imported/N goods/N ./.
``/N I/, think/V inflation/N is/N going/V to/V pick/V up/V through/V the/I fall/I ,/, ''/N said/V Joel/N _OOV_/N ,/, a/I specialist/N on/N inflation/N who/N runs/N an/I economic/N consulting/N firm/N here/N ./.
``/N It/, has/V been/N in/I what/N I/, would/V describe/N as/V a/I lull/N for/N the/I past/N several/N months/N ./, ''/N
``/N We/, 've/, had/D _OOV_/N declines/N in/I consumer/N energy/N prices/N in/N each/N of/I the/I past/N three/N months/N ,/, and/I at/N the/I wholesale/N level/N those/N are/N fully/V behind/D us/N now/N ,/, ''/N said/V Jay/N _OOV_/N ,/, chief/N domestic/N economist/N at/N Bankers/N Trust/N Co./N in/I New/N York/N ./.
Because/N wholesale/N energy/N prices/N shot/N up/V by/N a/I steep/V 6.5/N %/N last/V month/N ,/, many/N analysts/V expected/I energy/N prices/N to/N rise/I at/N the/I consumer/N level/N too/N ./.
As/, a/V result/N ,/, many/N economists/N were/N expecting/V the/I consumer/N price/N index/N to/N increase/N significantly/N more/N than/N it/V did/V ./.
But/, retail/N energy/N prices/N declined/N 0.9/N %/N in/I September/N ./.
Though/V analysts/V say/N competition/N will/V probably/V hold/V down/V increases/N in/I retail/N energy/N prices/N ,/, many/N expect/V some/N of/I the/I wholesale/N rise/N to/N be/V passed/N along/N to/V the/I consumer/N before/V the/I end/I of/I the/I year/N ./.
Still/N ,/, some/N analysts/V insisted/N that/V the/I worst/N of/I the/I inflation/N is/N behind/V ./.
``/N It/, increasingly/N appears/I that/N _OOV_/N was/I a/I temporary/N inflation/N _OOV_/N and/N not/N the/I beginning/I of/I a/I cyclical/N inflation/N problem/N ,/, ''/N argued/N Edward/N _OOV_/N ,/, chief/N economist/N at/N Prudential-Bache/N Securities/N Inc./N in/I New/N York/N ./.
In/, both/I 1987/N and/I 1988/N ,/, consumer/N prices/N rose/N _OOV_/N %/N ./.
A/N run-up/N in/I world/N oil/N prices/N last/N winter/N sent/N consumer/N prices/N soaring/N at/N a/I _OOV_/N %/N annual/N rate/N in/N the/I first/N five/N months/N of/I this/V year/N ,/, but/V the/I subsequent/I decline/N in/I energy/N prices/N has/N pulled/V the/I annual/N rate/N back/V down/V to/V _OOV_/N %/N ./.
Mr./N _OOV_/N predicted/V that/N world/I business/N competition/N will/V continue/N to/V restrain/D prices/N ./.
``/N The/V bottom/N line/N is/V ,/, it/V seems/V to/V me/N that/V the/I economic/N environment/N has/N become/N very/N ,/, very/N _OOV_/N for/N a/I lot/V of/I businesses/N ,/, ''/N he/V said/V ./.
``/N Back/N in/I _OOV_/N ,/, business/N was/I operating/N at/N fairly/N tight/V capacity/N ,/, so/V businesses/N felt/N they/N could/V raise/N prices/N ./, ''/N
Now/, ,/, he/V said/V ,/, a/I slowdown/N in/I economic/N activity/N has/I _OOV_/N demand/N ./.
The/V mild/N inflation/N figures/N renewed/I investors/N '/N hopes/V that/N the/I Federal/N Reserve/N will/V ease/V its/I interest-rate/N stance/N ./.
The/I steep/V climb/N in/I producer/N prices/N reported/N last/V Friday/N fostered/N pessimism/N about/N lower/V interest/N rates/N and/N contributed/N to/N the/I stock/N market/N 's/, 6.9/N %/N plunge/N that/N day/N ./.
In/, the/I past/N several/N days/N ,/, however/V ,/, the/I U.S./N 's/, central/I bank/N has/N allowed/N a/I key/N interest/N rate/N to/N fall/V slightly/I to/V try/V to/N stabilize/N the/I markets/N ./.
Analysts/N say/N Fed/N policy/N makers/N have/N been/V wary/N of/I relaxing/V credit/N too/N much/N because/N they/N were/N still/N uncertain/V about/N the/I level/N of/I inflation/N in/N the/I economy/N ./.
Excluding/N the/I volatile/N categories/N of/I energy/N and/N food/N --/N leaving/V what/V some/N economists/N call/V the/I core/N inflation/N rate/N --/N consumer/N prices/N still/N rose/N only/D 0.2/N %/N in/I September/N ./.
Transportation/N costs/N actually/V fell/I 0.5/N %/N ,/, and/I housing/N costs/N gained/N only/D 0.1/N %/N ./.
Apparel/N prices/N _OOV_/N up/V 1.7/N %/N ,/, but/V that/V was/V after/N three/N months/N of/I declines/N ./.
Medical/N costs/N continued/N their/N steep/V ascent/N ,/, rising/I _OOV_/N %/N after/I four/N consecutive/N months/N of/I 0.7/N %/N increases/N ./.
Car/N prices/N ,/, another/D area/N that/N contributed/V to/N the/I steep/V rise/I in/N the/I wholesale/N index/N last/N month/N ,/, still/N showed/V declines/N at/N the/I consumer/N level/N ./.
They/, dropped/I _OOV_/N %/N as/N dealers/N continued/N to/V offer/N rebates/N to/N attract/N customers/N ./.
Food/N prices/N rose/N 0.2/N %/N for/N the/I second/N month/N in/N a/I row/N ,/, far/V slower/V than/N the/I monthly/N rises/N earlier/I in/I the/I year/N ./.
Separately/N ,/, the/I Labor/N Department/N reported/N that/N average/N weekly/N earnings/N rose/N 0.3/N %/N in/I September/N ,/, after/V adjusting/I for/N inflation/N ,/, following/I a/I 0.7/N %/N decline/N in/I August/N ./.
All/N the/I numbers/N are/N adjusted/V for/N seasonal/N fluctuations/N ./.
Here/N are/N the/I seasonally/N adjusted/N changes/N in/N the/I components/N of/I the/I Labor/N Department/N 's/, consumer/N price/N index/N for/N September/N ./.
After/, watching/V interest/N in/N the/I sport/N plummet/N for/N years/N ,/, the/I ski/N industry/N is/N trying/V to/V give/V itself/V a/I lift/N ./.
_OOV_/N the/I country/N ,/, resorts/V are/N using/V everything/V from/V fireworks/N to/N _OOV_/N concerts/N to/N attract/N new/N customers/N ./.
Some/N have/N built/N health/N _OOV_/N ,/, business/N centers/N and/N shopping/N villages/N so/N visitors/V have/N more/N to/V do/N than/N ski/N ./.
And/, this/V week/N ,/, the/I industry/N 's/, efforts/N will/V go/V national/N for/N the/I first/N time/I when/V it/V unveils/N a/I $/N 7/N million/N advertising/N campaign/N ./.
Such/N efforts/N --/N unheard/V of/I only/I a/V few/I years/N ago/N --/N are/N the/I latest/N attempts/N to/N revive/N the/I sagging/N $/N 1.76/N billion/N U.S./N ski/N industry/N ./.
Since/V the/I start/V of/I the/I decade/N ,/, _OOV_/N sales/N have/N grown/N only/I 3/N %/N a/I year/N on/N average/N ,/, compared/I with/I 16/N %/N annual/N growth/N rates/N in/N the/I _OOV_/N and/I _OOV_/N ./.
Last/N season/N ,/, _OOV_/N sales/N fell/N for/N the/I first/N time/I in/I seven/N years/N ./.
By/N some/N estimates/N ,/, nearly/V a/I fourth/N of/I all/N U.S./N ski/N areas/N have/N been/V forced/N to/V shut/V down/V since/I the/I early/N _OOV_/N ./.
Competition/N and/N mounting/N insurance/N and/N equipment/N costs/N have/N been/V the/I undoing/V of/I many/N resorts/N ./.
But/, another/I big/N problem/N has/N been/N the/I aging/N of/I baby/N boomers/N ./.
_OOV_/N ,/, after/V all/N ,/, has/I mainly/N been/N for/N the/I young/N and/N daring/V and/N many/N baby/N boomers/N have/N outgrown/N skiing/N or/N have/N too/V many/N family/N responsibilities/N to/V stick/V with/V the/I sport/N ./.
In/, its/I new/N ad/N campaign/N ,/, created/N by/I _OOV_/N _OOV_/N _OOV_/N &/N _OOV_/N Inc./N ,/, Chicago/N ,/, the/I ski/N industry/N is/N trying/V to/V change/V its/I image/N as/N a/V sport/N primarily/N for/N young/N white/N people/N ./.
One/, _OOV_/N TV/N spot/V features/I a/V diverse/N group/N of/I skiers/I gracefully/V gliding/N down/V _OOV_/N slopes/V :/N senior/N citizens/N ,/, minorities/N ,/, families/N with/I children/N --/N even/N a/V blind/N skier/N ./.
``/N _OOV_/N school/N is/N great/I ,/, ''/N cries/V out/V a/I tot/N ,/, bundled/N in/N a/I _OOV_/N as/N he/V plows/V down/V a/I bunny/V slope/V ./.
``/N You/, 'll/, never/V _OOV_/N you/, try/V ,/, ''/N says/V a/V black/I skier/N ./.
``/N We/, used/I to/V show/V some/N _OOV_/N skier/N in/N his/I twenties/V or/N thirties/V going/V over/I the/I edge/N of/I a/I cliff/N ,/, ''/N says/V _OOV_/N _OOV_/N ,/, a/I spokeswoman/N for/N the/I United/N _OOV_/N Industries/N Association/N ,/, the/I trade/N group/N sponsoring/N the/I campaign/N ./.
_OOV_/N promotions/N have/N traditionally/N avoided/V the/I touchy/N issue/N of/I safety/N ./.
But/, the/I new/N commercials/N deal/N with/I it/V indirectly/N by/N showing/V a/I woman/N smiling/N as/V she/V tries/V to/V get/V up/V from/V a/I fall/V ./.
``/N We/, wanted/V to/V show/V it/V 's/, okay/N if/V you/, fall/V ,/, ''/N says/V Ms./N _OOV_/N ./.
``/N Most/N people/N think/V if/V you/, slip/V ,/, you/, 'll/, wind/V up/V in/I a/I body/N cast/V ./, ''/N
The/V ad/N campaign/N represents/I an/V unusual/N spirit/N of/I cooperation/N among/N resorts/N and/N ski/N equipment/N makers/N ;/, normally/V ,/, they/V only/V run/N ads/N hyping/N their/N own/V products/N and/N facilities/N ./.
But/, in/I these/N crunch/N times/N for/N the/I ski/N industry/N ,/, some/N resorts/N ,/, such/N as/V the/I _OOV_/N Fire/N ,/, Red/N River/N and/I _OOV_/N ski/N areas/N in/I New/N Mexico/N ,/, have/N even/N started/N _OOV_/N skiers/N to/V each/V other/N 's/, slopes/V and/N next/N year/N plan/N to/N sell/N tickets/N good/V for/V all/N local/N lifts/N ./.
Many/N resorts/N also/N are/N focusing/N more/N on/N the/I service/N side/N of/I their/N business/N ./.
Since/V 40/N %/N of/I skiers/N are/N parents/N ,/, many/N slopes/V are/N building/N nurseries/N ,/, expanding/I ski/N schools/N and/N adding/N entertainment/N for/N kids/N ./.
_OOV_/N ,/, Colo./N ,/, now/V has/N a/I _OOV_/N that/N looks/V like/V an/V old/I mining/N town/N ;/, kids/N can/N ski/N through/N and/I pan/N for/N fool/V 's/, gold/N ./.
For/N $/N 15/N ,/, they/N can/N enjoy/N their/N own/V nightly/N entertainment/N ,/, with/I dinner/V ,/, without/V mom/N and/N dad/N ./.
A/N few/V years/N ago/N ,/, parents/N usually/N had/V to/V hire/N a/I sitter/N or/N take/V turns/V skiing/N while/N one/N spouse/N stayed/V with/I the/I children/N ./.
``/N Most/N parents/N who/V had/V to/V go/V through/V that/N never/V came/I back/V ,/, ''/N says/V Michael/N _OOV_/N ,/, president/N of/I _OOV_/N Associates/N Inc./N ,/, which/D owns/N and/I operates/N the/I _OOV_/N and/N nearby/N Beaver/N _OOV_/N resorts/N ./.
To/N make/V skiing/N more/N convenient/V for/I _OOV_/N visitors/N ,/, several/I resorts/N are/N buying/N or/N starting/N their/N own/V travel/N agencies/N ./.
In/, one/N phone/N call/V ,/, ski/N buffs/N can/N make/V hotel/N and/N restaurant/N reservations/N ,/, buy/N lift/N tickets/N ,/, rent/N ski/N equipment/N and/N sign/V up/V for/V lessons/N ./.
And/, resorts/V are/N adding/N other/N amenities/N ,/, such/N as/I pricey/N restaurants/N ,/, health/N _OOV_/N and/N vacation/N packages/N with/I a/I twist/V ./.
During/N _OOV_/N Carnival/N week/N ,/, for/V example/N ,/, visitors/V at/N Sunday/N River/N in/I Maine/N can/N take/V a/I _OOV_/N balloon/N ride/V ./.
``/N People/N these/N days/N want/V something/V else/V to/V do/V besides/I ski/N and/N sit/V in/I the/I bar/N ,/, ''/N says/V Don/N _OOV_/N ,/, executive/N director/N of/I _OOV_/N Fire/N ,/, _OOV_/N 's/, Chamber/N of/I Commerce/N ./.
The/I ski/N industry/N hopes/N to/V increase/N the/I number/I of/I skiers/I by/I 3.5/N million/N to/N about/N _OOV_/N million/N in/N the/I next/N five/N years/N with/I its/I latest/N ads/N and/N promotions/N ./.
But/, some/N think/V that/V 's/, being/V overly/N optimistic/V ./.
For/N one/N thing/V ,/, it/V may/V be/V tough/V to/N attract/N people/N because/N skiing/N is/V still/N expensive/N :/N a/I lift/V ticket/N can/N cost/N up/V to/N $/N 35/N a/I day/N and/I equipment/N prices/N are/N rising/I ./.
And/, most/I _OOV_/N still/N prefer/N a/V warm/N climate/N for/N their/N winter/N excursions/N ./.
An/N American/N Express/N Co./N survey/N of/I its/I travel/N agents/N revealed/N that/V only/D 34/N %/N believe/N their/V clients/N will/V pick/V a/V trip/N this/V winter/N based/N on/N the/I availability/N of/I winter/N sports/N ,/, as/I opposed/N to/N 69/N %/N who/N think/V that/N _OOV_/N sports/N will/V be/V the/I deciding/V factor/N ./.
``/N Even/N if/V they/V could/V bring/V in/I that/N many/N new/N skiers/N ,/, I/, do/V n't/, know/, if/V -LCB-/N the/I industry/N -RCB-/N could/V handle/N that/N kind/V of/I an/N increase/N ,/, ''/N says/V _OOV_/N William/N Berry/N ,/, editor/N and/N publisher/N of/I the/I _OOV_/N Industry/N Letter/N in/I _OOV_/N ,/, _OOV_/N ./.
``/N Most/N people/N will/V come/V on/N the/I weekend/N ,/, the/I slopes/V will/V be/V overcrowded/N and/N then/V these/N -LCB-/N new/N skiers/I -RCB-/N wo/V n't/, come/V back/V ./.
They/, did/V n't/, play/V the/I third/N game/I of/I the/I World/N Series/N on/N Tuesday/N night/N as/I scheduled/N ,/, and/V they/N did/V n't/, play/V it/V on/V Wednesday/N or/N Thursday/N either/N ./.
But/, you/, knew/V that/V ,/, did/V n't/, you/, ?/.
They/, are/N supposed/V to/V play/V the/I game/I next/N Tuesday/N ,/, in/I _OOV_/N Park/N here/N ./.
The/I theory/N is/V that/V the/I stadium/N ,/, damaged/N by/I Tuesday/N 's/, earthquake/N ,/, will/V be/V repaired/V by/I then/V ,/, and/V that/N people/N will/V be/V able/V to/V get/V there/V ./.
Like/N just/V about/V everything/V else/V ,/, that/V remains/N to/N be/N seen/V ./.
_OOV_/N could/N intervene/V ./.
But/, ,/, at/N least/I ,/, the/I law/N of/I averages/N should/N have/N swung/V to/V the/I favorable/N side/V ./.
It/, may/V seem/V trivial/N to/V worry/V about/V the/I World/N Series/N amid/N the/I destruction/N to/V the/I Bay/N Area/N wrought/V by/I Tuesday/N 's/, quake/I ,/, but/V the/I name/N of/I this/V column/N is/I ``/N On/N Sports/N ,/, ''/N so/V I/, feel/V obliged/V to/V do/V so/V ./.
You/, might/V be/V interested/N to/V know/V that/V baseball/N ,/, not/V survival/N ,/, appeared/N to/V be/V the/I first/N thought/N of/I most/N of/I the/I crowd/V of/I _OOV_/N that/N had/V gathered/I at/N _OOV_/N at/N _OOV_/N p.m./N Tuesday/N ,/, a/I half-hour/N before/V game/I time/V ,/, when/V the/I quake/I struck/N ./.
As/, soon/V as/V the/I tremor/N passed/N ,/, many/N people/N spontaneously/N arose/I and/N cheered/N ,/, as/V though/N it/V had/V been/N a/I novel/N kind/N of/I _OOV_/N show/N ./.
One/N fan/N ,/, seated/V several/N rows/V in/I front/V of/I the/I open/N ,/, _OOV_/N auxiliary/N press/N section/N where/V I/, was/I stationed/N ,/, faced/N the/I assembled/N _OOV_/N and/I _OOV_/N shouted/V ,/, ``/N We/, arranged/V that/V just/V for/V you/, guys/V ''/N I/, thought/V and/N ,/, I/, 'm/, sure/V ,/, others/N did/V :/N ``/N You/, should/V n't/, have/V bothered/V ./, ''/N
I/, 'd/, slept/V through/V my/V only/V previous/I brush/V with/V natural/N disaster/N ,/, a/I tornado/N 15/N or/N so/V summers/N ago/N near/N _OOV_/N City/N ,/, Mich./N ,/, so/V I/, was/I unprepared/N for/I one/N reaction/N to/N such/N things/N :/N the/I urge/V to/V talk/N about/N them/N ./.
Perhaps/, primed/N by/N the/I daily/N diet/N of/I radio/N and/N TV/N reporters/N thrusting/N microphones/N into/N people/N 's/, faces/V and/N asking/V how/V they/N ``/N feel/N ''/N about/V one/N calamity/N or/N another/V ,/, fellow/N reporters/N and/I civilians/N who/N spied/N my/V press/N _OOV_/N were/N eager/V to/V chat/N ./.
``/N It/, felt/V like/V I/, was/I on/N a/I station/N platform/N and/N a/I train/N went/N by/N ,/, ''/N said/V one/N man/V ,/, describing/I my/V own/N reaction/N ./.
A/N women/N said/V she/V saw/I the/I park/N 's/, light/I standards/N sway/I ./.
A/N man/V said/V he/V saw/I the/I upper/I rim/N _OOV_/N ./.
I/, saw/I neither/N ./.
_OOV_/N of/I good/V sense/N to/V the/I contrary/N not/V withstanding/N ,/, the/I general/N inclination/N was/V to/N believe/N that/V the/I disturbance/N would/V be/V brief/N and/N that/V ball/V would/V be/V played/I ./.
``/N I/, was/I near/N the/I top/N of/I the/I stadium/N ,/, and/I saw/I a/I steel/I _OOV_/N bow/N six/N feet/N from/I where/V I/, sat/V ,/, but/V I/, stayed/V put/V for/I 10/N or/N 15/N minutes/N ,/, ''/N confessed/V a/I friend/N ./.
``/N I/, guess/V I/, thought/V ,/, `/N This/N is/V the/I World/N Series/N and/N I/, 'm/, not/V gon/N na/N wimp/N out/V '/N ''/N
Here/N in/N the/I Global/N _OOV_/N ,/, though/V ,/, folks/N do/N not/N stay/V uninformed/N for/N long/I ./.
_OOV_/N power/N was/N out/V in/I _OOV_/N _OOV_/N Park/N ,/, but/N _OOV_/N radios/N and/N television/N sets/N were/N plentiful/N ./.
Within/N a/V few/V minutes/N ,/, the/I true/N extent/N of/I the/I catastrophe/N was/I becoming/N clear/N ./.
Its/N _OOV_/N _OOV_/N measurement/N was/I reported/N as/I 6.5/N ,/, then/V 6.9/N ,/, then/V _OOV_/N ./.
A/N section/N of/I the/I Bay/N Bridge/N had/I collapsed/N ,/, as/V had/V a/I part/I of/I Interstate/N Highway/N 880/N in/I _OOV_/N ./.
People/N had/V died/N ./.
At/N _OOV_/N p.m./N ,/, scheduled/N game/I time/V having/V passed/N ,/, some/N fans/V chanted/I ``/N Let/N 's/, Play/N Ball/N ./, ''/N
No/N longer/V innocent/V ,/, they/V qualified/N as/N fools/N ./.
The/V stadium/N was/I ordered/N evacuated/N soon/V afterward/V ;/, the/I announcement/N ,/, made/V over/I police/N _OOV_/N ,/, cited/N the/I power/I outage/N ,/, but/V it/V later/V was/N revealed/V that/N there/V also/N had/V been/N damage/N of/I the/I sort/V reported/N by/N my/V friend/N ./.
Outside/N ,/, I/, spotted/N two/N young/N men/N _OOV_/N blocks/N of/I concrete/N ./.
``/N _OOV_/N of/I _OOV_/N ,/, ''/N they/V said/V ./.
The/I crowd/V remained/I good/V natured/V ,/, even/V bemused/N ./.
TV/N reporters/N interviewed/N fans/N in/N the/I parking/N lots/V while/V ,/, a/I few/V feet/N away/V ,/, others/V watched/V the/I interviews/N on/N their/N portable/N TVs/N ./.
The/V only/I frenzy/V I/, saw/I was/I commercial/N :/N _OOV_/N selling/N World/N Series/N commemorative/N stamps/N and/N dated/N _OOV_/N were/N besieged/N by/I fledgling/N speculators/N who/N saw/V future/I profit/N in/N the/I items/N ./.
The/I traffic/N jam/N out/V of/I the/I park/N was/I monumental/N ./.
It/, took/V me/N a/I half-hour/N to/N move/D 10/N feet/N from/V my/V parking/V spot/V in/I an/V outer/N lot/V to/V an/V aisle/N ,/, and/I an/I additional/N hour/N to/N reach/V an/V inner/I roadway/N a/I _OOV_/N away/V ./.
The/I _OOV_/N trip/N to/N my/V airport/N hotel/N that/N had/V taken/I 20/N minutes/N earlier/I in/I the/I day/N took/V more/N than/N three/N hours/N ./.
At/N my/V hotel/N ,/, the/I _OOV_/N ,/, power/V was/N out/V ,/, some/N interior/N plaster/N had/V broken/V loose/V and/N there/N had/V been/I water/N damage/N ,/, but/V little/V else/V ./.
With/N _OOV_/N randomness/N ,/, a/I hotel/N across/N the/I street/N ,/, the/I _OOV_/N ,/, had/V been/N hit/V harder/V :/N A/N large/N sheet/N of/I its/N concrete/N facade/V and/V several/N window/N _OOV_/N were/N torn/N away/V ./.
The/I _OOV_/N staff/N had/N ,/, kindly/V ,/, set/V out/V lighted/V candles/V in/I the/I ballroom/I ,/, prepared/N a/I _OOV_/N buffet/N and/I passed/N around/I pillows/N and/I blankets/N ./.
I/, fell/V asleep/V on/V the/I lobby/N floor/N ,/, next/V to/N a/V man/V wearing/V a/I Chicago/N _OOV_/N jacket/V ./.
I/, expected/V him/N to/V say/V ,/, ``/N I/, told/V you/, so/V ,/, ''/N but/N he/V already/V was/V snoring/N ./.
The/I journalistic/N consensus/N was/N that/N the/I earthquake/N made/N the/I World/N Series/N seem/N unimportant/V ./.
My/N response/N was/N that/N sports/V rarely/N are/N important/N ,/, only/D diverting/N ,/, and/V the/I quake/I merely/N highlighted/V that/N fact/V ./.
Should/N the/I rest/I of/I the/I Series/N be/N played/V at/N all/N ?/.
The/V quake/I and/I baseball/N were/N n't/, related/N ,/, unlike/N the/I massacre/N of/I athletes/N that/N attended/N the/I 1972/N _OOV_/N ./.
That/, heavily/N politicized/N event/V learned/V nothing/V from/V the/I horrifying/V experience/N ,/, and/V seems/N doomed/V to/V repeat/V it/V ./.
Two/N _OOV_/N _OOV_/N ./.
This/N has/N been/N widely/N dubbed/N the/I BART/N Series/N ,/, after/V the/I local/N subway/N line/N ,/, and/V the/I Bay/N Bridge/N Series/N ./.
_OOV_/N fly/N at/N _OOV_/N for/N the/I death/N of/I _OOV_/N _OOV_/N ,/, the/I late/N baseball/N commissioner/N ,/, and/I now/I the/I Bay/N Bridge/N lies/N in/I ruins/N ./.
A/N Series/N that/N was/I shaping/N up/V as/V the/I _OOV_/N since/I the/I _OOV_/N _OOV_/N _OOV_/N go/V of/I 1984/N has/N become/N memorable/V in/N the/I least/I fortunate/V way/V ./.
Still/N ,/, its/I edge/N is/V lost/I ./.
It/, now/V will/V be/V played/I mostly/N for/N the/I record/N ,/, and/V should/N be/V wrapped/V up/V as/V quickly/V as/N possible/V ,/, without/N ``/N off/V ''/N days/N ./.
And/, I/, will/V never/V again/V complain/V about/V a/I _OOV_/N ./.
The/I disarray/N in/N the/I junk-bond/N market/N that/N began/V last/N month/N with/I a/I credit/N crunch/N at/N Campeau/N Corp./N has/N offered/N commercial/N banks/N a/I golden/I opportunity/N to/V play/V a/V greater/I role/N in/I financing/N _OOV_/N takeovers/N ./.
But/, two/N big/N New/N York/N banks/N seem/N to/V have/N kicked/V those/N chances/V away/V ,/, for/V the/I moment/V ,/, with/V the/I embarrassing/V failure/N of/I _OOV_/N and/I Chase/N Manhattan/N Corp./N to/V deliver/N $/N 7.2/N billion/N in/I bank/N financing/N for/N a/I leveraged/N buy-out/N of/I United/N Airlines/N parent/N UAL/N Corp/N ./.
For/N more/N than/N a/V decade/N ,/, banks/N have/N been/V pressing/N Congress/N and/N banking/N regulators/N for/N expanded/N powers/N to/N act/N like/V securities/N firms/N in/N playing/D Wall/N Street/N 's/, lucrative/N takeover/N game/I ,/, from/I giving/V mergers/N advice/N all/V the/I way/V to/V selling/N and/N trading/N high-yield/N junk/N bonds/N ./.
Those/N expanded/I powers/N reached/V their/N zenith/N in/I July/N when/D Bankers/N Trust/N New/N York/N Corp./N provided/N mergers/N advice/N ,/, an/I equity/N investment/N and/N bank/N loans/N for/N the/I $/N _OOV_/N billion/N leveraged/N buy-out/N of/I _OOV_/N Airlines/N parent/N _OOV_/N Inc/N ./.
One/V of/I the/I major/N selling/N points/I used/N by/I Los/N Angeles/N financier/N Alfred/N _OOV_/N in/I getting/V the/I takeover/N approved/N was/N that/N the/I deal/N did/V n't/, include/N any/N junk/N bonds/N ./.
That/, was/V seen/N as/I an/V advantage/N in/I lobbying/N airline/N employees/N and/I Washington/N regulators/N for/N approval/N of/I the/I contested/I takeover/N ./.
All/N $/N _OOV_/N billion/N in/I debt/N for/N the/I deal/N was/I supplied/N by/I banks/N ./.
Charles/N _OOV_/N ,/, _OOV_/N of/I mergers/N and/N acquisitions/N at/N Salomon/N Brothers/N Inc./N ,/, says/V it/V is/V natural/N for/I banks/N to/N try/V to/V expand/N beyond/I their/N _OOV_/N business/N of/I providing/N senior/N debt/N for/I _OOV_/N ./.
But/, the/I UAL/N collapse/N ,/, he/V says/V ,/, ``/N may/N tell/V you/, it/V 's/, not/V going/V to/V work/V that/N easily/V ./, ''/N
David/N _OOV_/N ,/, a/I mergers/N adviser/N in/I La/N _OOV_/N ,/, Calif./N ,/, who/V aided/N Los/N Angeles/N investor/N Marvin/N Davis/N on/N the/I bids/N which/I put/V both/D UAL/N and/I _OOV_/N in/N play/V as/I takeover/N candidates/N this/N year/N ,/, says/V that/V banks/N have/N been/I ``/N preparing/N to/N play/V a/V larger/N and/N larger/N role/N in/I acquisition/N financing/N ./, ''/N
Mr./N _OOV_/N says/V that/V in/I the/I past/N ,/, banks/N would/N normally/V have/V loaned/N 65/N %/N of/I a/I total/N buy-out/N price/N ,/, with/V the/I loans/N secured/N by/N the/I target/V company/N 's/, assets/N ./.
Another/N 20/N %/N of/I the/I borrowed/D funds/N would/N come/V from/V the/I sale/N to/N investors/N of/I junk/N bonds/N ,/, which/D offer/N less/N security/N and/N typically/N carry/V higher/N yields/N than/N bank/N loans/N ./.
Mr./N _OOV_/N 's/, purchase/N of/I _OOV_/N ,/, Mr./N _OOV_/N notes/N ,/, ``/N was/I probably/D the/I most/N aggressive/N to/N date/N ,/, ''/N with/D bank/N debt/N at/N 85/N %/N of/I the/I purchase/N price/N ./.
But/, Mr./N _OOV_/N says/V that/N _OOV_/N 's/, ``/N failure/N to/N deliver/N ''/N on/N its/I promise/V to/V raise/N the/I UAL/N bank/N debt/N for/N a/I labor-management/N buy-out/N group/N ``/N is/V very/N distressing/V to/V potential/N users/N of/I a/I `/N _OOV_/N '/N letter/N from/I commercial/N banks/N ./, ''/N
His/V client/N ,/, Mr./N Davis/N ,/, used/I just/V such/N a/I letter/N from/I _OOV_/N in/I pursuing/N UAL/N ;/, _OOV_/N later/I agreed/N to/N work/V with/I a/I competing/I UAL/N buy-out/N group/N ./.
Executives/N of/I _OOV_/N and/I Chase/N Manhattan/N declined/N to/N comment/N on/V either/N the/I UAL/N situation/N ,/, or/N on/N the/I changing/V nature/N of/I banks/N '/N role/N in/I financing/N takeovers/N ./.
In/, the/I wake/V of/I Campeau/N 's/, problems/N ,/, prices/N of/I junk/N bonds/N tumbled/N ,/, throwing/V into/V doubt/V the/I ability/N of/I corporate/N _OOV_/N to/N finance/N large/N takeovers/N with/I the/I help/N of/I junk/N bond/N sales/N ./.
Mark/N _OOV_/N ,/, senior/N managing/N director/N at/N Manufacturers/N _OOV_/N Trust/N Co./N ,/, says/V the/I _OOV_/N in/I junk/N bonds/N may/N yet/V open/N new/N business/N opportunities/N to/N banks/N in/N structuring/N takeovers/N ./.
But/, he/V warns/N that/V banks/N will/N have/N ``/N to/N have/N enough/V discipline/N ''/N not/N to/V make/V loans/N that/N are/N too/V risky/N ./.
In/, fact/V ,/, Manufacturers/N _OOV_/N said/V in/I its/I third-quarter/N earnings/N report/N that/N fees/N from/I _OOV_/N loans/N to/N other/N banks/N dropped/N 48/N %/N ,/, to/V $/N 21/N million/N ./.
``/N We/, did/V n't/, take/V part/I in/N a/I lot/V of/I deals/N because/N their/V credit/N quality/N was/I poor/N ,/, ''/N says/V a/I bank/N spokesman/N ./.
James/N B./N Lee/N ,/, head/N of/I _OOV_/N and/N private/N placements/N at/N Chemical/N Banking/N Corp./N ,/, said/V he/V believes/V banks/N can/N still/V make/V a/I credible/N offer/N of/I _OOV_/N shopping/N for/I takeover/N finance/N ./.
As/, evidence/N ,/, he/V cites/N yesterday/N 's/, arrangement/I for/N the/I final/D financing/N of/N a/I $/N 3/N billion/N bid/N for/I American/N Medical/N International/N Inc./N in/N which/I Chemical/N served/N as/N both/N the/I lead/I bank/N and/N an/I equity/N investor/N ./.
Beyond/N the/I current/N weakness/N in/I the/I junk/N bond/N market/N ,/, banks/N have/N another/V advantage/N over/I investment/N banks/N in/I financing/N contested/I takeovers/N ./.
Arthur/N _OOV_/N Jr./N ,/, a/I takeover/N lawyer/N at/N Fried/N Frank/N Harris/N _OOV_/N &/N _OOV_/N ,/, notes/N that/N ``/N a/I political/N and/N emotional/N bias/N ''/N has/I developed/N against/N junk/N bonds/N ./.
One/N hostile/N bidder/N who/N deliberately/N avoided/V using/N junk/N bonds/N was/I Paramount/N Communications/N Inc./N in/N its/I initial/I offer/N to/N acquire/N Time/N Inc./N for/I $/N _OOV_/N billion/N ,/, or/N $/N 175/N a/I share/N ./.
A/N Paramount/N spokesman/N says/V that/V decision/N was/I based/N on/N the/I financial/N ,/, not/V political/N ,/, drawbacks/V of/I junk/N bonds/N ./.
But/, some/N observers/V believe/N Paramount/N Chairman/N Martin/N Davis/N wanted/V to/V avoid/N the/I possible/N taint/V of/I being/N perceived/N as/V a/I corporate/N raider/N in/I his/I controversial/N bid/N for/I Time/N ./.
In/, the/I end/I ,/, Mr./N Davis/N used/N junk/N bonds/N so/N that/N he/V could/V raise/N Paramount/N 's/, bid/N to/N $/N 200/N a/I share/N ./.
Some/, _OOV_/N quarterbacks/N said/V the/I initial/N lower/N bid/N ,/, without/V junk/N bonds/N ,/, was/V a/I factor/N in/N his/I losing/V the/I company/N ./.
Time/N eluded/I Paramount/N by/N acquiring/I Warner/N Communications/N Inc/N ./.
The/I success/N of/I the/I _OOV_/N financing/N ,/, and/V the/I failure/N of/I the/I UAL/N deal/N ,/, also/I seem/N to/V highlight/V the/I important/N new/N role/N in/I takeover/N financing/N being/N played/D by/I Japanese/N banks/N ./.
Japanese/N banks/N accounted/N for/I 50/N %/N of/I the/I _OOV_/N bank/N debt/N ,/, according/V to/N a/D report/N by/I Transportation/N Secretary/N Samuel/N _OOV_/N ./.
But/, it/V was/I _OOV_/N rejection/N by/I Japanese/N banks/N that/N helped/N seal/N the/I fate/V of/I the/I attempt/V to/V buy/N UAL/N ./.
_OOV_/N and/I Chase/N are/N attempting/V to/V put/V together/V a/V new/N ,/, lower/V bid/N ./.
_OOV_/N _OOV_/N ,/, chief/N economist/N of/I the/I Institute/N for/I Financial/N Affairs/N Inc./N ,/, a/I Tokyo/N research/N center/N on/N finance/N and/N economics/N ,/, says/V ,/, ``/N The/I junk/N bond/N market/N became/N very/N _OOV_/N ,/, and/V there/N 's/, a/V fear/N of/I a/I coming/V recession/N and/N the/I possible/N bankruptcy/N of/I _OOV_/N companies/N ./.
_OOV_/N Inc./N filed/N suit/N in/I federal/N court/N here/V ,/, alleging/N that/N a/D group/N that/N holds/I _OOV_/N %/N of/I its/I stock/N made/I ``/N false/N ,/, deceptive/V and/N misleading/I ''/N statements/N in/I recent/N regulatory/N filings/N and/N public/N announcements/N ./.
_OOV_/N 's/, complaint/N claims/N that/N the/I group/N ,/, led/I by/I investor/N Malcolm/N _OOV_/N _OOV_/N ,/, violated/N securities/N laws/N by/I failing/N to/V disclose/N plans/N to/N purchase/N 15/N %/N of/I the/I company/N 's/, shares/N outstanding/N and/N that/N when/V the/I required/N Hart-Scott-Rodino/N filing/N eventually/N was/I made/V ,/, it/V did/V n't/, disclose/N the/I group/N 's/, alleged/N earlier/D violation/N of/I the/I so-called/N _OOV_/N requirements/N of/I the/I law/N ./.
Mr./N _OOV_/N could/V n't/, immediately/V be/V reached/V to/N comment/N ./.
But/, when/D _OOV_/N last/V week/N publicly/N questioned/V the/I legality/N of/I the/I group/N 's/, filing/N procedures/N ,/, the/I Rochester/N ,/, N.Y./N ,/, investor/N said/V ``/N we/, complied/V with/V every/V law/N ,/, ''/N and/N he/V denied/V any/N wrongdoing/N ./.
The/I _OOV_/N group/N said/V in/I a/I Securities/N and/I Exchange/N Commission/N filing/N in/N early/N October/N that/N it/V may/V seek/V a/I controlling/N interest/N in/I _OOV_/N ,/, or/N seek/V representation/N on/N the/I company/N 's/, board/N ./.
_OOV_/N has/N said/V it/V does/V n't/, intend/V to/V be/V acquired/N by/N the/I _OOV_/N group/N or/N any/N other/N party/N ./.
Inland/N Steel/N Industries/N Inc./N ,/, battered/V by/I lower/V volume/N and/N higher/N costs/N ,/, posted/N a/I 75/N %/N drop/V in/I third-quarter/N earnings/N ./.
The/I nation/N 's/, _OOV_/N steelmaker/N earned/N $/N _OOV_/N million/N ,/, or/N 43/N cents/N a/I share/N ,/, compared/I with/I $/N 61/N million/N ,/, or/N $/N _OOV_/N a/I share/N ,/, a/I year/N earlier/I ,/, when/V the/I industry/N was/I enjoying/V peak/N demand/N and/N strong/N pricing/N ./.
Sales/N fell/N to/N $/N _OOV_/N million/N from/I $/N 1.02/N billion/N ./.
The/I earnings/N also/I mark/N a/I significant/N drop/V from/V the/I second/N quarter/N 's/, $/N _OOV_/N million/N or/N $/N 1.25/N a/I share/N ./.
Moreover/N ,/, the/I earnings/N were/N well/N below/N analysts/I '/N expectations/V of/I about/N $/N _OOV_/N a/I share/N ./.
In/, composite/N trading/N on/N the/I New/N York/N Stock/N Exchange/N ,/, Inland/N closed/N yesterday/V at/N $/N _OOV_/N a/I share/N ,/, down/V $/N 1/N ./.
The/I company/N attributed/I the/I earnings/N drop/V to/V lower/V volume/N related/N to/N seasonal/I demand/N and/N the/I soft/N consumer/N durable/N market/N ,/, especially/N in/I the/I automotive/N sector/N ./.
However/, ,/, the/I company/N also/N lost/I orders/V because/N of/I prolonged/N labor/N talks/N in/N the/I second/N quarter/N ./.
Third-quarter/N shipments/N slipped/I 7/N %/N from/I the/I year-ago/N period/I ,/, and/I 17/N %/N from/I this/V year/N 's/, second/N quarter/N ./.
Profit/N of/I steel/N shipped/N for/N the/I company/N 's/, steel/I segment/N slid/N to/N $/N 26/N a/I ton/N ,/, from/I $/N 66/N a/I ton/N a/I year/N earlier/I and/I $/N 57/N a/I ton/N a/I quarter/N earlier/I ./.
Analysts/N noted/N that/V the/I disappointing/N results/N do/N n't/, reflect/N lower/V prices/N for/N steel/N products/N ./.
Charles/N Bradford/N ,/, an/I analyst/N with/I Merrill/N Lynch/N Capital/N Markets/N ,/, said/V higher/N prices/N for/I galvanized/N and/I _OOV_/N products/N offset/N lower/N prices/N for/I bar/N ,/, _OOV_/N and/N structural/N steel/N ./.
Structural/N steel/N ,/, which/I primarily/N serves/N the/I construction/N market/N ,/, was/I especially/N hurt/V by/N a/I 15/N %/N price/N drop/V ,/, Mr./N Bradford/N said/V ./.
The/I company/N said/V its/I integrated/N steel/N sector/N was/N also/N hurt/V by/N higher/N raw/N material/N ,/, repair/N and/N maintenance/N ,/, and/I labor/N costs/N ./.
The/I increased/N labor/N costs/N became/N effective/N Aug./N 1/N under/N terms/N of/I the/I four-year/N labor/N agreement/N with/N the/I United/N _OOV_/N union/N ./.
Meanwhile/N ,/, the/I company/N 's/, service/N center/N segment/N ,/, which/I saw/I operating/N profit/N drop/V to/N $/N 11.5/N million/N from/I $/N _OOV_/N million/N a/I year/N ago/N ,/, experienced/N much/N of/I the/I same/I demand/N and/N cost/N problems/N ,/, as/V well/N as/I start-up/N costs/N associated/N with/V a/I coil/N processing/N facility/N in/I Chicago/N and/N an/I upgraded/N computer/N information/N system/N ./.
Inland/N Chairman/N Frank/N W./N _OOV_/N said/V the/I company/N 's/, short-term/N outlook/N is/I ``/N clouded/N by/I uncertainties/N in/N the/I economy/N and/N financial/N markets/N ./, ''/N
However/, ,/, he/V noted/V that/N steel/I mill/N bookings/N are/N up/V from/V early/N summer/N levels/N ,/, and/V that/N he/V expects/V the/I company/N to/N improve/N its/I cost/N performance/N in/N the/I fourth/N quarter/N ./.
In/, the/I first/N nine/N months/N ,/, profit/N was/I $/N 113/N million/N ,/, or/N $/N _OOV_/N a/I share/N ,/, on/I sales/N of/I $/N _OOV_/N billion/N ,/, compared/I with/I $/N _OOV_/N million/N ,/, or/N $/N _OOV_/N a/I share/N ,/, on/I sales/N of/I $/N _OOV_/N billion/N ,/, a/I year/N earlier/I ./.
The/I ``/N seismic/N ''/N activity/N of/I a/I financial/N market/N bears/N a/V resemblance/V to/V the/I seismic/N activity/N of/I the/I earth/N ./.
When/, things/N are/N quiet/V -LRB-/N low/N volatility/N -RRB-/N ,/, the/I structures/N on/N which/I markets/N stand/V can/N be/N relatively/N inefficient/N and/N still/N perform/V their/V functions/N adequately/V ./.
However/, ,/, when/V powerful/N forces/N start/V shaking/V the/I market/N 's/, structure/N ,/, the/I more/N ``/N _OOV_/N ''/N it/V is/V ,/, the/I better/V its/I chance/V for/V survival/N ./.
America/N 's/, financial/N markets/N do/N not/N yet/V have/N all/V the/I required/N modern/I features/I required/N to/N make/V them/V fully/I ``/N _OOV_/N ./, ''/N
Investors/N lack/N equal/V access/N to/N the/I markets/N '/N trading/N arena/N and/N its/I information/N ./.
That/, structural/N lack/N is/V crucial/V because/N investors/N are/N the/I only/D source/N of/I market/N liquidity/N ./.
And/, liquidity/N is/N what/V markets/N need/N to/V damp/V quakes/N and/N aftershocks/N ./.
In/, today/N 's/, markets/N ,/, specialists/N -LRB-/N on/N the/I New/N York/N Stock/N Exchange/N -RRB-/N and/I ``/N upstairs/N ''/N market/N makers/N -LRB-/N in/N the/I over-the-counter/N market/N -RRB-/N are/N the/I only/D market/N participants/N allowed/N to/V play/V a/I direct/V role/N in/I the/I _OOV_/N process/N ./.
When/, they/V halt/N trading/N ,/, all/V market/N liquidity/N is/N gone/V ./.
And/, when/V any/V component/N of/I the/I market/N --/N cash/N ,/, futures/N or/N options/N --/N loses/V liquidity/N ,/, the/I price/N discovery/N system/N -LRB-/N the/I way/V prices/N are/N determined/I -RRB-/N becomes/N flawed/V or/N is/V lost/V entirely/N for/N a/I time/V ./.
Last/N Friday/N the/I 13th/N -LRB-/N as/N well/N as/I two/N years/N ago/N this/V week/N -RRB-/N the/I markets/N became/I _OOV_/N ./.
When/, that/V happened/V ,/, ``/N seismic/N ''/N tremors/N of/I fear/N --/N much/N like/V the/I shock/V waves/I created/N by/N an/I earthquake/N --/N _OOV_/N through/N the/I market/N and/N increased/N the/I market/N 's/, volatility/N ./.
_OOV_/N of/I important/N ,/, needed/V information/N can/N cause/N fear/N ./.
_OOV_/N is/V the/I father/N of/I panic/N ./.
_OOV_/N frequently/N results/N in/N irrational/V behavior/N ./.
And/, in/I financial/N markets/N ,/, irrational/V behavior/N is/V sometimes/N translated/N into/V catastrophe/V ./.
When/, market/N tremors/N start/V ,/, it/V is/V crucial/V that/N as/V much/N information/N about/N transaction/N prices/N and/N the/I _OOV_/N curve/N -LRB-/N buy/N and/I sell/N orders/V at/N various/N prices/N -RRB-/N be/N made/I available/N to/N all/V ,/, not/V just/V to/V market/N makers/N ./.
Because/N of/I a/I lack/N of/I information/N and/N access/N ,/, many/N investors/N --/N including/N the/I very/N ones/N whose/D buying/N power/N could/N restore/V stability/N and/N damp/V volatility/N --/N are/N forced/N to/V stand/V on/N the/I sidelines/N when/V they/N are/N most/N needed/V ,/, because/V of/I their/N ignorance/N of/I important/N market/N information/N ./.
To/N add/V _OOV_/N power/N to/N America/N 's/, markets/N ,/, a/V modern/I ,/, electronic/N trading/N system/N should/N be/V implemented/N that/N permits/N equal/I access/N to/N the/I trading/N arena/I -LRB-/N and/N the/I information/N that/N would/V automatically/V accompany/V such/N access/N -RRB-/N by/I investors/N --/N particularly/N institutional/N investors/N ./.
_OOV_/N to/N some/N opinions/N ,/, the/I trading/N activities/N of/I specialists/N and/N other/N market/N makers/N do/N not/V provide/N liquidity/N to/N the/I market/N as/N a/V whole/N ./.
What/, market/N makers/N provide/N is/V immediacy/V ,/, a/I very/N valuable/N service/N ./.
_OOV_/N is/V not/V a/D service/N ./.
It/, is/V a/I market/N attribute/N --/N the/I ability/N to/V absorb/N selling/N orders/V without/N causing/N significant/N price/N changes/N in/N the/I absence/V of/I news/N ./.
Market/N makers/N buy/N what/V investors/N wish/N to/V sell/N ;/, their/V business/N is/I _OOV_/N these/N unwanted/N positions/N as/V quickly/V as/N possible/N to/V other/N investors/N ,/, and/I at/N a/I profit/N ./.
As/, a/V result/N ,/, while/V any/N one/N customer/N may/N purchase/N immediacy/N by/N selling/N to/N a/I market/N maker/N -LRB-/N which/N is/V _OOV_/N for/N the/I investor/N -RRB-/N ,/, the/I market/N as/N a/V whole/N remains/N in/I the/I same/I circumstances/N it/V was/V before/V the/I transaction/N :/N The/V unwanted/N position/V is/V still/V an/I unwanted/N position/V ;/, only/V the/I identity/N of/I the/I seller/N has/N changed/I ./.
In/, fact/N it/V can/N be/V argued/V that/N increasing/N capital/N commitments/N by/I market/N makers/N -LRB-/N a/I result/N of/I some/N _OOV_/N crash/N studies/N -RRB-/N also/N increases/N market/N volatility/N ,/, since/I the/I more/N securities/N are/N held/I by/I market/N makers/N at/N any/N given/V time/V ,/, the/I more/N selling/N pressure/N is/V overhanging/N the/I market/N ./.
In/, an/I open/N electronic/N system/N ,/, any/V investor/N wishing/N to/V pay/N for/I real-time/N access/N to/N the/I trading/N arena/N through/V a/I registered/N broker-dealer/N would/N be/N able/V to/V see/N the/I entire/D _OOV_/N curve/N -LRB-/N buy/N and/I sell/N orders/V at/N each/V price/N -RRB-/N entered/N by/I dealers/N and/N investors/N alike/N ,/, and/V to/N enter/V and/I execute/V orders/V ./.
Current/N quotations/V would/N reflect/N the/I combined/N financial/N judgment/N of/I all/N market/N participants/N --/N not/N just/V those/V of/I intermediaries/V who/N become/N extremely/N _OOV_/N during/I times/N of/I crisis/N ./.
Investors/N and/N professionals/N alike/N would/V compete/N on/N the/I level/N playing/I field/N Congress/N sought/N and/N called/N a/I ``/N national/N market/N system/N ''/N -LRB-/N not/N yet/V achieved/I -RRB-/N almost/I 15/N years/N ago/N when/V it/V passed/N the/I Securities/N Reform/N Act/N of/I _OOV_/N ./.
Last/N Friday/N 's/, market/N _OOV_/N did/N not/N result/N in/I severe/N ``/N aftershocks/N ./, ''/N
Were/N we/, smart/N or/N just/V lucky/V ?/.
I/, 'm/, not/N certain/N ./.
But/, I/, am/N sure/V we/, need/N to/V maximize/V our/N ``/N earthquake/N ''/N protection/N by/N making/N certain/N that/N our/V market/N structures/N let/V investors/N add/V their/N mighty/N _OOV_/N power/N to/N our/V nation/N 's/, markets/N ./.
Mr./N _OOV_/N is/I chairman/N of/I his/I own/V consulting/N company/N in/I _OOV_/N ,/, N.J/N ./.
NOW/N YOU/N _OOV_/N IT/N ,/, now/I you/, do/V n't/, ./.
The/I recession/N ,/, that/V is/V ./.
The/I economy/N 's/, _OOV_/N steps/V leave/V investors/N wondering/V whether/N things/N are/N slowing/N down/V or/N speeding/N up/V ./.
So/, often/N are/N government/N statistics/N revised/N that/N they/N seem/N to/V resemble/N a/V spinning/I weather/N vane/N ./.
For/N the/I past/N seven/N years/N ,/, investors/N have/N had/V the/I wind/N at/N their/N backs/N ,/, in/I the/I form/N of/I a/I generally/N growing/N economy/N ./.
Some/N may/V have/V forgotten/I --/N and/N some/N younger/V ones/N may/V never/V have/N experienced/N --/N what/V it/V 's/, like/V to/V invest/N during/I a/I recession/N ./.
_OOV_/N tactics/N are/N called/V for/V ,/, as/V losing/I money/N becomes/N easier/N and/N making/N money/N becomes/N tougher/V ./.
For/N those/N investors/N who/N believe/N --/N or/N fear/N --/N that/N 1990/N will/V be/V a/V recession/N year/N ,/, many/N economists/N and/N money/N managers/N agree/N on/N steps/V that/N can/N be/V taken/V to/V lower/V the/I risks/N in/N a/I portfolio/N ./.
In/, a/I nutshell/N ,/, pros/N advise/N investors/N who/N expect/V a/I slowdown/N to/N hold/V fewer/I stocks/N than/N usual/V and/N to/V favor/I shares/N of/I big/N companies/N in/I ``/N defensive/N ''/N industries/N ./.
A/N heavy/N dose/N of/I cash/N is/I prescribed/N ,/, along/V with/I a/I _OOV_/N allotment/N to/N bonds/N --/N preferably/N government/N bonds/N ./.
It/, 's/, tempting/V to/V think/V these/N defensive/V steps/V can/N be/V delayed/N until/N a/I recession/N is/V clearly/N at/N hand/N ./.
But/, that/V may/V not/N be/N possible/V ,/, because/V recessions/N often/N take/V investors/N by/N surprise/V ./.
``/N They/, always/N seem/N to/V come/V a/I bit/N later/N than/N you/, expect/V ./.
When/, they/V do/V hit/V ,/, they/V hit/V fast/V ,/, ''/N says/V David/N A./N _OOV_/N ,/, chief/N financial/N economist/N at/N the/I Data/N Resources/N division/N of/I McGraw-Hill/N Inc/N ./.
Though/V he/V himself/V does/V n't/, expect/V a/V recession/N soon/V ,/, Mr./N _OOV_/N advises/N people/N who/N do/N that/N ``/N the/I best/V thing/V to/V be/V in/I is/V long/I that/V is/V ,/, _OOV_/N to/N 30-year/N Treasury/N bonds/N ./, ''/N
The/V reason/N is/V simple/V ,/, Mr./N _OOV_/N says/V :/N ``/N Interest/N rates/N almost/N always/N decline/N during/I recession/N ./, ''/N
As/, surely/V as/V a/I _OOV_/N tilts/N ,/, falling/V interest/N rates/N force/N up/V the/I price/N of/I previously/I issued/N bonds/N ./.
They/, are/N worth/N more/N because/N they/V pay/N higher/N interest/N than/N newly/N issued/N bonds/N do/N ./.
That/, effect/V holds/V true/V for/V both/N short-term/N and/N long-term/N bonds/N ./.
But/, short-term/N bonds/N ca/N n't/, rise/I too/N much/V ,/, because/V everyone/V knows/V they/V will/V be/V redeemed/V at/N a/I preset/N price/N fairly/N soon/V ./.
_OOV_/N bonds/N ,/, with/V many/N years/N left/V before/V maturity/N ,/, swing/V more/N widely/N in/I price/N ./.
But/, not/V just/V any/N bonds/N will/N do/V ./.
Corporate/N bonds/N ``/N are/N usually/N not/N a/V good/V bet/V in/I a/I recession/N ,/, ''/N Mr./N _OOV_/N says/V ./.
As/, times/V get/V tougher/V ,/, investors/N fret/N about/V whether/N companies/N will/N have/N enough/V money/N to/N pay/N their/N debts/N ./.
This/N hurts/V the/I price/N of/I corporate/N bonds/N ./.
Also/, ,/, he/V notes/N ,/, ``/N most/N corporate/N bonds/N are/N _OOV_/N ./, ''/N
That/, means/N that/V a/I corporation/N ,/, after/V a/I specified/N amount/N of/I time/I has/I passed/N ,/, can/V buy/N back/V its/I bonds/N by/N paying/N investors/N the/I face/V value/V -LRB-/N plus/N ,/, in/I some/N cases/N ,/, a/I sweetener/N -RRB-/N ./.
When/, interest/N rates/N have/N dropped/N ,/, it/V makes/V sense/N for/I corporations/N to/N do/N just/V that/V ;/, they/V then/V save/V on/V interest/N costs/N ./.
But/, the/I investors/N are/N left/V stranded/N with/I money/N to/N _OOV_/N at/N a/I time/V when/V interest/N rates/N are/N _OOV_/N ./.
If/, corporate/N bonds/N are/N bad/V in/I recessions/N ,/, junk/N bonds/N are/N likely/N to/V be/V the/I worst/N of/I all/N ./.
It/, 's/, an/I ``/N absolute/I necessity/N ''/N to/V get/V out/V of/I junk/N bonds/N when/V a/V recession/N is/V in/I the/I _OOV_/N ,/, says/V _OOV_/N _OOV_/N ,/, professor/N of/I finance/N at/N Cornell/N University/N ./.
``/N Such/N bonds/N are/N very/V sensitive/N to/V the/I downside/N ,/, and/V this/V could/V be/V a/I disaster/N ./, ''/N
Municipal/N bonds/N are/N generally/N a/V bit/N safer/N than/N corporate/N bonds/N in/N a/I recession/N ,/, but/V not/N as/V safe/N as/D bonds/N issued/N by/N the/I federal/N government/N ./.
During/N an/I economic/N slump/N ,/, local/N tax/N revenues/N often/N go/V down/V ,/, raising/N the/I risks/N associated/N with/I at/N least/I some/N _OOV_/N ./.
And/, ,/, like/V corporates/N ,/, many/N municipal/N bonds/N are/N _OOV_/N ./.
But/, a/V few/I experts/N ,/, going/V against/N the/I consensus/N ,/, do/V n't/, think/, bonds/N would/N help/N investors/N even/N if/V a/V recession/N is/V in/I the/I _OOV_/N ./.
One/V of/I these/N is/V Jeffrey/N L./N Beach/N ,/, director/N of/I research/N for/I _OOV_/N _OOV_/N &/N Co./N ,/, a/I brokerage/N house/N in/I Houston/N ,/, who/V thinks/V that/N ``/N we/, 're/, either/V in/I a/I recession/N or/N about/V to/V go/V into/D one/N ./, ''/N
What/, 's/, more/N ,/, he/V thinks/V this/V could/V be/V a/I _OOV_/N recession/N than/N usual/V :/N ``/N Once/, the/I downturn/N comes/V ,/, it/V 's/, going/V to/V be/V very/V hard/V to/V reverse/N ./, ''/N
Investors/N ,/, he/D advises/N ,/, ``/N should/N be/N cautious/V ,/, ''/N holding/V fewer/I stocks/N than/N usual/V and/N also/N shunning/N bonds/N ./.
Because/N he/V sees/V ``/N 5/N %/N to/N 6/N %/N base/N rate/N of/I inflation/N in/N the/I economy/N ,/, ''/N he/V doubts/V that/V interest/N rates/N will/N fall/V much/N any/N time/V soon/V ./.
Instead/N ,/, Mr./N Beach/N says/V ,/, investors/N ``/N probably/I should/N be/N carrying/N a/I very/N high/N level/N of/I cash/N ,/, ''/N by/N which/I he/V means/N such/N so-called/N cash/N equivalents/N as/I _OOV_/N funds/N and/I Treasury/N bills/N ./.
_OOV_/N _OOV_/N ,/, president/N of/I _OOV_/N Financial/N Inc./N in/I _OOV_/N ,/, Pa./N ,/, also/I recommends/N that/N investors/N go/V heavily/N for/I cash/N ./.
He/, is/V n't/, sure/V a/V recession/N is/V coming/V ,/, but/V says/V the/I other/N likely/N alternative/N --/N _OOV_/N inflation/N --/N is/V just/V as/V bad/V ./.
``/N This/N late/N in/I an/N expansion/I ,/, ''/N the/I economy/N tends/N to/V veer/N off/V either/N into/V damaging/N inflation/N or/N into/V a/I recession/N ,/, Mr./N _OOV_/N says/V ./.
The/I Federal/N Reserve/N Board/N 's/, plan/N for/N a/I ``/N soft/N landing/N ,/, ''/N he/V says/V ,/, requires/V the/I Fed/N to/N navigate/N ``/N an/I _OOV_/N corridor/N ./, ''/N
A/N soft/N landing/N is/V n't/, something/V that/N can/N be/V achieved/I once/D and/I for/N all/N ,/, Mr./N _OOV_/N adds/V ./.
It/, has/N to/N be/V engineered/N over/I and/N over/I again/V ,/, month/N after/N month/N ./.
He/, believes/V that/V the/I task/N facing/N Fed/N Chairman/N Alan/N Greenspan/N is/V so/V difficult/N that/N it/V resembles/I ``/N juggling/N a/I _OOV_/N ax/N and/N a/I buzz/N saw/I ./, ''/N
And/, ,/, in/I a/I sense/N ,/, that/V 's/, the/I kind/V of/I task/N individuals/N face/V in/I deciding/V what/N to/V do/V about/V stocks/N --/N the/I mainstay/N of/I most/N serious/N investors/N '/N portfolios/N ./.
It/, comes/V down/V to/V a/V question/V of/I whether/N to/V try/V to/N ``/N time/I ''/N the/I market/N ./.
For/N people/N who/V can/V ride/V out/V market/N waves/I through/V good/V times/V and/N bad/V ,/, stocks/N have/N been/V rewarding/N long-term/N investments/N ./.
Most/V studies/N show/N that/N _OOV_/N investors/N historically/N have/N earned/V an/N annual/N return/V from/I stocks/N of/I 9/N %/N to/N 10/N %/N ,/, including/N both/N dividends/N and/N price/N appreciation/N ./.
That/, 's/, well/V above/V what/V bonds/N or/N bank/N certificates/N have/N paid/V ./.
Moreover/N ,/, because/V no/V one/N knows/N for/V sure/V just/V when/V a/V recession/N is/V coming/V ,/, some/N analysts/V think/N investors/N should/N n't/, even/V worry/V too/V much/V about/N timing/V ./.
``/N _OOV_/N to/N time/V the/I economy/N is/N a/V mistake/V ,/, ''/N says/V David/N Katz/N ,/, chief/N investment/N officer/N of/I Value/N Matrix/N Management/N Inc./N in/I New/N York/N ./.
Mr./N Katz/N notes/N that/N some/N economists/N have/N been/N predicting/V a/I recession/N for/N at/N least/I two/N years/N ./.
Investors/N who/N listened/V ,/, and/I lightened/N up/V on/N stocks/N ,/, ``/N have/N just/V hurt/V themselves/N ,/, ''/N he/V says/V ./.
Mr./N Katz/N adds/V that/N people/N who/V jump/N in/I and/N out/V of/I the/I stock/N market/N need/N to/V be/V right/V about/V 70/N %/N of/I the/I time/V to/N beat/V a/I _OOV_/N strategy/N ./.
_OOV_/N trading/N runs/N up/V high/N commission/N costs/N ./.
And/, the/I _OOV_/N might/N miss/N the/I sudden/I _OOV_/N that/N account/V for/N much/N of/I the/I stock/N market/N 's/, gains/N over/I time/I ./.
Still/N ,/, few/I investors/N are/N able/V to/V sit/V tight/V when/V they/N are/N convinced/V a/I recession/N is/V coming/V ./.
After/, all/V ,/, in/I all/N five/N recessions/N since/I _OOV_/N ,/, stocks/N declined/N ./.
According/N to/N _OOV_/N Davis/N ,/, president/N of/I _OOV_/N Davis/N Research/N Inc./N in/I _OOV_/N ,/, _OOV_/N ,/, the/I average/N drop/V in/N the/I Dow/N Jones/N Industrial/N Average/N was/I about/N 21/N %/N ,/, and/V the/I decrease/N began/N an/N average/N of/I six/N months/N before/V a/I recession/N officially/N started/N ./.
By/N the/I time/V a/I recession/N is/I ``/N official/N ''/N -LRB-/N two/N consecutive/N quarters/N of/I declining/N gross/N national/N product/N -RRB-/N ,/, much/V of/I the/I damage/N to/V stocks/N has/N already/V been/I _OOV_/N ,/, in/I the/I typical/I case/N ,/, the/I recession/N is/V already/V half/N over/I ./.
About/N six/N months/N before/V a/I recession/N ends/V ,/, stocks/N typically/N begin/N to/V rise/I again/V ,/, as/D investors/N anticipate/V a/I recovery/N ./.
The/V average/N recession/N lasts/N about/N a/I year/N ./.
Unfortunately/N ,/, though/V ,/, recessions/N vary/N enough/V in/I length/N so/V that/V the/I average/N ca/N n't/, reliably/V be/N used/V to/V guide/N investors/N in/N timing/V stock/N sales/N or/N purchases/N ./.
But/, whatever/V their/V advice/N about/V timing/V ,/, none/V of/I these/N experts/N recommend/N _OOV_/N stocks/N entirely/N during/I a/I recession/N ./.
For/N the/I portion/N of/I an/I investor/N 's/, portfolio/N that/N stays/V in/I stocks/N ,/, professionals/N have/N a/V number/I of/I suggestions/N ./.
Mr./N Katz/N advocates/N issues/N with/I low/N _OOV_/N ratios/N --/N that/V is/V ,/, low/N prices/N in/I relation/N to/V the/I company/N 's/, earnings/N per/N share/N ./.
``/N _OOV_/N _OOV_/N ''/N stocks/N ,/, he/V says/V ,/, vastly/N outperform/N others/N ``/N during/I a/I recession/N or/N bear/V market/N ./, ''/N
In/, good/V times/V ,/, he/V says/V ,/, they/V lag/N a/I bit/N ,/, but/V overall/V they/N provide/N superior/N performance/N ./.
Prof./N _OOV_/N urges/V investors/N to/N discard/V stocks/N in/N small/N companies/N ./.
_OOV_/N shares/N typically/N fall/V more/N than/N _OOV_/N stocks/N in/N a/I recession/N ,/, he/V says/V ./.
And/, in/I any/N case/V ,/, he/V argues/V ,/, stocks/N of/I small/N companies/N are/N ``/N almost/N as/I overpriced/N as/N they/N were/N Sept./N 30/N ,/, 1987/N ,/, just/V before/V the/I crash/N ./, ''/N
For/N example/V ,/, Mr./N _OOV_/N says/V ,/, stocks/N of/I small/N companies/N are/N selling/N for/N about/N 19/N times/I cash/N flow/N ./.
_OOV_/N flow/N ,/, basically/V earnings/N plus/N depreciation/N ,/, is/V one/N common/N gauge/N of/I a/I company/N 's/, financial/N health/N ./, -RRB-/N
That/, ratio/N is/V dangerously/N close/V to/V the/I ratio/N of/I _OOV_/N that/N prevailed/I before/V the/I 1987/N _OOV_/N crash/N ,/, Mr./N _OOV_/N says/V ./.
And/, it/V 's/, way/V above/V the/I ratio/N -LRB-/N _OOV_/N times/I cash/N flow/N -RRB-/N that/N bigger/V companies/N are/N selling/N for/N ./.
Another/N major/N trick/V in/I making/N a/I portfolio/N _OOV_/N is/V choosing/V stocks/N in/I ``/N defensive/N ''/N industries/N ./.
Food/N ,/, tobacco/N ,/, drugs/N and/N utilities/N are/N the/I classic/N examples/I ./.
Recession/N or/N not/V ,/, people/N still/N eat/N ,/, smoke/V ,/, and/V take/V medicine/N when/V they/V 're/, sick/N ./.
George/N _OOV_/N III/N ,/, editor/N of/I _OOV_/N Letter/N in/I Boston/N ,/, offers/N one/N final/I tip/V for/I _OOV_/N investors/N ./.
``/N Keep/N some/N money/N available/N for/N opportunities/N ,/, ''/N he/V says/V ./.
``/N If/, the/I recession/N does/N hit/V ,/, there/V will/V be/N some/N great/I investment/N opportunities/N just/V when/V things/V seem/V the/I blackest/N ./, ''/N
Mr./N Dorfman/N covers/N investing/N issues/N from/N The/I Wall/N Street/N Journal/N 's/, New/N York/N bureau/N ./.
Some/, industry/N groups/N consistently/N weather/N the/I storm/N better/V than/N others/N ./.
The/V following/N shows/N the/I number/I of/I times/N these/N industries/N outperformed/N the/I Standard/N &/N Poor/N 's/, _OOV_/N Index/N during/I the/I first/N six/N months/N of/I the/I past/N seven/N recessions/N ./.
Bond/N prices/N posted/N strong/N gains/N as/N investors/N went/N on/N a/I bargain/V hunt/N ./.
But/, while/V the/I overall/I market/N improved/N ,/, the/I _OOV_/N junk-bond/N market/N continued/N to/V count/N casualties/N ,/, even/V as/D junk-bond/N prices/N rose/N ./.
Yesterday/V ,/, Prudential-Bache/N Securities/N Inc./N said/V it/V postponed/N a/I $/N _OOV_/N million/N senior/N subordinated/I _OOV_/N offering/N by/I York/N International/N Corp/N ./.
And/, Donaldson/N ,/, Lufkin/N &/N Jenrette/N Securities/N Corp./N scrambled/N to/V restructure/N and/N improve/N the/I potential/N returns/N on/V a/I $/N _OOV_/N million/N _OOV_/N offering/N by/I Chicago/N &/N North/N Western/N Acquisition/N Corp./N that/N was/V still/N being/N negotiated/N late/N last/N night/N ./.
The/I issue/N by/I Chicago/N &/N North/N Western/N is/I one/N of/I the/I so-called/N good/V junk-bond/N offerings/N on/N the/I _OOV_/N calendar/N ./.
Some/N analysts/V said/V the/I restructuring/N of/I the/I railroad/N concern/N 's/, issue/N shows/N how/V tough/V it/V is/V for/I underwriters/N to/N sell/N even/N the/I junk/N bonds/N of/I a/I company/N considered/N to/V be/V a/V relatively/N good/V credit/N risk/N ./.
Since/V last/V week/N 's/, junk-bond/N market/N debacle/N ,/, many/N new/N issues/N of/I high-yield/N ,/, high-risk/N corporate/N bonds/N have/N either/N been/V scaled/N back/V ,/, delayed/N or/N dropped/N ./.
On/N Wednesday/N ,/, Drexel/N Burnham/N Lambert/N Inc./N had/N to/V slash/N the/I size/N of/I Continental/N Airlines/N '/N junk-bond/N offering/N to/N $/N 71/N million/N from/I $/N 150/N million/N ./.
Salomon/N Brothers/N Inc./N has/N delayed/N Grand/N Union/N Co./N 's/, $/N _OOV_/N billion/N junk-bond/N offering/N while/N it/V _OOV_/N the/I transaction/N ./.
Last/N week/N ,/, the/I Grand/N Union/N offering/N was/I sweetened/N to/V include/N warrants/N that/N allow/N _OOV_/N to/N acquire/N common/N stock/N ./.
Prudential-Bache/N said/V the/I York/N issue/N was/I delayed/N because/N of/I market/N conditions/N ./.
``/N Everything/N is/V going/V through/I _OOV_/N right/N now/V ,/, and/I -LCB-/N Chicago/N &/N North/N Western/N -RCB-/N is/V no/V exception/V ,/, ''/N said/V _OOV_/N _OOV_/N ,/, vice/N president/N ,/, high-yield/N research/N ,/, at/N _OOV_/N ./.
_OOV_/N managers/N say/N sweeteners/N like/N equity/N kickers/N and/N stricter/N protective/N covenants/V may/V increasingly/N be/N required/V to/N sell/N junk-bond/N deals/N ./.
Dan/N _OOV_/N ,/, managing/N director/N of/I high-yield/N investments/N at/N Chancellor/N Capital/N Management/N ,/, said/V the/I Chicago/N &/N North/N Western/N offering/N was/I restructured/N in/N part/I because/N ``/N several/N large/N insurance/N buyers/N right/N now/V are/N demanding/I equity/N as/N part/I of/I the/I package/N ./.
If/, you/, 're/, going/V to/V take/V the/I risk/N in/N this/I market/N ,/, you/, want/V something/V extra/V ./, ''/N
Mr./N _OOV_/N likes/V the/I offering/N ./.
But/, several/I mutual-fund/N managers/N ,/, nervous/N about/N the/I deteriorating/N quality/N of/I their/N junk-bond/N portfolios/N and/N shy/V about/V buying/N new/N issues/N ,/, said/V they/V 're/, staying/V away/V from/V any/N junk/N security/N that/N is/V n't/, considered/N first/N rate/N for/N its/I class/N ./.
While/V they/N consider/N the/I Chicago/N &/N North/N Western/N issue/N to/N be/N good/V ,/, they/V do/V n't/, view/V it/V as/V the/I best/N ./.
To/N lure/V buyers/N to/N the/I Chicago/N &/N North/N Western/N bonds/N ,/, portfolio/N managers/N said/V Donaldson/N Lufkin/N sweetened/N the/I transaction/N by/N offering/N the/I bonds/N with/N a/I _OOV_/N interest/N rate/N and/N a/I 10/N %/N equity/N kicker/N ./.
The/I bonds/N are/N expected/V to/N have/V a/I 14/N %/N coupon/N rate/N ./.
The/I equity/N arrangement/N apparently/V would/V allow/N _OOV_/N to/N buy/N a/I total/N of/I 10/N %/N of/I the/I stock/N of/I _OOV_/N Corp./N ,/, Chicago/N &/N North/N Western/N 's/, parent/N company/N ./.
Donaldson/N Lufkin/N declined/N to/N comment/N on/N the/I restructuring/N ./.
According/N to/N some/N analysts/V familiar/N with/V the/I negotiations/N ,/, the/I 10/N %/N of/I equity/N would/N come/V directly/V from/I Donaldson/N Lufkin/N and/N a/I fund/N affiliated/N with/N the/I investment/N bank/N _OOV_/N Group/N ,/, which/I would/V reduce/N their/N _OOV_/N equity/N holdings/N by/I 5/N %/N each/N ./.
That/, would/V leave/V the/I _OOV_/N fund/N with/N a/I 60/N %/N stake/N and/I Donaldson/N Lufkin/N with/I 15/N %/N ./.
Despite/N the/I problems/N with/I new/N issues/N ,/, high-yield/N bonds/N showed/N gains/N in/N the/I secondary/N ,/, or/N resell/N ,/, market/N ./.
_OOV_/N bonds/N ended/N about/N one-half/N point/N higher/N with/I so-called/N high-quality/N issues/N from/I RJR/N Capital/N Holdings/N Corp./N and/I _OOV_/N Gas/N Service/N Limited/N _OOV_/N rising/I one/N point/N ./.
In/, the/I Treasury/N market/N ,/, the/I benchmark/N 30-year/N bond/N rose/N _OOV_/N point/V ,/, or/N $/N 8.75/N for/N each/N $/N 1,000/N face/N amount/N ./.
The/V gain/N reflects/N fresh/N economic/N evidence/N that/V inflation/N is/N moderating/V while/N the/I economy/N slows/N ./.
That/, raised/V hopes/N that/N interest/N rates/N will/N continue/N to/V move/V lower/V ./.
The/I Labor/N Department/N reported/N that/N consumer/N prices/N rose/N just/V 0.2/N %/N last/V month/N ,/, slightly/V lower/V than/N some/N economists/N had/N expected/I ./.
But/, there/V were/N also/N rumors/N yesterday/V that/V several/I Japanese/N institutional/N investors/N were/N shifting/I their/N portfolios/N and/N buying/N long-term/N bonds/N while/N selling/N _OOV_/N Treasurys/N ./.
Short-term/N Treasury/N securities/N ended/N narrowly/N mixed/N ,/, with/I two-year/N notes/N posting/N slight/V declines/N while/N three-year/N notes/N were/N slightly/V higher/N ./.
Yesterday/V ,/, the/I Fed/N executed/N four-day/N matched/I sales/N ,/, a/I technical/N trading/N operation/N designed/N to/N drain/N reserves/N from/N the/I banking/N system/N ./.
The/V move/V was/V interpreted/N by/V some/N economists/N as/N a/I sign/V that/V the/I Fed/N does/N n't/, want/V the/I federal/N funds/N rate/N to/N move/V any/V lower/V than/N the/I 8/N %/N at/N which/I it/V has/V been/N hovering/N around/I during/I the/I past/N week/N ./.
The/V closely/N watched/V funds/N rate/N is/N what/V banks/N charge/N each/N other/N on/N overnight/N loans/N ./.
It/, is/V considered/N an/N early/N signal/N of/I Fed/N credit/N policy/N changes/N ./.
``/N The/V fact/N that/N they/N did/N four-day/N matched/I sales/N means/N they/N are/N not/V in/I a/I mood/N to/V ease/V aggressively/N ./.
They/, are/N telling/V us/N that/N -LCB-/N 8/N %/N -RCB-/N is/V as/V low/N as/N they/N want/V to/V see/N the/I fed/N funds/N rate/N ,/, ''/N said/V Robert/N _OOV_/N at/N _OOV_/N Bank/N PLC/N ./.
The/I benchmark/N 30-year/N bond/N was/V quoted/N late/N at/N a/I price/N of/I 101/N to/N yield/N _OOV_/N %/N ,/, compared/I with/I 100/N to/N yield/N _OOV_/N %/N Wednesday/N ./.
The/V latest/N 10-year/N notes/N were/N quoted/N late/N at/N 100/N to/N yield/N _OOV_/N %/N ,/, compared/I with/I 99/N to/N yield/N _OOV_/N %/N ./.
Short-term/N rates/N rose/N yesterday/V ./.
The/I discount/N rate/N on/N three-month/N Treasury/N bills/N rose/N to/N _OOV_/N %/N from/I _OOV_/N %/N Wednesday/N ,/, while/V the/I rate/N on/N six-month/N bills/N rose/N to/N _OOV_/N %/N from/I _OOV_/N %/N ./.
Meanwhile/N ,/, the/I Treasury/N sold/N $/N _OOV_/N billion/N of/I _OOV_/N bills/N yesterday/V ./.
The/V average/N yield/N on/N the/I bills/N was/I _OOV_/N %/N ,/, down/V from/I _OOV_/N %/N at/N the/I previous/I _OOV_/N bill/N auction/N Sept./N 21/N ./.
Yesterday/V 's/, yield/N was/I the/I lowest/N since/I _OOV_/N %/N on/N July/N 27/N ./.
Here/N are/N details/N of/I the/I auction/N :/N
Rates/N are/N determined/V by/N the/I difference/I between/I the/I purchase/N price/N and/N face/V value/N ./.
Thus/N ,/, higher/N bidding/I narrows/N the/I investor/N 's/, return/V while/V lower/V bidding/I widens/N it/V ./.
The/V percentage/N rates/N are/N calculated/N on/N a/I 360-day/N year/N ,/, while/V the/I coupon-equivalent/N yield/N is/V based/N on/N a/I 365-day/N year/N ./.
_OOV_/N bond/N price/N climbed/N yesterday/V despite/N skittishness/N in/N the/I _OOV_/N market/N for/I high-yield/N securities/N ./.
Dealers/N said/V junk/N bond/N issues/N on/N average/N were/N up/V by/N to/N point/V with/I so-called/N quality/N issues/N from/I RJR/N Capital/N Holdings/N Corp./N and/I _OOV_/N Gas/N Service/N Limited/N _OOV_/N posting/N _OOV_/N gains/N ./.
_OOV_/N Gas/N Service/N 's/, 13/N %/N debentures/N traded/N at/N 102/N ,/, after/I trading/N around/I par/N earlier/I this/V week/N ,/, and/I RJR/N 's/, 13/N %/N subordinated/I debentures/N of/I 2001/N were/N at/N 101/N after/N trading/N at/N below/N par/N earlier/I this/V week/N ./.
Investment-grade/N bonds/N were/N unchanged/I ./.
Activity/N was/I brisk/N in/N the/I _OOV_/N general/N obligation/N market/N ,/, as/V a/I series/N of/I sell/N lists/N hit/V the/I Street/N and/N capped/N upward/N price/N movement/N in/N the/I sector/N ./.
Traders/N estimated/N that/N more/N than/N $/N 140/N million/N of/I _OOV_/N bonds/N was/I put/V up/V for/I sale/N via/N _OOV_/N lists/N circulated/N by/N a/I handful/N of/I major/N brokers/N ./.
There/, was/I speculation/V that/V the/I supply/N was/I coming/V from/V a/I commercial/N bank/N 's/, portfolios/N ./.
According/N to/N market/N participants/N ,/, the/I bonds/N were/N met/N with/I decent/V bids/N ,/, but/V the/I volume/N of/I paper/N left/V high/V grades/N in/N the/I 10-year/N and/I under/N maturity/N range/N unchanged/I to/N _OOV_/N percentage/V point/N higher/N in/I yield/N ./.
_OOV_/N from/N the/I general/N obligation/N sector/N ,/, activity/N was/I modest/N ./.
Long/N dollar/N bonds/N were/N flat/V to/V up/V point/V ./.
New/N Jersey/N _OOV_/N Authority/N 's/, 7.20/N %/N issue/N of/I _OOV_/N was/I up/V at/N 98/N bid/N to/N yield/N about/N 7.32/N %/N ,/, down/V _OOV_/N percentage/V point/N ./.
The/I debt/N of/I some/N California/N issuers/N pulled/V off/V lows/N reached/N after/N Tuesday/N 's/, massive/I earthquake/N ,/, although/N traders/N said/V market/N participants/N remained/I cautious/V ./.
California/N expects/V to/V rely/N on/N federal/N emergency/N funds/N and/N its/I $/N _OOV_/N billion/N in/I general/N fund/N reserves/N to/N meet/V the/I estimated/N $/N 500/N million/N to/N $/N 1/N billion/N in/I damages/N resulting/N from/I the/I quake/I ,/, according/V to/N a/I state/N official/N ./.
It/, 's/, also/I unclear/N precisely/V how/V the/I state/N will/N rebuild/N its/I reserve/N ,/, said/V _OOV_/N Katz/N ,/, assistant/N director/N of/I California/N 's/, department/N of/I finance/N ,/, although/N she/V noted/V that/V a/I bond/N offering/N for/N that/N purpose/V is/V n't/, anticipated/V ./.
Meanwhile/N ,/, new/N issuance/N was/N slow/N ./.
The/I largest/N sale/N in/N the/I competitive/N arena/N was/V a/I $/N _OOV_/N million/N issue/N of/I school/N financing/N bonds/N from/N the/I _OOV_/N Public/N School/N Authority/N ./.
A/N balance/N of/I $/N _OOV_/N million/N remained/N in/I late/N _OOV_/N ,/, according/V to/N the/I lead/N manager/N ./.
Mortgage/N securities/N generally/N ended/V to/N point/V higher/N ,/, but/V lagged/N gains/N in/N the/I Treasury/N market/N because/N of/I a/I shift/I in/N the/I shape/I of/I the/I Treasury/N yield/N curve/N and/N rumored/N mortgage/N sales/N by/I thrifts/N ./.
Premium/N Government/N National/N Mortgage/N Association/N securities/N with/I coupon/N rates/N of/I 13/N %/N and/N higher/N actually/V declined/V amid/N concerns/N about/N increased/N prepayments/N because/N of/I a/I plan/N being/N considered/N by/I Congress/N to/N speed/N the/I refinancing/N of/I _OOV_/N mortgages/N ./.
Ginnie/N Mae/N 13/N %/N securities/N were/N down/V about/V at/N _OOV_/N ./.
If/, the/I refinancing/N plan/N clears/N Congress/N ,/, there/V could/V be/N fairly/N heavy/N prepayments/N on/N the/I premium/N securities/N ,/, hurting/V any/V investor/N paying/N much/N above/V par/N for/N them/N ./.
In/, the/I _OOV_/N sector/N ,/, a/V shift/I in/N the/I Treasury/N yield/N curve/N resulting/N from/I the/I better/V performance/N of/I _OOV_/N issues/N over/I _OOV_/N securities/N hurt/N major/N coupons/N because/N it/V will/V become/N more/N difficult/N to/V structure/N new/N derivative/N securities/N offerings/N ./.
Ginnie/N Mae/N 9/N %/N securities/N ended/N at/N 98/N ,/, up/V 9/N ,/, 9/N %/N
%/N to/V a/I 12-year/N average/N life/N assumption/V ,/, as/V the/I spread/N above/V the/I Treasury/N 10-year/N note/N widened/I _OOV_/N percentage/V point/N to/N _OOV_/N ./.
While/V Remic/N issuance/N may/N slow/V in/N the/I coming/V days/N because/N of/I the/I shift/I in/N the/I Treasury/N yield/N curve/N ,/, underwriters/N continued/N to/V crank/N out/V new/N real/I estate/N mortgage/N investment/N conduits/N structured/N when/V the/I yield/N curve/N was/V more/N favorable/N ./.
Two/N new/N _OOV_/N totaling/N $/N 900/N million/N were/N announced/N by/I Freddie/N Mac/N yesterday/V ./.
British/N government/N bonds/N ended/N little/V changed/I as/I investors/N awaited/N an/I economic/N policy/N address/N last/N night/N by/I Chancellor/N of/I the/I _OOV_/N Nigel/N _OOV_/N ./.
The/I Treasury/N 11/N %/N bond/N due/N was/I down/V at/N 111/N to/N yield/N _OOV_/N %/N ,/, while/V the/I 11/N %/N notes/N due/N 1991/N were/N unchanged/I at/N 98/N to/N yield/N _OOV_/N %/N ./.
In/, Japan/N ,/, the/I bellwether/N No./N 111/N 4.6/N %/N bond/N of/I 1998/N ended/N off/V _OOV_/N at/N _OOV_/N ,/, to/V yield/N _OOV_/N %/N ,/, and/I in/I West/N Germany/N ,/, the/I 7/N %/N benchmark/N issue/N due/N October/N 1999/N ended/I _OOV_/N point/N lower/V at/N _OOV_/N to/N yield/N _OOV_/N %/N ./.
