``/J We/N 're/V strongly/D _OOV_/N that/I anyone/R who/P has/V eaten/V in/I the/D _OOV_/N this/D month/N have/V the/D shot/N ,/, ''/J Mr./N _OOV_/N added/V ,/, ``/N and/C that/I means/N virtually/V everyone/R who/I works/N here/N ./.
I/N was/V _OOV_/N to/T read/V the/D _OOV_/N of/I facts/N in/I your/R Oct./N 13/N editorial/N ``/N _OOV_/N 's/P _OOV_/N _OOV_/N ./, ''/N
It/C is/V the/D _OOV_/N _OOV_/N who/P are/V _OOV_/N with/I the/D drug/N traffickers/N ,/, not/R the/D left/V wing/N ./.
This/J information/N was/V _OOV_/N from/I your/R own/N news/N stories/N on/I the/D region/N ./.
_OOV_/J _OOV_/N government/N _OOV_/N of/I the/D ``/N _OOV_/N ''/N was/V due/V to/T the/D drug/N _OOV_/N '/P history/N of/I _OOV_/N out/I _OOV_/N in/I the/D _OOV_/N ./.
Mary/J _OOV_/N Palo/N Alto/N ,/, Calif/N ./.
I/N suggest/V that/D The/N Wall/N Street/N Journal/N -LRB-/N as/I well/R as/I other/J U.S./N news/N publications/N of/I like/D mind/N -RRB-/N should/P put/V its/P money/N where/I its/P mouth/N is/V :/J _OOV_/N computer/N equipment/N to/T replace/V that/D damaged/V at/I El/N _OOV_/N ,/, buy/V ad/R space/N ,/, publish/V stories/N under/I the/D _OOV_/N of/I El/N _OOV_/N journalists/N ./.
Perhaps/C an/D arrangement/N could/P be/V worked/V out/I to/T ``/N sponsor/N ''/N El/N _OOV_/N journalists/N and/C staff/N by/I paying/V for/I added/V security/N in/I exchange/N for/I exclusive/J stories/N ./.
_OOV_/J El/N _OOV_/N 's/P courage/N with/I real/J support/N ./.
Douglas/J B./N Evans/N
_OOV_/J Co/N ./, -LRB-/N Atlanta/N -RRB-/N --/, _OOV_/N _OOV_/N and/C George/N _OOV_/N were/V elected/V vice/N _OOV_/N of/I this/D _OOV_/N company/N ./.
Mr./J _OOV_/N ,/, 46/N years/N old/R ,/, is/V the/D company/N 's/P director/N of/I quality/N assurance/N ;/, most/V recently/R ,/, he/P served/V as/I vice/N president/N ,/, operations/N ,/, for/I Coca-Cola/N _OOV_/N ./.
Mr./J _OOV_/N ,/, 48/N ,/, is/V manager/N for/I corporate/N manufacturing/N operations/N ;/, he/P was/V assistant/N vice/N president/N at/I the/D company/N ./.
In/C the/D wake/N of/I a/D slide/V in/I sterling/N ,/, a/D tailspin/N in/I the/D stock/N market/N ,/, and/C a/D string/N of/I _OOV_/N economic/N _OOV_/N ,/, British/N Chancellor/N of/I the/D _OOV_/N Nigel/N _OOV_/N promised/V gradual/N improvement/N in/I the/D U.K./N economy/N ./.
In/C a/D speech/N prepared/V for/I delivery/N to/T London/N 's/P financial/J community/N ,/, Mr./N _OOV_/N _OOV_/N up/I current/J economic/N policy/N as/I a/D battle/N to/T _OOV_/N inflation/N out/I of/I the/D British/N economy/N ,/, using/V high/D interest/N rates/N as/I ``/N the/D essential/J _OOV_/N ''/N to/T carry/V out/I the/D campaign/N ./.
Two/J weeks/N after/I _OOV_/N base/N rates/N to/T 15/N %/N ,/, he/P _OOV_/N that/I ``/N rates/N will/P have/V to/T remain/V high/D for/I some/D time/N to/T come/V ./. ''/N
Mr./J _OOV_/N also/N made/V it/P clear/I that/I he/P would/R be/V watching/V exchange/N rates/N carefully/N ./.
A/C sinking/N pound/N makes/V imports/N more/R expensive/N and/I increases/N businesses/N '/P expectations/N of/I future/J inflation/N ,/, he/P argued/V ./.
In/C an/D apparent/J warning/N to/T currency/N traders/N who/P have/V lately/V been/V selling/V the/D British/N currency/N ,/, he/P stated/V that/D the/D exchange/N rates/N will/P have/V a/D ``/N major/J role/N in/I the/D assessment/N of/I monetary/N conditions/N ./. ''/C
In/J _OOV_/N the/D current/J monetary/N policy/N of/I using/V high/D interest/N rates/N to/T fight/N inflation/N and/C shore/N up/I the/D pound/N ,/, Mr./N _OOV_/N _OOV_/N other/J approaches/N to/T managing/N the/D economy/N ./.
He/N said/V he/P _OOV_/N the/D _OOV_/N figures/N ,/, but/R does/V n't/P give/V them/P _OOV_/N importance/N ,/, as/I some/D private/N and/C government/N economists/N have/V suggested/V ./.
Mr./J _OOV_/N also/J _OOV_/N the/D possibility/N of/I imposing/N direct/J credit/N controls/N on/I Britain/N 's/P financial/J system/N ./.
Mr./J _OOV_/N 's/P speech/N ,/, delivered/V at/I the/D Lord/N Mayor/N of/I London/N 's/P annual/N dinner/N at/I _OOV_/N House/N ,/, came/V on/I the/D heels/N of/I a/D _OOV_/N period/N for/I the/D U.K./N economy/N ./.
Two/J weeks/N ago/R ,/, in/I a/D campaign/N to/T _OOV_/N inflation/N at/I home/N and/C arrest/N a/D world-wide/N plunge/N in/I the/D pound/N ,/, he/P raised/V base/N rates/N a/D full/D percentage/N point/V to/T 15/N %/N ./.
Despite/C the/D increase/N ,/, the/D British/N currency/N slid/N below/I a/D perceived/N _OOV_/N of/I three/N marks/N early/I last/D week/N ./.
It/N was/V quoted/V at/I _OOV_/N marks/N in/I late/J New/N York/N trading/N Wednesday/N ./.
_OOV_/C up/I to/T the/D speech/N was/V a/D _OOV_/N of/I economic/N statistics/N suggesting/V that/D the/D British/N war/N on/I inflation/N will/P be/V more/J _OOV_/N than/I previously/R assumed/V ./.
_OOV_/N in/I September/N dropped/V to/T _OOV_/N ,/, the/D lowest/J level/N since/V 1980/N ./.
While/C lower/I _OOV_/N is/V generally/D good/J news/N ,/, the/D hefty/N drop/V last/D month/N indicates/V that/D the/D economy/N is/V n't/P slowing/N down/I as/I much/R as/I hoped/V --/, despite/V a/D _OOV_/N of/I interest/N rates/N over/I the/D last/D 16/N months/N ./.
Meanwhile/N ,/, average/N earnings/N in/I Britain/N were/V up/R 8.75/N %/N in/I August/N over/I the/D previous/D year/N ./.
Another/J _OOV_/N sign/N came/V in/I a/D surge/N in/I _OOV_/N lending/N to/T a/D record/N #/, _OOV_/N billion/N -LRB-/N $/N _OOV_/N billion/N -RRB-/N last/J month/N ,/, a/D much/R higher/J level/N than/I economists/N had/V predicted/V ./.
In/C a/D separate/J speech/N prepared/V for/I delivery/N at/I the/D dinner/N ,/, Robin/N _OOV_/N ,/, Bank/N of/I England/N governor/N ,/, conceded/N that/I ``/N demand/N pressures/N were/V even/V more/J buoyant/N than/I had/V been/V appreciated/V ''/R when/I the/D British/N economy/N was/V heating/N up/I last/J year/N ./.
He/J added/V that/D ``/N there/V 's/P no/D _OOV_/N solution/N ''/N to/T the/D economic/N woes/N ,/, and/C said/V ``/N tight/N monetary/N policy/N is/V the/D right/J approach/N ./. ''/N
_OOV_/C the/D recent/J slide/V in/I stock/N prices/N ,/, the/D central/J bank/N governor/N stated/V that/D ``/N the/D markets/N now/R appear/V to/T have/V _OOV_/N ''/N after/I the/D ``/N nasty/, jolt/N ''/N of/I the/D _OOV_/N plunge/N in/I the/D Dow/N Jones/N Industrial/N Average/N a/D week/N ago/V ./.
Although/C the/D New/N York/N market/N plunge/N prompted/V a/D _OOV_/N drop/V in/I the/D London/N Financial/N Times-Stock/N Exchange/N 100/N Share/N Index/N ,/, Mr./N _OOV_/N declared/N ``/N that/I the/D experience/N owed/N nothing/P to/T the/D particular/J problems/N of/I the/D British/N economy/N ./, ''/N
_OOV_/N ,/, he/P pointed/V out/I that/D compared/V with/I the/D U.S./N market/N ,/, the/D U.K./N has/V far/R fewer/D highly/N leveraged/N junk-bond/N _OOV_/N ./.
_OOV_/C future/J monetary/N arrangements/N ,/, Mr./N _OOV_/N repeated/V the/D Thatcher/N government/N 's/P commitment/N to/T join/V the/D exchange/N rate/N mechanism/N of/I the/D European/N _OOV_/N System/N ,/, but/R he/P did/V n't/P indicate/V when/V ./.
C./J Olivetti/N &/, Co./N ,/, claiming/V it/P has/V won/V the/D race/N in/I Europe/N to/T introduce/V computers/N based/V on/I a/D powerful/J new/J microprocessor/N chip/N ,/, unveiled/N its/P _OOV_/N computer/N yesterday/, ./.
The/J product/N is/V the/D first/D from/I a/D European/N company/N based/V on/I Intel/N Corp./N 's/P new/J _OOV_/N _OOV_/N microprocessor/N ,/, which/D works/N several/D times/N faster/P than/I previously/J available/N chips/N ./.
Hewlett-Packard/J Co./N became/V the/D first/D company/N world-wide/N to/T announce/V a/D product/N based/V on/I the/D chip/N earlier/I this/D month/N ,/, but/R it/P wo/V n't/P start/V shipping/N the/D computers/N until/I early/I next/D year/N ./.
An/J Olivetti/N spokesman/N said/V the/D company/N 's/P _OOV_/N are/V already/I beginning/I to/T produce/V the/D machine/N ,/, and/C that/I it/P should/R be/V available/V in/I Europe/N by/I December/N ./.
``/J What/N this/D means/N is/V that/D _OOV_/N will/P have/V these/D machines/N in/I their/P offices/N before/I Americans/N do/N ,/, ''/R the/D spokesman/N said/V ./.
The/C new/J chip/N ``/N is/V a/D very/N big/I step/N in/I computing/N ,/, and/C it/P is/V important/J that/I Olivetti/N be/V one/N of/I the/D first/D out/I on/I the/D market/N with/I this/D product/N ,/, ''/R said/V _OOV_/N _OOV_/N Davis/N ,/, an/D analyst/N at/I James/N _OOV_/N &/, Co./N in/I London/N ./.
Executives/N at/I Olivetti/N ,/, whose/D earnings/N have/V been/V steadily/N sliding/N over/I the/D past/N couple/N of/I years/N ,/, have/V acknowledged/V that/I in/I the/D past/J they/P have/V _OOV_/N at/I getting/V new/J technology/N to/T market/N ./.
Ms./J Davis/N said/V the/D new/J machines/N could/P steal/V some/D sales/N away/I from/I Olivetti/N 's/P own/N _OOV_/N ,/, but/R would/R bring/V new/J sales/N among/I professionals/N such/J as/I engineers/N ,/, _OOV_/N and/C medical/N doctors/N ./.
Although/J Olivetti/N 's/P profits/N tumbled/N 40/N %/N in/I the/D first/D half/D of/I this/D year/N ,/, she/P believes/V Olivetti/N 's/P restructuring/N last/I fall/N and/C its/P introduction/N of/I new/J products/N will/V begin/V to/T bear/N fruit/N with/I an/D earnings/N rebound/N next/D year/N ,/, especially/V if/I it/P can/P _OOV_/N its/P promise/N to/T deliver/V the/D new/J machines/N by/I December/N ./.
``/J We/N think/V the/D worst/J is/V over/I ''/N in/I the/D European/N _OOV_/N market/N ,/, she/P said/V ./.
Depending/N on/I the/D type/N of/I software/N and/C _OOV_/N used/V ,/, the/D machines/N can/P serve/V either/J as/I the/D main/D computer/N in/I a/D network/N of/I many/D _OOV_/N -LRB-/N a/D role/N usually/I filled/V by/I a/D _OOV_/N -RRB-/N ,/, as/I a/D technical/N workstation/N or/C as/I a/D very/N fast/C personal/N computer/N ./.
``/J It/N 's/P the/D missing/V link/N ''/N in/I Olivetti/N 's/P product/N line/N between/I small/J personal/J computers/N and/C _OOV_/N _OOV_/N ,/, the/D Olivetti/N spokesman/N said/V ./.
He/J added/V that/D Olivetti/N will/P continue/V making/V its/P _OOV_/N _OOV_/N line/N ./.
The/J machines/N will/P cost/N around/I $/N _OOV_/N on/I average/N in/I Europe/N ./.
The/J Intel/N _OOV_/N chip/N can/P process/N 15/N million/J instructions/N per/I second/N ,/, or/J _OOV_/N ,/, while/I Intel/N 's/P previous/D _OOV_/N chip/N could/P handle/N only/I 3/N to/T 6/N _OOV_/N ./.
Olivetti/C also/J plans/N to/T sell/V the/D _OOV_/N computer/N in/I the/D U.S./N starting/V next/D year/N through/I Olivetti/N USA/N and/C through/I its/P _OOV_/N unit/N ,/, which/D _OOV_/N in/I _OOV_/N _OOV_/N networks/N ./.
_OOV_/J Inc./N said/V it/P received/V approval/N from/I the/D French/N government/N for/I its/P proposed/V $/N _OOV_/N million/J acquisition/N of/I _OOV_/N _OOV_/N ./.
The/J approval/N _OOV_/N the/D remaining/J conditions/N of/I the/D purchase/N ,/, which/D is/V expected/V to/T close/I within/I two/N weeks/N ./.
_OOV_/N ,/, the/D second-largest/N maker/N of/I food/N cans/N in/I France/N ,/, had/V 1988/N sales/N of/I $/N 150/N million/C ./.
_OOV_/C has/V _OOV_/N workers/N at/I four/N canning/N manufacturing/N plants/N and/I one/I plastic/N _OOV_/N facility/N ./.
_OOV_/J makes/V flexible/J packaging/N films/N and/C machinery/N ,/, and/C materials/N for/I the/D food/N and/C pharmaceutical/N industries/N ./.
Social/J Security/N benefits/N will/V rise/N _OOV_/N %/N next/I year/N to/T keep/V pace/N with/I inflation/N ,/, _OOV_/N the/D average/N monthly/N benefit/N to/T $/P _OOV_/N from/I $/P _OOV_/N ,/, the/D Department/N of/I Health/N and/C _OOV_/N Services/N announced/V ./.
The/C higher/J payments/N will/P start/V with/I Social/N Security/N checks/N received/V on/I Jan./N 3/N ,/, 1990/N ./.
_OOV_/J Security/N Income/N payments/N to/T the/D _OOV_/N also/I will/P rise/N _OOV_/N %/N ,/, starting/V with/I checks/N received/V on/I Dec./N 29/N ,/, 1988/N ,/, increasing/V the/D maximum/J _OOV_/N payment/N to/T $/P _OOV_/N from/I $/P _OOV_/N a/D month/N ./.
The/J inflation/N adjustment/N also/J means/N that/I the/D maximum/J annual/J level/N of/I earnings/N subject/N to/T the/D wage/N tax/N that/I _OOV_/N revenue/N for/I the/D Social/N Security/N trust/N fund/N will/V rise/N to/T $/P _OOV_/N in/I 1990/N from/I $/P _OOV_/N this/D year/N ./.
As/J mandated/N by/I law/N ,/, the/D tax/N rate/N will/V rise/N to/T _OOV_/N %/N in/I 1990/N from/I _OOV_/N %/N and/C wo/V n't/P rise/N any/I further/C in/I the/D future/N ./.
This/J means/N that/I the/D maximum/J yearly/N Social/N Security/N tax/N paid/V by/I workers/N and/C employers/N each/D will/V rise/N $/N _OOV_/N next/D year/N to/T $/P _OOV_/N ./.
_OOV_/N aged/N 65/N through/I 69/N will/P be/V able/R to/T earn/V $/N _OOV_/N without/I losing/V any/D Social/N Security/N benefits/N in/I 1990/N ,/, up/R from/I $/P _OOV_/N this/D year/N ./.
The/J _OOV_/N amount/N for/I _OOV_/N under/I 65/N will/V rise/N to/T $/P _OOV_/N from/I $/P _OOV_/N ./.
The/J _OOV_/N reflect/V the/D increase/N in/I the/D consumer/N price/N index/N for/I urban/N wage/N _OOV_/N and/C _OOV_/N workers/N from/I the/D third/J quarter/N of/I last/J year/N to/T the/D third/J quarter/N of/I this/D year/N ./.
_OOV_/J companies/N should/P get/V _OOV_/N in/I the/D third/J quarter/N ./.
_OOV_/J houses/N are/V expected/V to/T report/N earnings/N increases/N of/I about/I 15/N %/N on/I average/N for/I the/D third/J quarter/N ,/, despite/V sales/N increases/N of/I less/J than/I 10/N %/N ,/, analysts/N say/V ./.
To/J offset/N sluggish/N sales/N growth/N ,/, companies/N have/V been/V cutting/V staff/N ,/, mostly/V through/I _OOV_/N ,/, and/C slowing/N the/D growth/N in/I research/N and/C development/N spending/N ./.
Sales/J growth/N in/I the/D quarter/N was/V slowed/N by/I mounting/N pressure/N from/I groups/N of/I buyers/N ,/, such/J as/I hospitals/N ,/, to/T hold/V down/I prices/N ./.
_OOV_/N were/V also/R hurt/V by/I the/D stronger/J U.S./N dollar/N ,/, which/D makes/V sales/N abroad/N more/I difficult/P ./.
In/C some/D cases/N ,/, competition/N has/V squeezed/N margins/N ./.
_OOV_/N ,/, _OOV_/N &/, Co./N ,/, for/I example/N ,/, faces/N stiff/J competition/N from/I a/D Japanese/N supplier/N in/I the/D important/J _OOV_/N market/N ./.
The/J Franklin/N _OOV_/N ,/, N.J./N ,/, company/N is/V expected/V to/T report/N sales/N growth/N of/I only/D 5/N %/N to/T 6/N %/N ,/, but/R should/P still/R maintain/V earnings/N growth/N of/I 10/N %/N ,/, says/V _OOV_/N E./N _OOV_/N ,/, an/D analyst/N with/I Duff/N &/, Phelps/N Inc/N ./.
Among/C the/D first/D of/I the/D group/N to/T post/V results/N ,/, Abbott/N Laboratories/N said/V third-quarter/N net/N income/N jumped/V 14/N %/N to/T $/P _OOV_/N million/C ,/, or/V 88/N cents/N a/D share/N ,/, from/I $/P _OOV_/N million/C ,/, or/V _OOV_/N cents/N a/D share/N ,/, a/D year/N earlier/I ./.
Sales/N for/I the/D company/N ,/, based/V in/I Abbott/N _OOV_/N ,/, Ill./N ,/, rose/V _OOV_/N %/N to/T $/P 1.31/N billion/N from/I $/P _OOV_/N billion/N ./.
_OOV_/J International/N Inc./N yesterday/, reported/V net/N climbed/V 20/N %/N in/I the/D third/J period/N to/T $/P 102/N million/C ,/, or/V 34/N cents/N a/D share/N ,/, from/I $/P 85/N million/C ,/, or/V 28/N cents/N a/D share/N ,/, a/D year/N earlier/I ./.
Sales/N for/I the/D _OOV_/N ,/, Ill./N ,/, company/N rose/V 5.8/N %/N to/T $/P _OOV_/N billion/N from/I $/P 1.71/N billion/N ./.
But/C not/R every/D company/N expects/N to/T report/V increased/N earnings/N ./.
C.R./J Bard/N Inc./N yesterday/, said/V third-quarter/N net/N plunged/V 51/N %/N to/T $/P _OOV_/N million/C ,/, or/V 18/N cents/N a/D share/N ,/, from/I $/P 20/N million/C ,/, or/V 35/N cents/N a/D share/N ,/, a/D year/N earlier/I ./.
Sales/N fell/V 1.2/N %/N to/T $/P _OOV_/N million/C from/I $/P _OOV_/N million/C ./.
The/J Murray/N Hill/N ,/, N.J./N ,/, company/N said/V full-year/N earnings/N may/P be/V off/R 33/N cents/N a/D share/N because/V the/D company/N removed/V a/D _OOV_/N from/I the/D market/N ./.
In/J 1988/N ,/, the/D company/N earned/V $/P _OOV_/N a/D share/N ./.
The/J Food/N and/C Drug/N Administration/N had/V raised/V questions/N about/I the/D device/N 's/P design/N ./.
Some/J analysts/N add/V that/D _OOV_/N pressures/N to/T reduce/V health/N costs/N will/P continue/V to/T _OOV_/N companies/N '/P bottom/V lines/N ./.
Takeover/J speculation/N ,/, which/P has/V been/V _OOV_/N stocks/N of/I supply/N houses/N ,/, may/R also/J ease/N ,/, says/V Peter/N _OOV_/N ,/, an/D analyst/N with/I Drexel/N Burnham/N Lambert/N Inc/N ./.
``/J As/N that/I _OOV_/N ,/, you/N 're/V going/V to/T see/V the/D stocks/N probably/V _OOV_/N as/I well/R ,/, ''/R he/P says/V ./.
_OOV_/J companies/N ,/, meanwhile/N ,/, are/V reporting/V improved/N earnings/N ./.
_OOV_/C by/I strong/J performances/N by/I its/P _OOV_/N hospitals/N ,/, National/N Medical/N _OOV_/N Inc./N ,/, Los/N Angeles/N ,/, reported/V net/N income/N of/I $/N 50/N million/C ,/, or/V 65/N cents/N a/D share/N ,/, for/I the/D first/D quarter/N ended/V Aug./N 31/N ,/, up/R from/I $/P 41/N million/C ,/, or/V 56/N cents/N a/D share/N ,/, a/D year/N earlier/I ./.
_OOV_/J Inc./N ,/, Louisville/N ,/, Ky./N ,/, also/J reported/V favorable/N results/N ,/, with/I net/N income/N of/I $/N 66.7/N million/C ,/, or/V 66/N cents/N ,/, in/I the/D fourth/J quarter/N ended/V Aug./N 31/N ,/, up/R from/I $/P _OOV_/N million/C ,/, or/V 59/N cents/N ,/, a/D year/N earlier/I ./.
Analysts/N say/V the/D handful/N of/I hospital/N companies/N that/I are/V still/V publicly/N traded/N are/V benefiting/N from/I several/D trends/N ./.
Most/C important/C ,/, hospital/N admission/N rates/N are/V stabilizing/N after/I several/J years/N of/I decline/N ./.
Moreover/N ,/, companies/N have/V sold/V off/I many/D of/I their/P smaller/J ,/, less-profitable/N hospitals/N and/C have/V completed/V painful/V _OOV_/N ./.
_OOV_/N 's/P revenues/N ,/, for/I example/N ,/, are/V being/V boosted/N by/I large/J increases/N in/I _OOV_/N in/I the/D company/N 's/P health/N maintenance/N organizations/N ./.
_OOV_/J _OOV_/N _OOV_/N ,/, an/D analyst/N with/I _OOV_/N _OOV_/N _OOV_/N :/, ``/N The/N shakeout/N in/I the/D publicly/N traded/N companies/N is/V over/I ./.
Initial/J claims/N for/I regular/J state/N unemployment/N benefits/N rose/V to/T a/D seasonally/N adjusted/N _OOV_/N during/I the/D week/N ended/V Oct./N 7/N from/I _OOV_/N the/D previous/D week/N ,/, the/D Labor/N Department/N said/V ./.
The/C number/N of/I people/N receiving/V regular/J state/N benefits/N in/I the/D week/N ended/V Sept./N 30/N decreased/N to/T a/D seasonally/N adjusted/N _OOV_/N ,/, or/J 2.2/N %/N of/I those/N covered/V by/I unemployment/N insurance/N ,/, from/I _OOV_/N the/D previous/D week/N ,/, when/R the/D insured/N unemployment/N rate/N also/N was/V 2.2/N %/N ./.
_OOV_/C all/I state/N and/C federal/N benefit/N programs/N ,/, the/D number/N of/I people/N receiving/V unemployment/N benefits/N in/I the/D week/N ended/V Sept./N 30/N fell/V to/T _OOV_/N from/I _OOV_/N a/D week/N earlier/I ./.
These/J figures/N are/V n't/P seasonally/N adjusted/N ./.
A/J Labor/N Department/N spokesman/N said/V the/D unusually/N high/I number/N of/I initial/I claims/N for/I state/N unemployment/N benefits/N reflects/N the/D impact/N of/I Hurricane/N Hugo/N on/I southern/J states/N ,/, particularly/V North/N Carolina/N and/C South/N Carolina/N ./.
The/J figure/N also/I may/P reflect/V initial/I claims/N filed/N by/I striking/N _OOV_/N Corp./N workers/N who/P have/V become/V eligible/N for/I unemployment/N benefits/N ,/, the/D official/N said/V ./.
Digital/J Equipment/N Corp./N reported/V a/D 32/N %/N decline/N in/I net/N income/N on/I a/D modest/N revenue/N gain/N in/I its/P fiscal/N first/D quarter/N ,/, causing/V some/D analysts/N to/T predict/N weaker/N results/N ahead/I than/I they/P had/V expected/N ./.
Although/C the/D second-largest/N computer/N maker/N had/V prepared/V Wall/N Street/N for/I a/D poor/J quarter/N ,/, analysts/N said/V they/P were/V troubled/V by/I signs/N of/I flat/N U.S./N orders/N and/C a/D slowdown/N in/I the/D rate/N of/I gain/N in/I foreign/J orders/N ./.
The/J Maynard/N ,/, Mass./N ,/, company/N is/V in/I a/D transition/N in/I which/D it/P is/V trying/P to/T reduce/V its/P reliance/N on/I _OOV_/N machines/N and/C establish/V a/D presence/N in/I workstations/N and/C _OOV_/N ./.
Net/N for/I the/D quarter/N ended/V Sept./N 30/N fell/V to/T $/P _OOV_/N million/C ,/, or/V $/N _OOV_/N a/D share/N ,/, from/I $/P _OOV_/N million/C ,/, or/V $/N 1.71/N a/D share/N ,/, a/D year/N ago/V ./.
Revenue/C rose/V 6.4/N %/N to/T $/P _OOV_/N billion/N from/I $/P _OOV_/N billion/N ./.
Digital/N said/V a/D shift/N in/I its/J product/N mix/N toward/I _OOV_/N products/N and/C strong/I growth/N in/I workstation/N sales/N _OOV_/N lower/I gross/N margins/N ./.
A/J spokesman/N also/N said/V margins/N for/I the/D company/N 's/P service/N business/N _OOV_/N somewhat/N because/I of/I heavy/J investments/N made/V in/I that/D sector/N ./.
The/N lack/N of/I a/D strong/D product/N at/I the/D high/D end/N of/I Digital/N 's/P line/N was/V a/D significant/D drag/N on/I sales/N ./.
Digital/N hopes/N to/T address/V that/I with/I the/D debut/N of/I its/P first/D _OOV_/N computers/N next/I Tuesday/N ./.
The/C new/I line/N is/V aimed/V directly/V at/I International/N Business/N Machines/N Corp/N ./.
``/J Until/N the/D new/J _OOV_/N products/N kick/N in/I ,/, there/V wo/V n't/P be/V a/D lot/J of/I revenue/N contribution/N at/I the/D high/D end/N ,/, and/C that/I 's/P hurt/V us/N ,/, ''/R said/V Mark/N _OOV_/N ,/, Digital/N 's/P director/N of/I investor/N relations/N ./.
He/N said/V unfavorable/N currency/N _OOV_/N were/V also/R a/D factor/N in/I the/D quarter/N ./.
_OOV_/J shares/N rose/V $/N 1.375/N to/T $/P _OOV_/N apiece/N in/I consolidated/N New/N York/N Stock/N Exchange/N trading/N yesterday/N ./.
But/J analysts/N said/V that/I against/I the/D backdrop/N of/I a/D nearly/J _OOV_/N rise/N in/I the/D Dow/N Jones/N Industrial/N Average/N ,/, that/D should/P n't/P necessarily/V be/V taken/V as/I a/D sign/N of/I great/D strength/N ./.
Some/J cut/V their/P earnings/N estimates/N for/I the/D stock/N this/D year/N and/C predicted/V more/J efforts/N to/T control/N costs/N ahead/C ./.
``/J I/N think/V the/D next/D few/D quarters/N will/P be/V difficult/P ,/, ''/R said/V Steven/N _OOV_/N of/I First/N Boston/N ./.
``/J _OOV_/N will/P remain/V under/I pressure/N ,/, and/C when/I the/D new/J _OOV_/N does/V ship/N ,/, I/N 'm/V not/R sure/N it/P will/R be/V a/D big/J winner/N ./.
''/P Mr./N _OOV_/N said/V he/P was/V revising/V his/R estimate/V for/I _OOV_/N 's/P current/J year/N from/I $/P 8.20/N a/D share/N to/T ``/N well/C below/I $/N 8/N ,/, ''/R although/V he/P has/V n't/P settled/V on/I a/D final/J number/N ./.
One/J troubling/N aspect/N of/I _OOV_/N 's/P results/N ,/, analysts/N said/V ,/, was/V its/P performance/N in/I Europe/N ./.
_OOV_/N said/V its/P overseas/J business/N ,/, which/P now/R accounts/N for/I more/J than/I half/D of/I sales/N ,/, improved/V in/I the/D quarter/N ./.
It/C even/V took/V the/D unusually/N _OOV_/N step/N of/I telling/V analysts/N in/I a/D morning/N conference/N call/V that/D orders/N in/I Europe/N were/V up/R in/I ``/N double/J _OOV_/N ''/N in/I foreign-currency/N terms/N ./.
That/N gain/V probably/V _OOV_/N into/I about/I 5/N %/N to/T 7/N %/N in/I dollar/N terms/N ,/, well/R below/I recent/J quarters/N '/P gains/N of/I above/D 20/N %/N ,/, reckons/N Jay/N _OOV_/N of/I _OOV_/N _OOV_/N _OOV_/N ./.
``/J That/N was/V a/D _OOV_/N ''/N and/C a/D sign/N of/I overall/J _OOV_/N _OOV_/N in/I Europe/N ,/, Mr./N _OOV_/N said/V ./.
Marc/J _OOV_/N ,/, with/I _OOV_/N Securities/N in/I New/N York/N ,/, dropped/V his/R estimate/V of/I _OOV_/N 's/P full-year/N net/N to/T $/P _OOV_/N a/D share/N from/I $/P 8/N ./.
Although/C overall/N revenues/N were/V stronger/J ,/, Mr./N _OOV_/N said/V ,/, _OOV_/N ``/N _OOV_/N down/I its/P European/N _OOV_/N ''/N and/C had/V flat/P world-wide/N orders/N overall/N ./.
``/J The/N bottom/V line/N is/V that/D it/P 's/P more/J hand/N to/T mouth/N than/I it/P has/V been/V before/R ,/, ''/R he/P said/V ./.
Mr./J _OOV_/N said/V he/P believes/V that/D the/D _OOV_/N of/I _OOV_/N 's/P new/J _OOV_/N will/P ``/N occur/V somewhat/V more/J _OOV_/N ''/N than/I many/D of/I his/P investment/N colleagues/N expect/V ./.
He/N said/V current/J expectations/N are/V for/I an/D entry/N level/N machine/N to/T be/V shipped/V in/I December/N ,/, with/I all/D of/I the/D more/J sophisticated/N versions/N out/I by/I June/N ./.
For/J reasons/N he/P would/V n't/P elaborate/N on/I ,/, he/P said/V he/P 's/P sure/N that/D schedule/N wo/V n't/P be/V met/V ,/, meaning/N less/J profit/N impact/N from/I the/D product/N for/I _OOV_/N in/I the/D next/D few/D quarters/N ./.
John/J R./N _OOV_/N contributed/N to/T this/D article/N ./.
Colgate/J _OOV_/N Co./N reported/V third-quarter/N net/N income/N rose/V 27/N %/N ,/, _OOV_/N by/I strong/J sales/N in/I its/P Latin/N American/N business/N and/C surprisingly/N healthy/C profits/N from/I U.S./N operations/N ./.
Colgate/N said/V net/N income/N for/I the/D quarter/N rose/V to/T $/P _OOV_/N million/C ,/, or/V $/N _OOV_/N a/D share/N ,/, on/I sales/N that/I increased/V 6/N %/N to/T $/P 1.3/N billion/N ./.
In/C the/D year-earlier/N period/N ,/, Colgate/N posted/V net/N income/N of/I $/N _OOV_/N million/C ,/, or/V 88/N cents/N a/D share/N ./.
Last/J year/N 's/P results/N included/V earnings/N from/I discontinued/N operations/N of/I $/N 13.1/N million/C ,/, or/V 19/N cents/N a/D share/N ./.
_OOV_/J Mark/N ,/, chairman/N and/C chief/N executive/N officer/N of/I Colgate/N ,/, said/V earnings/N growth/N was/V fueled/N by/I strong/J sales/N in/I Latin/N America/N ,/, the/D Far/N East/N and/C Europe/N ./.
Results/N were/V also/J _OOV_/N by/I ``/N a/D very/N _OOV_/N increase/N in/I operating/N profit/N at/I Colgate/N 's/P U.S./N business/N ,/, ''/R he/P said/V ./.
Operating/J profit/N at/I Colgate/N 's/P U.S./N household/N products/N and/C personal/J care/N businesses/N ,/, which/D include/V such/V well-known/N brands/N as/I Colgate/N toothpaste/N and/C _OOV_/N laundry/N _OOV_/N ,/, jumped/V more/J than/I 40/N %/N ,/, the/D company/N said/V ./.
Mr./J Mark/N attributed/N the/D improvement/N to/T cost/N savings/N achieved/V by/I consolidating/N manufacturing/N operations/N ,/, _OOV_/N together/I two/N sales/N organizations/N and/C more/J carefully/N focusing/V the/D company/N 's/P promotional/N activities/N ./.
``/J We/N 've/V done/V a/D lot/R to/T improve/V -LRB-/N U.S/N ./, -RRB-/N results/N and/C a/D lot/P more/J will/P be/V done/V ,/, ''/J Mr./N Mark/N said/V ./.
``/J _OOV_/N profitability/N of/I U.S./N operations/N is/V an/D extremely/N high/I priority/N in/I the/D company/N ./, ''/N
Colgate/N 's/P results/N were/V at/I the/D high/D end/N of/I the/D range/N of/I analysts/N '/P forecasts/N ./.
The/J scope/N of/I the/D improvement/N in/I the/D U.S./N business/N caught/V some/D analysts/N by/I surprise/N ./.
The/J company/N 's/P domestic/J business/N ,/, especially/V its/P household/N products/N division/N ,/, has/V performed/V poorly/N for/I years/N ./.
Analysts/N say/V the/D earnings/N improvement/N came/V from/I cutting/N costs/N rather/P than/V increasing/J sales/N ./.
For/C the/D nine/N months/N ,/, net/N increased/V 14/N %/N to/T $/P _OOV_/N million/C ,/, or/V $/N _OOV_/N a/D share/N ./.
Sales/C rose/V 7/N %/N to/T $/P 3.8/N billion/N ./.
The/J company/N earned/V $/P _OOV_/N million/C ,/, or/V $/N 2.79/N a/D share/N ,/, in/I the/D year-earlier/N period/N ./.
Colgate/N 's/P 1988/N net/N income/N included/V $/P _OOV_/N million/C ,/, or/V 59/N cents/N a/D share/N ,/, from/I discontinued/N operations/N ./.
Colgate/J sold/V its/P hospital/N supply/N and/C home/N health/N care/N business/N last/J year/N ./.
Separately/N ,/, Colgate/N Wednesday/N _OOV_/N an/D agreement/N with/I _OOV_/N Corp./N ,/, a/D tiny/J _OOV_/N products/N and/C pharmaceutical/N concern/N based/V in/I _OOV_/N ,/, Mass./N ,/, to/T market/N in/I the/D U.S./N four/N of/I _OOV_/N 's/P _OOV_/N _OOV_/N products/N ./.
The/J products/N --/, _OOV_/N and/C _OOV_/N materials/N used/V by/I _OOV_/N --/, all/C contain/V _OOV_/N that/I is/V released/V over/D time/N ./.
The/J move/V is/V part/N of/I a/D drive/N to/T increase/N Colgate/N 's/P business/N with/I _OOV_/N ,/, a/D company/N spokeswoman/N said/V ./.
Terms/C of/I the/D agreement/N were/V n't/P given/V ./.
_OOV_/J Limited/N _OOV_/N said/V it/P completed/V the/D sale/N of/I its/P _OOV_/N restaurant/N franchise/N system/N to/T a/D subsidiary/N of/I _OOV_/N Co./N for/I $/N 71/N million/C in/I cash/N ./.
_OOV_/N ,/, which/D is/V nearly/J _OOV_/N by/I Sam/N and/C Charles/N _OOV_/N of/I Dallas/N ,/, said/V it/P will/R distribute/V proceeds/N from/I the/D sale/N to/T unit/N holders/N as/I a/D _OOV_/N dividend/N as/I soon/R as/I possible/N ./.
The/J _OOV_/N franchise/N system/N ,/, which/D _OOV_/N about/I $/P 600/N million/C in/I sales/N annually/N ,/, represented/V substantially/N all/I of/I the/D partnership/N 's/P assets/N ./.
The/J sale/N of/I the/D system/N has/V been/V challenged/V in/I a/D class-action/N suit/N on/I behalf/N of/I unit/N holders/N filed/N last/J week/N in/I a/D Delaware/N court/N ,/, _OOV_/N said/V ./.
The/J company/N said/V it/P believes/V the/D suit/N is/V without/I merit/N ./.
American/J Telephone/N &/, Telegraph/N Co./N unveiled/N a/D sweetened/N pension/N and/C _OOV_/N program/N for/I management/N that/I it/P hopes/N will/P enable/V it/P to/T save/V $/N _OOV_/N million/C in/I the/D next/D year/N ./.
AT&T/C also/R said/V net/N income/N rose/V 19/N %/N in/I the/D third/J quarter/N ./.
AT&T/N said/V its/P amended/N pension/N program/N will/P nearly/I double/J to/T _OOV_/N the/D number/N of/I managers/N eligible/V to/T retire/N with/I immediate/J pension/N payments/N ./.
AT&T/N said/V that/D based/V on/I studies/N of/I other/J companies/N that/I have/V offered/V retirement/N plans/N ,/, it/P expects/N about/I one-third/N of/I its/P eligible/N managers/N to/T retire/N under/I the/D new/J program/N ./.
AT&T/N said/V third-quarter/N net/N income/N grew/V ,/, despite/V stiff/J competition/N in/I all/D of/I the/D company/N 's/P markets/N ./.
Net/J income/N rose/V to/T $/P _OOV_/N million/C ,/, or/V 65/N cents/N a/D share/N ,/, from/I the/D year-earlier/N $/N _OOV_/N million/C or/N 55/N cents/N a/D share/N ./.
Revenue/J edged/N up/I to/T $/P 8.9/N billion/N from/I $/P _OOV_/N billion/N ./.
The/C latest/I period/N 's/P net/N was/V reduced/V $/N 102/N million/C ,/, or/V nine/N cents/N a/D share/N ,/, for/I a/D change/N in/I depreciation/N method/N and/C _OOV_/N changes/N in/I estimates/N of/I _OOV_/N lives/N and/I net/N _OOV_/N for/I certain/J telecommunications/N equipment/N ./.
The/J results/N roughly/I matched/V estimates/N of/I securities/N analysts/N ,/, who/R were/V encouraged/V by/I AT&T/N increasing/V its/P operating/N margin/N to/T 13/N %/N from/I 11/N %/N a/D year/N ago/V ,/, because/V of/I continued/N _OOV_/N efforts/N ./.
Sales/C of/I long-distance/N services/N ,/, an/D extremely/N competitive/J market/N ,/, rose/V 6.4/N %/N ./.
But/C the/D growth/N was/V partly/N offset/N by/I lower/J equipment/N sales/N and/C _OOV_/N and/C price/N cuts/N on/I some/D products/N ./.
Under/C the/D amended/N pension/N program/N ,/, AT&T/N managers/N who/P have/V at/I least/J five/N years/N of/I service/N will/P have/V five/N years/N added/V to/T their/P age/N and/I length/N of/I service/N for/I pension/N purposes/N ./.
Managers/C who/P retire/N Dec./N 30/N will/P have/V an/D additional/J 15/N %/N added/V to/T their/P monthly/N pension/N for/I as/I long/J as/I five/N years/N or/J age/N 65/N ,/, whichever/J comes/V earlier/R ./.
An/J AT&T/N spokeswoman/N said/V the/D company/N would/V likely/D replace/V about/I one-third/N of/I its/P managers/N who/P choose/V to/T retire/N with/I new/J employees/N ./.
Analysts/J _OOV_/N the/D sweetened/N pension/N package/N ,/, which/D they/P said/V had/V been/V the/D subject/N of/I rumors/N for/I several/D months/N ./.
``/J This/N tells/V you/P AT&T/N is/V serious/J about/I continuing/N to/T manage/V their/P cost/N structure/N and/C is/V committed/V to/T _OOV_/N earnings/N growth/N ,/, ''/R said/V Jack/N _OOV_/N ,/, an/D analyst/N with/I PaineWebber/N Inc/N ./.
But/C other/I analysts/N expressed/V _OOV_/N that/I the/D _OOV_/N move/V wo/V n't/P result/V in/I even/V greater/J earnings/N growth/N ./.
``/J This/N is/V a/D good/J move/N ,/, but/R it/P only/D gets/V you/P to/T where/D people/N 's/P expectations/N already/R are/V ,/, ''/N in/I terms/N of/I earnings/N growth/N ,/, said/V Joel/N D./N _OOV_/N ,/, an/D analyst/N with/I Donaldson/N ,/, Lufkin/N &/, Jenrette/N ./.
Mr./J _OOV_/N said/V he/P had/V hoped/V that/D a/D cost/N savings/N of/I $/N _OOV_/N million/C would/P result/V in/I even/V greater/J growth/N than/I the/D 20/N %/N annual/N earnings/N increase/N AT&T/N has/V told/V analysts/N it/P expects/N in/I the/D future/N ./.
AT&T/N said/V the/D special/J retirement/N option/N will/P increase/N fourth-quarter/N expenses/N ./.
But/C the/D company/N said/V the/D amount/N ca/P n't/P be/V determined/V until/I it/P knows/V how/P many/D managers/N opt/N to/T retire/N ./.
AT&T/N said/V the/D expense/N increase/N will/P be/V largely/N offset/N by/I a/D gain/N from/I its/P previously/R announced/V plan/N to/T _OOV_/N its/P holdings/N in/I Ing/N ./, C./N Olivetti/N &/, Co./N for/I shares/N in/I Cie/N ./, _OOV_/N _OOV_/N ,/, an/D Italian/N holding/V company/N ./.
For/C the/D nine/N months/N ,/, AT&T/N said/V net/N income/N was/V $/N _OOV_/N billion/N ,/, or/V $/N 1.85/N a/D share/N ,/, up/P 19/N %/N from/I $/P _OOV_/N billion/N ,/, or/V $/N 1.56/N a/D share/N ./.
Revenue/C gained/V 3.1/N %/N to/T $/P _OOV_/N billion/N from/I $/P 26/N billion/N ./.
In/J composite/N trading/N yesterday/N on/I the/D New/N York/N Stock/N Exchange/N ,/, AT&T/N shares/N closed/V at/I $/N _OOV_/N ,/, up/P 87.5/N cents/N ./.
When/C it/P comes/V to/T buying/N and/I selling/N shares/N ,/, _OOV_/N Capital/N Management/N Inc./N takes/V a/D back/R seat/N to/T no/D one/N ./.
Every/J dollar/N 's/P worth/N of/I stock/N in/I the/D Los/N Angeles/N money/N manager/N 's/P portfolio/N is/V traded/N seven/N or/N eight/J times/N a/D year/N ,/, the/D firm/N estimates/N ./.
That/J makes/V it/P the/D most/V active/J trader/N among/I all/D the/D nation/N 's/P investment/N advisers/N ,/, according/V to/T Securities/N and/C Exchange/N Commission/N filings/N ./.
But/J wait/V a/D second/J ./.
_OOV_/J Capital/N is/V an/D index/N fund/N --/, the/D type/N of/I _OOV_/N long-term/N investor/N whose/D goal/N is/V to/T be/V nothing/R more/J than/I average/N ./.
_OOV_/J Capital/N 's/P _OOV_/N trading/N reflects/N the/D changes/N sweeping/N through/I the/D previously/J _OOV_/N world/N of/I indexing/N ./.
_OOV_/N for/I the/D most/N part/N has/V involved/V simply/V buying/N and/I then/R holding/V stocks/N in/I the/D correct/J mix/N to/T mirror/V a/D stock/N market/N _OOV_/N ,/, such/J as/I Standard/N &/, Poor/N 's/P 500-stock/N index/N ,/, and/C match/N its/P performance/N ./.
_OOV_/J investors/N have/V poured/N $/N 210/N billion/C into/I stock/N and/C bond/N indexing/N as/I a/D cheap/N and/I easy/P form/N of/I investment/N management/N that/D promises/N to/T post/V average/J market/N returns/N ./.
These/C big/I investors/N have/V _OOV_/N to/T indexing/N because/I relatively/R few/D ``/N active/V ''/J stock/N _OOV_/N have/V been/V able/R to/T consistently/N match/N the/D returns/N of/I the/D S&P/N 500/N or/V other/J _OOV_/N ,/, much/R less/J beat/V it/R ./.
And/C the/D fees/N investors/N pay/N for/I indexing/N run/V a/D few/J pennies/N for/I each/D $/N 100/N of/I assets/N --/, a/D fraction/N of/I the/D cost/N of/I active/J managers/N ./.
That/N 's/P because/I computers/N do/V most/V of/I the/D work/N ,/, and/C low/I trading/N activity/N keeps/V a/D lid/N on/I commission/N costs/N ./.
But/C today/N ,/, indexing/N is/V moving/V from/I a/D passive/N investment/N strategy/N to/T an/D increasingly/I active/V one/N ./.
Because/J _OOV_/N managers/N are/V no/D longer/P satisfied/V with/I merely/D being/I average/N ,/, they/P have/V developed/V ``/N enhanced/N ''/N indexing/N strategies/N that/I are/V intended/V to/T _OOV_/N the/D market/N as/I much/R as/I three/N percentage/N points/N ./.
``/J _OOV_/N has/V been/V the/D most/V single/D successful/J investment/N concept/N in/I the/D last/J decade/N ,/, but/R the/D index/N money/N has/V been/V just/R sort/N of/I sitting/V there/V ,/, ''/R says/V _OOV_/N M./N _OOV_/N ,/, president/N of/I _OOV_/N _OOV_/N Investors/N Inc./N ,/, an/D _OOV_/N based/V in/I _OOV_/N ,/, _OOV_/N ./.
``/J Now/N the/D interest/N is/V in/I what/P else/V can/P I/N do/V with/I that/D money/N ./. ''/N
Among/C the/D _OOV_/N indexing/N strategies/N :/, _OOV_/N portfolios/N can/P be/V built/V around/I thousands/N of/I stocks/N ,/, or/V just/R a/D few/J dozen/N ,/, rather/P than/V being/V restricted/V to/T the/D S&P/N 500/N companies/N ./.
They/C can/P ignore/V the/D S&P/N 500/N stocks/N altogether/N and/C focus/N on/I particular/J types/N of/I stocks/N ,/, such/J as/I smaller/J companies/N ,/, those/P paying/V high/D dividends/N or/J companies/N in/I a/D particular/J industry/N ,/, state/N or/J country/N ./.
With/N today/N 's/P _OOV_/N program/N trading/N techniques/N ,/, index/N funds/N can/P trade/N back/I and/C forth/I between/J stock-index/N futures/N and/C the/D actual/D stocks/N making/V up/P _OOV_/N such/J as/I the/D S&P/N 500/N ./.
Futures/N and/C options/N also/J make/V it/P possible/N to/T build/V ``/N synthetic/N ''/N index/N funds/N that/I do/V n't/P actually/R own/V a/D single/D share/N of/I stock/N ,/, but/V can/P produce/V returns/V that/D match/N or/J exceed/V the/D broad/J stock/N market/N ./.
One/J reason/N for/I these/D _OOV_/N is/V that/D indexing/N 's/P rapid/J growth/N is/V slowing/N ,/, particularly/V for/I those/P ``/N plain/N vanilla/N ''/N funds/N that/I mirror/N the/D 500/N ./.
``/J There/N is/V n't/P a/D _OOV_/N -LCB-/N of/I big/J investors/N -RCB-/N out/I there/V still/V waiting/V to/T get/V into/I indexing/N ,/, ''/R says/V P./N James/N _OOV_/N ,/, vice/N president/N of/I _OOV_/N Investment/N Management/N Co./N ,/, Chicago/N ,/, which/D offers/V both/J indexing/N and/C active/J management/N services/N ./.
After/J _OOV_/N in/I size/N in/I the/D past/J five/N years/N ,/, index/N funds/N now/R hold/V about/I 20/N %/N of/I the/D stock/N owned/V by/I pension/N funds/N ./.
A/C further/I problem/N is/V _OOV_/N profits/N ./.
_OOV_/J funds/N have/V become/V so/R _OOV_/N that/D fees/N they/P can/P charge/N have/V plunged/V to/T almost/V nothing/P ,/, and/C in/I some/D cases/N are/V just/R that/D ./.
To/C land/N customers/N for/I their/P _OOV_/N stock/N _OOV_/N business/N ,/, big/J banks/N sometimes/I will/P throw/N in/I basic/J indexing/N services/N for/I free/J ./.
``/J It/N 's/P like/D getting/V a/D free/J _OOV_/N when/I you/P open/J an/D account/N ,/, ''/R says/V _OOV_/N _OOV_/N 's/P Mr./N _OOV_/N ./.
As/C a/D result/N ,/, _OOV_/N have/V been/V looking/V for/I ways/N to/T give/V investors/N something/N more/J than/I the/D average/N for/I their/P money/N ./.
And/C many/I have/V been/V successful/J ,/, as/I in/I the/D case/N of/I the/D index/N fund/N operated/V by/I _OOV_/N _OOV_/N Capital/N ./.
_OOV_/J Capital/N has/V used/V enhanced/N indexing/N techniques/N to/T beat/V the/D S&P/N 500/N 's/P returns/N by/I 2.5/N to/T 3/N percentage/N points/N over/I the/D past/J four/N years/N ,/, with/I the/D same/D risk/N level/N as/I holding/V the/D S&P/N 500/N stocks/N ,/, according/V to/T James/N _OOV_/N ,/, the/D firm/N 's/P president/N ./.
_OOV_/J vary/V for/I _OOV_/N Capital/N ,/, which/P has/V $/N 300/N million/C under/I management/N ./.
The/J firm/N sometimes/I buys/N S&P/N 500/N futures/N when/I they/P are/V selling/V at/I a/D discount/N to/T the/D actual/D stocks/N ,/, and/C will/P switch/V back/I and/C forth/I between/J stocks/N and/C stock-index/N futures/N to/T take/V advantages/N of/I any/D _OOV_/N price/N _OOV_/N ./.
Mr./J _OOV_/N also/J goes/V through/I periods/N when/I he/P buys/N stocks/N in/I conjunction/N with/I options/N to/T boost/N returns/N and/C protect/V against/I declines/N ./.
And/N in/I some/D months/N ,/, he/P buys/N stock-index/N futures/N and/C not/J stocks/N at/I all/C ./.
``/J By/N their/P nature/N ,/, our/P trades/N are/V very/V short-term/N and/C are/V going/V to/T create/V high/D turnover/N ,/, ''/J Mr./N _OOV_/N adds/N ./.
``/J The/N more/J turnover/N ,/, the/D better/R for/I our/P clients/N ./, ''/N
Big/J _OOV_/N Bankers/N Trust/N Co./N also/J uses/N futures/N in/I a/D strategy/N that/I on/I average/N has/V added/V one/N percentage/N point/V to/T its/D enhanced/N fund/N 's/P returns/N ./.
J./J Thomas/N _OOV_/N ,/, president/N of/I _OOV_/N Advanced/N Investment/N Management/N Inc./N ,/, agrees/N it/P 's/P a/D good/J idea/N to/T jump/V between/I the/D S&P/N 500/N stocks/N and/C futures/N ./.
``/J You/N 're/V buying/N the/D S&P/N ,/, and/C you/P always/V want/V to/T hold/V the/D _OOV_/N form/N of/I it/P ,/, ''/R he/P says/V ./.
But/C some/D _OOV_/N make/V little/R or/V no/J use/V of/I futures/N ,/, saying/V that/D these/D instruments/N present/I added/V risks/N for/I investors/N ./.
``/J If/N the/D futures/N markets/N have/V a/D problem/N ,/, then/R those/J products/N could/P have/V a/D problem/N ,/, ''/R says/V John/N _OOV_/N ,/, managing/N director/N of/I Prudential/N Insurance/N Co./N of/I America/N 's/P Investment/N Index/N Technologies/N Inc./N unit/N ./.
Prudential/C currently/I is/V seeking/N approval/N to/T offer/V a/D new/J fund/N offering/N a/D return/V equal/I to/T the/D S&P/N 500/N index/N plus/I of/I a/D percentage/N point/N ./.
An/J added/V feature/N is/V that/D the/D _OOV_/N improved/N return/V would/P be/V guaranteed/V by/I Prudential/N ./.
There/N are/V many/D other/J strategies/N to/T bolster/N the/D returns/N of/I index/N funds/N ./.
They/C include/V :/,
_OOV_/J _OOV_/N FUNDS/N :/, These/N guarantee/N protection/N against/I stock/N market/N declines/N while/I still/R passing/V along/I most/N gains/N ./.
Here/C a/D fund/N may/P promise/N to/T pay/V back/R ,/, say/V ,/. $/N 95/N of/I every/D $/N 100/N invested/N for/I a/D year/N ,/, even/V if/I the/D market/N goes/V much/R lower/I ./.
The/J fund/N could/P invest/V $/N 87/N for/I one/J year/N in/I Treasury/N bills/N yielding/N 8/N %/N to/T return/V the/D guaranteed/V $/N 95/N ./.
That/C leaves/V $/P 13/N ,/, which/D could/P be/V used/V to/T buy/V S&P/N 500/N options/N that/I will/P nearly/I match/N any/D gain/V in/I the/D S&P/N index/N ./.
_OOV_/J _OOV_/N FUNDS/N :/, _OOV_/N a/D big/J investor/N is/V interested/V in/I growth/N stocks/N ./.
Instead/C of/I hiring/N one/N of/I the/D many/D active/J managers/N specializing/N in/I growth/N stocks/N ,/, _OOV_/N can/P design/N a/D portfolio/N around/I the/D same/D stocks/N ;/, the/D portfolio/N will/P be/V _OOV_/N by/I computer/N ,/, reducing/V both/J fees/N and/C ,/, in/I theory/N ,/, risk/N -LRB-/N because/V of/I the/D large/J number/N of/I stocks/N -RRB-/N ./.
``/J We/N see/V a/D lot/R of/I interest/N in/I those/J kind/N of/I things/N ,/. ''/N says/V Frank/N _OOV_/N ,/, a/D vice/N president/N of/I Bankers/N Trust/N ./.
``/J People/N comfortable/N with/I the/D passive/N approach/N are/V using/V them/P for/I other/J strategies/N ./, ''/N
_OOV_/J FUNDS/N :/, This/N is/V an/D index/N fund/N with/I a/D bet/N ./.
Instead/C of/I _OOV_/N the/D S&P/N 500/N or/V some/D other/J index/N exactly/N ,/, some/D stocks/N are/V _OOV_/N or/J _OOV_/N in/I the/D portfolio/N ./.
One/C simple/J approach/N is/V to/T exclude/V S&P/N 500/N companies/N considered/V bankruptcy/N candidates/N ;/, this/D can/P avoid/V weak/J sisters/N ,/, but/V also/I can/P hurt/V when/R a/D company/N like/I Chrysler/N Corp./N _OOV_/N ./.
Another/J approach/N :/, An/N investor/N with/I $/N 100/N million/C might/P use/V $/P 75/N million/C to/T buy/V the/D S&P/N 500/N index/N and/C spend/V the/D other/C $/N 25/N million/C on/I a/D favorite/N group/N of/I stocks/N ./.
_OOV_/J FUNDS/N :/, _OOV_/N can/P be/V _OOV_/N to/T serve/V social/J goals/N ,/, such/J as/I eliminating/V the/D stocks/N of/I companies/N doing/V business/N in/I South/N Africa/N ./.
Other/J funds/N have/V been/V designed/V to/T concentrate/V on/I stocks/N in/I a/D _OOV_/N area/N in/I order/N to/T encourage/V local/J investment/N ./.
Pennsylvania/J State/N Employees/N Retirement/N System/N ,/, for/I example/N ,/, has/V about/R $/N 130/N million/C invested/N in/I a/D fund/N of/I _OOV_/N companies/N that/I are/V either/J Pennsylvania-based/N or/N have/V 25/N %/N of/I their/P work/N forces/N in/I the/D state/N ./.
Short/J interest/N on/I the/D New/N York/N Stock/N Exchange/N declined/N for/I the/D second/D consecutive/N month/N ,/, this/D time/N 4.2/N %/N ,/, while/I the/D American/N Stock/N Exchange/N reported/V its/R third/J consecutive/N record/N month/N of/I short/J interest/N ./.
The/J Big/N Board/N reported/V that/D short/J interest/N dropped/V to/T _OOV_/N shares/N as/I of/I Oct./N 13/N from/I _OOV_/N shares/N in/I mid-September/N ./.
_OOV_/C short/J interest/N climbed/V 3/N %/N to/T _OOV_/N shares/N from/I _OOV_/N shares/N ./.
For/C the/D year-earlier/N month/N ,/, the/D Big/N Board/N reported/V _OOV_/N shares/N ,/, indicating/V a/D 13.5/N %/N _OOV_/N rise/N ,/, while/I the/D _OOV_/N reported/V _OOV_/N shares/N ,/, a/D 48/N %/N _OOV_/N ./.
_OOV_/C short/J interest/N has/V been/V heading/V upward/N since/V _OOV_/N ,/, with/I increases/N in/I each/D month/N since/V then/R except/V at/I _OOV_/N ./.
Traders/C who/P sell/V short/D borrow/V stock/N and/C sell/V it/R ,/, _OOV_/N that/I the/D stock/N 's/P price/N will/P decline/N and/C that/I they/P can/R buy/V the/D shares/N back/I later/I at/I a/D lower/J price/N for/I return/V to/T the/D lender/N ./.
Short/J interest/N is/V the/D number/N of/I shares/N that/I have/V n't/P yet/R been/V purchased/V for/I return/V to/T lenders/N ./.
Although/C a/D substantial/I short/J position/N reflects/N heavy/J speculation/N that/I a/D stock/N 's/P price/N will/P decline/N ,/, some/D investors/N consider/V an/D increase/N in/I short/J interest/N bullish/N because/V the/D borrowed/V shares/N eventually/I must/P be/V bought/V back/R ./.
_OOV_/N in/I short/J interest/N of/I certain/J stocks/N also/I may/P be/V caused/V partly/N by/I _OOV_/N ./.
The/J figures/N occasionally/N include/V _OOV_/N transactions/N in/I restricted/V stock/N ./.
The/J level/N of/I negative/J sentiment/N measured/V by/I the/D Big/N Board/N short/J interest/N ratio/N slipped/N to/T _OOV_/N from/I last/D month/N 's/P _OOV_/N ./.
The/J ratio/N is/V the/D number/N of/I trading/N days/N ,/, at/I the/D exchange/N 's/P average/J trading/N volume/N ,/, that/D would/P be/V required/V to/T convert/V the/D total/C short/J interest/N position/N ./.
Some/J analysts/N suggest/V ,/, however/V ,/, that/D the/D ratio/N has/V weakened/N in/I value/N as/I an/D _OOV_/N because/I options/N and/C other/J products/N can/P be/V used/V to/T _OOV_/N short/J positions/N ./.
_OOV_/J Corp./N led/V the/D Big/N Board/N list/N of/I largest/V short/J volumes/N with/I _OOV_/N shares/N ./.
_OOV_/C has/V proposed/V to/T acquire/V _OOV_/N Corp./N ,/, consisting/V of/I the/D auto/N parts/N division/N and/C some/D debt/N of/I _OOV_/N Corp./N ,/, for/I $/N _OOV_/N million/C of/I cash/N and/C securities/N ./.
Chemical/J Waste/N Management/N posted/V the/D biggest/J increase/N in/I short/J volume/N on/I the/D New/N York/N exchange/N ,/, up/P _OOV_/N shares/N to/T _OOV_/N ./.
Bristol-Myers/J Squibb/N Co./N ,/, the/D entity/N formed/V from/I the/D recent/J acquisition/N of/I Squibb/N Corp./N by/I Bristol-Myers/N Co./N ,/, logged/V the/D largest/J volume/N decline/N ,/, _OOV_/N shares/N ,/, to/T _OOV_/N ./.
Short/J interest/N in/I International/N Business/N Machines/N Corp./N plunged/V to/T _OOV_/N shares/N from/I _OOV_/N shares/N a/D month/N earlier/I ./.
Also/C closely/N watched/V is/V Exxon/N Corp./N ,/, where/D short/J interest/N slid/N to/T _OOV_/N shares/N from/I _OOV_/N ./.
On/C a/D percentage/N basis/N ,/, Germany/N Fund/N Inc./N led/V the/D gainers/N ,/, _OOV_/N to/T _OOV_/N shares/N from/I three/N shares/N ./.
_OOV_/J _OOV_/N Ltd./N led/V the/D percentage/N _OOV_/N ,/, dropping/V to/T 59/N shares/N from/I _OOV_/N ./.
The/J _OOV_/N short/J interest/N volume/N leader/N again/R was/V Texas/N Air/N Corp./N ,/, rising/N to/T _OOV_/N shares/N from/I _OOV_/N ./.
_OOV_/J _OOV_/N Co./N posted/V the/D largest/J volume/N increase/N ,/, _OOV_/N shares/N ,/, to/T _OOV_/N ./.
The/J company/N is/V under/I an/D investigation/N concerning/I procedures/N to/T gain/V Food/N and/C Drug/N Administration/N approval/N of/I generic/J drugs/N ./.
_OOV_/C has/V denied/V any/D _OOV_/N ./.
The/C largest/N volume/N drop/V --/, down/I _OOV_/N shares/N to/T _OOV_/N --/, came/V in/I shares/N represented/V by/I _OOV_/N Industries/N PLC/N 's/P American/N depositary/N receipts/N ./.
The/J company/N is/V facing/V a/D takeover/N proposal/N from/I the/D financier/N Sir/N James/N _OOV_/N ./.
First/J _OOV_/N Fund/N led/V the/D percentage/N increases/N ,/, rising/N to/T _OOV_/N shares/N from/I _OOV_/N ./.
Nelson/J Holdings/N International/N Ltd./N dropped/V the/D most/V on/I a/D percentage/N basis/N ,/, to/T 1,000/N shares/N from/I _OOV_/N ./.
The/J _OOV_/N tables/N show/V the/D Big/N Board/N and/C _OOV_/N issues/N in/I which/D a/D short/J interest/N position/N of/I at/I least/J 100,000/N shares/N existed/V as/I of/I mid-October/N or/N in/I which/P there/V was/V a/D short/J position/N change/V of/I at/I least/J 50,000/N shares/N since/V mid-September/N ./.
Your/J Oct./N 12/N editorial/N ``/N _OOV_/N ,/, _OOV_/N _OOV_/N ?/, ''/J correctly/P states/V that/I I/N was/V critical/J of/I the/D Bush/N administration/N 's/P failure/N to/T have/V any/D plan/N in/I place/N to/T respond/V in/I a/D timely/N fashion/N to/T the/D opportunities/N to/T oust/N Manuel/N Noriega/N presented/V by/I the/D attempted/V military/N coup/N on/I Oct./N 3/N ./.
You/N are/V absolutely/V wrong/V ,/, however/V ,/, in/I _OOV_/N that/I this/D position/N is/V some/D kind/N of/I ``/N _OOV_/N ,/, ''/J something/N newly/P arrived/V at/I as/I a/D result/N of/I reading/V the/D opinion/N polls/N ./.
My/J position/N is/V one/N founded/N on/I both/D the/D facts/N and/C the/D law/N ./.
Although/C you/P may/R have/V forgotten/V ,/, public/J opinion/N about/I Gen./N Noriega/N is/V where/D it/P is/V in/I large/J measure/N because/I of/I my/J investigation/N of/I his/P years/N of/I involvement/N in/I _OOV_/N _OOV_/N -LRB-/N and/I simultaneous/J work/N as/I a/D U.S./N operative/N -RRB-/N ./.
The/C public/N made/V up/I its/P mind/N about/I Gen./N Noriega/N largely/N as/I a/D result/N of/I the/D hearings/N I/N chaired/N in/I the/D _OOV_/N on/I _OOV_/N and/C _OOV_/N of/I the/D Foreign/N _OOV_/N Committee/N on/I Feb./N 8/N ,/, 9/N ,/, 10/N and/C 11/N ,/, 1988/N ,/, and/C again/R on/I April/N 4/N ,/, 1988/N ./.
It/N was/V during/D those/P hearings/N that/I the/D nation/N first/D learned/V the/D _OOV_/N and/C depth/N of/I Gen./N Noriega/N 's/P _OOV_/N ,/, and/C of/I his/P _OOV_/N relationships/N with/I a/D variety/N of/I U.S./N government/N agencies/N ./.
Those/J hearings/N also/J _OOV_/N how/P Gen./N Noriega/N was/V able/R to/T use/V his/R relationships/N with/I these/J agencies/N to/T delay/V U.S./N action/N against/I him/P ,/, and/C to/T exploit/N the/D administration/N 's/P obsession/N with/I _OOV_/N the/D _OOV_/N to/T protect/V his/R own/N _OOV_/N ./.
As/C former/I _OOV_/N to/T Costa/N _OOV_/N Francis/N J./N _OOV_/N testified/N before/I the/D _OOV_/N ,/, the/D Reagan/N administration/N knew/V that/D Gen./N Noriega/N was/V involved/V with/I _OOV_/N ,/, but/R made/V a/D decision/N in/I the/D summer/N of/I 1986/N ``/N to/T put/V Gen./N Noriega/N on/I the/D shelf/N until/I _OOV_/N was/V settled/V ./. ''/N
As/C the/D report/N issued/V by/I the/D _OOV_/N concluded/V ,/, ``/N Our/N government/N did/V nothing/R regarding/V Gen./N Noriega/N 's/P drug/N business/N and/C substantial/I criminal/N involvement/N because/V the/D first/D priority/N was/V the/D _OOV_/N war/N ./.
This/J decision/N resulted/N in/I at/I least/J some/D drugs/N entering/V the/D United/N States/N as/I a/D hidden/J cost/N of/I the/D war/N ./, ''/N
Unfortunately/N ,/, this/D problem/N continued/V even/V after/I Gen./N Noriega/N 's/P indictment/N ./.
_OOV_/J 1988/N and/C this/D year/N ,/, I/N and/I others/N in/I Congress/N have/V pressed/V the/D U.S./N to/T develop/V a/D plan/N for/I pushing/N this/D ``/N _OOV_/N ''/N out/I of/I Panama/N ./.
_OOV_/N ,/, two/N _OOV_/N in/I a/D row/N have/V been/V unwilling/N and/C unable/V to/T develop/V any/D plan/N ,/, military/N or/I economic/N ,/, for/I supporting/V the/D Panamanian/N people/N in/I their/P attempts/N to/T restore/N democracy/N ./.
Sen./J John/N _OOV_/N -LRB-/N D./N ,/, _OOV_/N ./, -RRB-/N
For/J _OOV_/N ,/, these/D are/V tricky/N ,/, often/D _OOV_/N ,/, times/N ./.
After/J years/N of/I hesitation/N ,/, economic/N and/C political/J reform/N was/V embraced/N at/I the/D end/N of/I 1986/N ,/, but/R ringing/D _OOV_/N have/V yet/R to/T be/V _OOV_/N into/I much/J action/N ./.
Vietnam/C is/V finding/V that/D turning/V a/D stagnant/N _OOV_/N order/N into/I a/D dynamic/N free/J market/N does/V n't/P come/V easy/P ./.
Here/C is/V how/P three/N _OOV_/N are/V coping/N with/I change/V :/.
The/J Tire/N King/N
_OOV_/J Van/N _OOV_/N is/V living/V proof/N that/I old/J ways/N die/V hard/R ./.
Mr./J _OOV_/N used/V to/T be/V an/D _OOV_/N in/I _OOV_/N :/, a/D private/J entrepreneur/N ./.
His/J business/N success/N made/V him/P an/D official/J target/N in/I _OOV_/N days/N ./.
Mr./J _OOV_/N ,/, now/R 64/N years/N old/R ,/, invented/V a/D fountain/N pen/N he/P and/C his/P family/N produced/V from/I plastic/N waste/N ./.
Later/N ,/, he/P marketed/N glue/N ./.
Both/J products/N were/V immensely/V popular/N ./.
For/C his/P troubles/N ,/, Mr./N _OOV_/N was/V _OOV_/N three/N times/N between/I _OOV_/N and/C 1974/N ./.
Though/C his/P operation/N was/V registered/V and/C used/V only/D scrap/N ,/, he/P was/V accused/N of/I conducting/V illegal/J business/N and/C possessing/I illegal/J materials/N ./.
Once/C he/P was/V held/V for/I three/N months/N without/I being/V charged/V ./.
Things/N were/V supposed/R to/T change/V when/D Vietnam/N 's/P economic/N reforms/N gathered/V pace/N ,/, and/C for/I _OOV_/N they/P did/V ./.
After/J years/N of/I _OOV_/N ,/, Mr./N _OOV_/N produced/V a/D heavy-duty/N _OOV_/N tire/N that/I _OOV_/N its/P _OOV_/N rival/N ./.
By/J 1982/N ,/, he/P was/V selling/V thousands/N of/I tires/N ./.
_OOV_/J published/V articles/N about/I him/P ,/, and/C he/P was/V _OOV_/N as/I ``/N the/D tire/N king/N ./, ''/N
His/J efforts/N earned/V a/D gold/N _OOV_/N at/I a/D national/J exhibition/N --/, and/C attracted/V renewed/N attention/N from/I local/J authorities/N ./.
District/J police/N in/I 1983/N _OOV_/N on/I his/P suburban/N home/N ,/, which/D he/P and/C his/P large/J family/N used/V as/I both/J residence/N and/C factory/N ,/, and/C demanded/V proof/V the/D house/N and/C equipment/N were/V his/R ./.
He/J produced/V it/P ./.
``/J That/N was/V the/D first/D time/N they/P lost/V and/C I/N won/N ,/, ''/R he/P says/V ./.
He/N was/V further/I questioned/V to/T determine/V if/I he/P was/V ``/N a/D real/J working/V man/N or/I an/D _OOV_/N ./, ''/N
_OOV_/J Mr./N _OOV_/N :/, ``/N When/N I/N showed/V it/P was/V from/I my/R own/V brain/N ,/, they/P lost/V for/I the/D second/D time/N ./, ''/N
But/C a/D few/J days/N later/I the/D police/N accused/N him/P of/I _OOV_/N electricity/N ,/, acquiring/N rubber/N without/I permission/N and/C buying/N stolen/V property/N ./.
_OOV_/C he/P was/V to/T be/V _OOV_/N again/N ,/, he/P _OOV_/N to/T the/D countryside/N ./.
His/N family/N was/V given/V three/N hours/N to/T leave/V before/I the/D house/N and/C contents/N were/V _OOV_/N ./.
With/C only/I the/D clothes/N they/P were/V wearing/N ,/, family/N members/N moved/V to/T a/D home/N owned/V by/I one/N of/I Mr./N _OOV_/N 's/P sons/N ./.
After/J six/N months/N on/I the/D run/N ,/, Mr./N _OOV_/N learned/V the/D order/N for/I his/P arrest/N had/V been/V canceled/V ./.
He/J _OOV_/N his/P family/N in/I January/N 1984/N and/C began/V the/D long/D struggle/N for/I justice/N ,/, pressing/N everyone/N from/I _OOV_/N municipal/N officials/N to/T National/N _OOV_/N _OOV_/N for/I _OOV_/N of/I his/P rights/N ./.
He/N and/C his/P family/N kept/V _OOV_/N by/I _OOV_/N _OOV_/N ,/, selling/N fruit/N and/C doing/V odd/J jobs/N ./.
Mr./J _OOV_/N achieved/V a/D breakthrough/N in/I 1987/N --/, and/C became/V a/D minor/D _OOV_/N again/N --/, when/V his/R story/N was/V published/V in/I a/D weekly/N newspaper/N ./.
In/J 1988/N ,/, 18/N months/N after/I the/D sixth/N _OOV_/N formally/J endorsed/N family-run/N private/N enterprise/N ,/, district/N authorities/N allowed/V Mr./N _OOV_/N to/T resume/V work/N ./.
By/C late/N last/J year/N he/P was/V invited/V back/R as/I ``/N the/D tire/N king/N ''/N to/T display/V his/R products/N at/I a/D national/J exhibition/N ./.
National/J leaders/N stopped/V by/I his/R stand/V to/T _OOV_/N his/P achievements/N ./.
Mr./J _OOV_/N now/V produces/V 1,000/N _OOV_/N and/C _OOV_/N tires/N a/D month/N and/C 1,000/N tins/N of/I _OOV_/N glue/N in/I the/D son/N 's/V small/J house/N ./.
_OOV_/C people/N pack/N the/D house/N 's/P two/N rooms/N --/, the/D _OOV_/N ,/, four/N of/I their/P 10/N children/N with/I _OOV_/N ,/, and/C eight/N of/I 22/N grandchildren/N ./.
Most/J sleep/N on/I the/D floor/N ./.
_OOV_/J _OOV_/N ,/, eight/N family/N members/N and/C two/N other/J workers/N _OOV_/N a/D sheet/N of/I raw/N rubber/N that/I covers/V the/D floor/N of/I the/D house/N and/C _OOV_/N out/I onto/V the/D street/N ./.
The/C primitive/P operations/N also/J _OOV_/N out/I the/D back/R door/N into/I a/D small/J _OOV_/N ,/, where/D an/D ancient/N press/N _OOV_/N rubber/N solution/N into/I a/D flat/N strip/N and/C newly/P made/V tires/N are/V cooled/V in/I a/D _OOV_/N filled/V with/I water/N ./.
Mr./J _OOV_/N talks/N _OOV_/N of/I expanding/N ,/, maybe/V even/V moving/V into/I the/D _OOV_/N field/N ./.
First/N ,/, however/V ,/, he/P has/V _OOV_/N business/N ./.
When/J district/N authorities/N allowed/V him/P to/T resume/V manufacturing/N ,/, they/P released/V only/R one/N of/I his/P machines/N ./.
They/N did/V n't/P return/V the/D rubber/N stocks/N that/I represent/V his/P capital/N ./.
_OOV_/N did/V they/P return/V his/P house/N and/C contents/N ,/, which/D he/P values/N at/I about/I $/N _OOV_/N ./.
He/C wants/V to/T recover/V more/J than/I just/R his/R property/N ,/, though/V ./.
``/J I/N want/V my/, dignity/N back/I ,/, ''/R he/P says/V ./.
_OOV_/J _OOV_/N seemed/V an/D obvious/J choice/N when/I the/D _OOV_/N _OOV_/N Association/N was/V looking/V for/I a/D new/J editor/N to/T reform/N its/P weekly/N newspaper/N ,/, Van/N _OOV_/N ./.
After/C the/D sixth/N _OOV_/N ,/, journalists/N _OOV_/N the/D opportunity/N provided/V by/I the/D _OOV_/N to/T probe/V previously/R _OOV_/N subjects/N ./.
Mr./J _OOV_/N ,/, 57/N years/N old/R ,/, had/V solid/P _OOV_/N credentials/N :/, He/N had/V lost/V his/P official/N position/N in/I the/D association/N in/I he/P early/D 1980s/N because/I he/P questioned/V the/D intrusion/N of/I politics/N into/I literature/N ./.
_OOV_/J editor/N in/I chief/N in/I July/N 1987/N ,/, Mr./N _OOV_/N rapidly/I turned/V the/D _OOV_/N Van/N _OOV_/N into/I Vietnam/N 's/P hottest/J paper/N ./.
_OOV_/J soared/N as/I the/D weekly/N went/V way/N beyond/I standard/N literary/N themes/N to/T cover/V _OOV_/N society/N and/C its/P _OOV_/N ./.
_OOV_/N were/V _OOV_/N by/I the/D paper/N 's/P _OOV_/N and/C _OOV_/N by/I the/D dark/J side/N of/I life/N it/P uncovered/N ./.
One/J article/N _OOV_/N a/D decade-long/N struggle/N by/I a/D _OOV_/N soldier/N to/T prove/V ,/, officially/N ,/, he/P was/V alive/N ./.
Another/J described/V how/P _OOV_/N officials/N in/I _OOV_/N _OOV_/N _OOV_/N one/N night/N _OOV_/N through/I homes/N and/C _OOV_/N rice/N from/I starving/N _OOV_/N ./.
The/J newspaper/N also/J ran/V a/D series/N of/I controversial/N short/D stories/N by/I _OOV_/N _OOV_/N _OOV_/N ,/, a/D former/J history/N teacher/N ,/, who/P _OOV_/N debate/N over/I his/P interpretation/N of/I _OOV_/N culture/N and/C took/V a/D _OOV_/N _OOV_/N swipe/N at/I writers/N who/P had/V blocked/V his/P entry/N into/I their/P official/N association/N ./.
Van/J _OOV_/N quickly/T made/V influential/N _OOV_/N ./.
``/J Those/N who/P manage/N _OOV_/N and/C a/D large/J number/N of/I writers/N reacted/V badly/V ''/R to/T the/D _OOV_/N paper/N ,/, says/V _OOV_/N _OOV_/N An/N ,/, a/D literary/N critic/N ./.
After/J months/N of/I internal/J _OOV_/N ,/, Mr./N _OOV_/N was/V fired/N last/D December/N ./.
His/J _OOV_/N triggered/N a/D furor/N among/I intellectuals/N that/I continues/V today/N ./.
``/J Under/N Mr./N _OOV_/N ,/, Van/N _OOV_/N protected/N the/D people/N instead/V of/I the/D government/N ,/, ''/R says/V _OOV_/N _OOV_/N ,/, a/D _OOV_/N who/P is/V the/D paper/N 's/P bureau/N chief/N for/I southern/J Vietnam/N ./.
``/J The/N paper/N reflected/N the/D truth/N ./.
For/C the/D leadership/N ,/, that/D was/V too/V painful/V to/T bear/N ./, ''/N
The/J `/N _OOV_/N '/.
_OOV_/J _OOV_/N _OOV_/N is/V Vietnam/N 's/P entrepreneur/N of/I the/D 1980s/N ./.
Her/J challenge/N is/V to/T keep/V her/P fledgling/N empire/N on/I top/N in/I the/D 1990s/N ./.
Mrs./J _OOV_/N did/V n't/P wait/V for/I the/D reforms/N to/T get/V her/P start/V ./.
She/N charged/V ahead/R of/I the/D government/N and/C the/D law/N to/T establish/V _OOV_/N City/N Food/N Co./N as/I the/D biggest/D rice/J dealer/N in/I the/D country/N ./.
Her/J success/N ,/, which/D included/V alleviating/N an/D urban/N food/N shortage/N in/I the/D early/J 1980s/N ,/, helped/P persuade/V _OOV_/N to/T take/V the/D reform/N path/N ./.
Her/J story/N is/V becoming/N part/N of/I local/J folklore/N ./.
A/J lifelong/N revolutionary/N with/I little/J education/N who/P fought/N both/I the/D French/N and/C the/D _OOV_/N _OOV_/N _OOV_/N ,/, she/P switched/V _OOV_/N to/T commerce/N after/I the/D war/N ./.
Her/J _OOV_/N were/V _OOV_/N ,/, despite/V her/P background/N ./.
As/C she/P rode/V over/D regulations/N ,/, only/D her/P friendship/N with/I party/N leaders/N ,/, including/V _OOV_/N Van/N _OOV_/N ,/, then/R Ho/N Chi/N Minh/N City/N party/N secretary/N ,/, kept/V her/P out/I of/I jail/N ./.
Following/J Mr./N _OOV_/N 's/P appointment/N as/I _OOV_/N of/I the/D party/N at/I the/D sixth/N _OOV_/N ,/, Mrs./N _OOV_/N has/V become/V the/D darling/N of/I ``/N _OOV_/N moi/I ''/R ,/, the/D _OOV_/N version/N of/I perestroika/N ./.
The/J authorities/N have/V _OOV_/N foreign/J reporters/N to/T her/P office/N to/T see/V an/D example/N of/I ``/N the/D new/J way/N of/I thinking/N ./. ''/C
Foreign/J publications/N have/V responded/V with/I articles/N _OOV_/N her/P Vietnam/N 's/P richest/N woman/N ./.
``/J Some/N people/N call/V me/R the/D communist/N _OOV_/N ,/, ''/R she/P has/V told/V visitors/N ./.
Actually/N ,/, 67-year-old/N Mrs./N _OOV_/N is/V about/I as/I poor/N as/I almost/V everyone/N else/V in/I this/D _OOV_/N land/N ./.
She/C has/V indeed/V turned/V _OOV_/N City/N Food/N into/I a/D budding/N conglomerate/N ,/, but/R the/D company/N itself/D remains/V state-owned/N ./.
She/J manages/N it/P with/I the/D title/N of/I _OOV_/N ./.
The/C heart/N of/I the/D business/N is/V the/D purchase/N of/I rice/N and/C other/I commodities/N ,/, such/J as/I corn/N and/C coffee/N ,/, from/I farmers/N in/I the/D south/V ,/, paying/V with/I _OOV_/N ,/, farm/N tools/N and/C other/J items/N ./.
Last/J year/N ,/, _OOV_/N City/N Food/N says/V it/P bought/V two/N million/C metric/N tons/N of/I _OOV_/N rice/N ,/, more/J than/I 10/N %/N of/I the/D country/N 's/P output/N ./.
The/J company/N operates/N a/D fleet/N of/I trucks/N and/I boats/N to/T transport/V the/D commodities/N to/T its/D warehouses/N ./.
A/J subsidiary/N company/N processes/N commodities/N into/I foods/N such/J as/I instant/J noodles/N that/I are/V sold/V with/I the/D rice/N through/I a/D vast/D retail/N network/N ./.
In/C recent/J years/N ,/, Mrs./N _OOV_/N has/V started/V to/T diversify/N the/D company/N ,/, taking/V a/D 20/N %/N stake/N in/I newly/J established/V ,/, partly/N private/J Industrial/N and/C Commercial/N Bank/N ,/, and/C setting/V up/P _OOV_/N _OOV_/N ,/, which/D owns/V and/C operates/N Vietnam/N 's/P first/D oil/N refinery/N ./.
Mrs./J _OOV_/N says/V _OOV_/N City/N Food/N last/J year/N increased/V pretax/N profit/N 60/N %/N to/T the/D equivalent/N of/I about/I $/N 2.7/N million/C on/I sales/N of/I $/N 150/N million/C ./.
She/J expects/N both/I revenue/N and/C profit/N to/T gain/V this/D year/N ./.
She/C is/V almost/J _OOV_/N about/I the/D possibility/N Vietnam/N 's/P reforms/N will/P create/V rivals/N on/I her/P home/N _OOV_/N ./.
``/J I/N do/V n't/P mind/N the/D competition/N inside/V the/D country/N ,/, ''/R she/P says/V ./.
``/J I/N am/V only/R afraid/V that/I with/I Vietnam/N 's/P _OOV_/N products/N we/P ca/P n't/P compete/N with/I _OOV_/N countries/N ./.
The/J earthquake/N that/D hit/V the/D San/N Francisco/N Bay/N area/N is/V n't/P likely/D to/T result/V in/I wholesale/N _OOV_/N of/I bond/N ratings/N ,/, officials/N at/I the/D two/N major/I rating/N agencies/N said/V ./.
Standard/C &/, Poor/N 's/P Corp./N is/V reviewing/N debt/N issued/V by/I 12/N California/N _OOV_/N ,/, and/C ``/N there/V are/V potential/N isolated/J problems/N ,/, ''/R said/V _OOV_/N _OOV_/N ,/, a/D managing/N director/N ./.
The/J agency/N is/V preparing/V a/D report/N ,/, to/T be/V issued/V today/N ,/, on/I the/D earthquake/N 's/P impact/N on/I the/D and/C _OOV_/N industry/N ./.
The/C only/I securities/N so/R far/R to/T be/V singled/N out/I are/V those/J issued/V by/I Bay/N View/N Federal/N Savings/N &/, Loan/N ./.
Moody/N 's/P Investors/N Service/N Inc./N said/V it/P is/V reviewing/N ,/, with/I an/D eye/N toward/V a/D possible/N _OOV_/N ,/, the/D ratings/N on/I Bay/N View/N Federal/N bonds/N ,/, long-term/N deposits/N and/I the/D _OOV_/N rating/N of/I its/J parent/N company/N ,/, Bay/N View/N Capital/N Corp/N ./.
As/C for/I property/N and/C casualty/N insurers/N ,/, Moody/N 's/P said/V ``/N preliminary/I estimates/N suggest/V that/D losses/N should/P not/R have/V a/D significant/J impact/N on/I most/J insurers/N '/P financial/J condition/N ,/, ''/R but/V it/P ``/N raises/J concerns/N about/I potentially/V substantial/J risks/N ''/N longer-term/N ./.
``/J _OOV_/N from/I the/D earthquake/N are/V expected/V to/T be/V of/I similar/D magnitude/N to/T those/R of/I Hurricane/N Hugo/N ,/, ''/J according/V to/T Moody/N 's/P ./.
Your/J Oct./N 5/N editorial/N ``/N A/N Democratic/N _OOV_/N _OOV_/N ''/N contained/V an/D error/N ./.
In/C the/D third/J paragraph/N it/P referred/V to/T the/D senators/N seeking/N _OOV_/N suggestions/N from/I lobbyists/N for/I various/J sectors/N of/I the/D economy/N ./.
Among/C them/P ,/, ``/N _OOV_/N farmers/N ./. ''/N
The/C only/I significant/I commercial/N _OOV_/N farmers/N in/I the/D U.S./N are/V in/I Hawaii/N ./.
The/J Hawaii/N _OOV_/N Industry/N Association/N ,/, to/T which/D nearly/I all/D of/I them/P belong/V ,/, has/V no/D lobbyist/N ./.
Thomas/J _OOV_/N Reese/N _OOV_/N ./.
_OOV_/J _OOV_/N Co/N ./.
Western/J Digital/N Corp./N reported/V a/D net/N loss/N of/I $/N 2.7/N million/C ,/, or/V nine/N cents/N a/D share/N ,/, for/I its/P first/D quarter/N ended/V Sept./N 30/N ,/, citing/N factors/N as/I varied/N as/I _OOV_/N damage/N ,/, an/D advance/N in/I graphics/N technology/N and/C the/D _OOV_/N dollar/N ./.
In/C the/D year-ago/N period/N ,/, the/D company/N earned/V $/P 12.9/N million/C ,/, or/V 45/N cents/N a/D share/N ,/, on/I sales/N of/I $/N 247/N million/C ./.
Sales/N for/I the/D _OOV_/N period/N fell/V to/T about/I $/P 225/N million/C ,/, the/D maker/N of/I computer/N parts/N said/V ./.
_OOV_/N ,/, Chairman/N _OOV_/N W./N Johnson/N said/V he/P expects/N the/D company/N to/T be/V profitable/J in/I the/D current/J quarter/N ./.
``/J We/N are/V _OOV_/N to/T come/V through/I ,/, ''/R he/P said/V ,/, noting/N that/I the/D company/N 's/P _OOV_/N was/V up/R from/I the/D previous/D quarter/N ./.
In/C its/P second/D quarter/N last/J year/N ,/, Western/N Digital/N earned/V $/P _OOV_/N million/C ,/, or/V 44/N cents/N a/D share/N ,/, on/I sales/N of/I $/N _OOV_/N million/C ./.
Mr./J Johnson/N said/V Western/N Digital/N 's/P plant/N in/I Puerto/N Rico/N was/V affected/V by/I Hurricane/N Hugo/N ,/, losing/V three/N days/N '/P production/N because/V of/I the/D storm/N ,/, which/D wrecked/N much/R of/I the/D Caribbean/N island/N 's/P infrastructure/N ./.
Although/C the/D plant/N itself/P was/V n't/P damaged/V ,/, Mr./N Johnson/N said/V millions/N of/I dollars/N in/I first-quarter/N revenue/N were/V lost/V ./.
The/J revenue/N will/P be/V _OOV_/N in/I the/D current/J period/N ,/, he/P added/V ./.
There/N are/V no/D plans/N to/T _OOV_/N a/D common/J stock/N dividend/N ,/, Mr./N Johnson/N said/V ,/, explaining/V that/D the/D board/N continues/V to/T believe/V shareholders/N are/V best/J served/V by/I _OOV_/N excess/N cash/N ./.
Mr./J Johnson/N said/V the/D first-quarter/N loss/N also/N heavily/N reflected/N a/D rapid/J change/N in/I graphics/N technology/N that/I left/V reseller/N channels/N with/I too/R many/I of/I the/D old/J computer/N graphics/N boards/N and/C too/V few/D new/J _OOV_/N compatible/N with/I the/D new/J graphics/N boards/N ./.
Western/J Digital/N does/V n't/P make/V the/D _OOV_/N ./.
An/J accelerating/N move/V by/I personal/J computer/N manufacturers/N '/, to/T include/V advanced/J graphics/N capabilities/N as/I standard/J equipment/N further/I _OOV_/N reseller/N purchases/N of/I Western/N Digital/N 's/P equipment/N ./.
``/J The/N other/J areas/N of/I the/D business/N --/, storage/N and/C _OOV_/N --/, were/V very/V good/R ,/, ''/J Mr./N Johnson/N said/V ./.
He/N said/V Western/N Digital/N has/V reacted/V _OOV_/N to/T the/D movement/N to/T video/N graphics/N array/N ,/, _OOV_/N ,/, graphics/N technology/N from/I the/D old/J enhanced/N graphics/N _OOV_/N ,/, _OOV_/N ,/, which/P has/V a/D lower/J resolution/N standard/N ,/, technology/N and/C now/R is/V one/N of/I the/D leading/J producers/N of/I these/D newer/N units/N ./.
Other/J makers/N of/I video/N _OOV_/N equipment/N also/R were/V caught/V in/I the/D _OOV_/N shift/N ,/, he/P said/V ,/, ``/N but/V we/P were/V able/R to/T respond/V much/R more/R quickly/T ./, ''/N
Still/N ,/, Mr./N Johnson/N said/V ,/, ``/N our/, stock/N is/V _OOV_/N _OOV_/N ./, ''/N
He/N said/V the/D company/N has/V cut/V operating/N expenses/N by/I about/I 10/N %/N over/I the/D last/R few/J quarters/N ,/, while/I maintaining/N research/N and/C development/N at/I about/I 8/N %/N to/T 9/N %/N of/I sales/N ./.
As/J part/N of/I its/P reorganization/N this/D week/N ,/, Western/N Digital/N has/V divided/V its/P business/N into/I two/N segments/N --/, storage/N products/N ,/, including/V _OOV_/N and/C disk/N drives/N ;/, and/C _OOV_/N products/N ,/, which/D include/V graphics/N ,/, communications/N and/C _OOV_/N control/N chips/N ./.
Graphics/N ,/, communications/N and/C _OOV_/N control/N chips/N were/V combined/V because/V ,/, increasingly/R ,/, multiple/J functions/N are/V being/V governed/N by/I a/D single/D chip/N ./.
_OOV_/N ,/, which/D includes/V computer/N _OOV_/N and/C _OOV_/N disk/N drives/N ,/, represents/V nearly/I two-thirds/N of/I the/D company/N 's/P business/N ./.
_OOV_/J drives/N ,/, which/D allow/V a/D computer/N to/T access/N its/P memory/N ,/, generated/V 38/N %/N more/J revenue/N in/I the/D most/V recent/J period/N compared/V with/I the/D fiscal/N first/D quarter/N a/D year/N earlier/I ./.
Computer/N parts/N are/V getting/V ever/R smaller/J ,/, Mr./N Johnson/N said/V ,/, a/D shrinking/N that/I has/V _OOV_/N _OOV_/N into/I position/N as/I the/D _OOV_/N segment/N of/I the/D computer/N business/N ./.
As/C smaller/C and/C more/R powerful/J computers/N continue/V to/T be/V the/D focus/N of/I the/D industry/N ,/, he/P said/V ,/, Western/N Digital/N is/V _OOV_/N development/N of/I laptop/N parts/N ./.
_OOV_/J year/N Western/N Digital/N plans/N to/T _OOV_/N its/P operations/N from/I 11/N buildings/N in/I _OOV_/N into/I two/N buildings/N in/I the/D same/D _OOV_/N new/J headquarters/N and/C ,/, a/D block/V away/I ,/, a/D modern/R $/N 100/N million/C silicon/N _OOV_/N _OOV_/N plant/N ./.
The/J plan/N will/P help/N the/D company/N in/I its/D existing/N joint/N manufacturing/N agreement/N with/I AT&T/N ./.
About/C half/I of/I Western/N Digital/N 's/P business/N is/V overseas/N ,/, and/C Mr./N Johnson/N expects/N that/I proportion/N to/T continue/V ./.
_OOV_/C to/T _OOV_/N many/I of/I the/D trade/N barriers/N within/I Europe/N in/I 1992/N creates/V significant/J opportunities/N for/I the/D company/N ,/, he/P said/V ,/, particularly/V since/V Western/N Digital/N already/V manufactures/N there/V ./.
Capitalizing/N on/I that/D presence/N ,/, Western/N Digital/N is/V launching/N a/D major/J effort/N to/T develop/V the/D _OOV_/N reseller/N market/N in/I Europe/N ./.
_OOV_/C of/I state-owned/N Banca/N _OOV_/N del/N _OOV_/N approved/V a/D _OOV_/N _OOV_/N transaction/N and/C a/D change/N in/I the/D bank/N 's/P rules/N that/I will/P help/N it/P operate/V more/R like/I a/D private-sector/N institution/N ./.
Until/N now/N ,/, _OOV_/N 's/P top/N managers/N and/C its/P directors/N have/V been/V appointed/V by/I a/D Treasury/N decree/N ./.
But/N under/I the/D bank/N 's/P proposed/V _OOV_/N ,/, an/D assembly/N of/I shareholders/N must/P approve/V board/N members/N ./.
The/J bank/N 's/P chairman/N and/C director/N general/N ,/, who/R also/J sit/V on/I the/D board/N ,/, still/V would/P be/V appointed/V by/I the/D Treasury/N ./.
_OOV_/N ,/, which/D is/V controlled/V by/I the/D Italian/N Treasury/N ,/, was/V _OOV_/N by/I the/D disclosure/N last/J month/N that/I its/P Atlanta/N branch/N extended/V more/J than/I $/P 3/N billion/N in/I unauthorized/N credits/N to/T _OOV_/N ./.
The/J _OOV_/N scandal/N ,/, in/I which/D the/D bank/N 's/P management/N resigned/N ,/, has/V helped/N renew/V calls/V for/I _OOV_/N ,/, or/V at/I least/J an/D overhaul/N ,/, of/I Italy/N 's/P banking/N system/N ,/, which/D is/V about/I 80/N %/N _OOV_/N ./.
In/C a/D related/V move/N ,/, the/D bank/N also/N proposed/V that/D board/N representation/N be/V linked/V more/R closely/N to/T the/D bank/N 's/P new/J shareholding/N structure/N ./.
_OOV_/N called/V a/D shareholders/N '/, assembly/N meeting/N in/I December/N to/T vote/N on/I the/D proposals/N ./.
_OOV_/C has/V about/I 75,000/N _OOV_/N shares/N that/I are/V listed/V on/I the/D Milan/N Stock/N Exchange/N ./.
The/J shares/N were/V suspended/N from/I trading/N following/I disclosure/N of/I the/D Atlanta/N scandal/N ;/, _OOV_/N ,/, the/D stock/N exchange/N regulatory/N body/N ,/, reportedly/N will/P decide/V soon/R whether/V to/T end/I the/D trading/N suspension/N ./.
Switzerland/N 's/P wholesale/N price/N index/N increased/V 0.3/N %/N in/I September/N from/I August/N ,/, and/C was/V up/P 3.9/N %/N from/I a/D year/N ago/V ,/, _OOV_/N the/D first/D time/N this/D year/N that/I the/D index/N has/V fallen/V below/I 4/N %/N on/I a/D _OOV_/N basis/N ,/, the/D government/N reported/V ./.
The/J government/N attributed/N the/D 0.3/N %/N _OOV_/N rise/N in/I the/D index/N largely/N to/T higher/J energy/N prices/N ./.
In/J August/N ,/, the/D index/N was/V up/P 0.2/N %/N from/I the/D previous/D month/N ,/, and/C was/V up/P 4.5/N %/N on/I a/D _OOV_/N basis/N ./.
The/J wholesale/N price/N index/N ,/, based/V on/I 1963/N as/I 100/N ,/, was/V _OOV_/N in/I September/N ./.
American/J Express/N Co./N posted/V a/D 21/N %/N increase/N in/I third/J quarter/N net/N income/N despite/V a/D sharp/J rise/N in/I reserves/N for/I Third/N World/N loans/N at/I its/P banking/N unit/N ./.
Aided/C by/I a/D sharp/J gain/N in/I its/P travel/N business/N ,/, American/N Express/N said/V net/N rose/V to/T $/P _OOV_/N million/C ,/, or/V 77/N cents/N a/D share/N ,/, from/I $/P _OOV_/N million/C ,/, or/V 64/N cents/N a/D share/N ./.
The/J year-earlier/N figures/N included/V $/P _OOV_/N million/C ,/, or/V three/N cents/N a/D share/N ,/, in/I income/N from/I discontinued/N operations/N ./.
Income/C from/I continuing/J operations/N was/V up/P 26/N %/N ./.
Revenue/C rose/V 24/N %/N to/T $/P 6.5/N billion/N from/I $/P _OOV_/N billion/N ./.
The/J travel/N ,/, investment/N services/N ,/, insurance/N and/C banking/N concern/N added/V $/P 110/N million/C to/T reserves/N for/I credit/N losses/N at/I its/P American/N Express/N Bank/N unit/N ,/, _OOV_/N the/D reserve/N to/T $/P _OOV_/N million/C as/I of/I Sept./N 30/N ./.
The/J bank/N 's/P Third/N World/N debt/N portfolio/N _OOV_/N $/N _OOV_/N million/C ,/, down/I from/I $/P 2.2/N billion/N at/I the/D end/N of/I 1986/N ./.
The/J bank/N charged/V off/I $/N 53/N million/C in/I loans/N during/I the/D quarter/N ./.
At/C the/D American/N Express/N Travel/N _OOV_/N Services/N Co./N unit/N ,/, net/N rose/V 17/N %/N to/T a/D record/N $/N _OOV_/N million/C on/I a/D 19/N %/N revenue/N increase/N ./.
The/J figures/N exclude/V businesses/N now/V organized/V as/I American/N Express/N Information/N Services/N Co/N ./.
American/J Express/N card/N charge/N volume/N rose/V 12/N %/N ./.
Travel/J sales/N rose/V 11/N %/N ,/, led/V by/I gains/N in/I the/D U.S/N ./.
At/J _OOV_/N Financial/N Services/N ,/, the/D financial/J planning/N and/C mutual/D fund/N unit/N ,/, net/N rose/V 19/N %/N to/T a/D record/N $/N _OOV_/N million/C on/I a/D 33/N %/N revenue/N gain/N ./.
_OOV_/J owned/V or/C managed/V rose/V 20/N %/N to/T $/P 45/N billion/N ,/, and/C mutual/D fund/N sales/N rose/V 45/N %/N in/I the/D quarter/N to/T $/P _OOV_/N million/C ./.
American/J Express/N Bank/N earnings/N fell/V 50/N %/N to/T $/P _OOV_/N million/C from/I $/P _OOV_/N million/C despite/V a/D 29/N %/N revenue/N gain/N ./.
The/J results/N include/V $/N 106/N million/C of/I tax/N benefits/N associated/V with/I previous/D years/N '/P Third/N World/N loan/N activity/N ,/, compared/V with/I $/N 15/N million/C a/D year/N earlier/I ./.
Profit/C rose/V 38/N %/N at/I American/N Express/N Information/N Services/N to/T $/P _OOV_/N million/C ./.
Shearson/J Lehman/N Hutton/N Holdings/N Inc./N ,/, as/I previously/J reported/V ,/, had/V net/N of/I $/N _OOV_/N million/C ,/, _OOV_/N a/D $/N 3.5/N million/C loss/N a/D year/N earlier/I ;/, its/P latest/J results/N include/V a/D $/N 37/N million/C gain/N from/I the/D sale/N of/I an/D institutional/N money/N management/N business/N ./.
American/J Express/N 's/P share/N of/I Shearson/N 's/P earnings/N was/V $/N 41/N million/C ,/, after/I preferred/V stock/N dividends/N ;/, it/P owns/V about/I 68/N %/N of/I Shearson/N 's/P common/J ./.
For/C the/D nine/N months/N ,/, American/N Express/N said/V net/N rose/V 11/N %/N to/T $/P _OOV_/N million/C ,/, or/V $/N _OOV_/N a/D share/N ,/, from/I $/P _OOV_/N million/C ,/, or/V $/N _OOV_/N a/D share/N ./.
Revenue/C rose/V 24/N %/N to/T $/P _OOV_/N billion/N from/I $/P _OOV_/N billion/N ./.
_OOV_/J Inc./N ,/, hampered/N by/I a/D slowdown/N in/I its/P defense/N sales/N ,/, reported/V an/D 8/N %/N decline/N in/I per-share/N earnings/N on/I nearly/C flat/N revenue/N for/I its/P third/J quarter/N ./.
The/J aerospace/N and/C financial/J services/N concern/N said/V net/N income/N fell/V 5/N %/N to/T $/P _OOV_/N million/C from/I $/P 62.8/N million/C ./.
Revenue/C of/I $/N _OOV_/N billion/N was/V almost/J unchanged/N from/I last/D year/N 's/. $/N _OOV_/N billion/N ./.
Per-share/J net/N of/I 66/N cents/N ,/, down/I from/I 72/N cents/N ,/, fell/V by/I more/J than/I overall/J net/N because/V of/I more/J shares/N outstanding/N ./.
The/J company/N said/V that/D improved/J results/N in/I its/P financial-services/N sector/N were/V _OOV_/N by/I increased/N costs/N in/I its/J government/N contract/N business/N ,/, lower/I operating/N earnings/N in/I its/P _OOV_/N sector/N and/C soft/N automotive/N markets/N ./.
Net/N was/V aided/N by/I a/D lower/J income/N tax/N rate/N ./.
Profit/C before/I taxes/N fell/V 17/N %/N to/T $/P _OOV_/N million/C from/I $/P _OOV_/N million/C ./.
For/C the/D nine/N months/N ,/, _OOV_/N reported/V net/N of/I $/N _OOV_/N million/C ,/, or/V $/N 2.06/N a/D share/N ,/, on/I revenue/N of/I $/N _OOV_/N billion/N ./.
A/J year/N ago/V ,/, net/N was/V $/N _OOV_/N million/C ,/, or/V $/N _OOV_/N a/D share/N ,/, on/I revenue/N of/I $/N 5.3/N billion/N ./.
The/J _OOV_/N results/N included/V a/D $/N 9.5/N million/C special/I charge/N in/I 1989/N for/I an/D _OOV_/N settlement/N related/V to/T past/J export/N sales/N ,/, and/C $/N _OOV_/N million/C in/I extraordinary/J charges/N in/I 1988/N related/V to/T a/D former/J line/N of/I business/N and/C early/D redemption/N of/I debt/N ./.
_OOV_/N said/V that/D _OOV_/N '/P results/N do/V n't/P include/V earnings/N of/I _OOV_/N PLC/N ,/, a/D British/N maker/N of/I industrial/N _OOV_/N ,/, but/R do/V include/V interest/N costs/N of/I $/N _OOV_/N million/C on/I borrowings/N related/V to/V the/D proposed/V purchase/N of/I _OOV_/N ./.
A/C federal/N judge/N has/I issued/V a/D preliminary/N _OOV_/N against/I the/D purchase/N because/I of/I Federal/N Trade/N Commission/N concerns/N that/I the/D transaction/N would/V reduce/V competition/N in/I the/D production/N of/I two/N kinds/N of/I _OOV_/N ./.
For/C the/D quarter/N ,/, _OOV_/N said/V aerospace/N revenue/N ,/, including/V _OOV_/N _OOV_/N and/C _OOV_/N _OOV_/N ,/, declined/N _OOV_/N %/N to/T $/P _OOV_/N million/C from/I $/P _OOV_/N million/C ,/, an/D indication/N of/I slowing/N government/N defense/N work/N ./.
As/C the/D _OOV_/N brothers/N '/, personal/J bankruptcy/N cases/N _OOV_/N into/I their/P second/D year/N ,/, _OOV_/N S.A./N has/V proposed/V a/D deal/N to/T settle/V its/P huge/J claim/N against/I the/D troubled/J Texas/N oil/N men/N ./.
But/C the/D plan/N only/I threatens/N to/T _OOV_/N the/D tension/N and/I confusion/N already/V surrounding/D the/D cases/N that/I were/V filed/N in/I September/N 1988/N ./.
The/J _OOV_/N _OOV_/N concern/N 's/P $/P _OOV_/N million/C claim/V stems/V from/I 1988/N jury/N award/N in/I a/D case/N stemming/N from/I the/D brothers/N '/, alleged/N attempts/N to/T corner/V the/D _OOV_/N silver/N market/N ./.
_OOV_/N now/R says/V it/P is/V willing/R to/T settle/V for/I up/R to/T $/P _OOV_/N million/C from/I each/D brother/N ,/, although/V the/D actual/D amount/N would/V probably/R be/V much/R less/J ./.
Although/C the/D proposal/N must/P be/V approved/V by/I federal/N Judge/N Harold/N C./N _OOV_/N ,/, W./N Herbert/N _OOV_/N has/V agreed/V to/T the/D _OOV_/N _OOV_/N concern/N 's/P proposal/N ./.
Nelson/J _OOV_/N _OOV_/N is/V considering/V it/P ,/, although/V his/P attorney/N says/V he/P wo/V n't/P do/V it/P if/I the/D proposal/N _OOV_/N a/D _OOV_/N settlement/N he/P has/V reached/V with/I the/D Internal/N Revenue/N Service/N ,/, which/D claims/N the/D brothers/N owe/V $/N 1/N billion/N in/I back/R taxes/N and/C is/V by/I far/R the/D biggest/J creditor/N in/I both/J cases/N ./.
The/J _OOV_/N agreement/N between/I the/D _OOV_/N and/C Nelson/N _OOV_/N _OOV_/N is/V awaiting/V U.S./N Justice/N Department/N approval/N ./.
Under/C it/P ,/, the/D former/J _OOV_/N 's/P assets/N would/P be/V liquidated/N with/I the/D _OOV_/N getting/V 80/N %/N of/I the/D proceeds/N and/C the/D rest/N being/V divided/V among/V other/J creditors/N ,/, including/V _OOV_/N and/C Manufacturers/N _OOV_/N Trust/N Co./N ,/, which/D is/V seeking/N _OOV_/N of/I a/D $/N 36/N million/J loan/N ./.
A/J _OOV_/N proposal/N has/V been/V made/V in/I the/D W./N Herbert/N _OOV_/N case/N although/V he/P and/I the/D _OOV_/N are/V at/I odds/N over/I the/D size/N of/I the/D _OOV_/N debt/N he/P would/P have/V to/T pay/V to/T the/D government/N from/I future/J earnings/N ./.
In/C both/I cases/N ,/, _OOV_/N and/C Manufacturers/N _OOV_/N have/V been/V fighting/N ferociously/N over/I their/P shares/N of/I the/D pie/N ./.
With/J support/N from/I the/D _OOV_/N ,/, Manufacturers/N _OOV_/N has/V filed/N suit/N asking/V Judge/N _OOV_/N to/T _OOV_/N _OOV_/N 's/P claim/V to/T those/N of/I _OOV_/N _OOV_/N and/C the/D _OOV_/N ./.
_OOV_/C has/V threatened/N a/D ``/N volcano/N ''/N of/I litigation/N if/I the/D Manufacturers/N _OOV_/N Corp./N unit/N attempts/N to/T force/N such/V a/D plan/N through/I the/D court/N ./.
_OOV_/N said/V it/P would/V n't/P pursue/V such/J litigation/N if/I its/P settlement/N plan/N in/I the/D W./N Herbert/N _OOV_/N case/N is/V approved/V by/I Judge/N _OOV_/N ,/, who/P will/P consider/V the/D proposal/N at/I a/D hearing/V next/D week/N ./.
_OOV_/J attorney/N Thomas/N _OOV_/N _OOV_/N the/D plan/N as/I one/J step/N toward/I an/D overall/J settlement/N of/I the/D W./N Herbert/N _OOV_/N case/N but/R Hugh/N Ray/N ,/, attorney/N for/I Manufacturers/N _OOV_/N ,/, called/V it/P ``/N silly/I ''/N and/C said/V he/P would/P fight/N it/P in/I court/N ./.
``/C The/N thing/N is/V so/R fluid/N right/N now/R that/D there/V 's/P really/R no/D way/N to/T say/V what/P will/P happen/V ,/. ''/N says/V Justice/N Department/N attorney/N _OOV_/N _OOV_/N III/N ,/, who/P represents/V the/D _OOV_/N in/I the/D case/N ./.
``/J Developments/N like/I this/D are/V hard/R to/T predict/N ./.
_OOV_/J One/N Corp./N said/V it/P agreed/V in/I principle/N to/T buy/V five/N branch/N offices/N from/I _OOV_/N Inc./N ,/, Toledo/N ,/, Ohio/N ,/, following/I the/D planned/V merger/N of/I _OOV_/N into/I _OOV_/N Corp./N ,/, Cleveland/N ./.
The/J five/N offices/N in/I Erie/N and/C _OOV_/N _OOV_/N in/I northern/N Ohio/N have/V total/J assets/N of/I about/I $/N 88/N million/C ,/, _OOV_/N One/N said/V ./.
The/J purchase/N price/N will/P be/V established/V after/I _OOV_/N One/N has/V an/D opportunity/N to/T study/N the/D quality/N of/I the/D assets/N ,/, _OOV_/N One/N said/V ./.
_OOV_/J Corp./N already/V has/V branches/N in/I the/D area/N ,/, and/C selling/V the/D _OOV_/N offices/N could/P avoid/V a/D problem/N with/I regulators/N over/I excessive/N concentration/N of/I banking/N in/I the/D two/N _OOV_/N after/I the/D merger/N of/I _OOV_/N into/I _OOV_/N ,/, according/V to/T industry/N sources/N ./.
The/J merger/N is/V scheduled/V to/T take/V place/N in/I the/D 1990/N first/D quarter/N ./.
_OOV_/J fears/N and/C relatively/V more/R attractive/J interest/N rates/N pushed/V _OOV_/N mutual/J fund/N assets/N up/I $/N _OOV_/N billion/N in/I the/D latest/J week/N ,/, the/D _OOV_/N increase/N in/I almost/J two/J years/N ./.
The/J _OOV_/N funds/N tracked/N by/I the/D Investment/N Company/N Institute/N ,/, a/D _OOV_/N trade/N group/N ,/, rose/V to/T $/P _OOV_/N billion/N ,/, a/D record/N ./.
The/C $/N _OOV_/N billion/N increase/N was/V the/D _OOV_/N weekly/N inflow/N since/V January/N 1988/N ./.
The/J increase/N was/V spread/V fairly/N _OOV_/N among/I all/D three/N types/N of/I funds/N ./.
Individual/J investors/N ,/, represented/V in/I the/D _OOV_/N and/I broker-dealer/N fund/N categories/N ,/, pulled/V money/N from/I the/D stock/N market/N after/I its/P big/J drop/V last/D Friday/N and/C put/V the/D money/N into/I funds/N ,/, said/V _OOV_/N _OOV_/N ,/, vice/N president/N and/C chief/N economist/N of/I the/D Institute/N ./.
``/J _OOV_/N investors/N ,/, on/I the/D other/J hand/N ,/, reacted/V to/T the/D steep/N decline/N in/I yields/N on/I direct/J _OOV_/N instruments/N following/I the/D _OOV_/N decline/N last/D Friday/N ,/, ''/J Mr./N _OOV_/N said/V ./.
Yields/C on/I money/N funds/N dropped/V in/I the/D week/N ended/V Tuesday/N ,/, according/V to/T _OOV_/N 's/P Money/N Fund/N Report/N ,/, a/D _OOV_/N ,/, Mass./N ,/, newsletter/N ./.
The/C average/N _OOV_/N compounded/N yield/N fell/V to/T _OOV_/N %/N from/I 8.60/N %/N the/D week/N earlier/R ,/, _OOV_/N 's/P said/V ./.
At/C the/D auction/N of/I six-month/N U.S./N Treasury/N bills/N on/I Monday/N ,/, the/D average/J yield/N fell/V to/T _OOV_/N %/N from/I _OOV_/N %/N ./.
_OOV_/N ,/, certificates/N of/I deposit/N on/I average/J posted/V lower/J yields/N in/I the/D week/N ended/V Tuesday/N ./.
The/J _OOV_/N _OOV_/N money/N funds/N rose/V $/P _OOV_/N billion/C to/T $/P _OOV_/N billion/N ./.
The/J _OOV_/N _OOV_/N funds/N increased/V $/N _OOV_/N billion/C to/T $/P _OOV_/N billion/N ,/, while/I 96/N broker-dealer/N funds/N increased/V $/N 1.3/N billion/C to/T $/P _OOV_/N billion/N ./.
_OOV_/J lending/N for/I real/J estate/N and/C property/N development/N was/V the/D source/N of/I Bank/N _OOV_/N Malaysia/N _OOV_/N 's/P most/V recent/J _OOV_/N of/I financial/J troubles/N ,/, the/D institution/N 's/P executive/N chairman/N ,/, _OOV_/N _OOV_/N _OOV_/N ,/, said/V ./.
_OOV_/C to/T reporters/N this/D week/N after/I Bank/N _OOV_/N 's/P shareholders/N approved/V a/D rescue/N plan/N ,/, _OOV_/N _OOV_/N _OOV_/N said/V heavy/J lending/N to/T the/D property/N sector/N _OOV_/N the/D bank/N when/I property/N prices/N in/I Malaysia/N plummeted/N in/I _OOV_/N ./.
He/N said/V the/D bank/N could/P n't/P wait/V any/R longer/J for/I prices/N to/T recover/V and/C for/I _OOV_/N to/T service/N their/P loans/N ./.
So/C the/D bank/N 's/P board/N decided/V to/T make/V 1.23/N billion/N _OOV_/N dollars/N -LRB-/N US$/N _OOV_/N million/C -RRB-/N in/I provisions/N for/I interest/N payments/N from/I loans/N previously/I recorded/V as/I revenue/N but/V never/R actually/R received/V by/I the/D bank/N ,/, and/C to/T submit/V a/D bailout/N package/N to/T _OOV_/N the/D bank/N 's/P _OOV_/N capital/N ./.
The/J _OOV_/N ,/, he/P added/V ,/, was/V similar/I to/T the/D Hong/N Kong/N _OOV_/N _OOV_/N collapse/N ,/, which/P exposed/V the/D involvement/N of/I Bank/N _OOV_/N 's/P former/J subsidiary/N in/I the/D colony/N in/I the/D largest/J banking/N scandal/N in/I Malaysia/N 's/P history/N ./.
The/J subsidiary/N ,/, _OOV_/N Malaysia/N Finance/N Ltd./N ,/, was/V left/V with/I _OOV_/N _OOV_/N billion/N in/I bad/J loans/N made/V to/T Hong/N Kong/N property/N speculators/N ./.
Both/J episodes/N wiped/N out/I Bank/N _OOV_/N 's/P shareholders/N '/P funds/N ./.
Each/J time/N ,/, the/D bank/N 's/P 90/N %/N shareholder/N --/, _OOV_/N _OOV_/N _OOV_/N ,/, or/J _OOV_/N ,/, the/D national/J oil/N company/N --/, has/V been/V called/V upon/V to/T rescue/N the/D institution/N ./.
In/J five/N years/N ,/, _OOV_/N ,/, which/P became/V the/D dominant/N shareholder/N in/I a/D 1984/N rescue/N exercise/N ,/, has/V spent/V about/I _OOV_/N 3.5/N billion/C to/T _OOV_/N up/I the/D troubled/J bank/N ./.
_OOV_/J _OOV_/N _OOV_/N said/V the/D capital/N restructuring/N plan/N has/V been/V approved/V by/I Malaysia/N 's/P Capital/N _OOV_/N Committee/N and/C central/J bank/N ./.
Malaysia/N 's/P _OOV_/N Court/N is/V expected/V to/T approve/V the/D plan/N ./.
Once/C the/D plan/N is/V approved/V ,/, _OOV_/N _OOV_/N _OOV_/N said/V ,/, most/V of/I Bank/N _OOV_/N 's/P _OOV_/N loans/N will/P have/V been/V fully/R provided/V for/I and/C the/D bank/N will/P be/V on/I track/N to/T report/V a/D pretax/N profit/N of/I between/J _OOV_/N 160/N million/C and/C _OOV_/N 170/N million/C for/I the/D fiscal/N year/N ending/N March/N 31/N ./.
For/C the/D previous/D financial/N year/N ,/, the/D bank/N would/P have/V reported/V a/D pretax/N profit/N of/I _OOV_/N _OOV_/N million/C if/I it/P had/V n't/P made/V provisions/N for/I the/D _OOV_/N loans/N ,/, he/P said/V ./.
Malaysia/N 's/P Banking/N _OOV_/N Act/N prohibited/V the/D bank/N from/I identifying/N _OOV_/N _OOV_/N ,/, said/V _OOV_/N _OOV_/N _OOV_/N ./.
But/C public/N documents/N indicate/V 10/N %/N or/N more/J of/I the/D bank/N 's/P provisions/N were/V made/V for/I _OOV_/N interest/N on/I a/D _OOV_/N 200/N million/J loan/N to/T Malaysia/N 's/P dominant/N political/J party/N ,/, the/D United/N _OOV_/N National/N Organization/N ,/, to/T build/V its/P convention/N and/C headquarters/N complex/N in/I _OOV_/N _OOV_/N ./.
The/J loan/N to/T _OOV_/N was/V made/V in/I September/N 1983/N ./.
``/J We/N _OOV_/N a/D lot/R of/I money/N all/I over/I the/D place/N ,/. ''/N said/V _OOV_/N _OOV_/N _OOV_/N ,/, who/R refused/V to/T discuss/V the/D bank/N 's/P outstanding/J loans/N to/T
As/C well/N as/I the/D _OOV_/N 1.23/N billion/N in/I provisions/N announced/V on/I Oct./N 6/N ,/, the/D restructuring/N package/N covers/V an/D additional/J _OOV_/N _OOV_/N million/C in/I provisions/N made/V in/I earlier/J years/N but/V never/R reflected/N in/I a/D reduction/N of/I the/D bank/N 's/P _OOV_/N capital/N ./.
At/C the/D end/N of/I the/D exercise/N ,/, the/D cash/N _OOV_/N from/I _OOV_/N will/P increase/N the/D bank/N 's/P _OOV_/N capital/N to/T _OOV_/N 1.15/N billion/N after/I virtually/V being/V wiped/N out/I by/I the/D new/J provisions/N ./.
_OOV_/J _OOV_/N might/P have/V stepped/N from/I a/D recruiting/N poster/V for/I young/J Republicans/N ./.
White/N ,/, 24/N years/N old/R ,/, a/D singer/N in/I her/P church/N choir/N ,/, she/P _OOV_/N a/D generation/N that/I gave/V its/P heart/N and/C its/P vote/N to/T Ronald/N Reagan/N ./.
``/J I/N felt/V kind/N of/I safe/N ,/, ''/R she/P says/V ./.
No/C longer/J ./.
When/C the/D Supreme/N Court/N opened/V the/D door/N this/D year/N to/T new/J restrictions/N on/I _OOV_/N ,/, Ms./N _OOV_/N opened/V her/P mind/N to/T Democratic/N politics/N ./.
Then/C a/D political/J _OOV_/N ,/, she/P stepped/N into/I a/D _OOV_/N of/I ``/N _OOV_/N ''/N _OOV_/N ,/, house/N parties/N and/C _OOV_/N ./.
Now/C she/P leads/V a/D _OOV_/N _OOV_/N campaign/N in/I _OOV_/N County/N for/I _OOV_/N Democratic/N _OOV_/N candidate/N James/N _OOV_/N ./.
``/J This/N is/V one/N where/D I/N cross/N party/N lines/N ,/, ''/R she/P says/V ,/, rejecting/N the/D _OOV_/N stance/N of/I Rep./N _OOV_/N 's/P opponent/N ,/, _OOV_/N Rep./N James/N _OOV_/N ./.
``/J People/N my/, age/N thought/V it/P was/V n't/P going/V to/T be/V an/D issue/N ./.
Now/C it/P has/V --/N especially/N for/I people/N my/, age/N ./, ''/N
_OOV_/C bear/N out/I this/D warning/N ,/, but/R after/I a/D decade/N of/I increased/V Republican/N influence/N here/N ,/, the/D new/J politics/N of/I _OOV_/N have/V contributed/N to/T a/D world/N turned/V upside/N down/I for/I Mr./N _OOV_/N ./.
Unless/C he/P closes/V the/D gap/N ,/, Republicans/N risk/N losing/V not/R only/D the/D _OOV_/N but/V also/R the/D assembly/N next/D month/N ./.
Going/C into/I the/D 1990s/N ,/, the/D _OOV_/N is/V paying/V a/D price/N for/I the/D same/D conservative/N social/J agenda/N that/I it/P used/V to/T _OOV_/N Democrats/N in/I the/D past/N ./.
This/C change/V comes/V less/J from/I a/D shift/N in/I public/J opinion/N ,/, which/P has/V n't/P changed/V much/R on/I _OOV_/N over/I the/D past/J decade/N ,/, than/V in/I the/D boundaries/N of/I the/D debate/N ./.
New/J Jersey/N 's/P own/V highest/J court/N remains/V a/D liberal/J _OOV_/N against/I major/J restrictions/N on/I _OOV_/N ,/, but/R the/D U.S./N Supreme/N Court/N ruling/N ,/, Webster/N vs./N Missouri/N ,/, has/V engaged/V voters/N across/I the/D nation/N who/P had/V been/V insulated/N from/I the/D issue/N ./.
Before/J July/N ,/, _OOV_/N voters/N could/P safely/P make/V political/J decisions/N without/I focusing/N narrowly/N on/I _OOV_/N ./.
Now/N ,/, the/D threat/N of/I further/J restrictions/N adds/N a/D new/J dimension/N ,/, bringing/V an/D _OOV_/N in/I political/J activity/N by/I _OOV_/N forces/N ./.
A/C recent/I _OOV_/N rally/N in/I _OOV_/N _OOV_/N thousands/N ,/, and/C in/I a/D major/J reversal/N ,/, Congress/N is/V _OOV_/N a/D presidential/N veto/N and/C demanding/V that/D _OOV_/N _OOV_/N be/V permitted/N in/I cases/N of/I rape/N and/C incest/N ./.
``/J If/N Webster/N had/V n't/P happened/V ,/, you/R would/V n't/P be/V here/R ,/, ''/J _OOV_/N _OOV_/N tells/V a/D reporter/N in/I the/D _OOV_/N office/N of/I the/D National/N Organization/N for/I _OOV_/N ./.
``/J We/N could/P have/V _OOV_/N from/I the/D _OOV_/N about/I _OOV_/N and/C no/I one/I would/P have/V heard/V us/N ./. ''/N
New/J Jersey/N is/V a/D proving/V ground/N for/I this/D aggressive/N _OOV_/N movement/N this/D year/N ./.
The/J infusion/N of/I _OOV_/N can/P bring/V a/D clash/N of/I _OOV_/N ./.
In/J _OOV_/N Hill/N ,/, the/D National/N _OOV_/N _OOV_/N _OOV_/N League/N ,/, whose/D goal/N is/V to/T sign/V up/P 50,000/N _OOV_/N voters/N ,/, _OOV_/N a/D union/N breakfast/N to/T build/V labor/N support/N for/I its/P cause/V ./.
The/J league/N _OOV_/N seem/V more/R a/D fit/N with/I a/D convention/N next/D door/N of/I young/J _OOV_/N _OOV_/N in/I _OOV_/N than/I the/D _OOV_/N union/N leaders/N ;/, ``/N I/N wish/N I/N could/P go/V work/N out/I ,/. ''/N says/V a/D slim/J activist/N ./.
A/C labor/N chief/N speaks/V _OOV_/N of/I having/I to/T ``/N man/N and/C woman/N ''/N Election/N _OOV_/N phones/N ./.
No/J age/N group/N is/V more/R sensitive/V than/V younger/J voters/N ,/, like/D Ms./N _OOV_/N ./.
A/J year/N ago/V this/D fall/N ,/, New/N Jersey/N voters/N under/I 30/N favored/N George/N Bush/N by/I 56/N %/N to/T 39/N %/N over/I Michael/N _OOV_/N ,/, according/V to/T a/D survey/N then/I by/I _OOV_/N University/N 's/P _OOV_/N Institute/N ./.
A/J matching/N _OOV_/N _OOV_/N _OOV_/N poll/N last/J month/N showed/V a/D complete/N reversal/N ./.
_OOV_/N in/I the/D same/D age/N group/N backed/N Democrat/N _OOV_/N 55/N %/N to/T 29/N %/N over/I Republican/N _OOV_/N ./.
_OOV_/C alone/I ca/P n't/P explain/V this/D shift/N ,/, but/R New/N Jersey/N is/V a/D model/N of/I how/P so/R personal/I an/D issue/N can/P become/V a/D _OOV_/N of/I sorts/N in/I judging/N a/D candidate/N ./.
By/C a/D _OOV_/N ratio/N ,/, voters/N appear/V more/R at/I ease/N with/I Mr./N _OOV_/N 's/P stance/N on/I _OOV_/N ,/, and/C polls/N indicate/V his/R lead/V widens/N when/I the/D candidates/N are/V specifically/D linked/V to/T the/D issue/N ./.
``/J The/N times/N are/V my/J times/N ,/. ''/N says/V Mr./N _OOV_/N ./.
The/J _OOV_/N County/N _OOV_/N still/V carries/V himself/P with/I a/D trademark/N ``/N _OOV_/N ''/N _OOV_/N ,/, but/R at/I a/D pause/N in/I _OOV_/N 's/P Columbus/N _OOV_/N _OOV_/N recently/R ,/, he/P was/V dancing/N with/I his/P wife/N in/I the/D middle/N of/I the/D avenue/N in/I the/D city/N 's/V old/J _OOV_/N _OOV_/N ./.
After/J losing/V by/I fewer/J than/I 1,800/N votes/N in/I the/D 1981/N governor/N 's/P race/N ,/, he/P has/V prepared/V himself/P _OOV_/N for/I this/D moment/N ,/, including/V deciding/N in/I recent/J years/N he/P could/R no/R longer/J support/N _OOV_/N on/I federal/N funding/N for/I _OOV_/N _OOV_/N ./.
``/J If/N you/N 're/V going/V to/T be/V consistent/V and/C say/V it/P is/V a/D _OOV_/N protected/N right/N ,/, ''/R he/P asks/V ,/, ``/N how/P are/V you/P going/V to/T say/V an/D upscale/N woman/N who/I can/P drive/N to/T the/D hospital/N or/N _OOV_/N in/I a/D nice/P car/N has/V a/D _OOV_/N right/N and/I someone/P who/R is/V not/R in/I great/D shape/N financially/V does/R not/J ?/, ''/N
Mr./J _OOV_/N ,/, by/I comparison/N ,/, seems/V a/D shadow/N of/I the/D confident/N _OOV_/N who/P defended/N Oliver/N North/N before/I national/J cameras/N at/I Iran-Contra/N hearings/N two/N years/N ago/R ./.
_OOV_/C back/I ,/, he/P says/V he/P _OOV_/N by/I stating/V his/P ``/N personal/N ''/N opposition/N to/T _OOV_/N instead/V of/I _OOV_/N voters/N that/I he/P would/V n't/P _OOV_/N his/P views/N on/I ``/N policy/N ''/N as/I governor/N ./.
It/C is/V a/D distinction/N that/I _OOV_/N neither/D side/N in/I the/D debate/N ./.
``/J He/N does/V n't/P know/V himself/P ,/, ''/J _OOV_/N _OOV_/N of/I the/D _OOV_/N _OOV_/N League/N says/V of/I Mr./N _OOV_/N 's/P position/N ./.
Even/J _OOV_/N _OOV_/N ,/, however/V angry/V with/I Mr./N _OOV_/N ,/, ca/P n't/P hide/V their/P frustration/N with/I the/D Republican/N 's/P _OOV_/N ./.
``/J He/N does/V n't/P want/V to/T lead/V the/D people/N ,/. ''/N says/V Richard/N _OOV_/N ,/, president/N of/I New/N Jersey/N Right/N to/T Life/N ./.
Moreover/N ,/, by/I stepping/N outside/I the/D state/N 's/P _OOV_/N tradition/N ,/, Mr./N _OOV_/N _OOV_/N fears/N that/I he/P is/V too/V conservative/N as/I well/R on/I more/J pressing/N concerns/N such/J as/I auto/N insurance/N rates/N and/C the/D environment/N ./.
He/N hurt/V himself/P further/I this/D summer/N by/I bringing/V _OOV_/N issues/N into/I the/D debate/N ;/, and/C by/I _OOV_/N on/I this/D issue/N and/C _OOV_/N ,/, he/P has/V weakened/N his/P credibility/N in/I what/P is/V already/V a/D _OOV_/N campaign/N on/I both/D sides/N ./.
_OOV_/C to/T Congress/N in/I 1978/N ,/, the/D _OOV_/N Mr./N _OOV_/N is/V part/N of/I a/D generation/N of/I young/J _OOV_/N who/P were/V once/R very/V much/R in/I the/D lead/V of/I the/D _OOV_/N shift/N under/I Mr./N Reagan/N ./.
Like/C many/I of/I his/P colleagues/N ,/, he/P did/V n't/P serve/V in/I Vietnam/N in/I the/D 1960s/N yet/R embraced/N a/D _OOV_/N defense/N and/C foreign/J policy/N --/, even/V voting/N against/I a/D 1984/N resolution/N critical/N of/I the/D U.S./N mining/N of/I _OOV_/N _OOV_/N ./.
Jack/J Kemp/N and/C the/D writers/N _OOV_/N Kristol/N and/C George/N _OOV_/N were/V _OOV_/N ,/, and/C Mr./N _OOV_/N 's/P own/V conservative/N credentials/N proved/V useful/N to/T the/D current/J New/N Jersey/N _OOV_/N governor/N ,/, Thomas/N _OOV_/N ,/, in/I the/D 1981/N Republican/N primary/N here/N ./.
The/C same/I partnership/N is/V now/R crucial/I to/T Mr./N _OOV_/N 's/P _OOV_/N ,/, but/R the/D _OOV_/N issue/N is/V only/D a/D reminder/N of/I the/D gap/N between/I his/P record/N and/C that/I of/I the/D more/J moderate/N ,/, _OOV_/N Gov./N _OOV_/N ./.
While/C the/D _OOV_/N County/N _OOV_/N pursued/N an/D _OOV_/N ,/, _OOV_/N agenda/N in/I Washington/N ,/, Gov./N _OOV_/N was/V _OOV_/N increased/N income/N and/C sales/N taxes/N at/I home/N and/C _OOV_/N a/D near/I _OOV_/N in/I the/D size/N of/I New/N Jersey/N 's/P budget/N in/I his/P eight/N years/N in/I office/N ./.
_OOV_/J forces/N play/N down/I any/D differences/N with/I Mr./N _OOV_/N ,/, but/R this/D history/N makes/V it/P harder/R for/I the/D conservative/N to/T run/V against/I government/N ./.
Mr./J _OOV_/N 's/P free-market/N plan/N to/T bring/V down/I auto/N insurance/N rates/N met/V criticism/N from/I Gov./N _OOV_/N 's/P own/N insurance/N commissioner/N ./.
Mr./J _OOV_/N is/V further/J _OOV_/N by/I a/D record/N of/I votes/N opposed/V to/T government/N regulation/N on/I behalf/N of/I consumers/N ./.
_OOV_/N in/I _OOV_/N from/I his/P days/N in/I the/D _OOV_/N _OOV_/N ,/, Mr./N _OOV_/N actively/N courts/N minority/N voters/N but/V seems/V _OOV_/N over/I his/P head/N ./.
He/C is/V warm/N and/I _OOV_/N before/I a/D Puerto/N _OOV_/N Congress/N in/I _OOV_/N _OOV_/N ./.
Yet/J minutes/N after/I promising/J to/T appoint/V _OOV_/N to/T high/D posts/N in/I state/N government/N ,/, he/P is/V unable/V to/T say/V whether/V he/P has/V ever/P employed/V any/D in/I his/P congressional/N office/N ./.
``/J I/N do/V n't/P think/V we/P do/V now/R ,/, ''/R he/P says/V ./.
``/J I/N think/V we/P did/V ./. ''/N
Asked/C the/D same/D question/N after/I his/P appearance/N ,/, Democrat/N _OOV_/N _OOV_/N a/D staff/N member/N by/I name/N and/C explains/N her/P _OOV_/N today/N ./.
When/C he/P is/V presented/V with/I a/D poster/N celebrating/V the/D organization/N 's/P 20th/N anniversary/N ,/, he/P recognizes/N a/D photograph/N of/I one/N of/I the/D _OOV_/N and/C recalls/N time/N spent/V together/R in/I _OOV_/N ./.
Details/N and/C _OOV_/N are/V essential/J _OOV_/N ./.
_OOV_/C to/T Congress/N as/I a/D ``/N Watergate/N baby/N ''/N in/I 1974/N ,/, he/P ran/V for/I governor/N three/N years/N later/I ./.
In/C the/D opinion/N of/I many/J ,/, he/P has/V n't/P stopped/V running/V since/V ,/, even/V though/V he/P declined/N a/D _OOV_/N with/I Gov./N _OOV_/N in/I 1985/N ./.
His/J base/N in/I South/N Jersey/N and/C on/I the/D House/N Energy/N and/C Commerce/N Committee/N helped/V him/P sustain/N a/D network/N of/I _OOV_/N committees/N to/T preserve/N his/I edge/N ./.
With/N limited/J _OOV_/N for/I television/N in/I a/D high-priced/N market/N ,/, Mr./N _OOV_/N 's/P higher/J recognition/N than/I his/P rival/N is/V a/D major/J advantage/N ./.
More/C than/I ever/R ,/, his/P _OOV_/N and/C _OOV_/N record/N is/V in/I _OOV_/N with/I the/D state/N ./.
Auto/J insurance/N rates/N are/V soaring/N ./.
A/C _OOV_/N fire/N destroyed/V part/N of/I an/D interstate/N highway/N this/D summer/N ./.
In/J _OOV_/N ,/, an/D important/J swing/N area/N ,/, Republican/N _OOV_/N now/R run/V on/I a/D _OOV_/N promising/I to/T keep/V the/D county/N ``/N clean/V and/I green/N ./, ''/J
Mr./J _OOV_/N _OOV_/N this/D _OOV_/N ,/, but/V at/I age/N 52/N ,/, the/D _OOV_/N is/V also/R a/D product/N of/I his/P times/N and/C losses/N ./.
He/J speaks/V for/I the/D death/N penalty/N as/I if/D reading/V from/I _OOV_/N 21/N ;/, to/T increase/N state/N revenue/N he/P focuses/V not/R on/I ``/N taxes/N ''/N but/R on/I ``/N _OOV_/N ''/N to/T cut/V waste/N ./.
_OOV_/J consultants/N match/N ads/N with/I Mr./N _OOV_/N 's/P team/N ,/, and/C Mr./N _OOV_/N _OOV_/N himself/P as/I the/D lean/N ,/, mean/V Democratic/N fighting/N machine/N of/I the/D 1990s/N ./.
_OOV_/C to/T a/D young/J audience/N ,/, he/P _OOV_/N an/D old/J reference/N to/T _OOV_/N and/C _OOV_/N and/C instead/D quotes/V the/D _OOV_/N _OOV_/N ./.
The/J _OOV_/N chosen/V --/P ``/N long/I strange/J night/N ''/N --/, may/P be/V an/D apt/N _OOV_/N to/T television/N spots/N by/I both/J candidates/N intended/V to/T portray/N each/D other/J as/I a/D liar/R ./.
The/J Democratic/N lawmaker/N fits/V a/D pattern/N of/I younger/J _OOV_/N arising/N out/I of/I old/J machines/N ,/, but/V his/P ties/N to/T _OOV_/N remain/V a/D sore/C point/V because/V of/I the/D county/N 's/V past/J _OOV_/N ./.
His/J campaign/N _OOV_/N is/V chosen/V from/I elsewhere/N in/I the/D state/N ,/, and/C faced/V with/I criticism/N of/I a/D _OOV_/N bank/N investment/N ,/, he/P has/V so/R far/R _OOV_/N the/D issue/N by/I donating/N the/D bulk/N of/I his/P profits/N to/T his/R _OOV_/N _OOV_/N ,/, _OOV_/N State/N _OOV_/N ./.
Mr./J _OOV_/N 's/P _OOV_/N on/I the/D _OOV_/N issue/N after/I the/D Webster/N ruling/N _OOV_/N some/D of/I his/R old/J constituency/N ./.
_OOV_/J _OOV_/N ,/, an/D unlikely/R but/J enthusiastic/I pipe/N major/I in/I an/D _OOV_/N County/N Irish/N _OOV_/N band/N ,/, speaks/V sadly/N of/I Mr./N _OOV_/N ./.
``/J I/N am/V a/D _OOV_/N _OOV_/N ,/, ''/R says/V Mr./N _OOV_/N ,/, a/D 40-year-old/N health/N officer/N ./.
``/J I/N ca/P n't/P support/N him/P because/V of/I _OOV_/N ./, ''/N
Bill/J _OOV_/N _OOV_/N ,/, 72/N ,/, is/V _OOV_/N too/N ,/, but/R _OOV_/N by/I Mr./N _OOV_/N 's/P stand/V on/I _OOV_/N ./.
A/C security/N guard/N at/I a/D cargo/N terminal/N ,/, he/P _OOV_/N a/D Sons/N of/I Italy/N jacket/N and/C cap/N celebrating/N ``/N The/N _OOV_/N 1/N _OOV_/N ./, ''/N
``/J I/N still/V think/V the/D woman/J has/V the/D right/V to/T do/V with/I her/P body/N as/I she/P pleases/N ,/, ''/R he/P says/V ./.
``/J If/N you/P want/V more/J opinions/N ask/V my/P wife/N ./.
She/C has/V lots/N of/I opinions/N ./.
Consumer/J prices/N rose/V a/D surprisingly/N moderate/N 0.2/N %/N in/I September/N ,/, pushed/V up/P mostly/R by/I a/D jump/N in/I clothing/N costs/N ,/, the/D Labor/N Department/N reported/V ./.
Energy/J costs/N ,/, which/D drove/N wholesale/N prices/N up/P sharply/N during/I the/D month/N ,/, continued/V to/T decline/N at/I the/D retail/N level/N ,/, pulling/V down/I transportation/N and/C helping/V to/T ease/N housing/N costs/N ./.
The/J report/N was/V the/D brightest/N news/N the/D financial/J markets/N had/V seen/V since/V before/R the/D stock/N market/N plunged/V more/J than/I 190/N points/N last/I Friday/N ./.
The/J Dow/N Jones/N Industrial/N Average/N rallied/N on/I the/D news/N ,/, closing/V _OOV_/N points/N higher/I at/I _OOV_/N ./.
Bond/J prices/N also/J jumped/V as/I traders/N appeared/V to/T read/V the/D data/N as/I a/D sign/V that/D interest/N rates/N may/P fall/V ./.
But/C many/I economists/N were/V not/R nearly/V as/D _OOV_/N ./.
The/J climb/N in/I wholesale/N energy/N prices/N is/V certain/I to/T push/V up/I retail/N energy/N prices/N in/I the/D next/D few/J months/N ,/, they/P warned/V ./.
They/C also/R said/V the/D dollar/N is/V _OOV_/N off/I after/I a/D rise/N this/D summer/N that/I helped/V to/T reduce/V the/D prices/N of/I imported/N goods/N ./.
``/J I/N think/V inflation/N is/V going/V to/T pick/V up/R through/I the/D fall/N ,/, ''/R said/V Joel/N _OOV_/N ,/, a/D specialist/N on/I inflation/N who/P runs/N an/D economic/N consulting/N firm/N here/N ./.
``/J It/N has/V been/V in/I what/P I/N would/P describe/V as/I a/D _OOV_/N for/I the/D past/J several/I months/N ./. ''/N
``/J We/N 've/V had/V _OOV_/N declines/N in/I consumer/N energy/N prices/N in/I each/D of/I the/D past/J three/N months/N ,/, and/C at/I the/D wholesale/N level/N those/P are/V fully/R behind/J us/J now/N ,/, ''/R said/V Jay/N _OOV_/N ,/, chief/N domestic/N economist/N at/I Bankers/N Trust/N Co./N in/I New/N York/N ./.
Because/J wholesale/N energy/N prices/N shot/V up/R by/I a/D steep/N 6.5/N %/N last/J month/N ,/, many/D analysts/N expected/V energy/N prices/N to/T rise/N at/I the/D consumer/N level/N too/N ./.
As/C a/D result/N ,/, many/D economists/N were/V expecting/V the/D consumer/N price/N index/N to/T increase/N significantly/N more/J than/I it/P did/V ./.
But/J retail/N energy/N prices/N declined/N 0.9/N %/N in/I September/N ./.
Though/J analysts/N say/V competition/N will/V probably/R hold/V down/I increases/N in/I retail/N energy/N prices/N ,/, many/D expect/V some/D of/I the/D wholesale/N rise/N to/T be/V passed/V along/I to/T the/D consumer/N before/I the/D end/N of/I the/D year/N ./.
Still/N ,/, some/D analysts/N insisted/N that/I the/D worst/J of/I the/D inflation/N is/V behind/V ./.
``/J It/N increasingly/I appears/V that/D _OOV_/N was/V a/D temporary/N inflation/N _OOV_/N and/C not/R the/D beginning/N of/I a/D cyclical/N inflation/N problem/N ,/, ''/J argued/V Edward/N _OOV_/N ,/, chief/N economist/N at/I Prudential-Bache/N Securities/N Inc./N in/I New/N York/N ./.
In/C both/I 1987/N and/C 1988/N ,/, consumer/N prices/N rose/V _OOV_/N %/N ./.
A/J run-up/N in/I world/N oil/N prices/N last/I winter/N sent/V consumer/N prices/N soaring/N at/I a/D _OOV_/N %/N annual/N rate/N in/I the/D first/D five/N months/N of/I this/D year/N ,/, but/R the/D subsequent/I decline/N in/I energy/N prices/N has/V pulled/V the/D annual/J rate/N back/I down/I to/T _OOV_/N %/N ./.
Mr./J _OOV_/N predicted/V that/D world/N business/N competition/N will/P continue/V to/T _OOV_/N prices/N ./.
``/J The/N bottom/V line/N is/V ,/, it/P seems/V to/T me/R that/D the/D economic/N environment/N has/V become/V very/N ,/, very/V _OOV_/N for/I a/D lot/R of/I businesses/N ,/, ''/R he/P said/V ./.
``/J Back/N in/I _OOV_/N ,/, business/N was/V operating/N at/I fairly/V tight/J capacity/N ,/, so/R businesses/N felt/V they/P could/R raise/V prices/N ./, ''/N
Now/N ,/, he/P said/V ,/, a/D slowdown/N in/I economic/N activity/N has/V _OOV_/N demand/N ./.
The/C mild/N inflation/N figures/N renewed/N investors/N '/P hopes/N that/I the/D Federal/N Reserve/N will/P ease/N its/I interest-rate/N stance/N ./.
The/C steep/N climb/N in/I producer/N prices/N reported/V last/D Friday/N fostered/N _OOV_/N about/I lower/J interest/N rates/N and/C contributed/N to/T the/D stock/N market/N 's/P 6.9/N %/N plunge/N that/D day/N ./.
In/C the/D past/J several/I days/N ,/, however/V ,/, the/D U.S./N 's/P central/J bank/N has/V allowed/V a/D key/N interest/N rate/N to/T fall/V slightly/N to/T try/V to/T stabilize/N the/D markets/N ./.
Analysts/N say/V Fed/N policy/N makers/N have/V been/V wary/N of/I relaxing/V credit/N too/V much/R because/I they/P were/V still/V uncertain/N about/I the/D level/N of/I inflation/N in/I the/D economy/N ./.
Excluding/C the/D volatile/N categories/N of/I energy/N and/C food/N --/, leaving/V what/P some/D economists/N call/V the/D core/N inflation/N rate/N --/, consumer/N prices/N still/V rose/V only/D 0.2/N %/N in/I September/N ./.
Transportation/J costs/N actually/R fell/V 0.5/N %/N ,/, and/C housing/N costs/N gained/V only/D 0.1/N %/N ./.
Apparel/J prices/N _OOV_/N up/I 1.7/N %/N ,/, but/R that/D was/V after/I three/N months/N of/I declines/N ./.
Medical/J costs/N continued/V their/P steep/N _OOV_/N ,/, rising/N _OOV_/N %/N after/I four/N consecutive/N months/N of/I 0.7/N %/N increases/N ./.
Car/J prices/N ,/, another/D area/N that/I contributed/N to/T the/D steep/N rise/N in/I the/D wholesale/N index/N last/J month/N ,/, still/V showed/V declines/N at/I the/D consumer/N level/N ./.
They/J dropped/V _OOV_/N %/N as/I dealers/N continued/V to/T offer/V _OOV_/N to/T attract/N customers/N ./.
Food/J prices/N rose/V 0.2/N %/N for/I the/D second/D month/N in/I a/D row/N ,/, far/R slower/N than/I the/D monthly/N rises/N earlier/I in/I the/D year/N ./.
Separately/N ,/, the/D Labor/N Department/N reported/V that/D average/N weekly/N earnings/N rose/V 0.3/N %/N in/I September/N ,/, after/I _OOV_/N for/I inflation/N ,/, following/I a/D 0.7/N %/N decline/N in/I August/N ./.
All/C the/D numbers/N are/V adjusted/N for/I seasonal/N fluctuations/N ./.
Here/N are/V the/D seasonally/N adjusted/N changes/N in/I the/D components/N of/I the/D Labor/N Department/N 's/P consumer/N price/N index/N for/I September/N ./.
After/N watching/V interest/N in/I the/D sport/N _OOV_/N for/I years/N ,/, the/D ski/J industry/N is/V trying/P to/T give/V itself/D a/D lift/N ./.
_OOV_/C the/D country/N ,/, resorts/N are/V using/V everything/N from/I fireworks/N to/T _OOV_/N _OOV_/N to/T attract/N new/J customers/N ./.
Some/N have/V built/V health/N _OOV_/N ,/, business/N centers/N and/C shopping/N _OOV_/N so/R visitors/N have/V more/R to/T do/V than/I ski/N ./.
And/C this/D week/N ,/, the/D industry/N 's/P efforts/N will/P go/V national/N for/I the/D first/D time/N when/I it/P _OOV_/N a/D $/N 7/N million/C advertising/N campaign/N ./.
Such/J efforts/N --/, unheard/N of/I only/D a/D few/J years/N ago/V --/N are/V the/D latest/J attempts/N to/T _OOV_/N the/D sagging/N $/N 1.76/N billion/N U.S./N ski/J industry/N ./.
Since/C the/D start/V of/I the/D decade/N ,/, _OOV_/N sales/N have/V grown/V only/D 3/N %/N a/D year/N on/I average/N ,/, compared/V with/I 16/N %/N annual/N growth/N rates/N in/I the/D _OOV_/N and/C _OOV_/N ./.
Last/J season/N ,/, _OOV_/N sales/N fell/V for/I the/D first/D time/N in/I seven/N years/N ./.
By/C some/D estimates/N ,/, nearly/I a/D fourth/J of/I all/D U.S./N ski/N areas/N have/V been/V forced/V to/T shut/V down/I since/V the/D early/J _OOV_/N ./.
Competition/N and/C mounting/N insurance/N and/C equipment/N costs/N have/V been/V the/D _OOV_/N of/I many/J resorts/N ./.
But/C another/D big/J problem/N has/V been/V the/D aging/N of/I baby/N boomers/N ./.
_OOV_/N ,/, after/I all/C ,/, has/V mainly/R been/V for/I the/D young/N and/C _OOV_/N and/C many/I baby/N boomers/N have/V _OOV_/N skiing/N or/N have/V too/R many/D family/N responsibilities/N to/T stick/N with/I the/D sport/N ./.
In/C its/P new/J ad/J campaign/N ,/, created/V by/I _OOV_/N _OOV_/N _OOV_/N &/, _OOV_/N Inc./N ,/, Chicago/N ,/, the/D ski/J industry/N is/V trying/P to/T change/V its/D image/N as/I a/D sport/N primarily/I for/I young/R white/J people/N ./.
One/J _OOV_/N TV/N spot/N features/N a/D diverse/J group/N of/I _OOV_/N _OOV_/N _OOV_/N down/I _OOV_/N _OOV_/N :/, senior/N citizens/N ,/, minorities/N ,/, families/N with/I children/N --/, even/V a/D blind/I _OOV_/N ./.
``/J _OOV_/N school/N is/V great/N ,/, ''/R cries/N out/I a/D _OOV_/N ,/, _OOV_/N in/I a/D _OOV_/N as/I he/P _OOV_/N down/I a/D _OOV_/N _OOV_/N ./.
``/J You/N 'll/N never/R _OOV_/N you/P try/N ,/, ''/R says/V a/D black/J _OOV_/N ./.
``/J We/N used/V to/T show/V some/D _OOV_/N _OOV_/N in/I his/P _OOV_/N or/I _OOV_/N going/V over/I the/D edge/N of/I a/D _OOV_/N ,/, ''/R says/V _OOV_/N _OOV_/N ,/, a/D spokeswoman/N for/I the/D United/N _OOV_/N Industries/N Association/N ,/, the/D trade/N group/N _OOV_/N the/D campaign/N ./.
_OOV_/J promotions/N have/V traditionally/N avoided/V the/D touchy/N issue/N of/I safety/N ./.
But/C the/D new/J commercials/N deal/N with/I it/P indirectly/V by/I showing/V a/D woman/N smiling/N as/I she/P tries/N to/T get/V up/R from/I a/D fall/N ./.
``/J We/N wanted/V to/T show/V it/P 's/P okay/, if/I you/P fall/V ,/. ''/N says/V Ms./N _OOV_/N ./.
``/J Most/N people/N think/V if/I you/P slip/V ,/, you/P 'll/V wind/N up/I in/I a/D body/N cast/N ./, ''/N
The/N ad/J campaign/N represents/V an/D unusual/J spirit/N of/I cooperation/N among/I resorts/N and/C ski/J equipment/N makers/N ;/, normally/J ,/, they/P only/D run/N ads/N hyping/N their/P own/N products/N and/C facilities/N ./.
But/N in/I these/D crunch/N times/N for/I the/D ski/J industry/N ,/, some/D resorts/N ,/, such/J as/I the/D _OOV_/N _OOV_/N ,/, Red/N River/N and/C _OOV_/N ski/J areas/N in/I New/N Mexico/N ,/, have/V even/R started/V _OOV_/N _OOV_/N to/T each/D other/J 's/P _OOV_/N and/C next/D year/N plan/N to/T sell/V tickets/N good/I for/I all/D local/J _OOV_/N ./.
Many/J resorts/N also/J are/V focusing/V more/J on/I the/D service/N side/N of/I their/P business/N ./.
Since/J 40/N %/N of/I _OOV_/N are/V parents/N ,/, many/D _OOV_/N are/V building/N nurseries/N ,/, expanding/N ski/J schools/N and/I adding/V entertainment/N for/I kids/N ./.
_OOV_/N ,/, Colo./N ,/, now/R has/V a/D _OOV_/N that/I looks/V like/I an/D old/J mining/N town/N ;/, kids/N can/P ski/N through/I and/C _OOV_/N for/I fool/N 's/P gold/N ./.
For/C $/N 15/N ,/, they/P can/R enjoy/V their/P own/V nightly/N entertainment/N ,/, with/I dinner/N ,/, without/I mom/C and/C dad/N ./.
A/C few/D years/N ago/V ,/, parents/N usually/I had/V to/T hire/V a/D _OOV_/N or/C take/V turns/V skiing/N while/I one/I spouse/N stayed/V with/I the/D children/N ./.
``/J Most/N parents/N who/P had/V to/T go/V through/I that/D never/R came/V back/R ,/, ''/R says/V Michael/N _OOV_/N ,/, president/N of/I _OOV_/N Associates/N Inc./N ,/, which/D owns/V and/C operates/N the/D _OOV_/N and/C nearby/P Beaver/N _OOV_/N resorts/N ./.
To/J make/V skiing/N more/R convenient/N for/I _OOV_/N visitors/N ,/, several/D resorts/N are/V buying/N or/J starting/V their/P own/N travel/N agencies/N ./.
In/C one/N phone/N call/V ,/, ski/J _OOV_/N can/P make/V hotel/N and/N restaurant/N _OOV_/N ,/, buy/V lift/V tickets/N ,/, rent/N ski/J equipment/N and/C sign/V up/R for/I lessons/N ./.
And/J resorts/N are/V adding/V other/J _OOV_/N ,/, such/J as/I pricey/N restaurants/N ,/, health/N _OOV_/N and/C vacation/N packages/N with/I a/D twist/N ./.
During/J _OOV_/N Carnival/N week/N ,/, for/I example/N ,/, visitors/N at/I Sunday/N River/N in/I Maine/N can/P take/V a/D _OOV_/N _OOV_/N ride/N ./.
``/J People/N these/D days/N want/V something/N else/V to/T do/V _OOV_/N ski/N and/C sit/V in/I the/D bar/N ,/, ''/R says/V Don/N _OOV_/N ,/, executive/N director/N of/I _OOV_/N _OOV_/N ,/, _OOV_/N 's/P Chamber/N of/I Commerce/N ./.
The/N ski/J industry/N hopes/N to/T increase/N the/D number/N of/I _OOV_/N by/I 3.5/N million/C to/T about/I _OOV_/N million/C in/I the/D next/D five/N years/N with/I its/P latest/J ads/N and/C promotions/N ./.
But/C some/D think/V that/D 's/P being/V overly/N optimistic/N ./.
For/C one/I thing/N ,/, it/P may/R be/V tough/R to/T attract/N people/N because/V skiing/N is/V still/V expensive/C :/, a/D lift/N ticket/N can/P cost/N up/I to/T $/P 35/N a/D day/N and/C equipment/N prices/N are/V rising/N ./.
And/N most/V _OOV_/N still/V prefer/V a/D warm/J climate/N for/I their/P winter/N excursions/N ./.
An/J American/N Express/N Co./N survey/N of/I its/P travel/N agents/N revealed/V that/D only/D 34/N %/N believe/V their/P clients/N will/P pick/V a/D trip/N this/D winter/N based/V on/I the/D availability/N of/I winter/N sports/N ,/, as/I opposed/V to/T 69/N %/N who/P think/V that/D _OOV_/N sports/N will/P be/V the/D deciding/J factor/N ./.
``/J Even/N if/I they/P could/R bring/V in/I that/D many/D new/J _OOV_/N ,/, I/N do/V n't/P know/V if/I -LCB-/N the/D industry/N -RCB-/N could/P handle/N that/I kind/N of/I an/D increase/N ,/, ''/R says/V _OOV_/N William/N Berry/N ,/, editor/N and/C publisher/N of/I the/D _OOV_/N Industry/N _OOV_/N in/I _OOV_/N ,/, _OOV_/N ./.
``/J Most/N people/N will/P come/V on/I the/D weekend/N ,/, the/D _OOV_/N will/P be/V _OOV_/N and/C then/I these/D -LCB-/N new/J _OOV_/N -RCB-/N wo/V n't/P come/V back/R ./.
They/N did/V n't/P play/V the/D third/D game/N of/I the/D World/N Series/N on/I Tuesday/N night/N as/I scheduled/N ,/, and/C they/P did/V n't/P play/V it/P on/I Wednesday/N or/I Thursday/N either/N ./.
But/C you/P knew/V that/I ,/, did/V n't/P you/R ?/.
They/C are/V supposed/R to/T play/V the/D game/N next/I Tuesday/N ,/, in/I _OOV_/N _OOV_/N here/N ./.
The/J theory/N is/V that/D the/D stadium/N ,/, damaged/V by/I Tuesday/N 's/P earthquake/N ,/, will/P be/V _OOV_/N by/I then/R ,/, and/C that/I people/N will/P be/V able/R to/T get/V there/V ./.
Like/C just/I about/I everything/N else/V ,/, that/D remains/V to/T be/V seen/V ./.
_OOV_/C could/P _OOV_/N ./.
But/N ,/, at/I least/N ,/, the/D law/N of/I _OOV_/N should/P have/V _OOV_/N to/T the/D favorable/N side/N ./.
It/C may/V seem/V trivial/J to/T worry/V about/I the/D World/N Series/N amid/N the/D destruction/N to/T the/D Bay/N Area/N _OOV_/N by/I Tuesday/N 's/P quake/N ,/, but/R the/D name/N of/I this/D column/N is/V ``/N On/N Sports/N ,/, ''/N so/R I/N feel/V obliged/P to/T do/V so/R ./.
You/C might/P be/V interested/V to/T know/V that/D baseball/N ,/, not/R _OOV_/N ,/, appeared/V to/T be/V the/D first/D thought/V of/I most/V of/I the/D crowd/N of/I _OOV_/N that/I had/V gathered/V at/I _OOV_/N at/I _OOV_/N p.m./N Tuesday/N ,/, a/D half-hour/N before/I game/N time/N ,/, when/R the/D quake/N struck/V ./.
As/C soon/N as/I the/D _OOV_/N passed/V ,/, many/D people/N _OOV_/N _OOV_/N and/C cheered/C ,/, as/V though/V it/P had/V been/V a/D novel/J kind/N of/I _OOV_/N show/N ./.
One/J fan/N ,/, seated/N several/I _OOV_/N in/I front/N of/I the/D open/J ,/, _OOV_/N auxiliary/N press/N section/N where/I I/N was/V stationed/V ,/, faced/V the/D _OOV_/N _OOV_/N and/C _OOV_/N _OOV_/N ,/, ``/N We/N arranged/V that/I just/R for/I you/R guys/N ''/N I/N thought/V and/C ,/, I/N 'm/V sure/N ,/, others/J did/V :/P ``/N You/N should/P n't/P have/V bothered/P ./, ''/N
I/N 'd/N slept/V through/I my/, only/D previous/D _OOV_/N with/I natural/J disaster/N ,/, a/D _OOV_/N 15/N or/N so/R summers/N ago/I near/I _OOV_/N City/N ,/, Mich./N ,/, so/R I/N was/V _OOV_/N for/I one/J reaction/N to/T such/J things/N :/, the/D urge/V to/T talk/V about/I them/P ./.
Perhaps/J primed/N by/I the/D daily/N diet/N of/I radio/V and/C TV/N reporters/N _OOV_/N _OOV_/N into/I people/N 's/V faces/N and/C asking/V how/R they/P ``/N feel/V ''/R about/I one/N _OOV_/N or/V another/D ,/, fellow/I reporters/N and/C civilians/N who/P _OOV_/N my/, press/N _OOV_/N were/V eager/N to/T chat/N ./.
``/J It/N felt/V like/I I/N was/V on/I a/D station/V platform/N and/C a/D train/N went/V by/I ,/, ''/R said/V one/I man/N ,/, describing/N my/, own/N reaction/N ./.
A/C women/N said/V she/P saw/V the/D park/N 's/P light/J standards/N _OOV_/N ./.
A/C man/N said/V he/P saw/V the/D upper/N rim/N _OOV_/N ./.
I/N saw/V neither/D ./.
_OOV_/C of/I good/J sense/N to/T the/D contrary/V not/J _OOV_/N ,/, the/D general/N inclination/N was/V to/T believe/V that/D the/D _OOV_/N would/P be/V brief/N and/C that/I ball/N would/P be/V played/V ./.
``/J I/N was/V near/I the/D top/N of/I the/D stadium/N ,/, and/C saw/V a/D steel/N _OOV_/N bow/N six/N feet/N from/I where/D I/N sat/V ,/, but/R I/N stayed/V put/V for/I 10/N or/N 15/J minutes/N ,/, ''/J _OOV_/N a/D friend/N ./.
``/J I/N guess/V I/N thought/V ,/, `/N This/N is/V the/D World/N Series/N and/C I/N 'm/V not/R gon/N na/N _OOV_/N out/I '/P ''/J
Here/N in/I the/D Global/N _OOV_/N ,/, though/V ,/, folks/N do/V not/R stay/V _OOV_/N for/I long/J ./.
_OOV_/C power/N was/V out/I in/I _OOV_/N _OOV_/N _OOV_/N ,/, but/R _OOV_/N _OOV_/N and/C television/N sets/N were/V plentiful/N ./.
Within/C a/D few/J minutes/N ,/, the/D true/J extent/N of/I the/D catastrophe/N was/V becoming/V clear/V ./.
Its/J _OOV_/N _OOV_/N measurement/N was/V reported/V as/I 6.5/N ,/, then/R 6.9/N ,/, then/R _OOV_/N ./.
A/J section/N of/I the/D Bay/N Bridge/N had/V collapsed/V ,/, as/R had/V a/D part/N of/I Interstate/N Highway/N 880/N in/I _OOV_/N ./.
People/N had/V died/V ./.
At/J _OOV_/N p.m./N ,/, scheduled/V game/N time/N having/I passed/V ,/, some/D fans/N _OOV_/N ``/N Let/N 's/P _OOV_/N Ball/N ./, ''/N
No/C longer/R innocent/R ,/, they/P qualified/V as/I _OOV_/N ./.
The/J stadium/N was/V ordered/V _OOV_/N soon/P afterward/N ;/, the/D announcement/N ,/, made/V over/I police/N _OOV_/N ,/, cited/N the/D power/N outage/N ,/, but/R it/P later/R was/V revealed/V that/D there/V also/N had/V been/V damage/N of/I the/D sort/N reported/V by/I my/J friend/N ./.
_OOV_/N ,/, I/N spotted/N two/N young/I men/N _OOV_/N blocks/N of/I concrete/N ./.
``/J _OOV_/N of/I _OOV_/N ,/, ''/R they/P said/V ./.
The/J crowd/N remained/N good/I _OOV_/N ,/, even/V bemused/N ./.
TV/J reporters/N interviewed/V fans/N in/I the/D parking/N lots/, while/V ,/, a/D few/D feet/N away/I ,/, others/N watched/V the/D interviews/N on/I their/P portable/J TVs/N ./.
The/C only/I _OOV_/N I/N saw/V was/V commercial/N :/, _OOV_/N selling/V World/N Series/N _OOV_/N _OOV_/N and/C dated/V _OOV_/N were/V besieged/N by/I fledgling/N speculators/N who/P saw/V future/J profit/N in/I the/D items/N ./.
The/J traffic/N _OOV_/N out/I of/I the/D park/N was/V monumental/N ./.
It/J took/V me/R a/D half-hour/N to/T move/V 10/N feet/N from/I my/, parking/N spot/N in/I an/D _OOV_/N lot/R to/T an/D _OOV_/N ,/, and/C an/D additional/J hour/N to/T reach/V an/D inner/N roadway/N a/D _OOV_/N away/I ./.
The/J _OOV_/N trip/N to/T my/J airport/N hotel/N that/I had/V taken/V 20/N minutes/N earlier/I in/I the/D day/N took/V more/J than/I three/N hours/N ./.
At/C my/, hotel/N ,/, the/D _OOV_/N ,/, power/N was/V out/I ,/, some/D _OOV_/N _OOV_/N had/V broken/V loose/R and/N there/V had/V been/V water/N damage/N ,/, but/R little/R else/V ./.
With/J _OOV_/N _OOV_/N ,/, a/D hotel/N across/I the/D street/N ,/, the/D _OOV_/N ,/, had/V been/V hit/V harder/R :/, A/N large/J sheet/N of/I its/P concrete/J facade/N and/I several/D window/N _OOV_/N were/V _OOV_/N away/I ./.
The/J _OOV_/N staff/N had/V ,/, kindly/R ,/, set/V out/I _OOV_/N candles/N in/I the/D _OOV_/N ,/, prepared/V a/D _OOV_/N buffet/N and/I passed/V around/I pillows/N and/C _OOV_/N ./.
I/N fell/V asleep/R on/I the/D _OOV_/N floor/N ,/, next/I to/T a/D man/N wearing/V a/D Chicago/N _OOV_/N jacket/N ./.
I/C expected/V him/P to/T say/V ,/, ``/N I/N told/V you/P so/R ,/, ''/R but/V he/P already/R was/V snoring/N ./.
The/J _OOV_/N consensus/N was/V that/D the/D earthquake/N made/V the/D World/N Series/N seem/N unimportant/N ./.
My/J response/N was/V that/D sports/N rarely/I are/V important/J ,/, only/D _OOV_/N ,/, and/C the/D quake/N merely/D _OOV_/N that/I fact/N ./.
Should/C the/D rest/N of/I the/D Series/N be/V played/V at/I all/D ?/.
The/J quake/N and/I baseball/N were/V n't/P related/V ,/, unlike/V the/D _OOV_/N of/I _OOV_/N that/I attended/V the/D 1972/N _OOV_/N ./.
That/C heavily/N _OOV_/N event/N learned/V nothing/R from/I the/D _OOV_/N experience/N ,/, and/C seems/V doomed/N to/T repeat/V it/P ./.
Two/J _OOV_/N _OOV_/N ./.
This/C has/V been/V widely/D dubbed/N the/D BART/N Series/N ,/, after/I the/D local/J subway/N line/N ,/, and/C the/D Bay/N Bridge/N Series/N ./.
_OOV_/C fly/V at/I _OOV_/N for/I the/D death/N of/I _OOV_/N _OOV_/N ,/, the/D late/J baseball/N commissioner/N ,/, and/C now/R the/D Bay/N Bridge/N lies/V in/I _OOV_/N ./.
A/J Series/N that/I was/V shaping/N up/P as/I the/D _OOV_/N since/V the/D _OOV_/N _OOV_/N _OOV_/N go/V of/I 1984/N has/V become/V memorable/N in/I the/D least/J fortunate/P way/N ./.
Still/N ,/, its/R edge/N is/V lost/V ./.
It/N now/V will/P be/V played/V mostly/N for/I the/D record/N ,/, and/C should/P be/V _OOV_/N up/P as/I quickly/T as/I possible/N ,/, without/I ``/N off/I ''/J days/N ./.
And/J I/N will/V never/R again/R complain/V about/I a/D _OOV_/N ./.
The/J disarray/N in/I the/D junk-bond/N market/N that/I began/V last/D month/N with/I a/D credit/N crunch/N at/I Campeau/N Corp./N has/V offered/V commercial/N banks/N a/D golden/J opportunity/N to/T play/V a/D greater/J role/N in/I financing/N _OOV_/N takeovers/N ./.
But/J two/N big/I New/N York/N banks/N seem/V to/T have/V kicked/V those/P chances/N away/I ,/, for/I the/D moment/N ,/, with/I the/D embarrassing/N failure/N of/I _OOV_/N and/C Chase/N Manhattan/N Corp./N to/T deliver/V $/P 7.2/N billion/N in/I bank/N financing/N for/I a/D leveraged/N buy-out/N of/I United/N Airlines/N parent/N UAL/N Corp/N ./.
For/C more/J than/I a/D decade/N ,/, banks/N have/V been/V pressing/N Congress/N and/C banking/N regulators/N for/I expanded/N powers/N to/T act/N like/I securities/N firms/N in/I playing/N Wall/N Street/N 's/P lucrative/N takeover/N game/N ,/, from/I giving/V mergers/N advice/N all/I the/D way/N to/T selling/V and/C trading/N high-yield/N junk/N bonds/N ./.
Those/J expanded/N powers/N reached/V their/P _OOV_/N in/I July/N when/I Bankers/N Trust/N New/N York/N Corp./N provided/V mergers/N advice/N ,/, an/D equity/J investment/N and/C bank/N loans/N for/I the/D $/N _OOV_/N billion/N leveraged/N buy-out/N of/I _OOV_/N Airlines/N parent/N _OOV_/N Inc/N ./.
One/C of/I the/D major/J selling/N points/N used/V by/I Los/N Angeles/N financier/N Alfred/N _OOV_/N in/I getting/V the/D takeover/N approved/V was/V that/D the/D deal/N did/V n't/P include/V any/D junk/N bonds/N ./.
That/N was/V seen/V as/I an/D advantage/N in/I lobbying/N airline/N employees/N and/C Washington/N regulators/N for/I approval/N of/I the/D _OOV_/N takeover/N ./.
All/C $/N _OOV_/N billion/N in/I debt/N for/I the/D deal/N was/V supplied/V by/I banks/N ./.
Charles/J _OOV_/N ,/, _OOV_/N of/I mergers/N and/C acquisitions/N at/I Salomon/N Brothers/N Inc./N ,/, says/V it/P is/V natural/J for/I banks/N to/T try/V to/T expand/V beyond/I their/P _OOV_/N business/N of/I providing/N senior/J debt/N for/I _OOV_/N ./.
But/C the/D UAL/N collapse/N ,/, he/P says/V ,/, ``/N may/P tell/V you/R it/P 's/P not/R going/V to/T work/N that/I easily/P ./, ''/N
David/J _OOV_/N ,/, a/D mergers/N adviser/N in/I La/N _OOV_/N ,/, Calif./N ,/, who/P aided/N Los/N Angeles/N investor/N Marvin/N Davis/N on/I the/D bids/N which/P put/V both/I UAL/N and/C _OOV_/N in/I play/N as/I takeover/N candidates/N this/D year/N ,/, says/V that/D banks/N have/V been/V ``/N preparing/V to/T play/V a/D larger/J and/C larger/J role/N in/I acquisition/N financing/N ./, ''/N
Mr./J _OOV_/N says/V that/I in/I the/D past/N ,/, banks/N would/V normally/I have/V _OOV_/N 65/N %/N of/I a/D total/J buy-out/N price/N ,/, with/I the/D loans/N secured/V by/I the/D target/N company/N 's/P assets/N ./.
Another/J 20/N %/N of/I the/D borrowed/V funds/N would/P come/V from/I the/D sale/N to/T investors/N of/I junk/N bonds/N ,/, which/D offer/V less/J security/N and/I typically/D carry/V higher/J yields/N than/I bank/N loans/N ./.
Mr./J _OOV_/N 's/P purchase/N of/I _OOV_/N ,/, Mr./N _OOV_/N notes/N ,/, ``/N was/V probably/R the/D most/J aggressive/N to/T date/N ,/, ''/R with/I bank/N debt/N at/I 85/N %/N of/I the/D purchase/N price/N ./.
But/J Mr./N _OOV_/N says/V that/D _OOV_/N 's/P ``/N failure/N to/T deliver/V ''/N on/I its/P promise/N to/T raise/V the/D UAL/N bank/N debt/N for/I a/D labor-management/N buy-out/N group/N ``/N is/V very/V _OOV_/N to/T potential/N users/N of/I a/D `/N _OOV_/N '/P letter/N from/I commercial/N banks/N ./, ''/N
His/C client/N ,/, Mr./N Davis/N ,/, used/V just/R such/V a/D letter/N from/I _OOV_/N in/I pursuing/N UAL/N ;/, _OOV_/N later/I agreed/V to/T work/N with/I a/D competing/N UAL/N buy-out/N group/N ./.
Executives/C of/I _OOV_/N and/C Chase/N Manhattan/N declined/N to/T comment/V on/I either/V the/D UAL/N situation/N ,/, or/V on/I the/D changing/J nature/N of/I banks/N '/P role/N in/I financing/N takeovers/N ./.
In/C the/D wake/N of/I Campeau/N 's/P problems/N ,/, prices/N of/I junk/N bonds/N tumbled/N ,/, throwing/V into/I doubt/V the/D ability/N of/I corporate/N _OOV_/N to/T finance/N large/J takeovers/N with/I the/D help/N of/I junk/N bond/N sales/N ./.
Mark/J _OOV_/N ,/, senior/N managing/N director/N at/I Manufacturers/N _OOV_/N Trust/N Co./N ,/, says/V the/D _OOV_/N in/I junk/N bonds/N may/V yet/R open/J new/J business/N opportunities/N to/T banks/N in/I _OOV_/N takeovers/N ./.
But/C he/P warns/N that/D banks/N will/P have/V ``/N to/T have/V enough/P discipline/N ''/N not/R to/T make/V loans/N that/I are/V too/R risky/N ./.
In/N fact/N ,/, Manufacturers/N _OOV_/N said/V in/I its/P third-quarter/N earnings/N report/V that/D fees/N from/I _OOV_/N loans/N to/T other/J banks/N dropped/V 48/N %/N ,/, to/T $/P 21/N million/C ./.
``/J We/N did/V n't/P take/V part/N in/I a/D lot/R of/I deals/N because/I their/P credit/N quality/N was/V poor/N ,/, ''/R says/V a/D bank/N spokesman/N ./.
James/J B./N Lee/N ,/, head/N of/I _OOV_/N and/C private/J _OOV_/N at/I Chemical/N Banking/N Corp./N ,/, said/V he/P believes/V banks/N can/P still/R make/V a/D _OOV_/N offer/N of/I _OOV_/N shopping/N for/I takeover/N finance/N ./.
As/J evidence/N ,/, he/P cites/N yesterday/, 's/P arrangement/N for/I the/D final/J financing/N of/I a/D $/N 3/N billion/N bid/N for/I American/N Medical/N International/N Inc./N in/I which/J Chemical/N served/V as/I both/I the/D lead/V bank/N and/C an/D equity/N investor/N ./.
Beyond/C the/D current/J weakness/N in/I the/D junk/N bond/N market/N ,/, banks/N have/V another/D advantage/N over/I investment/N banks/N in/I financing/N _OOV_/N takeovers/N ./.
Arthur/J _OOV_/N Jr./N ,/, a/D takeover/N lawyer/N at/I Fried/N Frank/N Harris/N _OOV_/N &/, _OOV_/N ,/, notes/N that/I ``/N a/D political/J and/C emotional/N bias/N ''/, has/V developed/V against/I junk/N bonds/N ./.
One/J hostile/N _OOV_/N who/P deliberately/V avoided/V using/V junk/N bonds/N was/V Paramount/N Communications/N Inc./N in/I its/P initial/V offer/V to/T acquire/V Time/N Inc./N for/I $/N _OOV_/N billion/N ,/, or/V $/N 175/N a/D share/N ./.
A/J Paramount/N spokesman/N says/V that/D decision/N was/V based/V on/I the/D financial/N ,/, not/R political/J ,/, drawbacks/N of/I junk/N bonds/N ./.
But/C some/I observers/N believe/V Paramount/N Chairman/N Martin/N Davis/N wanted/V to/T avoid/V the/D possible/N _OOV_/N of/I being/V perceived/N as/I a/D corporate/N raider/N in/I his/P controversial/N bid/N for/I Time/N ./.
In/C the/D end/N ,/, Mr./N Davis/N used/V junk/N bonds/N so/R that/D he/P could/P raise/V Paramount/N 's/P bid/N to/T $/P 200/N a/D share/N ./.
Some/J _OOV_/N _OOV_/N said/V the/D initial/V lower/J bid/N ,/, without/I junk/N bonds/N ,/, was/V a/D factor/N in/I his/R losing/V the/D company/N ./.
Time/J _OOV_/N Paramount/N by/I acquiring/N Warner/N Communications/N Inc/N ./.
The/J success/N of/I the/D _OOV_/N financing/N ,/, and/C the/D failure/N of/I the/D UAL/N deal/N ,/, also/R seem/V to/T highlight/V the/D important/J new/J role/N in/I takeover/N financing/N being/V played/V by/I Japanese/N banks/N ./.
Japanese/J banks/N accounted/N for/I 50/N %/N of/I the/D _OOV_/N bank/N debt/N ,/, according/V to/T a/D report/V by/I Transportation/N Secretary/N Samuel/N _OOV_/N ./.
But/C it/P was/V _OOV_/N rejection/N by/I Japanese/N banks/N that/I helped/P seal/N the/D fate/N of/I the/D attempt/N to/T buy/V UAL/N ./.
_OOV_/N and/C Chase/N are/V attempting/V to/T put/V together/R a/D new/J ,/, lower/J bid/N ./.
_OOV_/J _OOV_/N ,/, chief/N economist/N of/I the/D Institute/N for/I Financial/N Affairs/N Inc./N ,/, a/D Tokyo/N research/N center/N on/I finance/N and/C economics/N ,/, says/V ,/, ``/N The/N junk/N bond/N market/N became/V very/V _OOV_/N ,/, and/C there/V 's/P a/D fear/N of/I a/D coming/V recession/N and/C the/D possible/N bankruptcy/N of/I _OOV_/N companies/N ./.
_OOV_/J Inc./N filed/N suit/N in/I federal/J court/N here/N ,/, _OOV_/N that/I a/D group/N that/I holds/V _OOV_/N %/N of/I its/J stock/N made/V ``/N false/N ,/, _OOV_/N and/C misleading/V ''/J statements/N in/I recent/J regulatory/N filings/N and/C public/J announcements/N ./.
_OOV_/N 's/P complaint/N claims/N that/I the/D group/N ,/, led/V by/I investor/N Malcolm/N _OOV_/N _OOV_/N ,/, violated/N securities/N laws/N by/I failing/N to/T disclose/V plans/N to/T purchase/N 15/N %/N of/I the/D company/N 's/P shares/N outstanding/N and/C that/I when/I the/D required/V Hart-Scott-Rodino/N filing/V eventually/I was/V made/V ,/, it/P did/V n't/P disclose/V the/D group/N 's/P alleged/N earlier/I violation/N of/I the/D so-called/N _OOV_/N requirements/N of/I the/D law/N ./.
Mr./J _OOV_/N could/P n't/P immediately/V be/V reached/V to/T comment/V ./.
But/C when/I _OOV_/N last/J week/N publicly/N questioned/V the/D legality/N of/I the/D group/N 's/P filing/N procedures/N ,/, the/D Rochester/N ,/, N.Y./N ,/, investor/N said/V ``/N we/P _OOV_/N with/I every/D law/N ,/, ''/N and/C he/P denied/V any/D _OOV_/N ./.
The/J _OOV_/N group/N said/V in/I a/D Securities/N and/C Exchange/N Commission/N filing/N in/I early/J October/N that/I it/P may/J seek/V a/D controlling/J interest/N in/I _OOV_/N ,/, or/J seek/J representation/N on/I the/D company/N 's/P board/N ./.
_OOV_/C has/V said/V it/P does/V n't/P intend/V to/T be/V acquired/V by/I the/D _OOV_/N group/N or/N any/D other/J party/N ./.
Inland/J Steel/N Industries/N Inc./N ,/, battered/N by/I lower/J volume/N and/C higher/J costs/N ,/, posted/V a/D 75/N %/N drop/V in/I third-quarter/N earnings/N ./.
The/J nation/N 's/P _OOV_/N steelmaker/N earned/V $/P _OOV_/N million/C ,/, or/V 43/N cents/N a/D share/N ,/, compared/V with/I $/N 61/N million/C ,/, or/V $/N _OOV_/N a/D share/N ,/, a/D year/N earlier/R ,/, when/R the/D industry/N was/V enjoying/V peak/N demand/N and/C strong/I pricing/N ./.
Sales/N fell/V to/T $/P _OOV_/N million/C from/I $/P 1.02/N billion/N ./.
The/J earnings/N also/J mark/N a/D significant/D drop/V from/I the/D second/D quarter/N 's/. $/N _OOV_/N million/C or/V $/N 1.25/N a/D share/N ./.
Moreover/N ,/, the/D earnings/N were/V well/R below/I analysts/N '/P expectations/N of/I about/I $/N _OOV_/N a/D share/N ./.
In/J composite/N trading/N on/I the/D New/N York/N Stock/N Exchange/N ,/, Inland/N closed/V yesterday/N at/I $/N _OOV_/N a/D share/N ,/, down/I $/N 1/N ./.
The/J company/N attributed/N the/D earnings/N drop/V to/T lower/I volume/N related/V to/T seasonal/N demand/N and/C the/D soft/N consumer/N durable/N market/N ,/, especially/V in/I the/D automotive/N sector/N ./.
However/N ,/, the/D company/N also/I lost/V orders/N because/I of/I prolonged/N labor/N talks/N in/I the/D second/D quarter/N ./.
Third-quarter/J shipments/N slipped/N 7/N %/N from/I the/D year-ago/N period/N ,/, and/C 17/N %/N from/I this/D year/N 's/P second/D quarter/N ./.
Profit/C of/I steel/N shipped/V for/I the/D company/N 's/P steel/N segment/N slid/N to/T $/P 26/N a/D ton/N ,/, from/I $/P 66/N a/D ton/N a/D year/N earlier/I and/C $/N 57/N a/D ton/N a/D quarter/N earlier/I ./.
Analysts/J noted/V that/D the/D disappointing/J results/N do/V n't/P reflect/V lower/J prices/N for/I steel/N products/N ./.
Charles/J Bradford/N ,/, an/D analyst/N with/I Merrill/N Lynch/N Capital/N Markets/N ,/, said/V higher/J prices/N for/I _OOV_/N and/C _OOV_/N products/N offset/N lower/J prices/N for/I bar/N ,/, _OOV_/N and/C structural/N steel/N ./.
_OOV_/J steel/N ,/, which/D primarily/D serves/N the/D construction/N market/N ,/, was/V especially/V hurt/V by/I a/D 15/N %/N price/N drop/V ,/, Mr./N Bradford/N said/V ./.
The/J company/N said/V its/P integrated/N steel/N sector/N was/V also/J hurt/V by/I higher/J raw/N material/N ,/, repair/N and/C maintenance/N ,/, and/C labor/N costs/N ./.
The/C increased/V labor/N costs/N became/V effective/J Aug./N 1/N under/I terms/N of/I the/D four-year/N labor/N agreement/N with/I the/D United/N _OOV_/N union/N ./.
Meanwhile/N ,/, the/D company/N 's/P service/N center/N segment/N ,/, which/P saw/V operating/N profit/N drop/V to/T $/P 11.5/N million/C from/I $/P _OOV_/N million/C a/D year/N ago/V ,/, experienced/V much/R of/I the/D same/D demand/N and/C cost/N problems/N ,/, as/R well/J as/I start-up/N costs/N associated/V with/I a/D _OOV_/N processing/N facility/N in/I Chicago/N and/C an/D _OOV_/N computer/N information/N system/N ./.
Inland/J Chairman/N Frank/N W./N _OOV_/N said/V the/D company/N 's/P short-term/N outlook/N is/V ``/N _OOV_/N by/I uncertainties/N in/I the/D economy/N and/C financial/J markets/N ./, ''/N
However/N ,/, he/P noted/V that/D steel/N mill/N bookings/N are/V up/R from/I early/J summer/N levels/N ,/, and/C that/I he/P expects/N the/D company/N to/T improve/V its/P cost/N performance/N in/I the/D fourth/J quarter/N ./.
In/C the/D first/D nine/N months/N ,/, profit/N was/V $/N 113/N million/C ,/, or/V $/N _OOV_/N a/D share/N ,/, on/I sales/N of/I $/N _OOV_/N billion/N ,/, compared/V with/I $/N _OOV_/N million/C ,/, or/V $/N _OOV_/N a/D share/N ,/, on/I sales/N of/I $/N _OOV_/N billion/N ,/, a/D year/N earlier/I ./.
The/J ``/N _OOV_/N ''/J activity/N of/I a/D financial/J market/N bears/V a/D _OOV_/N to/T the/D _OOV_/N activity/N of/I the/D earth/P ./.
When/J things/N are/V quiet/J -LRB-/N low/I volatility/N -RRB-/N ,/, the/D structures/N on/I which/J markets/N stand/V can/P be/V relatively/V inefficient/N and/C still/V perform/V their/P functions/N _OOV_/N ./.
However/N ,/, when/R powerful/J forces/N start/V _OOV_/N the/D market/N 's/P structure/N ,/, the/D more/J ``/N _OOV_/N ''/N it/P is/V ,/, the/D better/R its/P chance/N for/I _OOV_/N ./.
America/N 's/P financial/J markets/N do/V not/R yet/R have/V all/D the/D required/V modern/J features/N required/V to/T make/V them/P fully/I ``/N _OOV_/N ./, ''/N
Investors/N lack/N equal/J access/N to/T the/D markets/N '/P trading/N _OOV_/N and/C its/P information/N ./.
That/C structural/N lack/N is/V crucial/J because/I investors/N are/V the/D only/D source/N of/I market/N liquidity/N ./.
And/J liquidity/N is/V what/P markets/N need/N to/T damp/N _OOV_/N and/C _OOV_/N ./.
In/N today/N 's/P markets/N ,/, specialists/N -LRB-/N on/I the/D New/N York/N Stock/N Exchange/N -RRB-/N and/C ``/N upstairs/V ''/J market/N makers/N -LRB-/N in/I the/D over-the-counter/N market/N -RRB-/N are/V the/D only/D market/N participants/N allowed/V to/T play/V a/D direct/J role/N in/I the/D _OOV_/N process/N ./.
When/C they/P _OOV_/N trading/N ,/, all/D market/N liquidity/N is/V gone/V ./.
And/C when/I any/D component/N of/I the/D market/N --/, cash/N ,/, futures/N or/J options/N --/, loses/N liquidity/N ,/, the/D price/N discovery/N system/N -LRB-/N the/D way/N prices/N are/V determined/V -RRB-/N becomes/V flawed/N or/C is/V lost/V entirely/N for/I a/D time/N ./.
Last/J Friday/N the/D 13th/P -LRB-/N as/I well/R as/I two/N years/N ago/I this/D week/N -RRB-/N the/D markets/N became/V _OOV_/N ./.
When/C that/I happened/V ,/, ``/N _OOV_/N ''/N _OOV_/N of/I fear/N --/, much/N like/I the/D shock/N waves/N created/V by/I an/D earthquake/N --/, _OOV_/N through/I the/D market/N and/C increased/V the/D market/N 's/P volatility/N ./.
_OOV_/C of/I important/J ,/, needed/N information/N can/P cause/V fear/N ./.
_OOV_/C is/V the/D father/N of/I panic/N ./.
_OOV_/C frequently/I results/N in/I _OOV_/N behavior/N ./.
And/C in/I financial/J markets/N ,/, _OOV_/N behavior/N is/V sometimes/D _OOV_/N into/I catastrophe/N ./.
When/J market/N _OOV_/N start/V ,/, it/P is/V crucial/I that/D as/I much/J information/N about/I transaction/N prices/N and/C the/D _OOV_/N curve/N -LRB-/N buy/V and/I sell/V orders/N at/I various/J prices/N -RRB-/N be/V made/V available/V to/T all/D ,/, not/R just/R to/T market/N makers/N ./.
Because/C of/I a/D lack/N of/I information/N and/C access/N ,/, many/D investors/N --/, including/V the/D very/N ones/N whose/D buying/N power/N could/P restore/N stability/N and/C damp/N volatility/N --/, are/V forced/V to/T stand/V on/I the/D _OOV_/N when/I they/P are/V most/V needed/N ,/, because/V of/I their/P ignorance/N of/I important/J market/N information/N ./.
To/J add/V _OOV_/N power/N to/T America/N 's/P markets/N ,/, a/D modern/J ,/, electronic/N trading/N system/N should/P be/V implemented/V that/D permits/N equal/J access/N to/T the/D trading/N _OOV_/N -LRB-/N and/C the/D information/N that/I would/V automatically/N accompany/V such/J access/N -RRB-/N by/I investors/N --/, particularly/N institutional/N investors/N ./.
_OOV_/C to/T some/D opinions/N ,/, the/D trading/N activities/N of/I specialists/N and/C other/J market/N makers/N do/V not/R provide/V liquidity/N to/T the/D market/N as/I a/D whole/D ./.
What/J market/N makers/N provide/V is/V _OOV_/N ,/, a/D very/N valuable/P service/N ./.
_OOV_/C is/V not/R a/D service/N ./.
It/C is/V a/D market/N _OOV_/N --/, the/D ability/N to/T absorb/N selling/N orders/N without/I causing/V significant/J price/N changes/N in/I the/D absence/N of/I news/N ./.
Market/J makers/N buy/V what/P investors/N wish/V to/T sell/V ;/P their/P business/N is/V _OOV_/N these/D unwanted/N positions/N as/I quickly/T as/I possible/N to/T other/J investors/N ,/, and/C at/I a/D profit/N ./.
As/C a/D result/N ,/, while/I any/D one/J customer/N may/J purchase/N _OOV_/N by/I selling/V to/T a/D market/N maker/N -LRB-/N which/I is/V _OOV_/N for/I the/D investor/N -RRB-/N ,/, the/D market/N as/I a/D whole/D remains/V in/I the/D same/D circumstances/N it/P was/V before/I the/D transaction/N :/, The/N unwanted/N position/N is/V still/V an/D unwanted/N position/N ;/, only/R the/D identity/N of/I the/D seller/N has/V changed/V ./.
In/N fact/V it/P can/R be/V argued/V that/D increasing/J capital/N commitments/N by/I market/N makers/N -LRB-/N a/D result/N of/I some/D _OOV_/N crash/N studies/N -RRB-/N also/J increases/N market/N volatility/N ,/, since/V the/D more/J securities/N are/V held/V by/I market/N makers/N at/I any/D given/V time/N ,/, the/D more/J selling/N pressure/N is/V overhanging/N the/D market/N ./.
In/C an/D open/J electronic/N system/N ,/, any/D investor/N wishing/V to/T pay/V for/I real-time/N access/N to/T the/D trading/N _OOV_/N through/I a/D registered/V broker-dealer/N would/P be/V able/R to/T see/V the/D entire/D _OOV_/N curve/N -LRB-/N buy/V and/I sell/V orders/N at/I each/D price/N -RRB-/N entered/V by/I dealers/N and/C investors/N alike/N ,/, and/C to/T enter/V and/C _OOV_/N orders/N ./.
_OOV_/J quotations/N would/V reflect/V the/D combined/V financial/N judgment/N of/I all/D market/N participants/N --/, not/R just/R those/N of/I intermediaries/N who/P become/V extremely/V _OOV_/N during/I times/N of/I crisis/N ./.
Investors/C and/C professionals/N alike/I would/P compete/N on/I the/D level/N playing/N field/N Congress/N sought/N and/C called/V a/D ``/N national/N market/N system/N ''/N -LRB-/N not/R yet/R achieved/V -RRB-/N almost/V 15/N years/N ago/V when/D it/P passed/V the/D Securities/N Reform/N Act/N of/I _OOV_/N ./.
Last/J Friday/N 's/P market/N _OOV_/N did/V not/R result/V in/I severe/N ``/N _OOV_/N ./, ''/N
_OOV_/C we/P smart/R or/N just/R lucky/N ?/.
I/N 'm/V not/R certain/J ./.
But/J I/N am/V sure/N we/P need/N to/T maximize/N our/, ``/N earthquake/N ''/N protection/N by/I making/V certain/I that/D our/P market/N structures/N let/I investors/N add/V their/P _OOV_/N _OOV_/N power/N to/T our/D nation/N 's/P markets/N ./.
Mr./J _OOV_/N is/V chairman/N of/I his/P own/N consulting/N company/N in/I _OOV_/N ,/, N.J/N ./.
_OOV_/J _OOV_/N _OOV_/N _OOV_/N ,/, now/V you/P do/V n't/P ./.
The/J recession/N ,/, that/D is/V ./.
The/J economy/N 's/P _OOV_/N steps/N leave/V investors/N wondering/V whether/I things/N are/V slowing/N down/I or/I _OOV_/N up/R ./.
So/C often/I are/V government/N statistics/N revised/N that/I they/P seem/V to/T _OOV_/N a/D _OOV_/N weather/N _OOV_/N ./.
For/C the/D past/J seven/N years/N ,/, investors/N have/V had/V the/D wind/N at/I their/P _OOV_/N ,/, in/I the/D form/N of/I a/D generally/D growing/N economy/N ./.
Some/C may/P have/V forgotten/V --/P and/C some/I younger/J ones/N may/V never/R have/V experienced/V --/, what/P it/P 's/P like/I to/T invest/V during/I a/D recession/N ./.
_OOV_/J tactics/N are/V called/V for/I ,/, as/I losing/N money/N becomes/V easier/P and/I making/V money/N becomes/V tougher/N ./.
For/C those/P investors/N who/P believe/V --/J or/I fear/N --/, that/D 1990/N will/P be/V a/D recession/N year/N ,/, many/D economists/N and/C money/N managers/N agree/V on/I steps/N that/I can/P be/V taken/V to/T lower/I the/D risks/N in/I a/D portfolio/N ./.
In/C a/D _OOV_/N ,/, _OOV_/N advise/N investors/N who/P expect/V a/D slowdown/N to/T hold/V fewer/J stocks/N than/I usual/R and/C to/T favor/N shares/N of/I big/J companies/N in/I ``/N defensive/N ''/J industries/N ./.
A/C heavy/J dose/N of/I cash/N is/V _OOV_/N ,/, along/I with/I a/D _OOV_/N _OOV_/N to/T bonds/N --/, preferably/I government/N bonds/N ./.
It/N 's/P tempting/R to/T think/V these/D defensive/N steps/N can/P be/V delayed/V until/I a/D recession/N is/V clearly/V at/I hand/N ./.
But/C that/I may/P not/R be/V possible/N ,/, because/V _OOV_/N often/D take/V investors/N by/I surprise/N ./.
``/J They/N always/V seem/V to/T come/V a/D bit/N later/I than/I you/P expect/V ./.
When/C they/P do/J hit/N ,/, they/P hit/V fast/N ,/, ''/R says/V David/N A./N _OOV_/N ,/, chief/N financial/N economist/N at/I the/D Data/N Resources/N division/N of/I McGraw-Hill/N Inc/N ./.
Though/C he/P himself/R does/V n't/P expect/V a/D recession/N soon/R ,/, Mr./N _OOV_/N advises/N people/N who/P do/V that/D ``/N the/D best/J thing/N to/T be/V in/I is/V long/I that/D is/V ,/, _OOV_/N to/T 30-year/N Treasury/N bonds/N ./, ''/N
The/J reason/N is/V simple/J ,/, Mr./N _OOV_/N says/V :/P ``/N Interest/N rates/N almost/V always/V decline/N during/I recession/N ./, ''/N
As/C surely/P as/I a/D _OOV_/N _OOV_/N ,/, falling/V interest/N rates/N force/N up/I the/D price/N of/I previously/J issued/V bonds/N ./.
They/C are/V worth/V more/J because/I they/P pay/V higher/J interest/N than/I newly/J issued/V bonds/N do/V ./.
That/J effect/N holds/V true/N for/I both/J short-term/N and/C long-term/N bonds/N ./.
But/J short-term/N bonds/N ca/P n't/P rise/N too/V much/R ,/, because/V everyone/N knows/V they/P will/P be/V redeemed/N at/I a/D _OOV_/N price/N fairly/V soon/R ./.
_OOV_/J bonds/N ,/, with/I many/J years/N left/V before/I maturity/N ,/, swing/V more/N widely/I in/I price/N ./.
But/C not/R just/R any/D bonds/N will/P do/V ./.
Corporate/J bonds/N ``/N are/V usually/D not/R a/D good/I bet/N in/I a/D recession/N ,/, ''/J Mr./N _OOV_/N says/V ./.
As/J times/N get/V tougher/N ,/, investors/N _OOV_/N about/I whether/D companies/N will/P have/V enough/P money/N to/T pay/V their/P debts/N ./.
This/C hurts/N the/D price/N of/I corporate/N bonds/N ./.
Also/N ,/, he/P notes/N ,/, ``/N most/V corporate/N bonds/N are/V _OOV_/N ./, ''/N
That/J means/N that/I a/D corporation/N ,/, after/I a/D specified/V amount/N of/I time/N has/V passed/V ,/, can/P buy/V back/I its/P bonds/N by/I paying/V investors/N the/D face/N value/N -LRB-/N plus/C ,/, in/I some/D cases/N ,/, a/D _OOV_/N -RRB-/N ./.
When/J interest/N rates/N have/V dropped/V ,/, it/P makes/V sense/N for/I corporations/N to/T do/V just/R that/D ;/P they/P then/I save/V on/I interest/N costs/N ./.
But/C the/D investors/N are/V left/V stranded/V with/I money/N to/T _OOV_/N at/I a/D time/N when/I interest/N rates/N are/V _OOV_/N ./.
If/J corporate/N bonds/N are/V bad/J in/I _OOV_/N ,/, junk/N bonds/N are/V likely/D to/T be/V the/D worst/J of/I all/C ./.
It/N 's/P an/D ``/N absolute/I necessity/N ''/N to/T get/V out/I of/I junk/N bonds/N when/I a/D recession/N is/V in/I the/D _OOV_/N ,/, says/V _OOV_/N _OOV_/N ,/, professor/N of/I finance/N at/I Cornell/N University/N ./.
``/J Such/N bonds/N are/V very/V sensitive/V to/T the/D downside/N ,/, and/C this/D could/P be/V a/D disaster/N ./, ''/N
Municipal/J bonds/N are/V generally/D a/D bit/N safer/R than/I corporate/N bonds/N in/I a/D recession/N ,/, but/R not/R as/I safe/P as/I bonds/N issued/V by/I the/D federal/J government/N ./.
During/C an/D economic/N slump/N ,/, local/J tax/N revenues/N often/D go/V down/I ,/, raising/N the/D risks/N associated/V with/I at/I least/J some/D _OOV_/N ./.
And/N ,/, like/D corporates/N ,/, many/D municipal/N bonds/N are/V _OOV_/N ./.
But/C a/D few/J experts/N ,/, going/V against/I the/D consensus/N ,/, do/V n't/P think/V bonds/N would/P help/N investors/N even/V if/I a/D recession/N is/V in/I the/D _OOV_/N ./.
One/C of/I these/D is/V Jeffrey/N L./N _OOV_/N ,/, director/N of/I research/N for/I _OOV_/N _OOV_/N &/, Co./N ,/, a/D brokerage/N house/N in/I Houston/N ,/, who/R thinks/V that/D ``/N we/P 're/V either/V in/I a/D recession/N or/V about/I to/T go/V into/I one/N ./, ''/N
What/N 's/P more/R ,/, he/P thinks/V this/D could/P be/V a/D _OOV_/N recession/N than/I usual/V :/N ``/N Once/N the/D downturn/N comes/V ,/, it/P 's/P going/V to/T be/V very/V hard/R to/T reverse/N ./, ''/N
Investors/N ,/, he/P advises/N ,/, ``/N should/P be/V cautious/N ,/, ''/J holding/V fewer/D stocks/N than/I usual/R and/C also/J _OOV_/N bonds/N ./.
Because/C he/P sees/V ``/N 5/N %/N to/T 6/N %/N base/N rate/N of/I inflation/N in/I the/D economy/N ,/, ''/R he/P doubts/N that/I interest/N rates/N will/P fall/V much/R any/D time/N soon/R ./.
Instead/N ,/, Mr./N _OOV_/N says/V ,/, investors/N ``/N probably/V should/P be/V carrying/V a/D very/N high/I level/N of/I cash/N ,/, ''/R by/I which/D he/P means/V such/J so-called/N cash/N _OOV_/N as/I _OOV_/N funds/N and/C Treasury/N bills/N ./.
_OOV_/J _OOV_/N ,/, president/N of/I _OOV_/N Financial/N Inc./N in/I _OOV_/N ,/, Pa./N ,/, also/J _OOV_/N that/D investors/N go/V heavily/N for/I cash/N ./.
He/C is/V n't/P sure/N a/D recession/N is/V coming/V ,/, but/R says/V the/D other/I likely/D alternative/J --/, _OOV_/N inflation/N --/, is/V just/R as/I bad/N ./.
``/J This/N late/N in/I an/D expansion/N ,/, ''/R the/D economy/N tends/N to/T _OOV_/N off/I either/V into/I damaging/N inflation/N or/V into/I a/D recession/N ,/, Mr./N _OOV_/N says/V ./.
The/J Federal/N Reserve/N Board/N 's/P plan/N for/I a/D ``/N soft/N landing/N ,/, ''/R he/P says/V ,/, requires/V the/D Fed/N to/T _OOV_/N ``/N an/D _OOV_/N corridor/N ./, ''/N
A/C soft/N landing/N is/V n't/P something/N that/I can/P be/V achieved/V once/R and/C for/I all/C ,/, Mr./N _OOV_/N adds/N ./.
It/C has/V to/T be/V engineered/N over/I and/C over/I again/N ,/, month/N after/I month/N ./.
He/J believes/V that/D the/D task/N facing/V Fed/N Chairman/N Alan/N Greenspan/N is/V so/V difficult/P that/D it/P resembles/N ``/N _OOV_/N a/D _OOV_/N _OOV_/N and/C a/D _OOV_/N saw/N ./, ''/N
And/N ,/, in/I a/D sense/N ,/, that/D 's/P the/D kind/N of/I task/N individuals/N face/N in/I deciding/V what/P to/T do/V about/I stocks/N --/, the/D mainstay/N of/I most/V serious/J investors/N '/P portfolios/N ./.
It/J comes/V down/I to/T a/D question/N of/I whether/V to/T try/V to/T ``/N time/N ''/, the/D market/N ./.
For/C people/N who/I can/P ride/N out/I market/N waves/N through/I good/J times/N and/C bad/N ,/, stocks/N have/V been/V rewarding/R long-term/N investments/N ./.
Most/J studies/N show/V that/D _OOV_/N investors/N historically/N have/V earned/V an/D annual/J return/V from/I stocks/N of/I 9/N %/N to/T 10/N %/N ,/, including/V both/J dividends/N and/C price/N appreciation/N ./.
That/N 's/P well/R above/I what/P bonds/N or/I bank/N certificates/N have/V paid/V ./.
Moreover/N ,/, because/V no/D one/I knows/V for/I sure/N just/R when/R a/D recession/N is/V coming/V ,/, some/D analysts/N think/V investors/N should/P n't/P even/V worry/V too/V much/R about/I timing/N ./.
``/J _OOV_/N to/T time/V the/D economy/N is/V a/D mistake/N ,/. ''/N says/V David/N Katz/N ,/, chief/J investment/N officer/N of/I Value/N _OOV_/N Management/N Inc./N in/I New/N York/N ./.
Mr./J Katz/N notes/N that/I some/D economists/N have/V been/V predicting/N a/D recession/N for/I at/I least/J two/N years/N ./.
Investors/C who/P listened/V ,/, and/C _OOV_/N up/R on/I stocks/N ,/, ``/N have/V just/R hurt/V themselves/P ,/, ''/R he/P says/V ./.
Mr./J Katz/N adds/N that/I people/N who/I jump/N in/I and/C out/I of/I the/D stock/N market/N need/N to/T be/V right/V about/I 70/N %/N of/I the/D time/N to/T beat/V a/D _OOV_/N strategy/N ./.
_OOV_/J trading/N runs/N up/I high/D commission/N costs/N ./.
And/C the/D _OOV_/N might/P miss/V the/D sudden/N _OOV_/N that/D account/N for/I much/R of/I the/D stock/N market/N 's/P gains/N over/I time/N ./.
Still/N ,/, few/D investors/N are/V able/R to/T sit/V tight/N when/I they/P are/V convinced/V a/D recession/N is/V coming/V ./.
After/C all/C ,/, in/I all/D five/N _OOV_/N since/V _OOV_/N ,/, stocks/N declined/N ./.
According/C to/T _OOV_/N Davis/N ,/, president/N of/I _OOV_/N Davis/N Research/N Inc./N in/I _OOV_/N ,/, _OOV_/N ,/, the/D average/J drop/V in/I the/D Dow/N Jones/N Industrial/N Average/N was/V about/I 21/N %/N ,/, and/C the/D decrease/N began/V an/D average/N of/I six/N months/N before/I a/D recession/N officially/N started/V ./.
By/C the/D time/N a/D recession/N is/V ``/N official/N ''/N -LRB-/N two/N consecutive/N quarters/N of/I declining/N gross/N national/N product/N -RRB-/N ,/, much/R of/I the/D damage/N to/T stocks/N has/V already/R been/V _OOV_/N ,/, in/I the/D typical/J case/N ,/, the/D recession/N is/V already/R half/I over/I ./.
About/J six/N months/N before/I a/D recession/N ends/N ,/, stocks/N typically/D begin/V to/T rise/N again/N ,/, as/I investors/N anticipate/V a/D recovery/N ./.
The/C average/N recession/N lasts/V about/I a/D year/N ./.
Unfortunately/N ,/, though/V ,/, _OOV_/N vary/V enough/N in/I length/N so/V that/I the/D average/N ca/V n't/P reliably/V be/V used/V to/T guide/N investors/N in/I timing/N stock/N sales/N or/J purchases/N ./.
But/C whatever/P their/P advice/N about/I timing/N ,/, none/N of/I these/D experts/N recommend/V _OOV_/N stocks/N entirely/N during/I a/D recession/N ./.
For/C the/D portion/N of/I an/D investor/N 's/P portfolio/N that/I stays/V in/I stocks/N ,/, professionals/N have/V a/D number/N of/I suggestions/N ./.
Mr./J Katz/N _OOV_/N issues/N with/I low/J _OOV_/N ratios/N --/, that/I is/V ,/, low/J prices/N in/I relation/N to/T the/D company/N 's/P earnings/N per/D share/N ./.
``/J _OOV_/N _OOV_/N ''/J stocks/N ,/, he/P says/V ,/, _OOV_/N _OOV_/N others/N ``/N during/I a/D recession/N or/V bear/N market/N ./, ''/N
In/C good/I times/N ,/, he/P says/V ,/, they/P lag/N a/D bit/N ,/, but/V overall/N they/P provide/V superior/J performance/N ./.
_OOV_/J _OOV_/N _OOV_/N investors/N to/T discard/V stocks/N in/I small/J companies/N ./.
_OOV_/J shares/N typically/D fall/V more/J than/I _OOV_/N stocks/N in/I a/D recession/N ,/, he/P says/V ./.
And/N in/I any/D case/N ,/, he/P argues/N ,/, stocks/N of/I small/J companies/N are/V ``/N almost/V as/I overpriced/N as/I they/P were/V Sept./N 30/N ,/, 1987/N ,/, just/R before/I the/D crash/N ./, ''/N
For/J example/N ,/, Mr./N _OOV_/N says/V ,/, stocks/N of/I small/J companies/N are/V selling/V for/I about/I 19/N times/N cash/N flow/N ./.
_OOV_/J flow/N ,/, basically/R earnings/N plus/I depreciation/N ,/, is/V one/N common/I _OOV_/N of/I a/D company/N 's/P financial/J health/N ./, -RRB-/N
That/J ratio/N is/V _OOV_/N close/I to/T the/D ratio/N of/I _OOV_/N that/I prevailed/N before/I the/D 1987/N _OOV_/N crash/N ,/, Mr./N _OOV_/N says/V ./.
And/C it/P 's/P way/N above/I the/D ratio/N -LRB-/N _OOV_/N times/N cash/N flow/N -RRB-/N that/I bigger/J companies/N are/V selling/V for/I ./.
Another/C major/I trick/N in/I making/V a/D portfolio/N _OOV_/N is/V choosing/V stocks/N in/I ``/N defensive/N ''/J industries/N ./.
Food/N ,/, tobacco/N ,/, drugs/N and/C utilities/N are/V the/D classic/J examples/N ./.
Recession/C or/N not/R ,/, people/N still/V eat/N ,/, smoke/N ,/, and/C take/V medicine/N when/I they/P 're/V sick/C ./.
George/J _OOV_/N III/N ,/, editor/N of/I _OOV_/N _OOV_/N in/I Boston/N ,/, offers/V one/I final/J tip/N for/I _OOV_/N investors/N ./.
``/J _OOV_/N some/D money/N available/V for/I opportunities/N ,/, ''/R he/P says/V ./.
``/J If/N the/D recession/N does/J hit/N ,/, there/V will/P be/V some/D great/D investment/N opportunities/N just/R when/D things/N seem/V the/D _OOV_/N ./, ''/N
Mr./J Dorfman/N covers/V investing/N issues/N from/I The/N Wall/N Street/N Journal/N 's/P New/N York/N bureau/N ./.
Some/J industry/N groups/N consistently/N weather/N the/D storm/N better/R than/I others/N ./.
The/C following/I shows/V the/D number/N of/I times/N these/D industries/N outperformed/N the/D Standard/N &/, Poor/N 's/P _OOV_/N Index/N during/I the/D first/D six/N months/N of/I the/D past/J seven/N _OOV_/N ./.
Bond/J prices/N posted/V strong/J gains/N as/I investors/N went/V on/I a/D bargain/C hunt/N ./.
But/N while/I the/D overall/J market/N improved/N ,/, the/D _OOV_/N junk-bond/N market/N continued/V to/T count/V _OOV_/N ,/, even/V as/I junk-bond/N prices/N rose/N ./.
Yesterday/N ,/, Prudential-Bache/N Securities/N Inc./N said/V it/P _OOV_/N a/D $/N _OOV_/N million/C senior/N subordinated/N _OOV_/N offering/N by/I York/N International/N Corp/N ./.
And/J Donaldson/N ,/, Lufkin/N &/, Jenrette/N Securities/N Corp./N _OOV_/N to/T restructure/N and/C improve/V the/D potential/N returns/N on/I a/D $/N _OOV_/N million/C _OOV_/N offering/N by/I Chicago/N &/, North/N Western/N Acquisition/N Corp./N that/I was/V still/R being/V negotiated/N late/N last/J night/N ./.
The/J issue/N by/I Chicago/N &/, North/N Western/N is/V one/N of/I the/D so-called/N good/I junk-bond/N offerings/N on/I the/D _OOV_/N calendar/N ./.
Some/J analysts/N said/V the/D restructuring/N of/I the/D railroad/N concern/N 's/P issue/N shows/V how/R tough/I it/P is/V for/I underwriters/N to/T sell/V even/V the/D junk/N bonds/N of/I a/D company/N considered/V to/T be/V a/D relatively/V good/J credit/N risk/N ./.
Since/C last/J week/N 's/P junk-bond/N market/N _OOV_/N ,/, many/D new/J issues/N of/I high-yield/N ,/, high-risk/N corporate/N bonds/N have/V either/R been/V scaled/N back/I ,/, delayed/V or/J dropped/V ./.
On/J Wednesday/N ,/, Drexel/N Burnham/N Lambert/N Inc./N had/V to/T _OOV_/N the/D size/N of/I Continental/N Airlines/N '/P junk-bond/N offering/N to/T $/P 71/N million/C from/I $/P 150/N million/C ./.
Salomon/J Brothers/N Inc./N has/V delayed/V Grand/N Union/N Co./N 's/P $/P _OOV_/N billion/N junk-bond/N offering/N while/I it/P _OOV_/N the/D transaction/N ./.
Last/J week/N ,/, the/D Grand/N Union/N offering/N was/V sweetened/N to/T include/V warrants/N that/I allow/V _OOV_/N to/T acquire/V common/J stock/N ./.
Prudential-Bache/N said/V the/D York/N issue/N was/V delayed/V because/V of/I market/N conditions/N ./.
``/J _OOV_/N is/V going/V through/I _OOV_/N right/N now/R ,/, and/C -LCB-/N Chicago/N &/, North/N Western/N -RCB-/N is/V no/D exception/N ,/, ''/R said/V _OOV_/N _OOV_/N ,/, vice/N president/N ,/, high-yield/N research/N ,/, at/I _OOV_/N ./.
_OOV_/J managers/N say/V _OOV_/N like/I equity/N _OOV_/N and/C _OOV_/N protective/P _OOV_/N may/P increasingly/I be/V required/V to/T sell/V junk-bond/N deals/N ./.
Dan/J _OOV_/N ,/, managing/N director/N of/I high-yield/N investments/N at/I Chancellor/N Capital/N Management/N ,/, said/V the/D Chicago/N &/, North/N Western/N offering/N was/V restructured/N in/I part/N because/I ``/N several/I large/J insurance/N buyers/N right/N now/R are/V demanding/V equity/N as/I part/N of/I the/D package/N ./.
If/C you/N 're/V going/V to/T take/V the/D risk/N in/I this/D market/N ,/, you/R want/V something/N extra/N ./, ''/N
Mr./J _OOV_/N likes/V the/D offering/N ./.
But/C several/I mutual-fund/N managers/N ,/, nervous/N about/I the/D deteriorating/N quality/N of/I their/P junk-bond/N portfolios/N and/C shy/C about/I buying/N new/J issues/N ,/, said/V they/P 're/V staying/V away/I from/I any/D junk/J security/N that/I is/V n't/P considered/V first/D rate/N for/I its/P class/N ./.
While/C they/P consider/V the/D Chicago/N &/, North/N Western/N issue/N to/T be/V good/R ,/, they/P do/V n't/P view/N it/P as/I the/D best/J ./.
To/J lure/N buyers/N to/T the/D Chicago/N &/, North/N Western/N bonds/N ,/, portfolio/N managers/N said/V Donaldson/N Lufkin/N sweetened/N the/D transaction/N by/I offering/N the/D bonds/N with/I a/D _OOV_/N interest/N rate/N and/C a/D 10/N %/N equity/N _OOV_/N ./.
The/J bonds/N are/V expected/V to/T have/V a/D 14/N %/N coupon/N rate/N ./.
The/C equity/N arrangement/N apparently/I would/P allow/V _OOV_/N to/T buy/V a/D total/J of/I 10/N %/N of/I the/D stock/N of/I _OOV_/N Corp./N ,/, Chicago/N &/, North/N Western/N 's/P parent/N company/N ./.
Donaldson/J Lufkin/N declined/N to/T comment/V on/I the/D restructuring/N ./.
According/C to/T some/D analysts/N familiar/V with/I the/D negotiations/N ,/, the/D 10/N %/N of/I equity/N would/P come/V directly/I from/I Donaldson/N Lufkin/N and/C a/D fund/N affiliated/N with/I the/D investment/N bank/N _OOV_/N Group/N ,/, which/D would/R reduce/V their/P _OOV_/N equity/N holdings/N by/I 5/N %/N each/C ./.
That/C would/P leave/V the/D _OOV_/N fund/N with/I a/D 60/N %/N stake/N and/C Donaldson/N Lufkin/N with/I 15/N %/N ./.
Despite/C the/D problems/N with/I new/J issues/N ,/, high-yield/N bonds/N showed/V gains/N in/I the/D secondary/N ,/, or/J resell/N ,/, market/N ./.
_OOV_/J bonds/N ended/V about/I one-half/N point/V higher/J with/I so-called/N high-quality/N issues/N from/I RJR/N Capital/N Holdings/N Corp./N and/C _OOV_/N Gas/N Service/N Limited/N _OOV_/N rising/N one/I point/N ./.
In/C the/D Treasury/N market/N ,/, the/D benchmark/N 30-year/N bond/N rose/V _OOV_/N point/N ,/, or/V $/N 8.75/N for/I each/D $/N 1,000/N face/N amount/N ./.
The/N gain/V reflects/N fresh/N economic/N evidence/N that/I inflation/N is/V _OOV_/N while/I the/D economy/N _OOV_/N ./.
That/J raised/V hopes/N that/I interest/N rates/N will/P continue/V to/T move/V lower/I ./.
The/J Labor/N Department/N reported/V that/D consumer/J prices/N rose/V just/R 0.2/N %/N last/J month/N ,/, slightly/N lower/I than/I some/D economists/N had/V expected/N ./.
But/C there/V were/V also/J rumors/N yesterday/, that/D several/D Japanese/N institutional/N investors/N were/V shifting/N their/P portfolios/N and/C buying/N long-term/N bonds/N while/I selling/N _OOV_/N Treasurys/N ./.
Short-term/J Treasury/N securities/N ended/V narrowly/N mixed/V ,/, with/I two-year/N notes/N posting/N slight/I declines/N while/I three-year/I notes/N were/V slightly/V higher/J ./.
Yesterday/N ,/, the/D Fed/N executed/V four-day/N matched/V sales/N ,/, a/D technical/J trading/N operation/N designed/V to/T drain/N reserves/N from/I the/D banking/N system/N ./.
The/J move/V was/V interpreted/V by/I some/D economists/N as/I a/D sign/V that/D the/D Fed/N does/V n't/P want/V the/D federal/J funds/N rate/N to/T move/V any/I lower/I than/I the/D 8/N %/N at/I which/D it/P has/V been/V _OOV_/N around/I during/I the/D past/J week/N ./.
The/C closely/N watched/V funds/N rate/N is/V what/P banks/N charge/N each/D other/J on/I overnight/N loans/N ./.
It/C is/V considered/V an/D early/J signal/N of/I Fed/N credit/N policy/N changes/N ./.
``/J The/N fact/V that/D they/P did/V four-day/N matched/V sales/N means/V they/P are/V not/R in/I a/D mood/N to/T ease/N aggressively/N ./.
They/C are/V telling/V us/N that/I -LCB-/N 8/N %/N -RCB-/N is/V as/I low/J as/I they/P want/V to/T see/V the/D fed/V funds/N rate/N ,/, ''/R said/V Robert/N _OOV_/N at/I _OOV_/N Bank/N PLC/N ./.
The/J benchmark/N 30-year/N bond/N was/V quoted/V late/N at/I a/D price/N of/I 101/N to/T yield/N _OOV_/N %/N ,/, compared/V with/I 100/N to/T yield/N _OOV_/N %/N Wednesday/N ./.
The/C latest/I 10-year/N notes/N were/V quoted/V late/N at/I 100/N to/T yield/N _OOV_/N %/N ,/, compared/V with/I 99/N to/T yield/N _OOV_/N %/N ./.
Short-term/J rates/N rose/N yesterday/, ./.
The/J discount/N rate/N on/I three-month/N Treasury/N bills/N rose/V to/T _OOV_/N %/N from/I _OOV_/N %/N Wednesday/N ,/, while/I the/D rate/N on/I six-month/N bills/N rose/V to/T _OOV_/N %/N from/I _OOV_/N %/N ./.
Meanwhile/N ,/, the/D Treasury/N sold/V $/P _OOV_/N billion/N of/I _OOV_/N bills/N yesterday/N ./.
The/C average/N yield/N on/I the/D bills/N was/V _OOV_/N %/N ,/, down/I from/I _OOV_/N %/N at/I the/D previous/D _OOV_/N bill/N auction/N Sept./N 21/N ./.
Yesterday/N 's/P yield/N was/V the/D lowest/J since/V _OOV_/N %/N on/I July/N 27/N ./.
Here/C are/V details/N of/I the/D auction/N :/.
Rates/C are/V determined/V by/I the/D difference/N between/I the/D purchase/N price/N and/C face/N value/N ./.
Thus/N ,/, higher/J bidding/N narrows/N the/D investor/N 's/P return/V while/I lower/I bidding/N widens/N it/N ./.
The/C percentage/N rates/N are/V calculated/V on/I a/D 360-day/N year/N ,/, while/I the/D coupon-equivalent/N yield/N is/V based/V on/I a/D 365-day/N year/N ./.
_OOV_/J bond/N price/N climbed/V yesterday/, despite/V skittishness/N in/I the/D _OOV_/N market/N for/I high-yield/N securities/N ./.
Dealers/N said/V junk/N bond/N issues/N on/I average/N were/V up/R by/I to/T point/V with/I so-called/N quality/N issues/N from/I RJR/N Capital/N Holdings/N Corp./N and/C _OOV_/N Gas/N Service/N Limited/N _OOV_/N posting/N _OOV_/N gains/N ./.
_OOV_/J Gas/N Service/N 's/P 13/N %/N debentures/N traded/N at/I 102/N ,/, after/I trading/N around/I par/N earlier/I this/D week/N ,/, and/C RJR/N 's/P 13/N %/N subordinated/N debentures/N of/I 2001/N were/V at/I 101/N after/I trading/N at/I below/J par/N earlier/I this/D week/N ./.
Investment-grade/J bonds/N were/V unchanged/N ./.
Activity/N was/V brisk/N in/I the/D _OOV_/N general/N obligation/N market/N ,/, as/I a/D series/N of/I sell/V lists/N hit/V the/D Street/N and/C capped/N upward/N price/N movement/N in/I the/D sector/N ./.
Traders/C estimated/V that/I more/J than/I $/P 140/N million/C of/I _OOV_/N bonds/N was/V put/V up/R for/I sale/N via/I _OOV_/N lists/N circulated/V by/I a/D handful/N of/I major/J brokers/N ./.
There/C was/V speculation/N that/I the/D supply/N was/V coming/V from/I a/D commercial/N bank/N 's/P portfolios/N ./.
According/C to/T market/N participants/N ,/, the/D bonds/N were/V met/V with/I decent/J bids/N ,/, but/R the/D volume/N of/I paper/N left/V high/D _OOV_/N in/I the/D 10-year/N and/C under/I maturity/J range/N unchanged/N to/T _OOV_/N percentage/N point/V higher/J in/I yield/N ./.
_OOV_/C from/I the/D general/N obligation/N sector/N ,/, activity/N was/V modest/N ./.
Long/J dollar/N bonds/N were/V flat/, to/T up/I point/N ./.
New/J Jersey/N _OOV_/N Authority/N 's/P 7.20/N %/N issue/N of/I _OOV_/N was/V up/R at/I 98/N bid/N to/T yield/N about/I 7.32/N %/N ,/, down/I _OOV_/N percentage/N point/N ./.
The/J debt/N of/I some/D California/N issuers/N pulled/V off/I lows/N reached/V after/I Tuesday/N 's/P massive/D earthquake/N ,/, although/V traders/N said/V market/N participants/N remained/N cautious/N ./.
California/J expects/N to/T rely/V on/I federal/N emergency/N funds/N and/C its/P $/N _OOV_/N billion/N in/I general/J fund/N reserves/N to/T meet/V the/D estimated/V $/N 500/N million/C to/T $/P 1/N billion/N in/I damages/N resulting/V from/I the/D quake/N ,/, according/V to/T a/D state/N official/N ./.
It/N 's/P also/R unclear/V precisely/I how/P the/D state/N will/P _OOV_/N its/P reserve/N ,/, said/V _OOV_/N Katz/N ,/, assistant/N director/N of/I California/N 's/P department/N of/I finance/N ,/, although/V she/P noted/V that/D a/D bond/N offering/N for/I that/D purpose/N is/V n't/P anticipated/V ./.
Meanwhile/N ,/, new/J issuance/N was/V slow/V ./.
The/J largest/J sale/N in/I the/D competitive/J _OOV_/N was/V a/D $/N _OOV_/N million/J issue/N of/I school/N financing/N bonds/N from/I the/D _OOV_/N Public/N School/N Authority/N ./.
A/J balance/N of/I $/N _OOV_/N million/C remained/N in/I late/J _OOV_/N ,/, according/V to/T the/D lead/V manager/N ./.
Mortgage/J securities/N generally/D ended/V to/T point/V higher/J ,/, but/R _OOV_/N gains/N in/I the/D Treasury/N market/N because/V of/I a/D shift/N in/I the/D shape/N of/I the/D Treasury/N yield/N curve/N and/C rumored/N mortgage/N sales/N by/I thrifts/N ./.
_OOV_/J Government/N National/N Mortgage/N Association/N securities/N with/I coupon/N rates/N of/I 13/N %/N and/C higher/J actually/I declined/N amid/N concerns/N about/I increased/V prepayments/N because/V of/I a/D plan/N being/V considered/V by/I Congress/N to/T speed/N the/D refinancing/N of/I _OOV_/N mortgages/N ./.
Ginnie/J Mae/N 13/N %/N securities/N were/V down/I about/I at/I _OOV_/N ./.
If/C the/D refinancing/N plan/N clears/V Congress/N ,/, there/V could/P be/V fairly/V heavy/J prepayments/N on/I the/D premium/N securities/N ,/, hurting/N any/D investor/N paying/V much/R above/D par/N for/I them/P ./.
In/C the/D _OOV_/N sector/N ,/, a/D shift/N in/I the/D Treasury/N yield/N curve/N resulting/V from/I the/D better/J performance/N of/I _OOV_/N issues/N over/I _OOV_/N securities/N hurt/V major/J _OOV_/N because/I it/P will/R become/V more/R difficult/P to/T structure/N new/J derivative/N securities/N offerings/N ./.
Ginnie/J Mae/N 9/N %/N securities/N ended/V at/I 98/N ,/, up/P 9/N ,/, 9/N %/N
%/N to/T a/D 12-year/N average/N life/N assumption/N ,/, as/I the/D spread/V above/D the/D Treasury/N 10-year/N note/N widened/N _OOV_/N percentage/N point/V to/T _OOV_/N ./.
While/J Remic/N issuance/N may/P slow/V in/I the/D coming/V days/N because/I of/I the/D shift/N in/I the/D Treasury/N yield/N curve/N ,/, underwriters/N continued/V to/T _OOV_/N out/I new/D real/J estate/N mortgage/N investment/N conduits/N structured/N when/I the/D yield/N curve/N was/V more/J favorable/N ./.
Two/C new/J _OOV_/N _OOV_/N $/N 900/N million/C were/V announced/V by/I Freddie/N Mac/N yesterday/, ./.
British/J government/N bonds/N ended/V little/J changed/V as/I investors/N awaited/N an/D economic/J policy/N address/V last/J night/N by/I Chancellor/N of/I the/D _OOV_/N Nigel/N _OOV_/N ./.
The/J Treasury/N 11/N %/N bond/N due/V was/V down/I at/I 111/N to/T yield/N _OOV_/N %/N ,/, while/I the/D 11/N %/N notes/N due/V 1991/N were/V unchanged/N at/I 98/N to/T yield/N _OOV_/N %/N ./.
In/J Japan/N ,/, the/D bellwether/N No./N 111/N 4.6/N %/N bond/N of/I 1998/N ended/V off/R _OOV_/N at/I _OOV_/N ,/, to/T yield/N _OOV_/N %/N ,/, and/C in/I West/N Germany/N ,/, the/D 7/N %/N benchmark/N issue/N due/V October/N 1999/N ended/V _OOV_/N point/V lower/I at/I _OOV_/N to/T yield/N _OOV_/N %/N ./.
