``/N We/N 're/N strongly/N recommending/N that/I anyone/N who/N has/V eaten/N in/I the/I cafeteria/N this/N month/N have/V the/D shot/N ,/, ''/N Mr./N _OOV_/N added/N ,/, ``/N and/I that/I means/N virtually/N everyone/N who/N works/N here/N ./.
I/, was/N appalled/N to/N read/N the/I _OOV_/N of/I facts/N in/N your/N Oct./N 13/N editorial/N ``/N _OOV_/N 's/N _OOV_/N _OOV_/N ./. ''/N
It/N is/V the/I _OOV_/N guerrillas/N who/N are/V aligned/N with/I the/I drug/N traffickers/N ,/, not/V the/I left/N wing/N ./.
This/N information/N was/N gleaned/N from/I your/N own/N news/N stories/N on/I the/I region/N ./.
Past/N _OOV_/N government/N tolerance/N of/I the/I ``/N _OOV_/N ''/N was/N due/V to/N the/I drug/N lords/N '/N history/N of/I wiping/N out/N leftists/N in/I the/I hinterlands/N ./.
Mary/N _OOV_/N Palo/N Alto/N ,/, Calif/N ./.
I/, suggest/V that/N The/D Wall/N Street/N Journal/N -LRB-/N as/I well/N as/I other/I U.S./N news/N publications/N of/I like/N mind/N -RRB-/N should/N put/V its/N money/N where/I its/N mouth/N is/N :/N _OOV_/N computer/N equipment/N to/N replace/V that/N damaged/V at/I El/N _OOV_/N ,/, buy/N ad/N space/N ,/, publish/N stories/N under/N the/I _OOV_/N of/I El/N _OOV_/N journalists/N ./.
Perhaps/N an/D arrangement/N could/N be/V worked/N out/I to/N ``/N sponsor/N ''/N El/N _OOV_/N journalists/N and/N staff/N by/I paying/N for/I added/N security/N in/I exchange/N for/I exclusive/N stories/N ./.
_OOV_/N El/N _OOV_/N 's/N courage/N with/N real/D support/N ./.
Douglas/N B./N Evans/N
_OOV_/N Co/N ./. -LRB-/N Atlanta/N -RRB-/N --/N _OOV_/N _OOV_/N and/I George/N _OOV_/N were/N elected/N vice/N presidents/N of/I this/N _OOV_/N company/N ./.
Mr./N _OOV_/N ,/, 46/N years/N old/N ,/, is/N the/I company/N 's/N director/N of/I quality/N assurance/N ;/, most/N recently/N ,/, he/N served/V as/I vice/N president/N ,/, operations/N ,/, for/I Coca-Cola/N _OOV_/N ./.
Mr./N _OOV_/N ,/, 48/N ,/, is/N manager/N for/I corporate/N manufacturing/N operations/N ;/N he/P was/V assistant/N vice/N president/N at/I the/I company/N ./.
In/I the/I wake/N of/I a/D slide/N in/I sterling/N ,/, a/I tailspin/N in/I the/I stock/N market/N ,/, and/N a/D string/N of/I problematic/N economic/N indicators/N ,/, British/N Chancellor/N of/I the/I _OOV_/N Nigel/N _OOV_/N promised/N gradual/N improvement/N in/I the/I U.K./N economy/N ./.
In/I a/I speech/N prepared/N for/I delivery/N to/N London/N 's/N financial/N community/N ,/, Mr./N _OOV_/N summed/N up/I current/N economic/N policy/N as/N a/D battle/N to/N _OOV_/N inflation/N out/N of/I the/I British/N economy/N ,/, using/V high/N interest/N rates/N as/I ``/N the/I essential/N instrument/N ''/N to/N carry/V out/I the/I campaign/N ./.
Two/N weeks/N after/I boosting/N base/N rates/N to/N 15/N %/N ,/, he/N pledged/N that/I ``/N rates/N will/N have/V to/V remain/V high/I for/I some/I time/N to/N come/N ./. ''/N
Mr./N _OOV_/N also/N made/V it/N clear/D that/N he/V would/N be/V watching/N exchange/N rates/N carefully/N ./.
A/N sinking/N pound/N makes/N imports/N more/N expensive/V and/I increases/N businesses/N '/N expectations/N of/I future/N inflation/N ,/, he/N argued/N ./.
In/I an/I apparent/N warning/N to/N currency/N traders/N who/N have/V lately/N been/N selling/N the/I British/N currency/N ,/, he/N stated/V that/I the/I exchange/N rates/N will/N have/V a/D ``/N major/N role/N in/I the/I assessment/N of/I monetary/N conditions/N ./. ''/N
In/I reaffirming/N the/I current/N monetary/N policy/N of/I using/V high/N interest/N rates/N to/N fight/N inflation/N and/N shore/N up/N the/I pound/N ,/, Mr./N _OOV_/N dismissed/N other/I approaches/N to/N managing/N the/I economy/N ./.
He/N said/V he/P monitors/N the/I _OOV_/N figures/N ,/, but/V does/V n't/N give/V them/N paramount/N importance/N ,/, as/I some/I private/N and/I government/N economists/N have/N suggested/N ./.
Mr./N _OOV_/N also/I dismissed/N the/I possibility/N of/I imposing/N direct/N credit/N controls/N on/I Britain/N 's/N financial/N system/N ./.
Mr./N _OOV_/N 's/N speech/N ,/N delivered/N at/I the/I Lord/N Mayor/N of/I London/N 's/N annual/N dinner/N at/I _OOV_/N House/N ,/, came/N on/I the/I heels/N of/I a/D grueling/N period/N for/I the/I U.K./N economy/N ./.
Two/N weeks/N ago/N ,/, in/N a/D campaign/N to/N blunt/N inflation/N at/I home/N and/I arrest/N a/I world-wide/N plunge/N in/I the/I pound/N ,/, he/N raised/N base/N rates/N a/I full/N percentage/N point/N to/N 15/N %/N ./.
Despite/N the/I increase/N ,/, the/N British/N currency/N slid/N below/N a/I perceived/N threshold/N of/I three/N marks/N early/N last/N week/N ./.
It/V was/N quoted/V at/I _OOV_/N marks/N in/I late/N New/N York/N trading/N Wednesday/N ./.
_OOV_/N up/N to/N the/I speech/N was/N a/D _OOV_/N of/I economic/N statistics/N suggesting/N that/I the/I British/N war/N on/I inflation/N will/N be/V more/N bruising/N than/N previously/I assumed/V ./.
_OOV_/N in/I September/N dropped/V to/N _OOV_/N ,/, the/I lowest/N level/N since/N 1980/N ./.
While/N lower/I _OOV_/N is/V generally/I good/N news/N ,/, the/I hefty/N drop/N last/N month/N indicates/N that/I the/I economy/N is/N n't/N slowing/N down/I as/I much/V as/I hoped/N --/N despite/N a/D doubling/N of/I interest/N rates/N over/I the/I last/N 16/N months/N ./.
Meanwhile/N ,/, average/N earnings/N in/I Britain/N were/V up/N 8.75/N %/N in/N August/N over/I the/I previous/N year/N ./.
Another/N inflationary/N sign/N came/N in/I a/D surge/N in/I _OOV_/N lending/N to/N a/I record/N #/N _OOV_/N billion/N -LRB-/N $/N _OOV_/N billion/N -RRB-/N last/N month/N ,/, a/I much/V higher/I level/N than/N economists/N had/N predicted/N ./.
In/I a/I separate/I speech/N prepared/N for/I delivery/N at/I the/I dinner/N ,/, Robin/N _OOV_/N ,/, Bank/N of/I England/N governor/N ,/, conceded/N that/I ``/N demand/N pressures/N were/V even/V more/N buoyant/N than/N had/V been/V appreciated/N ''/N when/N the/I British/N economy/N was/N heating/N up/I last/N year/N ./.
He/N added/V that/N ``/N there/N 's/V no/N _OOV_/N solution/N ''/N to/N the/I economic/N woes/N ,/, and/N said/V ``/N tight/N monetary/N policy/N is/N the/I right/N approach/N ./. ''/N
_OOV_/N the/I recent/D slide/N in/I stock/N prices/N ,/, the/I central/N bank/N governor/N stated/V that/N ``/N the/I markets/N now/N appear/V to/N have/V _OOV_/N ''/N after/I the/I ``/N nasty/N jolt/N ''/N of/I the/I _OOV_/N plunge/N in/I the/I Dow/N Jones/N Industrial/N Average/N a/I week/N ago/N ./.
Although/N the/I New/N York/N market/N plunge/N prompted/N a/D _OOV_/N drop/N in/I the/I London/N Financial/N Times-Stock/N Exchange/N 100/N Share/N Index/N ,/, Mr./N _OOV_/N declared/N ``/N that/I the/I experience/N owed/N nothing/I to/N the/I particular/N problems/N of/I the/I British/N economy/N ./. ''/N
Specifically/N ,/, he/N pointed/V out/I that/N compared/V with/I the/I U.S./N market/N ,/, the/I U.K./N has/V far/V fewer/N highly/N leveraged/N junk-bond/N _OOV_/N ./.
_OOV_/N future/N monetary/N arrangements/N ,/, Mr./N _OOV_/N repeated/N the/I Thatcher/N government/N 's/N commitment/N to/N join/N the/I exchange/N rate/N mechanism/N of/I the/I European/N _OOV_/N System/N ,/, but/V he/P did/V n't/N indicate/V when/N ./.
C./N Olivetti/N &/N Co./N ,/, claiming/N it/I has/N won/N the/I race/N in/I Europe/N to/V introduce/N computers/N based/N on/I a/I powerful/I new/N microprocessor/N chip/N ,/, unveiled/N its/N _OOV_/N computer/N yesterday/N ./.
The/N product/N is/N the/I first/I from/I a/I European/N company/N based/V on/I Intel/N Corp./N 's/N new/N _OOV_/N _OOV_/N microprocessor/N ,/, which/N works/N several/I times/N faster/N than/N previously/I available/N chips/N ./.
Hewlett-Packard/N Co./N became/N the/I first/I company/N world-wide/N to/N announce/V a/D product/N based/V on/I the/I chip/N earlier/V this/N month/N ,/, but/V it/N wo/N n't/V start/N shipping/N the/N computers/N until/N early/N next/N year/N ./.
An/N Olivetti/N spokesman/N said/V the/I company/N 's/N factories/N are/N already/V beginning/N to/V produce/V the/I machine/N ,/, and/N that/I it/N should/I be/V available/N in/I Europe/N by/I December/N ./.
``/N What/N this/I means/N is/V that/N _OOV_/N will/N have/V these/I machines/N in/I their/N offices/N before/I Americans/N do/N ,/, ''/N the/I spokesman/N said/N ./.
The/V new/N chip/N ``/N is/N a/D very/N big/N step/N in/I computing/N ,/, and/N it/N is/V important/N that/N Olivetti/N be/V one/N of/I the/I first/I out/N on/I the/I market/N with/N this/N product/N ,/, ''/N said/N _OOV_/N _OOV_/N Davis/N ,/, an/N analyst/N at/I James/N _OOV_/N &/N Co./N in/I London/N ./.
Executives/N at/I Olivetti/N ,/, whose/N earnings/N have/N been/V steadily/N sliding/N over/I the/I past/N couple/N of/I years/N ,/, have/N acknowledged/V that/I in/I the/I past/N they/N have/V lagged/N at/I getting/N new/N technology/N to/N market/N ./.
Ms./N Davis/N said/V the/I new/N machines/N could/N steal/N some/I sales/N away/N from/I Olivetti/N 's/N own/N minicomputers/N ,/, but/V would/N bring/V new/N sales/N among/N professionals/N such/N as/D engineers/N ,/, _OOV_/N and/I medical/N doctors/N ./.
Although/N Olivetti/N 's/N profits/N tumbled/N 40/N %/N in/I the/I first/I half/N of/I this/N year/N ,/, she/N believes/N Olivetti/N 's/N restructuring/N last/N fall/N and/I its/D introduction/N of/I new/N products/N will/N begin/V to/N bear/N fruit/N with/N an/N earnings/N rebound/N next/I year/N ,/, especially/N if/N it/N can/I fulfill/N its/D promise/N to/N deliver/N the/I new/N machines/N by/N December/N ./.
``/N We/N think/N the/I worst/N is/V over/I ''/N in/N the/I European/N _OOV_/N market/N ,/, she/N said/N ./.
Depending/N on/I the/I type/N of/N software/N and/N peripherals/N used/N ,/, the/I machines/N can/N serve/V either/N as/I the/I main/D computer/N in/I a/D network/N of/I many/I terminals/N -LRB-/N a/I role/N usually/I filled/V by/I a/D minicomputer/N -RRB-/N ,/, as/N a/D technical/N workstation/N or/N as/I a/D very/N fast/N personal/I computer/N ./.
``/N It/N 's/N the/I missing/N link/N ''/N in/I Olivetti/N 's/N product/N line/N between/I small/D personal/N computers/N and/N _OOV_/N minicomputers/N ,/, the/I Olivetti/N spokesman/N said/N ./.
He/N added/V that/N Olivetti/N will/N continue/N making/V its/D _OOV_/N minicomputer/N line/N ./.
The/N machines/N will/N cost/N around/I $/N _OOV_/N on/I average/N in/I Europe/N ./.
The/N Intel/N _OOV_/N chip/N can/N process/N 15/N million/N instructions/N per/N second/N ,/, or/N _OOV_/N ,/, while/N Intel/N 's/N previous/I _OOV_/N chip/N could/N handle/N only/I 3/N to/N 6/N _OOV_/N ./.
Olivetti/N also/I plans/N to/N sell/N the/I _OOV_/N computer/N in/I the/I U.S./N starting/N next/I year/N through/I Olivetti/N USA/N and/N through/I its/D _OOV_/N unit/N ,/, which/N specializes/N in/I automating/N _OOV_/N networks/N ./.
_OOV_/N Inc./N said/V it/N received/N approval/N from/I the/I French/N government/N for/I its/D proposed/N $/N _OOV_/N million/N acquisition/N of/I _OOV_/N _OOV_/N ./.
The/N approval/N satisfies/N the/I remaining/N conditions/N of/I the/I purchase/N ,/, which/N is/V expected/N to/N close/I within/I two/N weeks/N ./.
_OOV_/N ,/, the/I second-largest/N maker/N of/I food/N cans/N in/I France/N ,/, had/V 1988/N sales/N of/I $/N 150/N million/N ./.
_OOV_/N has/V _OOV_/N workers/N at/I four/N canning/N manufacturing/N plants/N and/N one/N plastic/N container/N facility/N ./.
_OOV_/N makes/N flexible/N packaging/N films/N and/N machinery/N ,/, and/N materials/N for/I the/I food/N and/N pharmaceutical/N industries/N ./.
Social/N Security/N benefits/N will/N rise/N _OOV_/N %/N next/N year/N to/N keep/N pace/N with/I inflation/N ,/, boosting/N the/I average/N monthly/N benefit/N to/N $/N _OOV_/N from/I $/N _OOV_/N ,/, the/N Department/N of/N Health/N and/N Human/N Services/N announced/N ./.
The/D higher/I payments/N will/N start/V with/N Social/N Security/N checks/N received/N on/I Jan./N 3/N ,/, 1990/N ./.
_OOV_/N Security/N Income/N payments/N to/N the/I disabled/N also/I will/N rise/N _OOV_/N %/N ,/, starting/N with/I checks/N received/N on/I Dec./N 29/N ,/, 1988/N ,/, increasing/N the/I maximum/N _OOV_/N payment/N to/N $/N _OOV_/N from/I $/N _OOV_/N a/I month/N ./.
The/N inflation/N adjustment/N also/N means/N that/I the/I maximum/N annual/N level/N of/I earnings/N subject/N to/N the/I wage/N tax/N that/N generates/N revenue/N for/I the/I Social/N Security/N trust/N fund/N will/N rise/N to/N $/N _OOV_/N in/I 1990/N from/I $/N _OOV_/N this/I year/N ./.
As/N mandated/N by/I law/N ,/, the/I tax/N rate/N will/N rise/N to/N _OOV_/N %/N in/I 1990/N from/I _OOV_/N %/N and/N wo/N n't/N rise/N any/N further/I in/I the/I future/N ./.
This/I means/N that/I the/I maximum/N yearly/N Social/N Security/N tax/N paid/N by/I workers/N and/N employers/N each/N will/N rise/N $/N _OOV_/N next/N year/N to/N $/N _OOV_/N ./.
_OOV_/N aged/N 65/N through/I 69/N will/N be/V able/V to/N earn/N $/N _OOV_/N without/I losing/V any/N Social/N Security/N benefits/N in/I 1990/N ,/, up/N from/I $/N _OOV_/N this/I year/N ./.
The/N exempt/N amount/N for/N beneficiaries/N under/N 65/N will/N rise/N to/N $/N _OOV_/N from/I $/N _OOV_/N ./.
The/D adjustments/N reflect/V the/D increase/N in/I the/I consumer/N price/N index/N for/I urban/N wage/N earners/N and/N clerical/N workers/N from/I the/I third/N quarter/N of/I last/N year/N to/N the/I third/N quarter/N of/I this/N year/N ./.
_OOV_/N companies/N should/N get/N healthier/N in/I the/I third/N quarter/N ./.
_OOV_/N houses/N are/N expected/N to/N report/N earnings/N increases/N of/I about/N 15/N %/N on/I average/N for/I the/I third/N quarter/N ,/, despite/N sales/N increases/N of/I less/V than/N 10/N %/N ,/, analysts/N say/N ./.
To/N offset/N sluggish/N sales/N growth/N ,/, companies/N have/N been/V cutting/N staff/N ,/, mostly/N through/I attrition/N ,/, and/N slowing/N the/I growth/N in/I research/N and/N development/N spending/N ./.
Sales/N growth/N in/I the/I quarter/N was/N slowed/N by/I mounting/N pressure/N from/I groups/N of/I buyers/N ,/, such/N as/I hospitals/N ,/, to/N hold/V down/I prices/N ./.
_OOV_/N were/V also/I hurt/N by/I the/I stronger/N U.S./N dollar/N ,/, which/N makes/N sales/N abroad/N more/N difficult/N ./.
In/I some/I cases/N ,/, competition/N has/N squeezed/N margins/N ./.
_OOV_/N ,/, _OOV_/N &/N Co./N ,/, for/I example/N ,/, faces/N stiff/N competition/N from/I a/I Japanese/N supplier/N in/I the/I important/N syringe/N market/N ./.
The/N Franklin/N Lakes/N ,/, N.J./N ,/, company/N is/N expected/N to/N report/N sales/N growth/N of/I only/N 5/N %/N to/N 6/N %/N ,/, but/V should/V still/D maintain/N earnings/N growth/N of/I 10/N %/N ,/, says/N _OOV_/N E./N _OOV_/N ,/, an/N analyst/N with/I Duff/N &/N Phelps/N Inc/N ./.
Among/N the/I first/I of/I the/I group/N to/N post/N results/N ,/, Abbott/N Laboratories/N said/N third-quarter/N net/N income/N jumped/N 14/N %/N to/N $/N _OOV_/N million/N ,/, or/N 88/N cents/N a/I share/N ,/, from/I $/N _OOV_/N million/N ,/, or/N _OOV_/N cents/N a/I share/N ,/, a/I year/N earlier/N ./.
Sales/N for/I the/I company/N ,/, based/V in/I Abbott/N Park/N ,/, Ill./N ,/, rose/N _OOV_/N %/N to/N $/N 1.31/N billion/N from/I $/N _OOV_/N billion/N ./.
_OOV_/N International/N Inc./N yesterday/N reported/N net/N climbed/N 20/N %/N in/I the/I third/N period/N to/N $/N 102/N million/N ,/, or/N 34/N cents/N a/I share/N ,/, from/I $/N 85/N million/N ,/, or/N 28/N cents/N a/I share/N ,/, a/I year/N earlier/N ./.
Sales/N for/I the/I _OOV_/N ,/, Ill./N ,/, company/N rose/N 5.8/N %/N to/N $/N _OOV_/N billion/N from/I $/N 1.71/N billion/N ./.
But/N not/V every/D company/N expects/N to/N report/N increased/N earnings/N ./.
C.R./N Bard/N Inc./N yesterday/N said/N third-quarter/N net/N plunged/N 51/N %/N to/N $/N _OOV_/N million/N ,/, or/N 18/N cents/N a/I share/N ,/, from/I $/N 20/N million/N ,/, or/N 35/N cents/N a/I share/N ,/, a/I year/N earlier/N ./.
Sales/N fell/N 1.2/N %/N to/N $/N _OOV_/N million/N from/I $/N _OOV_/N million/N ./.
The/N Murray/N Hill/N ,/, N.J./N ,/, company/N said/N full-year/N earnings/N may/N be/V off/I 33/N cents/N a/I share/N because/V the/I company/N removed/V a/D catheter/N from/I the/I market/N ./.
In/I 1988/N ,/, the/I company/N earned/N $/N _OOV_/N a/I share/N ./.
The/N Food/N and/N Drug/N Administration/N had/V raised/N questions/N about/N the/D device/N 's/N design/N ./.
Some/N analysts/N add/V that/I _OOV_/N pressures/N to/N reduce/N health/N costs/N will/N continue/N to/N _OOV_/N companies/N '/N bottom/N lines/N ./.
Takeover/N speculation/N ,/, which/N has/V been/N _OOV_/N stocks/N of/I supply/N houses/N ,/, may/N also/I ease/N ,/, says/N Peter/N _OOV_/N ,/, an/N analyst/N with/I Drexel/N Burnham/N Lambert/N Inc/N ./.
``/N As/N that/N _OOV_/N ,/, you/N 're/N going/N to/N see/N the/I stocks/N probably/N wane/N as/I well/N ,/, ''/N he/N says/N ./.
_OOV_/N companies/N ,/, meanwhile/N ,/, are/N reporting/N improved/N earnings/N ./.
_OOV_/N by/I strong/N performances/N by/I its/D psychiatric/N hospitals/N ,/, National/N Medical/N _OOV_/N Inc./N ,/, Los/N Angeles/N ,/, reported/N net/N income/N of/I $/N 50/N million/N ,/, or/N 65/N cents/N a/I share/N ,/, for/I the/I first/I quarter/N ended/N Aug./N 31/N ,/, up/N from/I $/N 41/N million/N ,/, or/N 56/N cents/N a/I share/N ,/, a/I year/N earlier/N ./.
_OOV_/N Inc./N ,/, Louisville/N ,/, Ky./N ,/, also/N reported/N favorable/N results/N ,/, with/I net/N income/N of/I $/N 66.7/N million/N ,/, or/N 66/N cents/N ,/, in/I the/I fourth/N quarter/N ended/N Aug./N 31/N ,/, up/N from/I $/N _OOV_/N million/N ,/, or/N 59/N cents/N ,/, a/I year/N earlier/N ./.
Analysts/N say/N the/D handful/N of/I hospital/N companies/N that/N are/V still/V publicly/N traded/N are/N benefiting/N from/I several/I trends/N ./.
Most/N important/N ,/, hospital/N admission/N rates/N are/N stabilizing/N after/I several/I years/N of/I decline/N ./.
Moreover/N ,/, companies/N have/N sold/V off/I many/I of/I their/V smaller/N ,/, less-profitable/N hospitals/N and/N have/V completed/V painful/N _OOV_/N ./.
_OOV_/N 's/N revenues/N ,/, for/I example/N ,/, are/V being/N boosted/N by/I large/D increases/N in/I enrollments/N in/I the/I company/N 's/N health/N maintenance/N organizations/N ./.
_OOV_/N _OOV_/N _OOV_/N ,/, an/N analyst/N with/I _OOV_/N _OOV_/N _OOV_/N :/N ``/N The/N shakeout/N in/I the/I publicly/N traded/N companies/N is/N over/I ./.
Initial/N claims/N for/I regular/N state/N unemployment/N benefits/N rose/N to/V a/D seasonally/N adjusted/N _OOV_/N during/I the/I week/N ended/N Oct./N 7/N from/I _OOV_/N the/I previous/N week/N ,/, the/I Labor/N Department/N said/N ./.
The/N number/N of/I people/N receiving/N regular/N state/N benefits/N in/I the/I week/N ended/N Sept./N 30/N decreased/N to/V a/D seasonally/N adjusted/N _OOV_/N ,/, or/N 2.2/N %/N of/I those/N covered/N by/I unemployment/N insurance/N ,/, from/I _OOV_/N the/I previous/N week/N ,/, when/I the/I insured/N unemployment/N rate/N also/I was/N 2.2/N %/N ./.
_OOV_/N all/I state/N and/I federal/N benefit/N programs/N ,/, the/I number/N of/I people/N receiving/N unemployment/N benefits/N in/I the/I week/N ended/N Sept./N 30/N fell/N to/N _OOV_/N from/I _OOV_/N a/I week/N earlier/N ./.
These/N figures/N are/N n't/N seasonally/N adjusted/N ./.
A/N Labor/N Department/N spokesman/N said/V the/I unusually/N high/I number/N of/I initial/N claims/N for/I state/N unemployment/N benefits/N reflects/N the/D impact/N of/I Hurricane/N Hugo/N on/I southern/N states/N ,/, particularly/N North/N Carolina/N and/N South/N Carolina/N ./.
The/N figure/N also/I may/N reflect/V initial/N claims/N filed/N by/I striking/N _OOV_/N Corp./N workers/N who/N have/V become/V eligible/N for/I unemployment/N benefits/N ,/, the/I official/N said/N ./.
Digital/N Equipment/N Corp./N reported/N a/I 32/N %/N decline/N in/I net/N income/N on/I a/I modest/N revenue/N gain/N in/I its/D fiscal/N first/I quarter/N ,/, causing/N some/I analysts/N to/N predict/V weaker/I results/N ahead/N than/N they/N had/V expected/N ./.
Although/N the/I second-largest/N computer/N maker/N had/V prepared/N Wall/N Street/N for/I a/I poor/N quarter/N ,/, analysts/N said/V they/N were/I troubled/N by/I signs/N of/I flat/N U.S./N orders/N and/N a/D slowdown/N in/I the/I rate/N of/I gain/N in/I foreign/N orders/N ./.
The/N Maynard/N ,/, Mass./N ,/, company/N is/N in/I a/D transition/N in/I which/I it/N is/V trying/N to/N reduce/V its/N reliance/N on/I _OOV_/N machines/N and/N establish/V a/D presence/N in/I workstations/N and/I mainframes/N ./.
Net/N for/I the/I quarter/N ended/N Sept./N 30/N fell/N to/N $/N _OOV_/N million/N ,/, or/N $/N _OOV_/N a/I share/N ,/, from/I $/N _OOV_/N million/N ,/, or/N $/N 1.71/N a/I share/N ,/, a/I year/N ago/N ./.
Revenue/N rose/N 6.4/N %/N to/N $/N _OOV_/N billion/N from/I $/N _OOV_/N billion/N ./.
Digital/N said/N a/D shift/N in/N its/D product/N mix/N toward/N _OOV_/N products/N and/N strong/N growth/N in/I workstation/N sales/N yielded/N lower/I gross/N margins/N ./.
A/N spokesman/N also/N said/V margins/N for/I the/I company/N 's/N service/N business/N narrowed/N somewhat/V because/N of/I heavy/N investments/N made/N in/I that/N sector/N ./.
The/D lack/N of/I a/I strong/N product/N at/I the/I high/I end/N of/I Digital/N 's/N line/N was/N a/D significant/N drag/N on/I sales/N ./.
Digital/N hopes/N to/N address/N that/N with/I the/I debut/N of/N its/D first/I _OOV_/N computers/N next/N Tuesday/N ./.
The/V new/N line/N is/N aimed/N directly/N at/I International/N Business/N Machines/N Corp/N ./.
``/N Until/N the/I new/N mainframe/N products/N kick/N in/N ,/, there/N wo/N n't/N be/V a/I lot/N of/I revenue/N contribution/N at/I the/I high/I end/N ,/, and/N that/N 's/N hurt/N us/N ,/, ''/N said/N Mark/N _OOV_/N ,/, Digital/N 's/N director/N of/N investor/N relations/N ./.
He/N said/V unfavorable/N currency/N translations/N were/N also/I a/D factor/N in/I the/I quarter/N ./.
_OOV_/N shares/N rose/N $/N 1.375/N to/N $/N _OOV_/N apiece/N in/I consolidated/N New/N York/N Stock/N Exchange/N trading/N yesterday/N ./.
But/N analysts/N said/V that/N against/I the/I backdrop/N of/I a/I nearly/V _OOV_/N rise/N in/I the/I Dow/N Jones/N Industrial/N Average/N ,/, that/N should/V n't/N necessarily/N be/V taken/V as/I a/D sign/N of/I great/N strength/N ./.
Some/N cut/N their/N earnings/N estimates/N for/I the/I stock/N this/N year/N and/N predicted/N more/N efforts/N to/N control/N costs/N ahead/N ./.
``/N I/, think/N the/I next/N few/D quarters/N will/N be/V difficult/N ,/, ''/N said/N Steven/N _OOV_/N of/I First/N Boston/N ./.
``/N _OOV_/N will/N remain/V under/I pressure/N ,/, and/N when/I the/I new/N mainframe/N does/N ship/N ,/N I/, 'm/N not/V sure/N it/N will/N be/V a/I big/N winner/N ./.
''/N Mr./N _OOV_/N said/V he/P was/N revising/N his/I estimate/N for/I _OOV_/N 's/N current/N year/N from/I $/N 8.20/N a/I share/N to/N ``/N well/N below/N $/N 8/N ,/, ''/N although/N he/P has/V n't/N settled/N on/I a/I final/N number/N ./.
One/N troubling/N aspect/N of/I _OOV_/N 's/N results/N ,/, analysts/N said/N ,/, was/N its/D performance/N in/I Europe/N ./.
_OOV_/N said/V its/D overseas/N business/N ,/, which/N now/N accounts/N for/I more/N than/N half/N of/I sales/N ,/, improved/N in/I the/I quarter/N ./.
It/V even/N took/V the/I unusually/N frank/N step/N of/I telling/N analysts/N in/I a/I morning/N conference/N call/N that/I orders/N in/I Europe/N were/V up/N in/I ``/N double/N digits/N ''/N in/I foreign-currency/N terms/N ./.
That/N gain/N probably/N translated/N into/I about/N 5/N %/N to/N 7/N %/N in/N dollar/N terms/N ,/, well/N below/I recent/N quarters/N '/N gains/N of/I above/I 20/N %/N ,/, reckons/N Jay/N _OOV_/N of/I _OOV_/N _OOV_/N _OOV_/N ./.
``/N That/N was/V a/D disappointment/N ''/N and/N a/D sign/N of/I overall/N _OOV_/N softness/N in/I Europe/N ,/, Mr./N _OOV_/N said/N ./.
Marc/N _OOV_/N ,/, with/N _OOV_/N Securities/N in/N New/N York/N ,/, dropped/N his/D estimate/N of/I _OOV_/N 's/N full-year/N net/N to/N $/N _OOV_/N a/I share/N from/I $/N 8/N ./.
Although/N overall/N revenues/N were/V stronger/N ,/, Mr./N _OOV_/N said/N ,/, _OOV_/N ``/N drew/N down/I its/N European/N backlog/N ''/N and/N had/V flat/N world-wide/N orders/N overall/N ./.
``/N The/N bottom/N line/N is/V that/I it/N 's/N more/N hand/N to/N mouth/N than/N it/N has/V been/N before/I ,/, ''/N he/N said/N ./.
Mr./N _OOV_/N said/V he/P believes/N that/I the/I _OOV_/N of/I _OOV_/N 's/N new/N mainframe/N will/N ``/N occur/N somewhat/V more/N leisurely/N ''/N than/N many/I of/I his/D investment/N colleagues/N expect/N ./.
He/N said/V current/N expectations/N are/N for/I an/N entry/N level/N machine/N to/N be/V shipped/N in/I December/N ,/, with/N all/I of/I the/I more/N sophisticated/N versions/N out/N by/I June/N ./.
For/N reasons/N he/V would/N n't/V elaborate/N on/N ,/, he/N said/V he/P 's/N sure/N that/N schedule/N wo/N n't/N be/V met/N ,/, meaning/N less/N profit/N impact/N from/I the/I product/N for/I _OOV_/N in/I the/I next/N few/D quarters/N ./.
John/N R./N _OOV_/N contributed/N to/V this/N article/N ./.
Colgate/N _OOV_/N Co./N reported/N third-quarter/N net/N income/N rose/N 27/N %/N ,/, bolstered/N by/I strong/N sales/N in/I its/N Latin/N American/N business/N and/N surprisingly/N healthy/N profits/N from/I U.S./N operations/N ./.
Colgate/N said/N net/N income/N for/I the/I quarter/N rose/N to/N $/N _OOV_/N million/N ,/, or/N $/N _OOV_/N a/I share/N ,/, on/I sales/N that/I increased/N 6/N %/N to/N $/N 1.3/N billion/N ./.
In/I the/I year-earlier/N period/N ,/, Colgate/N posted/N net/N income/N of/I $/N _OOV_/N million/N ,/, or/N 88/N cents/N a/I share/N ./.
Last/N year/N 's/N results/N included/N earnings/N from/I discontinued/N operations/N of/I $/N 13.1/N million/N ,/, or/N 19/N cents/N a/I share/N ./.
_OOV_/N Mark/N ,/, chairman/N and/I chief/N executive/N officer/N of/I Colgate/N ,/, said/N earnings/N growth/N was/N fueled/V by/I strong/N sales/N in/I Latin/N America/N ,/, the/I Far/N East/N and/N Europe/N ./.
Results/N were/V also/I bolstered/N by/I ``/N a/I very/N meaningful/I increase/N in/I operating/N profit/N at/I Colgate/N 's/N U.S./N business/N ,/, ''/N he/N said/N ./.
Operating/N profit/N at/I Colgate/N 's/N U.S./N household/N products/N and/N personal/D care/N businesses/N ,/, which/N include/N such/N well-known/N brands/N as/I Colgate/N toothpaste/N and/I _OOV_/N laundry/N detergent/N ,/, jumped/N more/N than/N 40/N %/N ,/, the/I company/N said/N ./.
Mr./N Mark/N attributed/V the/I improvement/N to/N cost/N savings/N achieved/N by/I consolidating/N manufacturing/N operations/N ,/, blending/N together/N two/N sales/N organizations/N and/N more/N carefully/N focusing/N the/I company/N 's/N promotional/N activities/N ./.
``/N We/N 've/N done/N a/D lot/N to/V improve/N -LRB-/N U.S/N ./. -RRB-/N results/N and/N a/D lot/N more/N will/N be/V done/N ,/, ''/N Mr./N Mark/N said/N ./.
``/N _OOV_/N profitability/N of/I U.S./N operations/N is/N an/D extremely/N high/I priority/N in/I the/I company/N ./. ''/N
Colgate/N 's/N results/N were/N at/I the/I high/I end/N of/I the/I range/N of/I analysts/N '/N forecasts/N ./.
The/N scope/N of/I the/I improvement/N in/I the/I U.S./N business/N caught/N some/I analysts/N by/I surprise/N ./.
The/N company/N 's/N domestic/N business/N ,/, especially/N its/D household/N products/N division/N ,/, has/N performed/V poorly/N for/I years/N ./.
Analysts/N say/N the/D earnings/N improvement/N came/N from/I cutting/N costs/N rather/N than/N increasing/D sales/N ./.
For/N the/I nine/N months/N ,/, net/N increased/N 14/N %/N to/N $/N _OOV_/N million/N ,/, or/N $/N _OOV_/N a/I share/N ./.
Sales/N rose/N 7/N %/N to/N $/N 3.8/N billion/N ./.
The/N company/N earned/N $/N _OOV_/N million/N ,/, or/N $/N 2.79/N a/I share/N ,/, in/I the/I year-earlier/N period/N ./.
Colgate/N 's/N 1988/N net/N income/N included/N $/N _OOV_/N million/N ,/, or/N 59/N cents/N a/I share/N ,/, from/I discontinued/N operations/N ./.
Colgate/N sold/N its/D hospital/N supply/N and/I home/N health/N care/N business/N last/N year/N ./.
Separately/N ,/, Colgate/N Wednesday/N finalized/N an/N agreement/N with/N _OOV_/N Corp./N ,/, a/I tiny/N dental/N products/N and/N pharmaceutical/N concern/N based/V in/I _OOV_/N ,/, Mass./N ,/, to/N market/N in/I the/I U.S./N four/N of/I _OOV_/N 's/N _OOV_/N dental/N products/N ./.
The/N products/N --/N _OOV_/N and/I bonding/N materials/N used/N by/I dentists/N --/N all/N contain/N fluoride/N that/I is/V released/N over/I time/N ./.
The/D move/N is/V part/N of/I a/D drive/N to/N increase/N Colgate/N 's/N business/N with/N dentists/N ,/, a/I company/N spokeswoman/N said/N ./.
Terms/N of/I the/I agreement/N were/N n't/N given/N ./.
_OOV_/N Limited/N _OOV_/N said/V it/N completed/V the/I sale/N of/I its/D _OOV_/N restaurant/N franchise/N system/N to/N a/I subsidiary/N of/I _OOV_/N Co./N for/I $/N 71/N million/N in/I cash/N ./.
_OOV_/N ,/, which/N is/V nearly/N _OOV_/N by/I Sam/N and/I Charles/N _OOV_/N of/I Dallas/N ,/, said/V it/N will/N distribute/N proceeds/N from/I the/I sale/N to/N unit/N holders/N as/I a/I _OOV_/N dividend/N as/N soon/V as/I possible/N ./.
The/N _OOV_/N franchise/N system/N ,/, which/N generates/N about/I $/N 600/N million/N in/I sales/N annually/N ,/, represented/N substantially/N all/I of/I the/I partnership/N 's/N assets/N ./.
The/N sale/N of/I the/I system/N has/N been/N challenged/V in/I a/D class-action/N suit/N on/I behalf/N of/I unit/N holders/N filed/N last/N week/N in/I a/D Delaware/N court/N ,/, _OOV_/N said/N ./.
The/N company/N said/V it/N believes/N the/I suit/N is/N without/I merit/N ./.
American/N Telephone/N &/N Telegraph/N Co./N unveiled/N a/I sweetened/N pension/N and/N _OOV_/N program/N for/I management/N that/I it/N hopes/N will/N enable/I it/N to/V save/N $/N _OOV_/N million/N in/I the/I next/N year/N ./.
AT&T/N also/N said/V net/N income/N rose/N 19/N %/N in/I the/I third/N quarter/N ./.
AT&T/N said/V its/D amended/N pension/N program/N will/N nearly/D double/N to/N _OOV_/N the/I number/N of/I managers/N eligible/N to/N retire/N with/I immediate/N pension/N payments/N ./.
AT&T/N said/V that/N based/V on/I studies/N of/I other/N companies/N that/N have/V offered/V retirement/N plans/N ,/, it/N expects/N about/I one-third/N of/I its/D eligible/N managers/N to/N retire/N under/I the/I new/N program/N ./.
AT&T/N said/N third-quarter/N net/N income/N grew/N ,/, despite/N stiff/N competition/N in/I all/I of/I the/I company/N 's/N markets/N ./.
Net/N income/N rose/N to/N $/N _OOV_/N million/N ,/, or/N 65/N cents/N a/I share/N ,/, from/I the/I year-earlier/N $/N _OOV_/N million/N or/N 55/N cents/N a/I share/N ./.
Revenue/N edged/N up/I to/N $/N 8.9/N billion/N from/I $/N _OOV_/N billion/N ./.
The/V latest/N period/N 's/N net/N was/N reduced/V $/N 102/N million/N ,/, or/N nine/N cents/N a/I share/N ,/, for/I a/D change/N in/I depreciation/N method/N and/N concurrent/N changes/N in/I estimates/N of/I _OOV_/N lives/N and/I net/N salvage/N for/I certain/I telecommunications/N equipment/N ./.
The/N results/N roughly/N matched/N estimates/N of/I securities/N analysts/N ,/, who/N were/I encouraged/N by/I AT&T/N increasing/N its/D operating/N margin/N to/N 13/N %/N from/I 11/N %/N a/I year/N ago/N ,/, because/N of/I continued/N _OOV_/N efforts/N ./.
Sales/N of/I long-distance/N services/N ,/, an/N extremely/V competitive/N market/N ,/, rose/N 6.4/N %/N ./.
But/N the/I growth/N was/V partly/N offset/N by/I lower/N equipment/N sales/N and/N rentals/N and/N price/N cuts/N on/I some/I products/N ./.
Under/N the/I amended/N pension/N program/N ,/, AT&T/N managers/N who/N have/V at/I least/N five/N years/N of/N service/N will/N have/V five/N years/N added/N to/V their/N age/N and/N length/N of/I service/N for/I pension/N purposes/N ./.
Managers/N who/N retire/N Dec./N 30/N will/N have/V an/D additional/N 15/N %/N added/N to/V their/N monthly/N pension/N for/I as/I long/N as/I five/N years/N or/N age/N 65/N ,/, whichever/N comes/V earlier/N ./.
An/N AT&T/N spokeswoman/N said/V the/I company/N would/N likely/N replace/V about/N one-third/N of/I its/D managers/N who/N choose/N to/N retire/V with/I new/N employees/N ./.
Analysts/N hailed/N the/I sweetened/N pension/N package/N ,/, which/N they/N said/V had/V been/N the/I subject/N of/I rumors/N for/I several/I months/N ./.
``/N This/I tells/N you/N AT&T/N is/V serious/N about/N continuing/N to/V manage/N their/I cost/N structure/N and/N is/V committed/N to/N _OOV_/N earnings/N growth/N ,/, ''/N said/N Jack/N _OOV_/N ,/, an/N analyst/N with/I PaineWebber/N Inc/N ./.
But/N other/I analysts/N expressed/N disappointment/N that/I the/I _OOV_/N move/N wo/N n't/N result/N in/I even/V greater/N earnings/N growth/N ./.
``/N This/I is/N a/D good/N move/N ,/, but/V it/N only/D gets/N you/N to/N where/I people/N 's/N expectations/N already/N are/N ,/, ''/N in/I terms/N of/I earnings/N growth/N ,/, said/N Joel/N D./N _OOV_/N ,/, an/N analyst/N with/I Donaldson/N ,/, Lufkin/N &/N Jenrette/N ./.
Mr./N _OOV_/N said/V he/P had/V hoped/N that/N a/D cost/N savings/N of/I $/N _OOV_/N million/N would/N result/N in/I even/V greater/N growth/N than/N the/I 20/N %/N annual/N earnings/N increase/N AT&T/N has/N told/V analysts/N it/N expects/N in/I the/I future/N ./.
AT&T/N said/V the/I special/N retirement/N option/N will/N increase/N fourth-quarter/N expenses/N ./.
But/N the/I company/N said/N the/I amount/N ca/N n't/V be/N determined/V until/V it/N knows/N how/N many/I managers/N opt/N to/N retire/N ./.
AT&T/N said/V the/I expense/N increase/N will/N be/V largely/V offset/N by/I a/D gain/N from/I its/I previously/I announced/N plan/N to/N swap/N its/D holdings/N in/I Ing/N ./. C./N Olivetti/N &/N Co./N for/I shares/N in/I Cie/N ./. _OOV_/N _OOV_/N ,/, an/N Italian/N holding/N company/N ./.
For/N the/I nine/N months/N ,/, AT&T/N said/N net/N income/N was/N $/N _OOV_/N billion/N ,/, or/N $/N 1.85/N a/I share/N ,/, up/N 19/N %/N from/I $/N _OOV_/N billion/N ,/, or/N $/N 1.56/N a/I share/N ./.
Revenue/N gained/N 3.1/N %/N to/N $/N _OOV_/N billion/N from/I $/N 26/N billion/N ./.
In/I composite/N trading/N yesterday/N on/I the/I New/N York/N Stock/N Exchange/N ,/, AT&T/N shares/N closed/N at/I $/N _OOV_/N ,/, up/N 87.5/N cents/N ./.
When/N it/N comes/V to/N buying/N and/N selling/N shares/N ,/, _OOV_/N Capital/N Management/N Inc./N takes/N a/D back/I seat/N to/N no/I one/N ./.
Every/N dollar/N 's/N worth/N of/I stock/N in/I the/I Los/N Angeles/N money/N manager/N 's/N portfolio/N is/N traded/N seven/N or/N eight/N times/N a/I year/N ,/, the/I firm/N estimates/N ./.
That/N makes/N it/N the/I most/V active/N trader/N among/N all/I the/I nation/N 's/N investment/N advisers/N ,/, according/V to/N Securities/N and/N Exchange/N Commission/N filings/N ./.
But/N wait/N a/D second/N ./.
_OOV_/N Capital/N is/V an/D index/N fund/N --/N the/I type/N of/N _OOV_/N long-term/N investor/N whose/I goal/N is/V to/V be/V nothing/V more/N than/N average/N ./.
_OOV_/N Capital/N 's/N frenetic/N trading/N reflects/N the/D changes/N sweeping/N through/I the/I previously/I sleepy/N world/N of/I indexing/N ./.
_OOV_/N for/I the/I most/N part/N has/N involved/V simply/N buying/N and/N then/I holding/N stocks/N in/I the/I correct/I mix/N to/N mirror/N a/I stock/N market/N barometer/N ,/, such/N as/I Standard/N &/N Poor/N 's/N 500-stock/N index/N ,/, and/N match/N its/I performance/N ./.
_OOV_/N investors/N have/N poured/N $/N 210/N billion/N into/I stock/N and/N bond/N indexing/N as/I a/I cheap/N and/I easy/N form/N of/I investment/N management/N that/N promises/N to/N post/N average/N market/N returns/N ./.
These/N big/N investors/N have/V flocked/N to/N indexing/N because/V relatively/N few/I ``/N active/N ''/N stock/N pickers/N have/V been/V able/V to/V consistently/N match/N the/I returns/N of/I the/I S&P/N 500/N or/N other/I _OOV_/N ,/, much/V less/N beat/N it/N ./.
And/N the/I fees/N investors/N pay/N for/I indexing/N run/N a/I few/N pennies/N for/I each/N $/N 100/N of/I assets/N --/N a/N fraction/N of/I the/I cost/N of/I active/V managers/N ./.
That/N 's/N because/N computers/N do/N most/V of/I the/I work/N ,/, and/N low/N trading/N activity/N keeps/N a/D lid/N on/I commission/N costs/N ./.
But/N today/N ,/, indexing/N is/V moving/N from/I a/I passive/N investment/N strategy/N to/N an/I increasingly/N active/V one/N ./.
Because/N _OOV_/N managers/N are/N no/D longer/I satisfied/N with/I merely/N being/N average/N ,/, they/N have/V developed/N ``/N enhanced/N ''/N indexing/N strategies/N that/N are/V intended/N to/N outperform/N the/I market/N as/N much/V as/I three/N percentage/N points/N ./.
``/N _OOV_/N has/N been/V the/I most/V single/N successful/N investment/N concept/N in/I the/I last/N decade/N ,/, but/V the/I index/N money/N has/N been/V just/N sort/N of/I sitting/N there/N ,/, ''/N says/N _OOV_/N M./N _OOV_/N ,/, president/N of/I _OOV_/N _OOV_/N Investors/N Inc./N ,/, an/N _OOV_/N based/V in/I _OOV_/N ,/, _OOV_/N ./.
``/N Now/N the/I interest/N is/N in/I what/N else/V can/N I/, do/N with/I that/N money/N ./. ''/N
Among/N the/I _OOV_/N indexing/N strategies/N :/N _OOV_/N portfolios/N can/N be/V built/V around/I thousands/N of/I stocks/N ,/, or/N just/V a/I few/N dozen/N ,/, rather/N than/N being/N restricted/V to/V the/I S&P/N 500/N companies/N ./.
They/N can/I ignore/V the/I S&P/N 500/N stocks/N altogether/N and/I focus/N on/I particular/N types/N of/I stocks/N ,/, such/N as/I smaller/N companies/N ,/, those/N paying/N high/I dividends/N or/N companies/N in/I a/I particular/N industry/N ,/, state/N or/N country/N ./.
With/N today/N 's/N _OOV_/N program/N trading/N techniques/N ,/, index/N funds/N can/N trade/N back/N and/I forth/N between/I stock-index/N futures/N and/N the/I actual/N stocks/N making/N up/N indexes/N such/N as/I the/I S&P/N 500/N ./.
Futures/N and/N options/N also/N make/V it/V possible/N to/V build/N ``/N synthetic/N ''/N index/N funds/N that/N do/N n't/V actually/I own/N a/D single/N share/N of/I stock/N ,/, but/V can/N produce/V returns/N that/I match/N or/I exceed/N the/I broad/N stock/N market/N ./.
One/N reason/N for/I these/I hybrids/N is/V that/N indexing/N 's/N rapid/N growth/N is/N slowing/N ,/, particularly/N for/I those/N ``/N plain/N vanilla/N ''/N funds/N that/N mirror/N the/I 500/N ./.
``/N There/N is/V n't/N a/I _OOV_/N -LCB-/N of/I big/N investors/N -RCB-/N out/I there/V still/V waiting/N to/V get/N into/I indexing/N ,/, ''/N says/N P./N James/N _OOV_/N ,/, vice/N president/N of/I _OOV_/N Investment/N Management/N Co./N ,/, Chicago/N ,/, which/N offers/N both/I indexing/N and/N active/V management/N services/N ./.
After/N tripling/N in/I size/N in/I the/I past/N five/N years/N ,/, index/N funds/N now/N hold/V about/N 20/N %/N of/I the/I stock/N owned/N by/I pension/N funds/N ./.
A/N further/N problem/N is/N _OOV_/N profits/N ./.
_OOV_/N funds/N have/V become/V so/V commonplace/I that/N fees/N they/N can/I charge/N have/N plunged/N to/V almost/V nothing/N ,/, and/N in/I some/I cases/N are/N just/V that/N ./.
To/N land/N customers/N for/I their/V _OOV_/N stock/N custodial/N business/N ,/, big/N banks/N sometimes/I will/N throw/N in/I basic/N indexing/N services/N for/I free/N ./.
``/N It/N 's/N like/N getting/N a/D free/N toaster/N when/V you/N open/N an/D account/N ,/, ''/N says/N _OOV_/N _OOV_/N 's/N Mr./N _OOV_/N ./.
As/N a/I result/N ,/, _OOV_/N have/V been/N looking/N for/I ways/N to/N give/N investors/N something/N more/N than/N the/I average/N for/I their/N money/N ./.
And/N many/I have/V been/V successful/N ,/, as/N in/I the/I case/N of/I the/I index/N fund/N operated/N by/I _OOV_/N _OOV_/N Capital/N ./.
_OOV_/N Capital/N has/N used/V enhanced/N indexing/N techniques/N to/N beat/N the/I S&P/N 500/N 's/N returns/N by/I 2.5/N to/N 3/N percentage/N points/N over/I the/I past/N four/N years/N ,/, with/N the/I same/N risk/N level/N as/I holding/V the/I S&P/N 500/N stocks/N ,/, according/V to/N James/N _OOV_/N ,/, the/I firm/N 's/N president/N ./.
_OOV_/N vary/V for/I _OOV_/N Capital/N ,/, which/N has/V $/N 300/N million/N under/I management/N ./.
The/N firm/N sometimes/I buys/N S&P/N 500/N futures/N when/V they/N are/N selling/N at/I a/D discount/N to/N the/I actual/N stocks/N ,/, and/N will/I switch/N back/I and/I forth/N between/I stocks/N and/N stock-index/N futures/N to/N take/V advantages/N of/I any/N momentary/N price/N _OOV_/N ./.
Mr./N _OOV_/N also/N goes/N through/I periods/N when/V he/V buys/N stocks/N in/I conjunction/N with/N options/N to/N boost/N returns/N and/I protect/N against/N declines/N ./.
And/N in/I some/I months/N ,/, he/P buys/N stock-index/N futures/N and/N not/D stocks/N at/I all/N ./.
``/N By/N their/I nature/N ,/, our/N trades/N are/N very/N short-term/N and/I are/V going/N to/V create/V high/N turnover/N ,/, ''/N Mr./N _OOV_/N adds/N ./.
``/N The/V more/N turnover/N ,/, the/I better/N for/I our/N clients/N ./. ''/N
Big/N _OOV_/N Bankers/N Trust/N Co./N also/N uses/N futures/N in/I a/D strategy/N that/N on/I average/N has/V added/V one/N percentage/N point/N to/V its/D enhanced/N fund/N 's/N returns/N ./.
J./N Thomas/N _OOV_/N ,/, president/N of/I _OOV_/N Advanced/N Investment/N Management/N Inc./N ,/, agrees/N it/N 's/N a/I good/N idea/N to/N jump/N between/I the/I S&P/N 500/N stocks/N and/N futures/N ./.
``/N You/N 're/N buying/N the/I S&P/N ,/, and/N you/N always/N want/N to/N hold/V the/I cheapest/N form/N of/I it/N ,/, ''/N he/N says/N ./.
But/N some/I _OOV_/N make/V little/N or/N no/D use/N of/I futures/N ,/, saying/N that/I these/I instruments/N present/N added/N risks/N for/I investors/N ./.
``/N If/N the/I futures/N markets/N have/V a/D problem/N ,/, then/N those/N products/N could/N have/V a/D problem/N ,/, ''/N says/N John/N _OOV_/N ,/, managing/N director/N of/I Prudential/N Insurance/N Co./N of/I America/N 's/N Investment/N Index/N Technologies/N Inc./N unit/N ./.
Prudential/N currently/N is/V seeking/N approval/N to/N offer/N a/I new/N fund/N offering/N a/I return/V equal/N to/V the/I S&P/N 500/N index/N plus/N of/I a/D percentage/N point/N ./.
An/N added/N feature/N is/N that/I the/I _OOV_/N improved/N return/V would/N be/V guaranteed/N by/I Prudential/N ./.
There/V are/V many/I other/I strategies/N to/N bolster/N the/I returns/N of/I index/N funds/N ./.
They/N include/N :/N
LIMITED/N RISK/N FUNDS/N :/N These/N guarantee/N protection/N against/N stock/N market/N declines/N while/N still/D passing/N along/N most/N gains/N ./.
Here/N a/N fund/N may/N promise/N to/N pay/N back/N ,/, say/N ,/, $/N 95/N of/I every/D $/N 100/N invested/N for/I a/D year/N ,/, even/V if/N the/D market/N goes/N much/I lower/N ./.
The/N fund/N could/N invest/N $/N 87/N for/I one/N year/N in/I Treasury/N bills/N yielding/N 8/N %/N to/N return/V the/I guaranteed/N $/N 95/N ./.
That/N leaves/N $/N 13/N ,/, which/N could/V be/V used/V to/V buy/N S&P/N 500/N options/N that/N will/N nearly/D match/N any/N gain/N in/I the/I S&P/N index/N ./.
_OOV_/N _OOV_/N FUNDS/N :/N Say/N a/I big/N investor/N is/N interested/N in/I growth/N stocks/N ./.
Instead/N of/I hiring/N one/N of/I the/I many/I active/V managers/N specializing/N in/I growth/N stocks/N ,/, _OOV_/N can/I design/N a/I portfolio/N around/I the/I same/N stocks/N ;/N the/I portfolio/N will/N be/V maintained/V by/I computer/N ,/, reducing/N both/I fees/N and/N ,/, in/N theory/N ,/, risk/N -LRB-/N because/N of/I the/I large/D number/N of/I stocks/N -RRB-/N ./.
``/N We/N see/N a/N lot/N of/I interest/N in/I those/N kind/N of/I things/N ,/, ''/N says/N Frank/N _OOV_/N ,/, a/I vice/N president/N of/I Bankers/N Trust/N ./.
``/N People/N comfortable/N with/I the/I passive/N approach/N are/N using/V them/N for/I other/N strategies/N ./. ''/N
_OOV_/N FUNDS/N :/N This/N is/V an/D index/N fund/N with/N a/D bet/N ./.
Instead/N of/I replicating/N the/I S&P/N 500/N or/N some/I other/I index/N exactly/N ,/, some/I stocks/N are/N _OOV_/N or/N _OOV_/N in/I the/I portfolio/N ./.
One/N simple/N approach/N is/N to/V exclude/V S&P/N 500/N companies/N considered/N bankruptcy/N candidates/N ;/N this/I can/N avoid/V weak/N sisters/N ,/, but/N also/I can/N hurt/N when/I a/D company/N like/N Chrysler/N Corp./N rebounds/N ./.
Another/N approach/N :/N An/N investor/N with/N $/N 100/N million/N might/N use/N $/N 75/N million/N to/N buy/N the/I S&P/N 500/N index/N and/N spend/V the/I other/N $/N 25/N million/N on/I a/I favorite/N group/N of/I stocks/N ./.
_OOV_/N FUNDS/N :/N _OOV_/N can/I be/N constructed/V to/V serve/V social/N goals/N ,/, such/N as/I eliminating/N the/I stocks/N of/N companies/N doing/N business/N in/I South/N Africa/N ./.
Other/N funds/N have/N been/V designed/N to/N concentrate/N on/I stocks/N in/I a/D geographic/N area/N in/I order/N to/N encourage/N local/I investment/N ./.
Pennsylvania/N State/N Employees/N Retirement/N System/N ,/, for/I example/N ,/, has/N about/I $/N 130/N million/N invested/N in/I a/D fund/N of/I _OOV_/N companies/N that/N are/V either/N Pennsylvania-based/N or/N have/V 25/N %/N of/I their/N work/N forces/N in/I the/I state/N ./.
Short/N interest/N on/I the/I New/N York/N Stock/N Exchange/N declined/N for/I the/I second/N consecutive/N month/N ,/, this/N time/N 4.2/N %/N ,/, while/N the/I American/N Stock/N Exchange/N reported/N its/D third/N consecutive/N record/N month/N of/I short/N interest/N ./.
The/N Big/N Board/N reported/N that/I short/N interest/N dropped/N to/N _OOV_/N shares/N as/N of/I Oct./N 13/N from/I _OOV_/N shares/N in/I mid-September/N ./.
_OOV_/N short/N interest/N climbed/N 3/N %/N to/N _OOV_/N shares/N from/I _OOV_/N shares/N ./.
For/N the/I year-earlier/N month/N ,/, the/I Big/N Board/N reported/N _OOV_/N shares/N ,/, indicating/V a/D 13.5/N %/N _OOV_/N rise/N ,/, while/N the/I _OOV_/N reported/N _OOV_/N shares/N ,/, a/I 48/N %/N leap/N ./.
_OOV_/N short/N interest/N has/N been/V heading/N upward/N since/V mid-December/N ,/, with/N increases/N in/I each/N month/N since/N then/I except/V at/I _OOV_/N ./.
Traders/N who/N sell/N short/N borrow/N stock/N and/N sell/N it/N ,/, betting/N that/N the/I stock/N 's/N price/N will/N decline/N and/N that/I they/N can/I buy/N the/I shares/N back/N later/I at/I a/I lower/N price/N for/I return/N to/V the/I lender/N ./.
Short/N interest/N is/N the/I number/N of/I shares/N that/N have/V n't/N yet/I been/N purchased/N for/I return/N to/N lenders/N ./.
Although/N a/I substantial/N short/N position/N reflects/N heavy/N speculation/N that/N a/D stock/N 's/N price/N will/N decline/N ,/, some/I investors/N consider/N an/D increase/N in/I short/N interest/N bullish/N because/V the/I borrowed/N shares/N eventually/N must/I be/V bought/N back/N ./.
_OOV_/N in/I short/N interest/N of/I certain/I stocks/N also/N may/N be/V caused/N partly/N by/I _OOV_/N ./.
The/N figures/N occasionally/I include/N incomplete/N transactions/N in/I restricted/N stock/N ./.
The/N level/N of/I negative/N sentiment/N measured/N by/I the/I Big/N Board/N short/N interest/N ratio/N slipped/N to/N _OOV_/N from/I last/N month/N 's/N _OOV_/N ./.
The/N ratio/N is/V the/I number/N of/I trading/N days/N ,/, at/I the/I exchange/N 's/N average/N trading/N volume/N ,/, that/N would/V be/V required/N to/N convert/V the/I total/N short/N interest/N position/N ./.
Some/N analysts/N suggest/V ,/, however/N ,/, that/N the/I ratio/N has/N weakened/V in/I value/N as/I an/D indicator/N because/N options/N and/N other/I products/N can/N be/V used/V to/N hedge/N short/N positions/N ./.
_OOV_/N Corp./N led/N the/I Big/N Board/N list/N of/I largest/N short/N volumes/N with/N _OOV_/N shares/N ./.
_OOV_/N has/N proposed/N to/V acquire/V _OOV_/N Corp./N ,/, consisting/N of/I the/I auto/N parts/N division/N and/N some/I debt/N of/I _OOV_/N Corp./N ,/, for/N $/N _OOV_/N million/N of/I cash/N and/N securities/N ./.
Chemical/N Waste/N Management/N posted/N the/I biggest/D increase/N in/I short/N volume/N on/I the/I New/N York/N exchange/N ,/, up/N _OOV_/N shares/N to/N _OOV_/N ./.
Bristol-Myers/N Squibb/N Co./N ,/, the/I entity/N formed/N from/I the/I recent/N acquisition/N of/I Squibb/N Corp./N by/I Bristol-Myers/N Co./N ,/, logged/N the/I largest/N volume/N decline/N ,/, _OOV_/N shares/N ,/, to/N _OOV_/N ./.
Short/N interest/N in/N International/N Business/N Machines/N Corp./N plunged/N to/N _OOV_/N shares/N from/I _OOV_/N shares/N a/I month/N earlier/N ./.
Also/N closely/N watched/N is/V Exxon/N Corp./N ,/, where/I short/N interest/N slid/N to/N _OOV_/N shares/N from/I _OOV_/N ./.
On/, a/N percentage/N basis/N ,/, Germany/N Fund/N Inc./N led/N the/I gainers/N ,/, leaping/N to/N _OOV_/N shares/N from/I three/N shares/N ./.
_OOV_/N _OOV_/N Ltd./N led/N the/I percentage/N _OOV_/N ,/, dropping/N to/N 59/N shares/N from/I _OOV_/N ./.
The/N _OOV_/N short/N interest/N volume/N leader/N again/N was/V Texas/N Air/N Corp./N ,/, rising/N to/N _OOV_/N shares/N from/I _OOV_/N ./.
_OOV_/N Pharmaceutical/N Co./N posted/N the/I largest/N volume/N increase/N ,/, _OOV_/N shares/N ,/, to/N _OOV_/N ./.
The/N company/N is/N under/I an/N investigation/N concerning/N procedures/N to/N gain/N Food/N and/N Drug/N Administration/N approval/N of/I generic/N drugs/N ./.
_OOV_/N has/N denied/V any/N wrongdoing/N ./.
The/N largest/N volume/N drop/N --/N down/N _OOV_/N shares/N to/N _OOV_/N --/N came/N in/I shares/N represented/V by/I _OOV_/N Industries/N PLC/N 's/N American/N depositary/N receipts/N ./.
The/N company/N is/N facing/N a/D takeover/N proposal/N from/I the/I financier/N Sir/N James/N _OOV_/N ./.
First/N _OOV_/N Fund/N led/N the/I percentage/N increases/N ,/, rising/N to/N _OOV_/N shares/N from/I _OOV_/N ./.
Nelson/N Holdings/N International/N Ltd./N dropped/N the/I most/V on/I a/D percentage/N basis/N ,/, to/N 1,000/N shares/N from/I _OOV_/N ./.
The/N adjacent/V tables/N show/N the/I Big/N Board/N and/N _OOV_/N issues/N in/I which/I a/I short/N interest/N position/N of/I at/I least/N 100,000/N shares/N existed/N as/I of/I mid-October/N or/N in/I which/I there/V was/V a/I short/N position/N change/N of/I at/I least/N 50,000/N shares/N since/N mid-September/N ./.
Your/N Oct./N 12/N editorial/N ``/N _OOV_/N ,/, _OOV_/N _OOV_/N ?/N ''/N correctly/N states/N that/N I/, was/V critical/N of/I the/I Bush/N administration/N 's/N failure/N to/N have/V any/N plan/N in/I place/N to/N respond/V in/I a/D timely/N fashion/N to/N the/I opportunities/N to/N oust/N Manuel/N Noriega/N presented/N by/I the/I attempted/N military/N coup/N on/I Oct./N 3/N ./.
You/N are/N absolutely/N wrong/N ,/, however/N ,/, in/I _OOV_/N that/I this/D position/N is/N some/I kind/N of/I ``/N _OOV_/N ,/, ''/N something/N newly/N arrived/N at/I as/I a/D result/N of/I reading/N the/I opinion/N polls/N ./.
My/N position/N is/N one/N founded/N on/I both/I the/I facts/N and/N the/I law/N ./.
Although/N you/N may/N have/V forgotten/N ,/, public/N opinion/N about/N Gen./N Noriega/N is/V where/I it/N is/V in/I large/D measure/N because/V of/I my/N investigation/N of/I his/D years/N of/N involvement/N in/I narcotics/N smuggling/N -LRB-/N and/I simultaneous/N work/N as/I a/D U.S./N operative/N -RRB-/N ./.
The/D public/N made/V up/N its/D mind/N about/N Gen./N Noriega/N largely/V as/I a/D result/N of/I the/I hearings/N I/, chaired/N in/I the/I _OOV_/N on/I _OOV_/N and/I _OOV_/N of/I the/I Foreign/N Relations/N Committee/N on/I Feb./N 8/N ,/, 9/N ,/, 10/N and/I 11/N ,/, 1988/N ,/, and/N again/V on/I April/N 4/N ,/, 1988/N ./.
It/N was/V during/I those/N hearings/N that/N the/D nation/N first/I learned/N the/I breadth/N and/N depth/N of/I Gen./N Noriega/N 's/N criminality/N ,/, and/N of/I his/V enduring/N relationships/N with/N a/D variety/N of/I U.S./N government/N agencies/N ./.
Those/N hearings/N also/I highlighted/N how/N Gen./N Noriega/N was/V able/V to/N use/N his/D relationships/N with/N these/I agencies/N to/V delay/N U.S./N action/N against/N him/N ,/, and/N to/V exploit/N the/I administration/N 's/N obsession/N with/I overthrowing/N the/I _OOV_/N to/N protect/V his/V own/N _OOV_/N ./.
As/N former/N _OOV_/N to/N Costa/N _OOV_/N Francis/N J./N _OOV_/N testified/N before/I the/I subcommittee/N ,/, the/I Reagan/N administration/N knew/N that/I Gen./N Noriega/N was/N involved/V with/N narcotics/N ,/, but/N made/V a/D decision/N in/I the/I summer/N of/I 1986/N ``/N to/N put/N Gen./N Noriega/N on/I the/I shelf/N until/N _OOV_/N was/N settled/N ./. ''/N
As/N the/I report/N issued/N by/I the/I subcommittee/N concluded/N ,/, ``/N Our/N government/N did/N nothing/I regarding/N Gen./N Noriega/N 's/N drug/N business/N and/N substantial/N criminal/N involvement/N because/V the/I first/I priority/N was/N the/I _OOV_/N war/N ./.
This/I decision/N resulted/N in/I at/I least/N some/I drugs/N entering/N the/I United/N States/N as/N a/D hidden/N cost/N of/I the/I war/N ./N ''/N
Unfortunately/N ,/, this/N problem/N continued/N even/V after/I Gen./N Noriega/N 's/N indictment/N ./.
_OOV_/N 1988/N and/N this/D year/N ,/, I/, and/I others/N in/I Congress/N have/V pressed/V the/I U.S./N to/N develop/V a/D plan/N for/I pushing/V this/N ``/N _OOV_/N ''/N out/N of/I Panama/N ./.
_OOV_/N ,/, two/N administrations/N in/I a/D row/N have/N been/V unwilling/N and/I unable/V to/N develop/V any/N plan/N ,/, military/N or/N economic/N ,/, for/I supporting/V the/I Panamanian/N people/N in/I their/I attempts/N to/V restore/N democracy/N ./.
Sen./N John/N _OOV_/N -LRB-/N D./N ,/, _OOV_/N ./. -RRB-/N
For/N _OOV_/N ,/, these/I are/V tricky/N ,/, often/I treacherous/N ,/, times/N ./.
After/N years/N of/I hesitation/N ,/, economic/N and/N political/N reform/N was/N embraced/V at/I the/I end/N of/I 1986/N ,/, but/V ringing/N declarations/N have/V yet/V to/V be/V translated/N into/I much/N action/N ./.
Vietnam/N is/V finding/V that/N turning/N a/D stagnant/N socialist/N order/N into/I a/I dynamic/N free/I market/N does/N n't/N come/N easy/N ./.
Here/N is/N how/N three/N _OOV_/N are/N coping/N with/I change/N :/.
The/N Tire/N King/N
_OOV_/N Van/N _OOV_/N is/N living/N proof/N that/N old/N ways/N die/N hard/N ./.
Mr./N _OOV_/N used/N to/V be/V an/D oddity/N in/I _OOV_/N :/, a/N private/N entrepreneur/N ./.
His/N business/N success/N made/V him/N an/I official/N target/N in/I _OOV_/N days/N ./.
Mr./N _OOV_/N ,/, now/N 64/N years/N old/N ,/, invented/N a/D fountain/N pen/N he/P and/N his/D family/N produced/N from/I plastic/N waste/N ./.
Later/N ,/, he/N marketed/N glue/N ./.
Both/N products/N were/N immensely/N popular/N ./.
For/N his/I troubles/N ,/, Mr./N _OOV_/N was/N jailed/N three/N times/N between/I _OOV_/N and/I 1974/N ./.
Though/N his/D operation/N was/N registered/N and/N used/V only/D scrap/N ,/, he/V was/N accused/N of/I conducting/N illegal/N business/N and/N possessing/N illegal/N materials/N ./.
Once/N he/V was/N held/V for/I three/N months/N without/I being/N charged/N ./.
Things/N were/V supposed/N to/V change/V when/I Vietnam/N 's/N economic/N reforms/N gathered/N pace/N ,/, and/N for/I awhile/N they/N did/N ./.
After/N years/N of/I experimenting/N ,/, Mr./N _OOV_/N produced/N a/D heavy-duty/N bicycle/N tire/N that/N outlasted/N its/I _OOV_/N rival/N ./.
By/N 1982/N ,/, he/V was/N selling/N thousands/N of/I tires/N ./.
_OOV_/N published/N articles/N about/N him/N ,/, and/N he/V was/N hailed/V as/I ``/N the/I tire/N king/N ./. ''/N
His/N efforts/N earned/N a/I gold/N medal/N at/I a/D national/N exhibition/N --/N and/N attracted/V renewed/N attention/N from/I local/I authorities/N ./.
District/N police/N in/I 1983/N descended/N on/I his/D suburban/N home/N ,/, which/N he/V and/N his/V large/N family/N used/N as/I both/I residence/N and/N factory/N ,/, and/N demanded/N proof/N the/I house/N and/N equipment/N were/N his/D ./.
He/N produced/V it/N ./.
``/N That/N was/V the/I first/I time/N they/N lost/N and/N I/, won/N ,/, ''/N he/N says/N ./.
He/N was/V further/N questioned/V to/N determine/V if/N he/V was/N ``/N a/I real/I working/N man/N or/N an/D _OOV_/N ./. ''/N
_OOV_/N Mr./N _OOV_/N :/N ``/N When/N I/, showed/N it/N was/V from/I my/N own/N brain/N ,/, they/N lost/N for/I the/I second/N time/N ./. ''/N
But/N a/I few/N days/N later/I the/I police/N accused/N him/N of/I stealing/N electricity/N ,/, acquiring/N rubber/N without/I permission/N and/N buying/N stolen/N property/N ./.
_OOV_/N he/P was/V to/V be/V jailed/N again/N ,/, he/N fled/N to/N the/I countryside/N ./.
His/N family/N was/N given/V three/N hours/N to/N leave/V before/I the/I house/N and/N contents/N were/N confiscated/N ./.
With/N only/V the/I clothes/N they/N were/I wearing/N ,/, family/N members/N moved/N to/V a/D home/N owned/N by/I one/N of/I Mr./N _OOV_/N 's/N sons/N ./.
After/N six/N months/N on/I the/I run/N ,/, Mr./N _OOV_/N learned/N the/I order/N for/I his/D arrest/N had/N been/V canceled/N ./.
He/N rejoined/N his/D family/N in/N January/N 1984/N and/I began/N the/I long/N struggle/N for/N justice/N ,/, pressing/N everyone/N from/I _OOV_/N municipal/N officials/N to/N National/N _OOV_/N deputies/N for/I restoration/N of/I his/D rights/N ./.
He/N and/I his/D family/N kept/N afloat/N by/I repairing/N bicycles/N ,/, selling/N fruit/N and/N doing/V odd/I jobs/N ./.
Mr./N _OOV_/N achieved/N a/D breakthrough/N in/I 1987/N --/N and/N became/V a/D minor/N celebrity/N again/N --/N when/N his/D story/N was/N published/N in/I a/D weekly/N newspaper/N ./.
In/I 1988/N ,/, 18/N months/N after/I the/I sixth/N congress/N formally/N endorsed/N family-run/N private/N enterprise/N ,/, district/N authorities/N allowed/N Mr./N _OOV_/N to/N resume/N work/N ./.
By/N late/N last/N year/N he/V was/V invited/N back/I as/I ``/N the/I tire/N king/N ''/N to/N display/N his/D products/N at/I a/D national/N exhibition/N ./.
National/N leaders/N stopped/N by/I his/D stand/N to/N commend/N his/I achievements/N ./.
Mr./N _OOV_/N now/N produces/N 1,000/N bicycle/N and/N motorbike/N tires/N a/I month/N and/N 1,000/N tins/N of/I _OOV_/N glue/N in/N the/D son/N 's/N small/D house/N ./.
_OOV_/N people/N pack/N the/I house/N 's/N two/N rooms/N --/N the/N _OOV_/N ,/, four/N of/I their/V 10/N children/N with/N spouses/N ,/, and/N eight/N of/I 22/N grandchildren/N ./.
Most/N sleep/N on/N the/I floor/N ./.
Come/N daybreak/N ,/, eight/N family/N members/N and/N two/N other/I workers/N _OOV_/N a/I sheet/N of/I raw/N rubber/N that/N covers/N the/I floor/N of/N the/I house/N and/N spills/N out/N onto/V the/I street/N ./.
The/N primitive/N operations/N also/I burst/N out/I the/I back/N door/N into/I a/I small/D courtyard/N ,/, where/I an/D ancient/N press/N squeezes/N rubber/N solution/N into/I a/I flat/N strip/N and/N newly/N made/V tires/N are/N cooled/V in/I a/I bathtub/N filled/V with/I water/N ./.
Mr./N _OOV_/N talks/N _OOV_/N of/I expanding/N ,/, maybe/N even/D moving/N into/I the/I _OOV_/N field/N ./.
First/N ,/, however/N ,/, he/V has/N unfinished/N business/N ./.
When/N district/N authorities/N allowed/N him/N to/V resume/N manufacturing/N ,/, they/N released/N only/D one/N of/I his/D machines/N ./.
They/N did/V n't/N return/N the/I rubber/N stocks/N that/N represent/V his/D capital/N ./.
Nor/N did/V they/N return/N his/D house/N and/N contents/N ,/, which/N he/N values/N at/N about/N $/N _OOV_/N ./.
He/N wants/N to/N recover/V more/N than/N just/N his/D property/N ,/, though/N ./.
``/N I/, want/N my/N dignity/N back/N ,/, ''/N he/N says/N ./.
_OOV_/N _OOV_/N seemed/N an/D obvious/D choice/N when/I the/I _OOV_/N _OOV_/N Association/N was/N looking/N for/I a/I new/N editor/N to/N reform/N its/I weekly/N newspaper/N ,/, Van/N _OOV_/N ./.
After/N the/I sixth/N congress/N ,/, journalists/N seized/N the/I opportunity/N provided/N by/I the/I liberalization/N to/N probe/N previously/N taboo/N subjects/N ./.
Mr./N _OOV_/N ,/, 57/N years/N old/N ,/, had/V solid/V reformist/N credentials/N :/N He/N had/V lost/N his/D official/N position/N in/I the/I association/N in/I he/V early/N 1980s/N because/V he/N questioned/V the/I intrusion/N of/I politics/N into/I literature/N ./.
_OOV_/N editor/N in/I chief/N in/I July/N 1987/N ,/, Mr./N _OOV_/N rapidly/N turned/V the/I _OOV_/N Van/N _OOV_/N into/I Vietnam/N 's/N hottest/N paper/N ./.
_OOV_/N soared/N as/I the/I weekly/N went/N way/N beyond/N standard/N literary/N themes/N to/N cover/N _OOV_/N society/N and/N its/D ills/N ./.
_OOV_/N were/V electrified/N by/I the/I paper/N 's/N audacity/N and/I appalled/N by/I the/I dark/N side/N of/I life/N it/N uncovered/N ./.
One/N article/N recounted/N a/I decade-long/N struggle/N by/N a/D wounded/N soldier/N to/N prove/V ,/, officially/N ,/, he/P was/V alive/N ./.
Another/N described/V how/N _OOV_/N officials/N in/I _OOV_/N _OOV_/N province/N one/N night/N stormed/N through/I homes/N and/N confiscated/N rice/N from/I starving/N villagers/N ./.
The/N newspaper/N also/I ran/N a/I series/N of/I controversial/V short/N stories/N by/I _OOV_/N _OOV_/N _OOV_/N ,/, a/I former/V history/N teacher/N ,/, who/N stirred/N debate/N over/I his/D interpretation/N of/I _OOV_/N culture/N and/N took/V a/I thinly/N veiled/N swipe/N at/I writers/N who/N had/V blocked/V his/D entry/N into/I their/V official/N association/N ./.
Van/N _OOV_/N quickly/N made/V influential/N enemies/N ./.
``/N Those/N who/N manage/N ideology/N and/N a/D large/D number/N of/I writers/N reacted/N badly/N ''/N to/N the/I restyled/N paper/N ,/, says/N _OOV_/N _OOV_/N An/N ,/, a/I literary/N critic/N ./.
After/N months/N of/I internal/N _OOV_/N ,/, Mr./N _OOV_/N was/N fired/N last/N December/N ./.
His/N dismissal/N triggered/N a/D furor/N among/N intellectuals/N that/I continues/N today/N ./.
``/N Under/N Mr./N _OOV_/N ,/, Van/N _OOV_/N protected/N the/I people/N instead/N of/I the/I government/N ,/, ''/N says/N _OOV_/N _OOV_/N ,/, a/N poet/N who/N is/V the/I paper/N 's/N bureau/N chief/N for/I southern/N Vietnam/N ./.
``/N The/N paper/N reflected/N the/I truth/N ./.
For/N the/I leadership/N ,/, that/N was/V too/N painful/N to/N bear/N ./. ''/N
The/N `/N _OOV_/N '/N
_OOV_/N _OOV_/N _OOV_/N is/N Vietnam/N 's/N entrepreneur/N of/I the/I 1980s/N ./.
Her/N challenge/N is/V to/V keep/N her/V fledgling/N empire/N on/I top/N in/I the/I 1990s/N ./.
Mrs./N _OOV_/N did/V n't/N wait/N for/I the/I reforms/N to/N get/N her/V start/N ./.
She/N charged/N ahead/N of/I the/I government/N and/N the/I law/N to/N establish/V _OOV_/N City/N Food/N Co./N as/I the/I biggest/D rice/N dealer/N in/I the/I country/N ./.
Her/N success/N ,/, which/N included/N alleviating/N an/I urban/N food/N shortage/N in/I the/I early/N 1980s/N ,/, helped/N persuade/N _OOV_/N to/N take/V the/I reform/N path/N ./.
Her/N story/N is/N becoming/V part/N of/I local/N folklore/N ./.
A/N lifelong/N revolutionary/N with/N little/N education/N who/N fought/N both/I the/I French/N and/N the/I _OOV_/N _OOV_/N regime/N ,/, she/N switched/V effortlessly/N to/N commerce/N after/I the/I war/N ./.
Her/N instincts/N were/N capitalistic/N ,/, despite/N her/D background/N ./.
As/N she/N rode/N over/I regulations/N ,/, only/V her/N friendship/N with/N party/N leaders/N ,/, including/N _OOV_/N Van/N _OOV_/N ,/, then/N Ho/N Chi/N Minh/N City/N party/N secretary/N ,/, kept/N her/V out/N of/I jail/N ./.
Following/N Mr./N _OOV_/N 's/N appointment/N as/I _OOV_/N of/I the/I party/N at/I the/I sixth/N congress/N ,/, Mrs./N _OOV_/N has/V become/V the/I darling/N of/N ``/N doi/N moi/N ''/N ,/, the/I _OOV_/N version/N of/N perestroika/N ./.
The/N authorities/N have/N steered/N foreign/N reporters/N to/N her/D office/N to/N see/N an/N example/N of/I ``/N the/I new/N way/N of/I thinking/N ./. ''/N
Foreign/N publications/N have/N responded/N with/I articles/N declaring/N her/V Vietnam/N 's/N richest/N woman/N ./.
``/N Some/N people/N call/N me/N the/I communist/N billionaire/N ,/, ''/N she/N has/V told/N visitors/N ./.
Actually/N ,/, 67-year-old/N Mrs./N _OOV_/N is/N about/I as/I poor/N as/I almost/N everyone/N else/V in/I this/I impoverished/N land/N ./.
She/N has/V indeed/V turned/N _OOV_/N City/N Food/N into/I a/D budding/N conglomerate/N ,/, but/V the/I company/N itself/N remains/N state-owned/N ./.
She/N manages/N it/N with/I the/I title/N of/N _OOV_/N ./.
The/N heart/N of/N the/I business/N is/V the/I purchase/N of/I rice/N and/I other/I commodities/N ,/, such/N as/I corn/N and/N coffee/N ,/, from/I farmers/N in/I the/I south/N ,/, paying/N with/I fertilizer/N ,/, farm/N tools/N and/N other/I items/N ./.
Last/N year/N ,/, _OOV_/N City/N Food/N says/N it/N bought/N two/N million/N metric/N tons/N of/I _OOV_/N rice/N ,/, more/N than/N 10/N %/N of/I the/I country/N 's/N output/N ./.
The/N company/N operates/N a/I fleet/N of/I trucks/N and/N boats/N to/N transport/N the/I commodities/N to/N its/D warehouses/N ./.
A/N subsidiary/N company/N processes/N commodities/N into/I foods/N such/N as/I instant/N noodles/N that/I are/N sold/V with/I the/I rice/N through/I a/I vast/N retail/N network/N ./.
In/I recent/N years/N ,/, Mrs./N _OOV_/N has/V started/N to/V diversify/N the/I company/N ,/, taking/N a/D 20/N %/N stake/N in/I newly/N established/N ,/, partly/N private/N Industrial/N and/N Commercial/N Bank/N ,/, and/N setting/V up/N _OOV_/N _OOV_/N ,/, which/N owns/N and/I operates/N Vietnam/N 's/N first/I oil/N refinery/N ./.
Mrs./N _OOV_/N says/N _OOV_/N City/N Food/N last/N year/N increased/N pretax/N profit/N 60/N %/N to/N the/I equivalent/N of/I about/N $/N 2.7/N million/N on/I sales/N of/I $/N 150/N million/N ./.
She/N expects/N both/I revenue/N and/N profit/N to/N gain/N this/D year/N ./.
She/N is/V almost/N cavalier/N about/N the/D possibility/N Vietnam/N 's/N reforms/N will/N create/N rivals/N on/I her/V home/N turf/N ./.
``/N I/, do/N n't/N mind/N the/I competition/N inside/V the/I country/N ,/, ''/N she/N says/N ./.
``/N I/, am/N only/V afraid/N that/I with/I Vietnam/N 's/N _OOV_/N products/N we/N ca/N n't/N compete/N with/I neighboring/N countries/N ./.
The/N earthquake/N that/I hit/N the/I San/N Francisco/N Bay/N area/N is/N n't/V likely/N to/N result/N in/I wholesale/N downgrading/N of/I bond/N ratings/N ,/, officials/N at/I the/I two/N major/N rating/N agencies/N said/N ./.
Standard/N &/N Poor/N 's/N Corp./N is/V reviewing/N debt/N issued/N by/I 12/N California/N counties/N ,/, and/N ``/N there/N are/V potential/N isolated/N problems/N ,/, ''/N said/N _OOV_/N _OOV_/N ,/, a/I managing/N director/N ./.
The/N agency/N is/V preparing/N a/I report/N ,/, to/N be/N issued/V today/N ,/, on/I the/I earthquake/N 's/N impact/N on/I the/I and/N _OOV_/N industry/N ./.
The/V only/N securities/N so/V far/V to/N be/V singled/N out/I are/V those/N issued/N by/I Bay/N View/N Federal/N Savings/N &/N Loan/N ./.
Moody/N 's/N Investors/N Service/N Inc./N said/V it/N is/V reviewing/N ,/, with/N an/N eye/N toward/N a/D possible/N _OOV_/N ,/, the/I ratings/N on/I Bay/N View/N Federal/N bonds/N ,/, long-term/N deposits/N and/N the/I _OOV_/N rating/N of/I its/D parent/N company/N ,/, Bay/N View/N Capital/N Corp/N ./.
As/N for/I property/N and/I casualty/N insurers/N ,/, Moody/N 's/N said/N ``/N preliminary/N estimates/N suggest/V that/N losses/N should/N not/V have/V a/D significant/N impact/N on/I most/N insurers/N '/N financial/N condition/N ,/, ''/N but/N it/N ``/N raises/N concerns/N about/N potentially/N substantial/N risks/N ''/N longer-term/N ./.
``/N _OOV_/N from/I the/I earthquake/N are/V expected/N to/V be/V of/I similar/D magnitude/N to/N those/N of/I Hurricane/N Hugo/N ,/, ''/N according/N to/N Moody/N 's/N ./.
Your/N Oct./N 5/N editorial/N ``/N A/N Democratic/N Tax/N _OOV_/N ''/N contained/N an/D error/N ./.
In/I the/I third/N paragraph/N it/N referred/V to/V the/I senators/N seeking/N loophole/N suggestions/N from/I lobbyists/N for/I various/I sectors/N of/I the/I economy/N ./.
Among/N them/N ,/, ``/N banana/N farmers/N ./. ''/N
The/V only/V significant/N commercial/N banana/N farmers/N in/I the/I U.S./N are/N in/I Hawaii/N ./.
The/N Hawaii/N _OOV_/N Industry/N Association/N ,/, to/N which/I nearly/V all/I of/I them/N belong/N ,/, has/V no/N lobbyist/N ./.
Thomas/N _OOV_/N Reese/N _OOV_/N ./.
_OOV_/N _OOV_/N Co/N ./.
Western/N Digital/N Corp./N reported/N a/I net/N loss/N of/I $/N 2.7/N million/N ,/, or/N nine/N cents/N a/I share/N ,/, for/I its/V first/N quarter/N ended/N Sept./N 30/N ,/, citing/N factors/N as/I varied/N as/I hurricane/N damage/N ,/, an/N advance/V in/I graphics/N technology/N and/N the/I strengthening/N dollar/N ./.
In/I the/I year-ago/N period/N ,/, the/I company/N earned/N $/N 12.9/N million/N ,/, or/N 45/N cents/N a/I share/N ,/, on/I sales/N of/I $/N 247/N million/N ./.
Sales/N for/I the/I _OOV_/N period/N fell/N to/N about/I $/N 225/N million/N ,/, the/I maker/N of/I computer/N parts/N said/N ./.
_OOV_/N ,/, Chairman/N _OOV_/N W./N Johnson/N said/V he/P expects/N the/I company/N to/N be/V profitable/N in/I the/I current/N quarter/N ./.
``/N We/N are/N positioned/V to/N come/V through/I ,/, ''/N he/N said/N ,/, noting/N that/I the/I company/N 's/N backlog/N was/N up/N from/I the/I previous/N quarter/N ./.
In/I its/D second/N quarter/N last/N year/N ,/, Western/N Digital/N earned/N $/N _OOV_/N million/N ,/, or/N 44/N cents/N a/I share/N ,/, on/I sales/N of/I $/N _OOV_/N million/N ./.
Mr./N Johnson/N said/N Western/N Digital/N 's/N plant/N in/I Puerto/N Rico/N was/N affected/V by/I Hurricane/N Hugo/N ,/, losing/N three/N days/N '/N production/N because/N of/I the/I storm/N ,/, which/N wrecked/N much/N of/I the/I Caribbean/N island/N 's/N infrastructure/N ./.
Although/N the/I plant/N itself/N was/V n't/N damaged/N ,/, Mr./N Johnson/N said/N millions/N of/I dollars/N in/I first-quarter/N revenue/N were/N lost/N ./.
The/N revenue/N will/N be/V regained/N in/I the/I current/N period/N ,/, he/N added/N ./.
There/V are/V no/D plans/N to/N initiate/N a/D common/N stock/N dividend/N ,/, Mr./N Johnson/N said/N ,/, explaining/N that/I the/I board/N continues/N to/N believe/N shareholders/N are/N best/N served/V by/I _OOV_/N excess/N cash/N ./.
Mr./N Johnson/N said/N the/I first-quarter/N loss/N also/I heavily/N reflected/N a/D rapid/I change/N in/I graphics/N technology/N that/N left/V reseller/N channels/N with/N too/N many/I of/I the/I old/N computer/N graphics/N boards/N and/N too/N few/D new/N monitors/N compatible/N with/I the/I new/N graphics/N boards/N ./.
Western/N Digital/N does/N n't/N make/V the/I monitors/N ./.
An/N accelerating/N move/N by/I personal/N computer/N manufacturers/N '/N to/N include/N advanced/N graphics/N capabilities/N as/I standard/N equipment/N further/I dampened/N reseller/N purchases/N of/I Western/N Digital/N 's/N equipment/N ./.
``/N The/V other/N areas/N of/I the/I business/N --/N storage/N and/I microcomputers/N --/N were/N very/N good/N ,/, ''/N Mr./N Johnson/N said/N ./.
He/N said/N Western/N Digital/N has/N reacted/N swiftly/N to/N the/I movement/N to/N video/N graphics/N array/N ,/, _OOV_/N ,/, graphics/N technology/N from/I the/I old/D enhanced/N graphics/N adapter/N ,/, _OOV_/N ,/, which/N has/V a/D lower/I resolution/N standard/N ,/, technology/N and/N now/V is/V one/N of/I the/I leading/N producers/N of/I these/I newer/N units/N ./.
Other/N makers/N of/N video/N controller/N equipment/N also/I were/N caught/V in/I the/I _OOV_/N shift/N ,/, he/P said/N ,/, ``/N but/N we/N were/V able/V to/N respond/V much/V more/N quickly/N ./. ''/N
Still/N ,/, Mr./N Johnson/N said/N ,/, ``/N our/N stock/N is/V grossly/N undervalued/N ./. ''/N
He/N said/V the/I company/N has/N cut/N operating/N expenses/N by/N about/N 10/N %/N over/I the/I last/N few/D quarters/N ,/, while/I maintaining/N research/N and/N development/N at/N about/N 8/N %/N to/N 9/N %/N of/I sales/N ./.
As/N part/N of/I its/N reorganization/N this/N week/N ,/, Western/N Digital/N has/N divided/N its/N business/N into/I two/N segments/N --/N storage/N products/N ,/, including/N controllers/N and/N disk/N drives/N ;/, and/N microcomputer/N products/N ,/, which/N include/N graphics/N ,/, communications/N and/I peripheral/N control/N chips/N ./.
Graphics/N ,/, communications/N and/I peripheral/N control/N chips/N were/N combined/V because/N ,/, increasingly/N ,/, multiple/N functions/N are/N being/N governed/N by/I a/I single/N chip/N ./.
_OOV_/N ,/, which/N includes/N computer/N controllers/N and/N _OOV_/N disk/N drives/N ,/, represents/N nearly/V two-thirds/N of/I the/I company/N 's/N business/N ./.
_OOV_/N drives/N ,/, which/N allow/V a/D computer/N to/N access/N its/I memory/N ,/, generated/N 38/N %/N more/N revenue/N in/I the/I most/V recent/D period/N compared/N with/I the/I fiscal/N first/I quarter/N a/I year/N earlier/N ./.
Computer/N parts/N are/N getting/V ever/N smaller/N ,/, Mr./N Johnson/N said/N ,/, a/I shrinking/V that/I has/V propelled/N laptops/N into/I position/N as/I the/I _OOV_/N segment/N of/I the/I computer/N business/N ./.
As/N smaller/N and/I more/N powerful/D computers/N continue/N to/V be/V the/I focus/N of/I the/I industry/N ,/, he/P said/N ,/, Western/N Digital/N is/N strengthening/N development/N of/N laptop/N parts/N ./.
Next/N year/N Western/N Digital/N plans/N to/N consolidate/N its/D operations/N from/I 11/N buildings/N in/I _OOV_/N into/I two/N buildings/N in/I the/I same/N _OOV_/N new/N headquarters/N and/N ,/, a/D block/N away/N ,/, a/I modern/D $/N 100/N million/N silicon/N wafer/N fabrication/N plant/N ./.
The/N plan/N will/N help/N the/I company/N in/I its/D existing/N joint/N manufacturing/N agreement/N with/N AT&T/N ./.
About/N half/N of/I Western/N Digital/N 's/N business/N is/N overseas/N ,/, and/N Mr./N Johnson/N expects/N that/N proportion/N to/N continue/N ./.
_OOV_/N to/V dissolve/N many/I of/I the/I trade/N barriers/N within/I Europe/N in/I 1992/N creates/N significant/N opportunities/N for/I the/I company/N ,/, he/P said/N ,/, particularly/N since/V Western/N Digital/N already/N manufactures/N there/N ./.
Capitalizing/N on/I that/N presence/N ,/, Western/N Digital/N is/N launching/V a/D major/N effort/N to/N develop/V the/I embryonic/N reseller/N market/N in/I Europe/N ./.
_OOV_/N of/I state-owned/N Banca/N _OOV_/N del/N _OOV_/N approved/N a/I _OOV_/N _OOV_/N transaction/N and/N a/D change/N in/I the/I bank/N 's/N rules/N that/N will/V help/N it/N operate/N more/N like/N a/D private-sector/N institution/N ./.
Until/N now/N ,/, _OOV_/N 's/N top/N managers/N and/N its/N directors/N have/N been/V appointed/N by/I a/I Treasury/N decree/N ./.
But/N under/I the/I bank/N 's/N proposed/N statutes/N ,/, an/N assembly/N of/N shareholders/N must/N approve/V board/N members/N ./.
The/N bank/N 's/N chairman/N and/N director/N general/N ,/, who/N also/I sit/N on/I the/I board/N ,/, still/V would/N be/V appointed/N by/I the/I Treasury/N ./.
_OOV_/N ,/, which/N is/V controlled/V by/I the/I Italian/N Treasury/N ,/, was/N rocked/N by/I the/I disclosure/N last/N month/N that/N its/D Atlanta/N branch/N extended/N more/N than/N $/N 3/N billion/N in/I unauthorized/N credits/N to/N _OOV_/N ./.
The/V ensuing/N scandal/N ,/, in/I which/I the/I bank/N 's/N management/N resigned/N ,/, has/V helped/N renew/N calls/N for/I privatization/N ,/, or/N at/I least/N an/D overhaul/N ,/, of/I Italy/N 's/N banking/N system/N ,/, which/N is/V about/N 80/N %/N _OOV_/N ./.
In/I a/D related/N move/N ,/, the/I bank/N also/I proposed/N that/N board/N representation/N be/N linked/N more/N closely/N to/N the/I bank/N 's/N new/N shareholding/N structure/N ./.
_OOV_/N called/V a/D shareholders/N '/N assembly/N meeting/N in/N December/N to/N vote/N on/I the/I proposals/N ./.
_OOV_/N has/N about/I 75,000/N _OOV_/N shares/N that/N are/V listed/N on/I the/I Milan/N Stock/N Exchange/N ./.
The/N shares/N were/N suspended/V from/I trading/N following/I disclosure/N of/I the/I Atlanta/N scandal/N ;/N _OOV_/N ,/, the/I stock/N exchange/N regulatory/N body/N ,/, reportedly/N will/I decide/N soon/I whether/N to/V end/N the/I trading/N suspension/N ./.
Switzerland/N 's/N wholesale/N price/N index/N increased/N 0.3/N %/N in/N September/N from/I August/N ,/, and/N was/V up/N 3.9/N %/N from/I a/D year/N ago/N ,/, marking/N the/I first/I time/N this/I year/N that/N the/D index/N has/N fallen/V below/N 4/N %/N on/I a/D _OOV_/N basis/N ,/, the/I government/N reported/N ./.
The/N government/N attributed/V the/I 0.3/N %/N _OOV_/N rise/N in/I the/I index/N largely/N to/V higher/I energy/N prices/N ./.
In/N August/N ,/, the/I index/N was/N up/N 0.2/N %/N from/I the/I previous/N month/N ,/, and/N was/V up/N 4.5/N %/N on/I a/D _OOV_/N basis/N ./.
The/N wholesale/N price/N index/N ,/, based/V on/I 1963/N as/I 100/N ,/, was/N _OOV_/N in/I September/N ./.
American/N Express/N Co./N posted/N a/I 21/N %/N increase/N in/I third/N quarter/N net/N income/N despite/N a/I sharp/N rise/N in/I reserves/N for/I Third/N World/N loans/N at/I its/N banking/N unit/N ./.
Aided/N by/I a/I sharp/N gain/N in/I its/D travel/N business/N ,/, American/N Express/N said/N net/N rose/N to/N $/N _OOV_/N million/N ,/, or/N 77/N cents/N a/I share/N ,/, from/I $/N _OOV_/N million/N ,/, or/N 64/N cents/N a/I share/N ./.
The/N year-earlier/N figures/N included/N $/N _OOV_/N million/N ,/, or/N three/N cents/N a/I share/N ,/, in/N income/N from/I discontinued/N operations/N ./.
Income/N from/I continuing/N operations/N was/N up/N 26/N %/N ./.
Revenue/N rose/N 24/N %/N to/N $/N 6.5/N billion/N from/I $/N _OOV_/N billion/N ./.
The/N travel/N ,/, investment/N services/N ,/, insurance/N and/N banking/N concern/N added/N $/N 110/N million/N to/N reserves/N for/I credit/N losses/N at/I its/N American/N Express/N Bank/N unit/N ,/, boosting/N the/I reserve/N to/N $/N _OOV_/N million/N as/I of/I Sept./N 30/N ./.
The/N bank/N 's/N Third/N World/N debt/N portfolio/N totals/N $/N _OOV_/N million/N ,/, down/N from/I $/N 2.2/N billion/N at/I the/I end/N of/I 1986/N ./.
The/N bank/N charged/N off/I $/N 53/N million/N in/I loans/N during/I the/I quarter/N ./.
At/N the/I American/N Express/N Travel/N Related/N Services/N Co./N unit/N ,/, net/N rose/N 17/N %/N to/N a/I record/N $/N _OOV_/N million/N on/I a/D 19/N %/N revenue/N increase/N ./.
The/N figures/N exclude/N businesses/N now/N organized/N as/N American/N Express/N Information/N Services/N Co/N ./.
American/N Express/N card/N charge/N volume/N rose/N 12/N %/N ./.
Travel/N sales/N rose/N 11/N %/N ,/, led/N by/I gains/N in/I the/I U.S/N ./.
At/N _OOV_/N Financial/N Services/N ,/, the/I financial/N planning/N and/I mutual/N fund/N unit/N ,/, net/N rose/N 19/N %/N to/N a/I record/N $/N _OOV_/N million/N on/I a/D 33/N %/N revenue/N gain/N ./.
_OOV_/N owned/N or/N managed/N rose/N 20/N %/N to/N $/N 45/N billion/N ,/, and/N mutual/N fund/N sales/N rose/N 45/N %/N in/I the/I quarter/N to/N $/N _OOV_/N million/N ./.
American/N Express/N Bank/N earnings/N fell/N 50/N %/N to/N $/N _OOV_/N million/N from/I $/N _OOV_/N million/N despite/N a/D 29/N %/N revenue/N gain/N ./.
The/N results/N include/N $/N 106/N million/N of/I tax/N benefits/N associated/N with/I previous/N years/N '/N Third/N World/N loan/N activity/N ,/, compared/N with/I $/N 15/N million/N a/I year/N earlier/N ./.
Profit/N rose/N 38/N %/N at/N American/N Express/N Information/N Services/N to/N $/N _OOV_/N million/N ./.
Shearson/N Lehman/N Hutton/N Holdings/N Inc./N ,/, as/I previously/I reported/N ,/, had/N net/N of/I $/N _OOV_/N million/N ,/, reversing/N a/I $/N 3.5/N million/N loss/N a/I year/N earlier/I ;/N its/V latest/N results/N include/N a/D $/N 37/N million/N gain/N from/I the/I sale/N of/I an/D institutional/N money/N management/N business/N ./.
American/N Express/N 's/N share/N of/I Shearson/N 's/N earnings/N was/N $/N 41/N million/N ,/, after/I preferred/N stock/N dividends/N ;/N it/N owns/N about/N 68/N %/N of/I Shearson/N 's/N common/N ./.
For/N the/I nine/N months/N ,/, American/N Express/N said/N net/N rose/N 11/N %/N to/N $/N _OOV_/N million/N ,/, or/N $/N _OOV_/N a/I share/N ,/, from/I $/N _OOV_/N million/N ,/, or/N $/N _OOV_/N a/I share/N ./.
Revenue/N rose/N 24/N %/N to/N $/N _OOV_/N billion/N from/I $/N _OOV_/N billion/N ./.
_OOV_/N Inc./N ,/, hampered/N by/I a/D slowdown/N in/I its/D defense/N sales/N ,/, reported/N an/D 8/N %/N decline/N in/I per-share/N earnings/N on/I nearly/N flat/N revenue/N for/I its/D third/N quarter/N ./.
The/N aerospace/N and/N financial/N services/N concern/N said/N net/N income/N fell/N 5/N %/N to/N $/N _OOV_/N million/N from/I $/N 62.8/N million/N ./.
Revenue/N of/I $/N _OOV_/N billion/N was/V almost/V unchanged/V from/I last/N year/N 's/N $/N _OOV_/N billion/N ./.
Per-share/N net/N of/I 66/N cents/N ,/, down/N from/I 72/N cents/N ,/, fell/N by/I more/N than/N overall/N net/N because/N of/I more/N shares/N outstanding/N ./.
The/N company/N said/N that/I improved/N results/N in/I its/D financial-services/N sector/N were/N negated/N by/I increased/N costs/N in/I its/D government/N contract/N business/N ,/, lower/N operating/N earnings/N in/I its/D _OOV_/N sector/N and/N soft/N automotive/N markets/N ./.
Net/N was/N aided/N by/I a/I lower/N income/N tax/N rate/N ./.
Profit/N before/I taxes/N fell/N 17/N %/N to/N $/N _OOV_/N million/N from/I $/N _OOV_/N million/N ./.
For/N the/I nine/N months/N ,/, _OOV_/N reported/N net/N of/I $/N _OOV_/N million/N ,/, or/N $/N 2.06/N a/I share/N ,/, on/I revenue/N of/I $/N _OOV_/N billion/N ./.
A/N year/N ago/N ,/, net/N was/N $/N _OOV_/N million/N ,/, or/N $/N _OOV_/N a/I share/N ,/, on/I revenue/N of/I $/N 5.3/N billion/N ./.
The/N _OOV_/N results/N included/N a/D $/N 9.5/N million/N special/N charge/N in/I 1989/N for/I an/N arbitration/N settlement/N related/N to/V past/N export/N sales/N ,/, and/N $/N _OOV_/N million/N in/I extraordinary/N charges/N in/I 1988/N related/N to/V a/D former/V line/N of/I business/N and/N early/N redemption/N of/I debt/N ./.
_OOV_/N said/V that/N _OOV_/N '/N results/N do/N n't/N include/N earnings/N of/I _OOV_/N PLC/N ,/, a/N British/N maker/N of/I industrial/N _OOV_/N ,/, but/V do/N include/N interest/N costs/N of/I $/N _OOV_/N million/N on/I borrowings/N related/N to/V the/I proposed/N purchase/N of/I _OOV_/N ./.
A/N federal/N judge/N has/N issued/N a/I preliminary/N injunction/N against/N the/I purchase/N because/V of/I Federal/N Trade/N Commission/N concerns/N that/N the/I transaction/N would/N reduce/N competition/N in/I the/I production/N of/I two/N kinds/N of/I rivets/N ./.
For/N the/I quarter/N ,/, _OOV_/N said/N aerospace/N revenue/N ,/, including/N _OOV_/N helicopter/N and/N _OOV_/N manufacture/N ,/, declined/N _OOV_/N %/N to/N $/N _OOV_/N million/N from/I $/N _OOV_/N million/N ,/, an/N indication/N of/I slowing/N government/N defense/N work/N ./.
As/N the/I _OOV_/N brothers/N '/N personal/N bankruptcy/N cases/N _OOV_/N into/I their/V second/N year/N ,/, _OOV_/N S.A./N has/N proposed/N a/D deal/N to/N settle/N its/D huge/N claim/N against/I the/I troubled/N Texas/N oil/N men/N ./.
But/N the/I plan/N only/N threatens/N to/N heighten/N the/I tension/N and/I confusion/N already/N surrounding/V the/I cases/N that/I were/N filed/N in/N September/N 1988/N ./.
The/N _OOV_/N mineral/N concern/N 's/N $/N _OOV_/N million/N claim/N stems/N from/I 1988/N jury/N award/N in/I a/D case/N stemming/N from/I the/I brothers/N '/N alleged/N attempts/N to/N corner/N the/I _OOV_/N silver/N market/N ./.
_OOV_/N now/N says/V it/N is/V willing/N to/V settle/N for/I up/N to/N $/N _OOV_/N million/N from/I each/N brother/N ,/, although/V the/I actual/N amount/N would/N probably/V be/V much/V less/N ./.
Although/N the/I proposal/N must/N be/V approved/N by/I federal/N Judge/N Harold/N C./N _OOV_/N ,/, W./N Herbert/N _OOV_/N has/V agreed/N to/V the/I _OOV_/N mineral/N concern/N 's/N proposal/N ./.
Nelson/N _OOV_/N _OOV_/N is/V considering/V it/N ,/, although/V his/D attorney/N says/N he/P wo/N n't/V do/N it/V if/N the/D proposal/N _OOV_/N a/I tentative/N settlement/N he/V has/N reached/V with/I the/I Internal/N Revenue/N Service/N ,/, which/N claims/N the/I brothers/N owe/N $/N 1/N billion/N in/I back/N taxes/N and/N is/V by/I far/N the/I biggest/D creditor/N in/I both/I cases/N ./.
The/D tentative/N agreement/N between/I the/I _OOV_/N and/I Nelson/N _OOV_/N _OOV_/N is/N awaiting/N U.S./N Justice/N Department/N approval/N ./.
Under/N it/N ,/, the/I former/N billionaire/N 's/N assets/N would/N be/V liquidated/N with/I the/I _OOV_/N getting/N 80/N %/N of/I the/I proceeds/N and/I the/I rest/N being/N divided/N among/V other/N creditors/N ,/, including/N _OOV_/N and/I Manufacturers/N _OOV_/N Trust/N Co./N ,/, which/N is/V seeking/N repayment/N of/I a/I $/N 36/N million/N loan/N ./.
A/N _OOV_/N proposal/N has/N been/N made/V in/I the/I W./N Herbert/N _OOV_/N case/N although/V he/V and/N the/I _OOV_/N are/N at/I odds/N over/I the/I size/N of/I the/I _OOV_/N debt/N he/V would/N have/V to/N pay/N to/N the/I government/N from/I future/N earnings/N ./.
In/I both/I cases/N ,/, _OOV_/N and/I Manufacturers/N _OOV_/N have/N been/V fighting/N ferociously/N over/I their/N shares/N of/I the/I pie/N ./.
With/N support/N from/I the/I _OOV_/N ,/, Manufacturers/N _OOV_/N has/N filed/N suit/N asking/N Judge/N _OOV_/N to/N subordinate/N _OOV_/N 's/N claim/N to/V those/N of/I _OOV_/N _OOV_/N and/N the/I _OOV_/N ./.
_OOV_/N has/V threatened/N a/I ``/N volcano/N ''/N of/N litigation/N if/N the/I Manufacturers/N _OOV_/N Corp./N unit/N attempts/N to/N force/N such/N a/D plan/N through/I the/I court/N ./.
_OOV_/N said/V it/N would/N n't/N pursue/N such/N litigation/N if/N its/D settlement/N plan/N in/I the/I W./N Herbert/N _OOV_/N case/N is/N approved/N by/I Judge/N _OOV_/N ,/, who/N will/N consider/V the/I proposal/N at/I a/D hearing/N next/N week/N ./.
_OOV_/N attorney/N Thomas/N _OOV_/N _OOV_/N the/I plan/N as/I one/N step/N toward/N an/D overall/N settlement/N of/I the/I W./N Herbert/N _OOV_/N case/N but/N Hugh/N Ray/N ,/, attorney/N for/I Manufacturers/N _OOV_/N ,/, called/V it/N ``/N silly/N ''/N and/N said/V he/P would/N fight/N it/N in/I court/N ./.
``/N The/N thing/N is/N so/V fluid/N right/N now/V that/I there/N 's/N really/N no/I way/N to/N say/V what/N will/I happen/N ,/, ''/N says/N Justice/N Department/N attorney/N _OOV_/N _OOV_/N III/N ,/, who/N represents/N the/D _OOV_/N in/I the/I case/N ./.
``/N Developments/N like/N this/D are/V hard/N to/D predict/N ./.
Banc/N One/N Corp./N said/V it/N agreed/N in/I principle/N to/N buy/N five/N branch/N offices/N from/I _OOV_/N Inc./N ,/, Toledo/N ,/, Ohio/N ,/, following/I the/D planned/N merger/N of/I _OOV_/N into/I Society/N Corp./N ,/, Cleveland/N ./.
The/N five/N offices/N in/I Erie/N and/I _OOV_/N counties/N in/I northern/N Ohio/N have/V total/N assets/N of/I about/N $/N 88/N million/N ,/, Banc/N One/N said/N ./.
The/N purchase/N price/N will/N be/V established/V after/I Banc/N One/N has/V an/D opportunity/N to/N study/N the/I quality/N of/I the/I assets/N ,/, Banc/N One/N said/N ./.
Society/N Corp./N already/V has/N branches/N in/I the/I area/N ,/, and/N selling/N the/I _OOV_/N offices/N could/N avoid/V a/D problem/N with/I regulators/N over/I excessive/N concentration/N of/I banking/N in/I the/I two/N counties/N after/I the/I merger/N of/I _OOV_/N into/I Society/N ,/, according/V to/N industry/N sources/N ./.
The/N merger/N is/N scheduled/N to/N take/V place/N in/I the/I 1990/N first/I quarter/N ./.
_OOV_/N fears/N and/N relatively/V more/N attractive/N interest/N rates/N pushed/N _OOV_/N mutual/N fund/N assets/N up/N $/N _OOV_/N billion/N in/I the/I latest/N week/N ,/, the/I sharpest/N increase/N in/I almost/V two/N years/N ./.
The/N _OOV_/N funds/N tracked/N by/I the/I Investment/N Company/N Institute/N ,/, a/I _OOV_/N trade/N group/N ,/, rose/N to/N $/N _OOV_/N billion/N ,/, a/I record/N ./.
The/N $/N _OOV_/N billion/N increase/N was/V the/I strongest/V weekly/N inflow/N since/N January/N 1988/N ./.
The/N increase/N was/V spread/N fairly/N evenly/N among/V all/I three/N types/N of/N funds/N ./.
Individual/N investors/N ,/, represented/V in/I the/I _OOV_/N and/I broker-dealer/N fund/N categories/N ,/, pulled/N money/N from/I the/I stock/N market/N after/I its/V big/N drop/V last/N Friday/N and/N put/V the/I money/N into/I funds/N ,/, said/N _OOV_/N _OOV_/N ,/, vice/N president/N and/I chief/N economist/N of/I the/I Institute/N ./.
``/N _OOV_/N investors/N ,/, on/I the/I other/N hand/N ,/, reacted/N to/V the/I steep/N decline/N in/I yields/N on/I direct/N _OOV_/N instruments/N following/I the/I _OOV_/N decline/N last/N Friday/N ,/, ''/N Mr./N _OOV_/N said/N ./.
Yields/N on/I money/N funds/N dropped/N in/I the/I week/N ended/N Tuesday/N ,/, according/V to/N _OOV_/N 's/N Money/N Fund/N Report/N ,/, a/I _OOV_/N ,/, Mass./N ,/, newsletter/N ./.
The/N average/N _OOV_/N compounded/N yield/N fell/N to/N _OOV_/N %/N from/I 8.60/N %/N the/I week/N earlier/N ,/, _OOV_/N 's/N said/N ./.
At/N the/I auction/N of/I six-month/N U.S./N Treasury/N bills/N on/I Monday/N ,/, the/I average/N yield/N fell/N to/N _OOV_/N %/N from/I _OOV_/N %/N ./.
Likewise/N ,/, certificates/N of/I deposit/N on/I average/N posted/N lower/I yields/N in/I the/I week/N ended/N Tuesday/N ./.
The/N _OOV_/N _OOV_/N money/N funds/N rose/N $/N _OOV_/N billion/N to/N $/N _OOV_/N billion/N ./.
The/N _OOV_/N _OOV_/N funds/N increased/N $/N _OOV_/N billion/N to/N $/N _OOV_/N billion/N ,/, while/I 96/N broker-dealer/N funds/N increased/N $/N 1.3/N billion/N to/N $/N _OOV_/N billion/N ./.
Domestic/N lending/N for/I real/N estate/N and/N property/N development/N was/N the/I source/N of/I Bank/N _OOV_/N Malaysia/N _OOV_/N 's/N most/N recent/D spate/N of/I financial/N troubles/N ,/, the/I institution/N 's/N executive/N chairman/N ,/, _OOV_/N _OOV_/N _OOV_/N ,/, said/N ./.
Speaking/N to/N reporters/N this/N week/N after/I Bank/N _OOV_/N 's/N shareholders/N approved/N a/I rescue/N plan/N ,/, _OOV_/N _OOV_/N _OOV_/N said/V heavy/N lending/N to/N the/I property/N sector/N rocked/N the/I bank/N when/N property/N prices/N in/I Malaysia/N plummeted/N in/I _OOV_/N ./.
He/N said/V the/I bank/N could/N n't/N wait/N any/N longer/N for/I prices/N to/N recover/V and/I for/I borrowers/N to/N service/N their/N loans/N ./.
So/N the/I bank/N 's/N board/N decided/N to/V make/N 1.23/N billion/N _OOV_/N dollars/N -LRB-/N US$/N _OOV_/N million/N -RRB-/N in/I provisions/N for/I interest/N payments/N from/I loans/N previously/I recorded/V as/N revenue/N but/V never/N actually/D received/N by/I the/I bank/N ,/, and/N to/V submit/N a/D bailout/N package/N to/N replenish/N the/I bank/N 's/N _OOV_/N capital/N ./.
The/N predicament/N ,/, he/N added/N ,/, was/N similar/D to/N the/I Hong/N Kong/N _OOV_/N _OOV_/N collapse/N ,/, which/N exposed/V the/I involvement/N of/N Bank/N _OOV_/N 's/N former/N subsidiary/N in/I the/I colony/N in/I the/I largest/N banking/N scandal/N in/I Malaysia/N 's/N history/N ./.
The/N subsidiary/N ,/, _OOV_/N Malaysia/N Finance/N Ltd./N ,/, was/N left/V with/I _OOV_/N _OOV_/N billion/N in/I bad/N loans/N made/V to/N Hong/N Kong/N property/N speculators/N ./.
Both/N episodes/N wiped/N out/N Bank/N _OOV_/N 's/N shareholders/N '/N funds/N ./.
Each/N time/N ,/, the/I bank/N 's/N 90/N %/N shareholder/N --/N _OOV_/N _OOV_/N _OOV_/N ,/, or/N _OOV_/N ,/, the/I national/N oil/N company/N --/N has/N been/V called/V upon/V to/V rescue/N the/I institution/N ./.
In/I five/N years/N ,/, _OOV_/N ,/, which/N became/V the/I dominant/D shareholder/N in/I a/D 1984/N rescue/N exercise/N ,/, has/N spent/N about/I _OOV_/N 3.5/N billion/N to/N prop/N up/N the/I troubled/N bank/N ./.
_OOV_/N _OOV_/N _OOV_/N said/V the/I capital/N restructuring/N plan/N has/N been/N approved/V by/I Malaysia/N 's/N Capital/N _OOV_/N Committee/N and/N central/N bank/N ./.
Malaysia/N 's/N High/N Court/N is/V expected/N to/N approve/V the/I plan/N ./.
Once/N the/D plan/N is/N approved/N ,/, _OOV_/N _OOV_/N _OOV_/N said/N ,/, most/N of/I Bank/N _OOV_/N 's/N _OOV_/N loans/N will/N have/V been/V fully/N provided/V for/I and/N the/I bank/N will/N be/V on/I track/N to/N report/N a/I pretax/N profit/N of/I between/I _OOV_/N 160/N million/N and/I _OOV_/N 170/N million/N for/I the/I fiscal/N year/N ending/N March/N 31/N ./.
For/N the/I previous/N financial/N year/N ,/, the/I bank/N would/N have/V reported/N a/D pretax/N profit/N of/I _OOV_/N _OOV_/N million/N if/N it/N had/V n't/N made/N provisions/N for/I the/I _OOV_/N loans/N ,/, he/P said/N ./.
Malaysia/N 's/N Banking/N _OOV_/N Act/N prohibited/N the/I bank/N from/I identifying/N delinquent/N borrowers/N ,/, said/N _OOV_/N _OOV_/N _OOV_/N ./.
But/N public/N documents/N indicate/N 10/N %/N or/N more/N of/I the/I bank/N 's/N provisions/N were/N made/V for/I foregone/N interest/N on/I a/D _OOV_/N 200/N million/N loan/N to/N Malaysia/N 's/N dominant/I political/N party/N ,/, the/N United/N _OOV_/N National/N Organization/N ,/, to/N build/V its/D convention/N and/N headquarters/N complex/V in/I _OOV_/N _OOV_/N ./.
The/N loan/N to/N _OOV_/N was/N made/V in/I September/N 1983/N ./.
``/N We/N lent/N a/I lot/N of/I money/N all/N over/I the/I place/N ,/, ''/N said/N _OOV_/N _OOV_/N _OOV_/N ,/, who/N refused/V to/N discuss/N the/I bank/N 's/N outstanding/N loans/N to/N
As/N well/N as/I the/I _OOV_/N 1.23/N billion/N in/I provisions/N announced/N on/I Oct./N 6/N ,/, the/I restructuring/N package/N covers/N an/D additional/N _OOV_/N _OOV_/N million/N in/I provisions/N made/N in/I earlier/D years/N but/N never/N reflected/N in/I a/D reduction/N of/I the/I bank/N 's/N _OOV_/N capital/N ./.
At/N the/I end/N of/I the/I exercise/N ,/, the/I cash/N injection/N from/I _OOV_/N will/N increase/N the/I bank/N 's/N _OOV_/N capital/N to/N _OOV_/N 1.15/N billion/N after/I virtually/V being/N wiped/N out/I by/I the/I new/N provisions/N ./.
_OOV_/N _OOV_/N might/N have/V stepped/N from/I a/D recruiting/N poster/N for/N young/N Republicans/N ./.
White/N ,/, 24/N years/N old/N ,/, a/N singer/N in/I her/V church/N choir/N ,/, she/N symbolizes/N a/D generation/N that/N gave/V its/N heart/N and/N its/D vote/N to/N Ronald/N Reagan/N ./.
``/N I/, felt/N kind/N of/I safe/N ,/, ''/N she/N says/N ./.
No/N longer/N ./.
When/N the/I Supreme/N Court/N opened/N the/I door/N this/N year/N to/N new/N restrictions/N on/I abortion/N ,/, Ms./N _OOV_/N opened/N her/V mind/N to/N Democratic/N politics/N ./.
Then/N a/I political/N novice/N ,/, she/N stepped/N into/I a/D whirl/N of/I ``/N _OOV_/N ''/N marches/N ,/, house/N parties/N and/N _OOV_/N ./.
Now/N she/N leads/N a/D grassroots/N _OOV_/N campaign/N in/I _OOV_/N County/N for/I _OOV_/N Democratic/N gubernatorial/N candidate/N James/N _OOV_/N ./.
``/N This/I is/N one/N where/N I/, cross/N party/N lines/N ,/, ''/N she/N says/N ,/, rejecting/N the/I _OOV_/N stance/N of/I Rep./N _OOV_/N 's/N opponent/N ,/, _OOV_/N Rep./N James/N _OOV_/N ./.
``/N People/N my/N age/N thought/N it/N was/V n't/N going/N to/N be/V an/N issue/N ./.
Now/N it/N has/V --/N especially/N for/I people/N my/N age/N ./. ''/N
_OOV_/N bear/N out/I this/N warning/N ,/, but/N after/I a/D decade/N of/I increased/N Republican/N influence/N here/N ,/, the/I new/N politics/N of/I abortion/N have/N contributed/V to/V a/D world/N turned/N upside/N down/I for/I Mr./N _OOV_/N ./.
Unless/N he/P closes/N the/I gap/N ,/, Republicans/N risk/N losing/N not/I only/I the/I governorship/N but/N also/I the/I assembly/N next/N month/N ./.
Going/N into/I the/I 1990s/N ,/, the/I _OOV_/N is/V paying/N a/I price/N for/I the/I same/N conservative/N social/N agenda/N that/N it/N used/V to/N torment/N Democrats/N in/I the/I past/N ./.
This/I change/N comes/V less/N from/I a/D shift/N in/I public/N opinion/N ,/, which/N has/V n't/N changed/N much/V on/I abortion/N over/I the/I past/N decade/N ,/, than/N in/I the/I boundaries/N of/I the/I debate/N ./.
New/N Jersey/N 's/N own/N highest/N court/N remains/N a/I liberal/N bulwark/N against/N major/N restrictions/N on/I abortion/N ,/, but/N the/I U.S./N Supreme/N Court/N ruling/N ,/, Webster/N vs./N Missouri/N ,/, has/N engaged/N voters/N across/I the/I nation/N who/N had/V been/N insulated/V from/I the/I issue/N ./.
Before/N July/N ,/, _OOV_/N voters/N could/V safely/N make/V political/N decisions/N without/I focusing/N narrowly/N on/I abortion/N ./.
Now/N ,/, the/I threat/N of/I further/N restrictions/N adds/N a/D new/N dimension/N ,/, bringing/N an/N upsurge/N in/I political/N activity/N by/I _OOV_/N forces/N ./.
A/N recent/D _OOV_/N rally/N in/I _OOV_/N drew/N thousands/N ,/, and/N in/I a/I major/N reversal/N ,/, Congress/N is/N defying/N a/I presidential/N veto/N and/N demanding/V that/N _OOV_/N abortions/N be/V permitted/N in/I cases/N of/N rape/N and/I incest/N ./.
``/N If/N Webster/N had/V n't/N happened/N ,/, you/N would/N n't/N be/V here/N ,/, ''/N _OOV_/N _OOV_/N tells/N a/D reporter/N in/I the/I _OOV_/N office/N of/I the/I National/N Organization/N for/N Women/N ./.
``/N We/N could/N have/V shouted/N from/I the/I rooftops/N about/N _OOV_/N and/I no/I one/N would/N have/V heard/N us/N ./. ''/N
New/N Jersey/N is/V a/D proving/V ground/N for/I this/I aggressive/N _OOV_/N movement/N this/N year/N ./.
The/D infusion/N of/I activists/N can/N bring/V a/D clash/N of/I cultures/N ./.
In/I _OOV_/N Hill/N ,/, the/N National/N _OOV_/N Rights/N Action/N League/N ,/, whose/I goal/N is/V to/N sign/N up/N 50,000/N _OOV_/N voters/N ,/, targets/N a/I union/N breakfast/N to/N build/N labor/N support/N for/I its/D cause/N ./.
The/N league/N organizers/N seem/V more/N a/D fit/N with/I a/D convention/N next/N door/N of/I young/N aerobics/N instructors/N in/I _OOV_/N than/N the/I _OOV_/N union/N leaders/N ;/N ``/N I/, wish/N I/, could/N go/N work/N out/N ,/, ''/N says/N a/D slim/N activist/N ./.
A/N labor/N chief/N speaks/N sardonically/N of/I having/I to/N ``/N man/N and/I woman/N ''/N Election/N Day/N phones/N ./.
No/N age/N group/N is/N more/N sensitive/N than/N younger/N voters/N ,/, like/N Ms./N _OOV_/N ./.
A/N year/N ago/N this/D fall/N ,/, New/N Jersey/N voters/N under/N 30/N favored/V George/N Bush/N by/I 56/N %/N to/N 39/N %/N over/I Michael/N _OOV_/N ,/, according/N to/V a/D survey/N then/N by/I _OOV_/N University/N 's/N _OOV_/N Institute/N ./.
A/N matching/N _OOV_/N _OOV_/N _OOV_/N poll/N last/N month/N showed/N a/D complete/N reversal/N ./.
_OOV_/N in/I the/I same/N age/N group/N backed/N Democrat/N _OOV_/N 55/N %/N to/N 29/N %/N over/I Republican/N _OOV_/N ./.
_OOV_/N alone/N ca/N n't/N explain/N this/D shift/N ,/, but/N New/N Jersey/N is/V a/D model/N of/I how/N so/V personal/I an/N issue/N can/N become/V a/D baseline/N of/I sorts/N in/I judging/N a/I candidate/N ./.
By/N a/D _OOV_/N ratio/N ,/, voters/N appear/V more/N at/I ease/N with/N Mr./N _OOV_/N 's/N stance/N on/I abortion/N ,/, and/N polls/N indicate/V his/D lead/N widens/N when/I the/I candidates/N are/N specifically/N linked/N to/N the/I issue/N ./.
``/N The/N times/N are/N my/N times/N ,/, ''/N says/N Mr./N _OOV_/N ./.
The/N _OOV_/N County/N congressman/N still/I carries/V himself/N with/I a/D trademark/N ``/N _OOV_/N ''/N intensity/N ,/, but/V at/I a/I pause/N in/I _OOV_/N 's/N Columbus/N Day/N parade/N recently/N ,/, he/V was/N dancing/N with/N his/D wife/N in/N the/I middle/N of/I the/I avenue/N in/I the/D city/N 's/N old/I _OOV_/N ward/N ./.
After/N losing/N by/I fewer/N than/N 1,800/N votes/N in/I the/I 1981/N governor/N 's/N race/N ,/, he/P has/V prepared/N himself/N methodically/N for/I this/N moment/N ,/, including/N deciding/N in/I recent/N years/N he/V could/N no/I longer/I support/N curbs/N on/I federal/N funding/N for/I _OOV_/N abortions/N ./.
``/N If/N you/N 're/N going/N to/V be/V consistent/V and/N say/V it/N is/V a/D constitutionally/N protected/N right/N ,/, ''/N he/N asks/N ,/, ``/N how/N are/V you/N going/N to/N say/V an/N upscale/N woman/N who/N can/I drive/N to/N the/I hospital/N or/N clinic/N in/I a/I nice/N car/N has/N a/D constitutional/N right/N and/I someone/N who/N is/V not/V in/I great/D shape/N financially/N does/V not/V ?/N ''/N
Mr./N _OOV_/N ,/, by/I comparison/N ,/, seems/N a/I shadow/N of/I the/I confident/N hawk/N who/N defended/V Oliver/N North/N before/I national/N cameras/N at/I Iran-Contra/N hearings/N two/N years/N ago/N ./.
Looking/N back/N ,/, he/N says/N he/P erred/N by/I stating/V his/D ``/N personal/N ''/N opposition/N to/N abortion/N instead/N of/I assuring/N voters/N that/N he/V would/N n't/N impose/V his/D views/N on/I ``/N policy/N ''/N as/I governor/N ./.
It/N is/V a/D distinction/N that/N satisfies/N neither/N side/N in/I the/I debate/N ./.
``/N He/N does/N n't/N know/N himself/N ,/, ''/N _OOV_/N _OOV_/N of/I the/I _OOV_/N Rights/N League/N says/N of/I Mr./N _OOV_/N 's/N position/N ./.
Even/N abortion/N opponents/N ,/, however/N angry/N with/N Mr./N _OOV_/N ,/, ca/N n't/N hide/N their/D frustration/N with/I the/I Republican/N 's/N ambivalence/N ./.
``/N He/N does/N n't/N want/N to/V lead/N the/I people/N ,/, ''/N says/N Richard/N _OOV_/N ,/, president/N of/N New/N Jersey/N Right/N to/N Life/N ./.
Moreover/N ,/, by/I stepping/N outside/I the/D state/N 's/N _OOV_/N tradition/N ,/, Mr./N _OOV_/N _OOV_/N fears/N that/N he/P is/V too/N conservative/N as/I well/N on/I more/N pressing/N concerns/N such/N as/I auto/N insurance/N rates/N and/N the/I environment/N ./.
He/N hurt/N himself/N further/I this/I summer/N by/I bringing/V homosexual/N issues/N into/I the/I debate/N ;/N and/N by/I wavering/N on/I this/N issue/N and/N abortion/N ,/, he/V has/N weakened/V his/D credibility/N in/N what/N is/V already/V a/I _OOV_/N campaign/N on/I both/I sides/N ./.
_OOV_/N to/N Congress/N in/I 1978/N ,/, the/I _OOV_/N Mr./N _OOV_/N is/N part/N of/I a/D generation/N of/N young/N conservatives/N who/N were/V once/D very/N much/I in/I the/I lead/N of/I the/I _OOV_/N shift/N under/N Mr./N Reagan/N ./.
Like/N many/I of/I his/N colleagues/N ,/, he/V did/V n't/N serve/V in/I Vietnam/N in/I the/I 1960s/N yet/I embraced/N a/D _OOV_/N defense/N and/N foreign/N policy/N --/N even/N voting/N against/N a/D 1984/N resolution/N critical/N of/I the/I U.S./N mining/N of/I _OOV_/N harbors/N ./.
Jack/N Kemp/N and/N the/I writers/N _OOV_/N Kristol/N and/I George/N _OOV_/N were/N influences/N ,/, and/N Mr./N _OOV_/N 's/N own/N conservative/N credentials/N proved/V useful/N to/N the/I current/N New/N Jersey/N _OOV_/N governor/N ,/, Thomas/N _OOV_/N ,/, in/I the/I 1981/N Republican/N primary/N here/N ./.
The/V same/N partnership/N is/N now/V crucial/I to/N Mr./N _OOV_/N 's/N fortunes/N ,/, but/V the/I abortion/N issue/N is/V only/V a/D reminder/N of/I the/I gap/N between/I his/D record/N and/I that/N of/I the/I more/N moderate/N ,/, _OOV_/N Gov./N _OOV_/N ./.
While/N the/I _OOV_/N County/N congressman/N pursued/N an/D _OOV_/N ,/, _OOV_/N agenda/N in/I Washington/N ,/, Gov./N _OOV_/N was/N approving/N increased/N income/N and/N sales/N taxes/N at/I home/N and/I overseeing/N a/I near/V doubling/N in/I the/I size/N of/I New/N Jersey/N 's/N budget/N in/N his/V eight/N years/N in/I office/N ./.
_OOV_/N forces/N play/N down/I any/N differences/N with/N Mr./N _OOV_/N ,/, but/V this/D history/N makes/N it/N harder/N for/I the/I conservative/N to/N run/N against/N government/N ./.
Mr./N _OOV_/N 's/N free-market/N plan/N to/N bring/V down/I auto/N insurance/N rates/N met/N criticism/N from/I Gov./N _OOV_/N 's/N own/N insurance/N commissioner/N ./.
Mr./N _OOV_/N is/N further/D hobbled/N by/I a/D record/N of/I votes/N opposed/N to/N government/N regulation/N on/I behalf/N of/I consumers/N ./.
_OOV_/N in/I Spanish/N from/I his/D days/N in/I the/I Peace/N _OOV_/N ,/, Mr./N _OOV_/N actively/N courts/N minority/N voters/N but/N seems/V oddly/N over/I his/D head/N ./.
He/N is/V warm/N and/I polished/N before/I a/D Puerto/N _OOV_/N Congress/N in/I _OOV_/N Park/N ./.
Yet/N minutes/N after/I promising/N to/V appoint/N _OOV_/N to/V high/N posts/N in/I state/N government/N ,/, he/P is/V unable/V to/N say/V whether/N he/P has/V ever/N employed/N any/N in/I his/D congressional/N office/N ./.
``/N I/, do/N n't/N think/N we/N do/N now/N ,/, ''/N he/N says/N ./.
``/N I/, think/N we/N did/N ./. ''/N
Asked/N the/I same/N question/N after/I his/D appearance/N ,/, Democrat/N _OOV_/N identifies/N a/D staff/N member/N by/I name/N and/N explains/N her/V whereabouts/N today/N ./.
When/N he/P is/N presented/V with/N a/D poster/N celebrating/N the/I organization/N 's/N 20th/N anniversary/N ,/, he/N recognizes/N a/D photograph/N of/I one/N of/I the/I founders/N and/N recalls/N time/N spent/N together/N in/I _OOV_/N ./.
Details/N and/N _OOV_/N are/V essential/N _OOV_/N ./.
_OOV_/N to/N Congress/N as/I a/D ``/N Watergate/N baby/N ''/N in/I 1974/N ,/, he/N ran/N for/I governor/N three/N years/N later/N ./.
In/I the/I opinion/N of/I many/N ,/, he/P has/V n't/N stopped/N running/N since/N ,/, even/V though/V he/P declined/N a/D rematch/N with/I Gov./N _OOV_/N in/I 1985/N ./.
His/N base/N in/I South/N Jersey/N and/N on/I the/I House/N Energy/N and/N Commerce/N Committee/N helped/N him/N sustain/V a/D network/N of/I _OOV_/N committees/N to/V preserve/N his/D edge/N ./.
With/N limited/N budgets/N for/I television/N in/I a/D high-priced/N market/N ,/, Mr./N _OOV_/N 's/N higher/I recognition/N than/N his/D rival/N is/V a/D major/N advantage/N ./.
More/N than/N ever/N ,/, his/N _OOV_/N and/I _OOV_/N record/N is/V in/I sync/N with/N the/D state/N ./.
Auto/N insurance/N rates/N are/V soaring/N ./.
A/N _OOV_/N fire/N destroyed/V part/N of/I an/N interstate/N highway/N this/I summer/N ./.
In/I _OOV_/N ,/, an/N important/N swing/N area/N ,/, Republican/N _OOV_/N now/N run/N on/I a/D slogan/N promising/N to/V keep/N the/D county/N ``/N clean/N and/I green/N ./. ''/N
Mr./N _OOV_/N _OOV_/N this/N vindication/N ,/, but/V at/I age/N 52/N ,/, the/I congressman/N is/N also/I a/I product/N of/I his/D times/N and/I losses/N ./.
He/N speaks/N for/I the/I death/N penalty/N as/I if/N reading/N from/I _OOV_/N 21/N ;/N to/N increase/N state/N revenue/N he/N focuses/N not/V on/I ``/N taxes/N ''/N but/N on/I ``/N audits/N ''/N to/N cut/N waste/N ./.
_OOV_/N consultants/N match/N ads/N with/N Mr./N _OOV_/N 's/N team/N ,/, and/N Mr./N _OOV_/N _OOV_/N himself/N as/I the/I lean/N ,/, mean/N Democratic/N fighting/N machine/N of/N the/I 1990s/N ./.
_OOV_/N to/N a/I young/N audience/N ,/, he/N scraps/N an/I old/D reference/N to/N _OOV_/N and/I _OOV_/N and/I instead/N quotes/N the/I _OOV_/N _OOV_/N ./.
The/N lyric/N chosen/N --/N ``/N long/N strange/N night/N ''/N --/N may/N be/V an/D apt/N footnote/N to/N television/N spots/N by/I both/I candidates/N intended/N to/V portray/V each/N other/I as/I a/I liar/N ./.
The/N Democratic/N lawmaker/N fits/N a/D pattern/N of/I younger/N reformers/N arising/N out/N of/I old/N machines/N ,/, but/V his/D ties/N to/N _OOV_/N remain/V a/I sore/N point/N because/V of/I the/I county/N 's/N past/N corruption/N ./.
His/N campaign/N hierarchy/N is/N chosen/N from/I elsewhere/N in/I the/I state/N ,/, and/N faced/V with/N criticism/N of/I a/D sweetheart/N bank/N investment/N ,/, he/P has/V so/V far/N blunted/N the/I issue/N by/I donating/N the/I bulk/N of/I his/D profits/N to/N his/D alma/N mater/N ,/, _OOV_/N State/N College/N ./.
Mr./N _OOV_/N 's/N _OOV_/N on/I the/I abortion/N issue/N after/I the/I Webster/N ruling/N divides/N some/I of/I his/V old/N constituency/N ./.
_OOV_/N _OOV_/N ,/, an/N unlikely/V but/V enthusiastic/N pipe/N major/N in/I an/D _OOV_/N County/N Irish/N bagpipe/N band/N ,/, speaks/N sadly/N of/I Mr./N _OOV_/N ./.
``/N I/, am/N a/I devout/N _OOV_/N ,/, ''/N says/N Mr./N _OOV_/N ,/, a/I 40-year-old/N health/N officer/N ./.
``/N I/, ca/N n't/N support/N him/N because/V of/I abortion/N ./. ''/N
Bill/N _OOV_/N Sr./N ,/, 72/N ,/, is/N _OOV_/N too/N ,/, but/N _OOV_/N by/I Mr./N _OOV_/N 's/N stand/N on/I abortion/N ./.
A/N security/N guard/N at/I a/D cargo/N terminal/N ,/, he/N wears/N a/I Sons/N of/I Italy/N jacket/N and/N cap/N celebrating/N ``/N The/N US/N 1/N _OOV_/N ./. ''/N
``/N I/, still/I think/N the/I woman/N has/N the/I right/N to/N do/N with/I her/V body/N as/N she/N pleases/N ,/, ''/N he/N says/N ./.
``/N If/N you/N want/N more/N opinions/N ask/N my/N wife/N ./.
She/N has/N lots/N of/I opinions/N ./.
Consumer/N prices/N rose/N a/I surprisingly/N moderate/N 0.2/N %/N in/I September/N ,/, pushed/N up/I mostly/N by/I a/D jump/N in/I clothing/N costs/N ,/, the/I Labor/N Department/N reported/N ./.
Energy/N costs/N ,/, which/N drove/N wholesale/N prices/N up/N sharply/N during/I the/I month/N ,/, continued/N to/N decline/N at/I the/I retail/N level/N ,/, pulling/N down/I transportation/N and/N helping/N to/V ease/N housing/N costs/N ./.
The/N report/N was/N the/I brightest/N news/N the/I financial/N markets/N had/N seen/N since/V before/I the/I stock/N market/N plunged/N more/N than/N 190/N points/N last/N Friday/N ./.
The/N Dow/N Jones/N Industrial/N Average/N rallied/N on/I the/I news/N ,/, closing/N _OOV_/N points/N higher/I at/I _OOV_/N ./.
Bond/N prices/N also/N jumped/N as/I traders/N appeared/N to/N read/N the/I data/N as/I a/D sign/N that/N interest/N rates/N may/N fall/N ./.
But/N many/I economists/N were/V not/V nearly/V as/I jubilant/N ./.
The/N climb/N in/I wholesale/N energy/N prices/N is/N certain/I to/N push/N up/N retail/N energy/N prices/N in/I the/I next/N few/D months/N ,/, they/N warned/N ./.
They/N also/I said/V the/I dollar/N is/N leveling/N off/I after/I a/D rise/N this/I summer/N that/I helped/N to/V reduce/N the/I prices/N of/I imported/N goods/N ./.
``/N I/, think/N inflation/N is/N going/N to/N pick/N up/N through/I the/I fall/N ,/, ''/N said/N Joel/N _OOV_/N ,/, a/I specialist/N on/I inflation/N who/N runs/N an/I economic/N consulting/N firm/N here/N ./.
``/N It/N has/V been/N in/I what/N I/, would/N describe/N as/I a/D lull/N for/I the/I past/N several/I months/N ./. ''/N
``/N We/N 've/N had/V _OOV_/N declines/N in/I consumer/N energy/N prices/N in/I each/N of/I the/I past/N three/N months/N ,/, and/N at/I the/I wholesale/N level/N those/N are/V fully/V behind/N us/N now/N ,/, ''/N said/N Jay/N _OOV_/N ,/, chief/N domestic/N economist/N at/I Bankers/N Trust/N Co./N in/I New/N York/N ./.
Because/N wholesale/N energy/N prices/N shot/N up/I by/I a/I steep/N 6.5/N %/N last/N month/N ,/, many/I analysts/N expected/N energy/N prices/N to/N rise/N at/I the/I consumer/N level/N too/N ./.
As/N a/I result/N ,/, many/N economists/N were/N expecting/N the/I consumer/N price/N index/N to/N increase/N significantly/N more/N than/N it/V did/N ./.
But/N retail/N energy/N prices/N declined/N 0.9/N %/N in/I September/N ./.
Though/N analysts/N say/N competition/N will/N probably/N hold/V down/I increases/N in/I retail/N energy/N prices/N ,/, many/I expect/N some/I of/I the/I wholesale/N rise/N to/N be/V passed/N along/N to/V the/I consumer/N before/I the/I end/N of/I the/I year/N ./.
Still/N ,/, some/I analysts/N insisted/N that/I the/I worst/N of/I the/I inflation/N is/V behind/N ./.
``/N It/, increasingly/N appears/V that/N _OOV_/N was/V a/D temporary/N inflation/N _OOV_/N and/N not/V the/I beginning/N of/I a/D cyclical/N inflation/N problem/N ,/, ''/N argued/N Edward/N _OOV_/N ,/, chief/N economist/N at/I Prudential-Bache/N Securities/N Inc./N in/N New/N York/N ./.
In/I both/I 1987/N and/I 1988/N ,/, consumer/N prices/N rose/N _OOV_/N %/N ./.
A/N run-up/N in/I world/N oil/N prices/N last/I winter/N sent/V consumer/N prices/N soaring/N at/I a/D _OOV_/N %/N annual/N rate/N in/I the/I first/I five/N months/N of/I this/N year/N ,/, but/V the/I subsequent/N decline/N in/I energy/N prices/N has/N pulled/N the/I annual/N rate/N back/N down/I to/N _OOV_/N %/N ./.
Mr./N _OOV_/N predicted/N that/I world/N business/N competition/N will/N continue/N to/N restrain/N prices/N ./.
``/N The/N bottom/N line/N is/N ,/, it/N seems/V to/N me/N that/N the/D economic/N environment/N has/N become/V very/N ,/, very/N _OOV_/N for/I a/N lot/N of/I businesses/N ,/, ''/N he/N said/N ./.
``/N Back/N in/I _OOV_/N ,/, business/N was/N operating/N at/I fairly/N tight/N capacity/N ,/, so/N businesses/N felt/N they/V could/N raise/N prices/N ./. ''/N
Now/N ,/, he/P said/N ,/, a/I slowdown/N in/I economic/N activity/N has/N _OOV_/N demand/N ./.
The/V mild/N inflation/N figures/N renewed/N investors/N '/N hopes/N that/I the/I Federal/N Reserve/N will/N ease/N its/I interest-rate/N stance/N ./.
The/N steep/N climb/N in/I producer/N prices/N reported/N last/N Friday/N fostered/N pessimism/N about/I lower/N interest/N rates/N and/N contributed/V to/V the/I stock/N market/N 's/N 6.9/N %/N plunge/N that/I day/N ./.
In/I the/I past/N several/I days/N ,/, however/N ,/, the/I U.S./N 's/N central/N bank/N has/V allowed/N a/D key/N interest/N rate/N to/N fall/N slightly/N to/N try/N to/N stabilize/V the/I markets/N ./.
Analysts/N say/N Fed/N policy/N makers/N have/N been/V wary/N of/I relaxing/N credit/N too/N much/I because/V they/N were/V still/V uncertain/N about/I the/I level/N of/I inflation/N in/I the/I economy/N ./.
Excluding/N the/I volatile/N categories/N of/N energy/N and/I food/N --/N leaving/N what/N some/I economists/N call/N the/I core/N inflation/N rate/N --/N consumer/N prices/N still/I rose/N only/D 0.2/N %/N in/I September/N ./.
Transportation/N costs/N actually/I fell/N 0.5/N %/N ,/, and/N housing/N costs/N gained/N only/D 0.1/N %/N ./.
Apparel/N prices/N _OOV_/N up/N 1.7/N %/N ,/, but/V that/N was/V after/I three/N months/N of/N declines/N ./.
Medical/N costs/N continued/N their/I steep/N ascent/N ,/, rising/N _OOV_/N %/N after/I four/N consecutive/N months/N of/I 0.7/N %/N increases/N ./.
Car/N prices/N ,/, another/I area/N that/N contributed/V to/V the/I steep/N rise/N in/I the/I wholesale/N index/N last/N month/N ,/, still/V showed/N declines/N at/I the/I consumer/N level/N ./.
They/N dropped/N _OOV_/N %/N as/I dealers/N continued/N to/V offer/N rebates/N to/N attract/V customers/N ./.
Food/N prices/N rose/N 0.2/N %/N for/I the/I second/N month/N in/I a/D row/N ,/, far/N slower/I than/N the/I monthly/N rises/N earlier/D in/I the/I year/N ./.
Separately/N ,/, the/I Labor/N Department/N reported/N that/I average/N weekly/N earnings/N rose/N 0.3/N %/N in/I September/N ,/, after/I adjusting/N for/I inflation/N ,/, following/I a/D 0.7/N %/N decline/N in/N August/N ./.
All/N the/I numbers/N are/N adjusted/V for/I seasonal/N fluctuations/N ./.
Here/N are/N the/I seasonally/N adjusted/V changes/N in/I the/I components/N of/I the/I Labor/N Department/N 's/N consumer/N price/N index/N for/N September/N ./.
After/N watching/N interest/N in/I the/I sport/N plummet/N for/I years/N ,/, the/I ski/N industry/N is/N trying/N to/N give/V itself/N a/D lift/N ./.
_OOV_/N the/I country/N ,/, resorts/N are/N using/V everything/N from/I fireworks/N to/N _OOV_/N concerts/N to/N attract/V new/N customers/N ./.
Some/N have/V built/N health/N _OOV_/N ,/, business/N centers/N and/N shopping/N villages/N so/N visitors/N have/V more/N to/V do/N than/N ski/N ./.
And/N this/N week/N ,/, the/I industry/N 's/N efforts/N will/N go/N national/N for/I the/I first/I time/N when/I it/N unveils/N a/I $/N 7/N million/N advertising/N campaign/N ./.
Such/N efforts/N --/N unheard/N of/I only/V a/I few/N years/N ago/N --/N are/N the/I latest/N attempts/N to/N revive/V the/I sagging/N $/N 1.76/N billion/N U.S./N ski/N industry/N ./.
Since/N the/I start/N of/I the/I decade/N ,/, _OOV_/N sales/N have/V grown/N only/D 3/N %/N a/I year/N on/I average/N ,/, compared/N with/I 16/N %/N annual/N growth/N rates/N in/I the/I _OOV_/N and/I _OOV_/N ./.
Last/N season/N ,/, _OOV_/N sales/N fell/N for/I the/I first/I time/N in/I seven/N years/N ./.
By/N some/I estimates/N ,/, nearly/N a/D fourth/N of/I all/I U.S./N ski/N areas/N have/N been/V forced/N to/N shut/V down/I since/V the/I early/N _OOV_/N ./.
Competition/N and/I mounting/N insurance/N and/N equipment/N costs/N have/N been/V the/I undoing/N of/I many/I resorts/N ./.
But/N another/I big/N problem/N has/N been/V the/I aging/N of/I baby/N boomers/N ./.
_OOV_/N ,/, after/I all/N ,/, has/V mainly/N been/N for/I the/I young/N and/I daring/N and/I many/I baby/N boomers/N have/V outgrown/N skiing/N or/N have/V too/N many/I family/N responsibilities/N to/N stick/N with/I the/I sport/N ./.
In/I its/I new/N ad/N campaign/N ,/, created/N by/I _OOV_/N _OOV_/N _OOV_/N &/N _OOV_/N Inc./N ,/, Chicago/N ,/, the/I ski/N industry/N is/N trying/N to/N change/V its/D image/N as/N a/D sport/N primarily/N for/I young/N white/N people/N ./.
One/N _OOV_/N TV/N spot/N features/N a/I diverse/N group/N of/I skiers/N gracefully/N gliding/N down/I _OOV_/N slopes/N :/, senior/N citizens/N ,/, minorities/N ,/, families/N with/N children/N --/N even/N a/D blind/N skier/N ./.
``/N _OOV_/N school/N is/N great/N ,/, ''/N cries/N out/N a/D tot/N ,/, bundled/N in/I a/D _OOV_/N as/I he/P plows/N down/I a/I bunny/N slope/N ./.
``/N You/N 'll/N never/N _OOV_/N you/N try/N ,/, ''/N says/N a/I black/N skier/N ./.
``/N We/N used/N to/N show/N some/I _OOV_/N skier/N in/I his/D twenties/N or/N thirties/N going/N over/I the/I edge/N of/I a/D cliff/N ,/, ''/N says/N _OOV_/N _OOV_/N ,/, a/I spokeswoman/N for/I the/I United/N _OOV_/N Industries/N Association/N ,/, the/I trade/N group/N sponsoring/N the/I campaign/N ./.
_OOV_/N promotions/N have/V traditionally/I avoided/V the/I touchy/N issue/N of/I safety/N ./.
But/N the/I new/N commercials/N deal/N with/N it/N indirectly/N by/I showing/N a/D woman/N smiling/N as/I she/V tries/N to/N get/N up/N from/I a/D fall/N ./.
``/N We/N wanted/N to/N show/V it/N 's/N okay/N if/N you/N fall/N ,/, ''/N says/N Ms./N _OOV_/N ./.
``/N Most/N people/N think/N if/N you/N slip/N ,/, you/N 'll/N wind/N up/I in/I a/I body/N cast/N ./. ''/N
The/N ad/N campaign/N represents/N an/V unusual/N spirit/N of/N cooperation/N among/N resorts/N and/N ski/N equipment/N makers/N ;/N normally/N ,/, they/N only/D run/N ads/N hyping/N their/V own/N products/N and/N facilities/N ./.
But/N in/I these/I crunch/N times/N for/I the/I ski/N industry/N ,/, some/I resorts/N ,/, such/N as/I the/I _OOV_/N Fire/N ,/, Red/N River/N and/I _OOV_/N ski/N areas/N in/N New/N Mexico/N ,/, have/V even/V started/N _OOV_/N skiers/N to/V each/N other/N 's/N slopes/N and/I next/I year/N plan/N to/N sell/N tickets/N good/N for/I all/I local/I lifts/N ./.
Many/N resorts/N also/N are/N focusing/N more/N on/I the/I service/N side/N of/I their/N business/N ./.
Since/N 40/N %/N of/I skiers/N are/N parents/N ,/, many/I slopes/N are/N building/N nurseries/N ,/, expanding/N ski/N schools/N and/N adding/N entertainment/N for/N kids/N ./.
_OOV_/N ,/, Colo./N ,/, now/N has/V a/D _OOV_/N that/I looks/N like/N an/D old/N mining/N town/N ;/N kids/N can/N ski/N through/I and/N pan/N for/I fool/N 's/N gold/N ./.
For/N $/N 15/N ,/, they/N can/N enjoy/N their/V own/N nightly/N entertainment/N ,/, with/N dinner/N ,/, without/I mom/N and/N dad/N ./.
A/N few/N years/N ago/N ,/, parents/N usually/I had/V to/N hire/N a/I sitter/N or/N take/V turns/N skiing/N while/I one/N spouse/N stayed/N with/I the/I children/N ./.
``/N Most/N parents/N who/N had/V to/N go/N through/I that/N never/N came/N back/N ,/, ''/N says/N Michael/N _OOV_/N ,/, president/N of/I _OOV_/N Associates/N Inc./N ,/, which/N owns/N and/I operates/N the/I _OOV_/N and/I nearby/N Beaver/N _OOV_/N resorts/N ./.
To/N make/V skiing/N more/N convenient/N for/I _OOV_/N visitors/N ,/, several/I resorts/N are/N buying/N or/N starting/V their/V own/N travel/N agencies/N ./.
In/I one/N phone/N call/N ,/, ski/N buffs/N can/I make/N hotel/N and/N restaurant/N reservations/N ,/, buy/N lift/N tickets/N ,/, rent/N ski/N equipment/N and/N sign/N up/N for/I lessons/N ./.
And/N resorts/N are/N adding/N other/I amenities/N ,/, such/N as/I pricey/N restaurants/N ,/, health/N _OOV_/N and/N vacation/N packages/N with/N a/D twist/N ./.
During/N _OOV_/N Carnival/N week/N ,/, for/I example/N ,/, visitors/N at/N Sunday/N River/N in/I Maine/N can/N take/V a/D _OOV_/N balloon/N ride/N ./.
``/N People/N these/I days/N want/N something/N else/V to/N do/N besides/V ski/N and/N sit/N in/I the/I bar/N ,/, ''/N says/N Don/N _OOV_/N ,/, executive/N director/N of/I _OOV_/N Fire/N ,/, _OOV_/N 's/N Chamber/N of/I Commerce/N ./.
The/V ski/N industry/N hopes/N to/N increase/N the/I number/N of/I skiers/N by/I 3.5/N million/N to/N about/I _OOV_/N million/N in/I the/I next/I five/N years/N with/N its/D latest/N ads/N and/N promotions/N ./.
But/N some/I think/N that/N 's/N being/N overly/N optimistic/N ./.
For/N one/N thing/N ,/, it/N may/N be/V tough/N to/N attract/V people/N because/N skiing/N is/N still/V expensive/N :/, a/N lift/N ticket/N can/N cost/N up/N to/N $/N 35/N a/I day/N and/N equipment/N prices/N are/N rising/N ./.
And/N most/N _OOV_/N still/V prefer/N a/D warm/N climate/N for/I their/V winter/N excursions/N ./.
An/N American/N Express/N Co./N survey/N of/I its/D travel/N agents/N revealed/V that/N only/D 34/N %/N believe/N their/D clients/N will/N pick/N a/I trip/N this/I winter/N based/V on/I the/I availability/N of/I winter/N sports/N ,/, as/I opposed/V to/N 69/N %/N who/N think/V that/I _OOV_/N sports/N will/N be/V the/I deciding/N factor/N ./.
``/N Even/N if/N they/V could/N bring/V in/I that/N many/I new/N skiers/N ,/, I/, do/N n't/N know/N if/N -LCB-/N the/I industry/N -RCB-/N could/N handle/N that/N kind/N of/I an/N increase/N ,/, ''/N says/N _OOV_/N William/N Berry/N ,/, editor/N and/I publisher/N of/I the/I _OOV_/N Industry/N Letter/N in/I _OOV_/N ,/, _OOV_/N ./.
``/N Most/N people/N will/N come/V on/I the/I weekend/N ,/, the/I slopes/N will/N be/V overcrowded/N and/I then/I these/I -LCB-/N new/N skiers/N -RCB-/N wo/N n't/N come/N back/N ./.
They/N did/V n't/N play/N the/I third/N game/N of/I the/I World/N Series/N on/I Tuesday/N night/N as/I scheduled/N ,/, and/N they/V did/V n't/N play/N it/N on/I Wednesday/N or/N Thursday/N either/N ./.
But/N you/N knew/V that/N ,/, did/V n't/N you/N ?/.
They/N are/V supposed/N to/N play/N the/I game/N next/N Tuesday/N ,/, in/I _OOV_/N Park/N here/N ./.
The/N theory/N is/N that/I the/I stadium/N ,/, damaged/N by/I Tuesday/N 's/N earthquake/N ,/, will/N be/V repaired/V by/I then/N ,/, and/N that/N people/N will/N be/V able/V to/N get/N there/N ./.
Like/N just/N about/I everything/N else/N ,/, that/N remains/V to/V be/V seen/N ./.
_OOV_/N could/N intervene/N ./.
But/N ,/, at/I least/N ,/, the/N law/N of/I averages/N should/V have/V swung/N to/N the/I favorable/N side/N ./.
It/V may/N seem/V trivial/N to/N worry/N about/I the/I World/N Series/N amid/N the/I destruction/N to/N the/I Bay/N Area/N wrought/N by/I Tuesday/N 's/N quake/N ,/, but/N the/I name/N of/I this/N column/N is/N ``/N On/, Sports/N ,/, ''/N so/N I/, feel/N obliged/N to/V do/N so/N ./.
You/N might/N be/V interested/N to/N know/V that/I baseball/N ,/, not/V survival/N ,/, appeared/N to/V be/V the/I first/I thought/N of/I most/N of/I the/I crowd/N of/I _OOV_/N that/I had/V gathered/N at/I _OOV_/N at/I _OOV_/N p.m./N Tuesday/N ,/, a/I half-hour/N before/I game/N time/N ,/, when/I the/I quake/N struck/N ./.
As/N soon/N as/I the/I tremor/N passed/N ,/, many/I people/N spontaneously/N arose/V and/N cheered/N ,/, as/I though/V it/N had/V been/N a/D novel/N kind/N of/I _OOV_/N show/N ./.
One/N fan/N ,/, seated/N several/I rows/N in/I front/N of/I the/I open/N ,/, _OOV_/N auxiliary/N press/N section/N where/N I/, was/V stationed/N ,/, faced/N the/I assembled/N _OOV_/N and/I _OOV_/N shouted/N ,/, ``/N We/N arranged/V that/N just/I for/I you/N guys/N ''/N I/, thought/N and/N ,/, I/, 'm/N sure/N ,/, others/N did/N :/, ``/N You/N should/N n't/N have/V bothered/N ./. ''/N
I/, 'd/N slept/N through/I my/N only/V previous/N brush/N with/I natural/N disaster/N ,/, a/D tornado/N 15/N or/N so/D summers/N ago/N near/N _OOV_/N City/N ,/, Mich./N ,/, so/N I/, was/V unprepared/N for/I one/N reaction/N to/V such/N things/N :/N the/N urge/N to/N talk/N about/N them/N ./.
Perhaps/N primed/N by/I the/I daily/N diet/N of/I radio/N and/N TV/N reporters/N thrusting/N microphones/N into/I people/N 's/N faces/N and/I asking/N how/N they/N ``/N feel/N ''/N about/N one/N calamity/N or/N another/I ,/, fellow/N reporters/N and/I civilians/N who/N spied/N my/N press/N _OOV_/N were/V eager/V to/N chat/N ./.
``/N It/N felt/V like/N I/, was/N on/I a/D station/N platform/N and/N a/D train/N went/N by/N ,/, ''/N said/N one/N man/N ,/, describing/N my/N own/N reaction/N ./.
A/N women/N said/V she/N saw/N the/D park/N 's/N light/N standards/N sway/N ./.
A/N man/N said/V he/P saw/N the/D upper/N rim/N _OOV_/N ./.
I/, saw/N neither/N ./.
_OOV_/N of/I good/N sense/N to/N the/I contrary/N not/D withstanding/N ,/, the/I general/N inclination/N was/V to/N believe/V that/I the/I disturbance/N would/N be/V brief/N and/N that/I ball/N would/N be/V played/N ./.
``/N I/, was/N near/V the/I top/N of/I the/D stadium/N ,/, and/N saw/V a/D steel/N _OOV_/N bow/N six/N feet/N from/I where/I I/, sat/N ,/, but/N I/, stayed/N put/V for/I 10/N or/N 15/N minutes/N ,/, ''/N confessed/N a/D friend/N ./.
``/N I/, guess/N I/, thought/N ,/, `/N This/I is/N the/I World/N Series/N and/N I/, 'm/N not/I gon/N na/N wimp/N out/N '/N ''/N
Here/N in/N the/I Global/N _OOV_/N ,/, though/N ,/, folks/N do/N not/D stay/V uninformed/N for/I long/N ./.
_OOV_/N power/N was/N out/I in/I _OOV_/N _OOV_/N Park/N ,/, but/N _OOV_/N radios/N and/I television/N sets/N were/V plentiful/N ./.
Within/N a/I few/D minutes/N ,/, the/I true/N extent/N of/I the/I catastrophe/N was/N becoming/V clear/N ./.
Its/N _OOV_/N _OOV_/N measurement/N was/N reported/V as/I 6.5/N ,/, then/N 6.9/N ,/, then/N _OOV_/N ./.
A/N section/N of/N the/I Bay/N Bridge/N had/N collapsed/N ,/, as/I had/V a/D part/N of/I Interstate/N Highway/N 880/N in/I _OOV_/N ./.
People/N had/V died/N ./.
At/N _OOV_/N p.m./N ,/, scheduled/N game/N time/N having/I passed/N ,/, some/I fans/N chanted/N ``/N Let/N 's/N Play/N Ball/N ./. ''/N
No/N longer/N innocent/N ,/, they/N qualified/N as/I fools/N ./.
The/N stadium/N was/N ordered/N evacuated/N soon/V afterward/V ;/N the/I announcement/N ,/, made/V over/I police/N _OOV_/N ,/, cited/N the/I power/N outage/N ,/, but/V it/N later/I was/N revealed/V that/N there/V also/I had/V been/N damage/N of/I the/I sort/N reported/N by/I my/N friend/N ./.
Outside/N ,/, I/, spotted/N two/N young/N men/N _OOV_/N blocks/N of/I concrete/N ./.
``/N _OOV_/N of/I _OOV_/N ,/, ''/N they/N said/N ./.
The/N crowd/N remained/V good/N natured/N ,/, even/N bemused/N ./.
TV/N reporters/N interviewed/N fans/N in/I the/I parking/N lots/N while/N ,/, a/I few/N feet/N away/N ,/, others/N watched/N the/I interviews/N on/I their/V portable/N TVs/N ./.
The/V only/N frenzy/N I/, saw/N was/V commercial/N :/N _OOV_/N selling/N World/N Series/N commemorative/N stamps/N and/N dated/N _OOV_/N were/V besieged/N by/I fledgling/N speculators/N who/N saw/V future/N profit/N in/I the/I items/N ./.
The/N traffic/N jam/N out/I of/I the/I park/N was/N monumental/N ./.
It/N took/N me/N a/I half-hour/N to/N move/N 10/N feet/N from/I my/N parking/N spot/N in/I an/D outer/N lot/N to/N an/D aisle/N ,/, and/N an/D additional/N hour/N to/N reach/V an/I inner/N roadway/N a/I _OOV_/N away/N ./.
The/N _OOV_/N trip/N to/N my/N airport/N hotel/N that/N had/V taken/V 20/N minutes/N earlier/I in/I the/I day/N took/N more/N than/N three/N hours/N ./.
At/N my/N hotel/N ,/, the/I _OOV_/N ,/, power/N was/V out/N ,/, some/I interior/N plaster/N had/V broken/N loose/N and/I there/V had/V been/N water/N damage/N ,/, but/V little/N else/N ./.
With/N _OOV_/N randomness/N ,/, a/I hotel/N across/I the/I street/N ,/, the/I _OOV_/N ,/, had/V been/N hit/N harder/N :/, A/N large/D sheet/N of/I its/N concrete/N facade/N and/N several/I window/N _OOV_/N were/N torn/N away/N ./.
The/N _OOV_/N staff/N had/N ,/, kindly/N ,/, set/N out/I lighted/N candles/N in/I the/I ballroom/N ,/, prepared/N a/D _OOV_/N buffet/N and/N passed/N around/D pillows/N and/I blankets/N ./.
I/, fell/N asleep/N on/I the/I lobby/N floor/N ,/, next/N to/V a/I man/N wearing/N a/I Chicago/N _OOV_/N jacket/N ./.
I/, expected/N him/N to/N say/N ,/, ``/N I/, told/N you/N so/N ,/, ''/N but/N he/P already/D was/N snoring/N ./.
The/N journalistic/N consensus/N was/N that/I the/I earthquake/N made/V the/I World/N Series/N seem/N unimportant/N ./.
My/N response/N was/V that/N sports/N rarely/I are/V important/N ,/, only/N diverting/N ,/, and/N the/I quake/N merely/N highlighted/N that/I fact/N ./.
Should/N the/I rest/N of/I the/I Series/N be/N played/V at/I all/N ?/N
The/D quake/N and/N baseball/N were/V n't/N related/N ,/, unlike/N the/I massacre/N of/I athletes/N that/N attended/N the/I 1972/N _OOV_/N ./.
That/N heavily/N politicized/N event/N learned/N nothing/I from/I the/I horrifying/N experience/N ,/, and/N seems/D doomed/N to/V repeat/V it/N ./.
Two/N _OOV_/N _OOV_/N ./.
This/I has/N been/V widely/D dubbed/N the/I BART/N Series/N ,/, after/I the/I local/I subway/N line/N ,/, and/N the/I Bay/N Bridge/N Series/N ./.
_OOV_/N fly/N at/I _OOV_/N for/I the/I death/N of/I _OOV_/N _OOV_/N ,/, the/I late/N baseball/N commissioner/N ,/, and/N now/V the/I Bay/N Bridge/N lies/N in/I ruins/N ./.
A/N Series/N that/I was/N shaping/N up/N as/I the/I _OOV_/N since/N the/I _OOV_/N _OOV_/N _OOV_/N go/N of/I 1984/N has/V become/V memorable/N in/I the/I least/N fortunate/N way/N ./.
Still/N ,/, its/N edge/N is/V lost/N ./.
It/N now/V will/N be/V played/V mostly/N for/I the/I record/N ,/, and/N should/V be/V wrapped/V up/N as/I quickly/V as/I possible/N ,/, without/I ``/N off/I ''/N days/N ./.
And/N I/, will/N never/N again/D complain/N about/I a/I _OOV_/N ./.
The/N disarray/N in/I the/I junk-bond/N market/N that/I began/N last/N month/N with/N a/D credit/N crunch/N at/I Campeau/N Corp./N has/N offered/V commercial/N banks/N a/I golden/N opportunity/N to/N play/N a/I greater/N role/N in/I financing/N _OOV_/N takeovers/N ./.
But/N two/N big/N New/N York/N banks/N seem/N to/V have/V kicked/V those/N chances/N away/N ,/, for/I the/I moment/N ,/, with/N the/I embarrassing/N failure/N of/I _OOV_/N and/I Chase/N Manhattan/N Corp./N to/N deliver/N $/N 7.2/N billion/N in/I bank/N financing/N for/I a/D leveraged/N buy-out/N of/I United/N Airlines/N parent/N UAL/N Corp/N ./.
For/N more/N than/N a/D decade/N ,/, banks/N have/V been/N pressing/N Congress/N and/N banking/N regulators/N for/I expanded/N powers/N to/N act/N like/N securities/N firms/N in/I playing/N Wall/N Street/N 's/N lucrative/N takeover/N game/N ,/, from/I giving/N mergers/N advice/N all/I the/I way/N to/N selling/N and/I trading/N high-yield/N junk/N bonds/N ./.
Those/N expanded/N powers/N reached/N their/D zenith/N in/I July/N when/I Bankers/N Trust/N New/N York/N Corp./N provided/N mergers/N advice/N ,/, an/N equity/N investment/N and/N bank/N loans/N for/I the/I $/N _OOV_/N billion/N leveraged/N buy-out/N of/I _OOV_/N Airlines/N parent/N _OOV_/N Inc/N ./.
One/N of/I the/I major/N selling/N points/N used/N by/I Los/N Angeles/N financier/N Alfred/N _OOV_/N in/I getting/N the/I takeover/N approved/N was/V that/N the/I deal/N did/N n't/N include/N any/N junk/N bonds/N ./.
That/N was/N seen/V as/I an/D advantage/N in/I lobbying/N airline/N employees/N and/N Washington/N regulators/N for/I approval/N of/I the/I contested/N takeover/N ./.
All/N $/N _OOV_/N billion/N in/N debt/N for/I the/I deal/N was/N supplied/N by/I banks/N ./.
Charles/N _OOV_/N ,/, _OOV_/N of/I mergers/N and/N acquisitions/N at/I Salomon/N Brothers/N Inc./N ,/, says/N it/N is/V natural/N for/I banks/N to/N try/N to/V expand/N beyond/N their/V _OOV_/N business/N of/I providing/N senior/N debt/N for/I _OOV_/N ./.
But/N the/I UAL/N collapse/N ,/, he/N says/N ,/, ``/N may/N tell/N you/N it/N 's/N not/I going/N to/N work/N that/I easily/N ./. ''/N
David/N _OOV_/N ,/, a/I mergers/N adviser/N in/I La/N _OOV_/N ,/, Calif./N ,/, who/N aided/N Los/N Angeles/N investor/N Marvin/N Davis/N on/I the/I bids/N which/N put/V both/I UAL/N and/I _OOV_/N in/I play/N as/I takeover/N candidates/N this/N year/N ,/, says/N that/N banks/N have/N been/V ``/N preparing/N to/N play/N a/I larger/I and/N larger/D role/N in/I acquisition/N financing/N ./. ''/N
Mr./N _OOV_/N says/N that/I in/I the/I past/N ,/, banks/N would/N normally/I have/V loaned/N 65/N %/N of/I a/I total/N buy-out/N price/N ,/, with/N the/D loans/N secured/N by/I the/D target/N company/N 's/N assets/N ./.
Another/N 20/N %/N of/I the/I borrowed/N funds/N would/N come/V from/I the/I sale/N to/N investors/N of/I junk/N bonds/N ,/, which/N offer/N less/N security/N and/N typically/N carry/V higher/I yields/N than/N bank/N loans/N ./.
Mr./N _OOV_/N 's/N purchase/N of/I _OOV_/N ,/, Mr./N _OOV_/N notes/N ,/, ``/N was/V probably/N the/I most/V aggressive/N to/N date/N ,/, ''/N with/N bank/N debt/N at/I 85/N %/N of/I the/I purchase/N price/N ./.
But/N Mr./N _OOV_/N says/N that/I _OOV_/N 's/N ``/N failure/N to/N deliver/N ''/N on/I its/D promise/N to/N raise/N the/I UAL/N bank/N debt/N for/I a/D labor-management/N buy-out/N group/N ``/N is/V very/N distressing/N to/V potential/N users/N of/N a/D `/N _OOV_/N '/N letter/N from/I commercial/N banks/N ./. ''/N
His/N client/N ,/, Mr./N Davis/N ,/, used/N just/I such/N a/D letter/N from/I _OOV_/N in/I pursuing/N UAL/N ;/N _OOV_/N later/I agreed/N to/N work/N with/I a/D competing/N UAL/N buy-out/N group/N ./.
Executives/N of/I _OOV_/N and/I Chase/N Manhattan/N declined/N to/N comment/N on/I either/N the/I UAL/N situation/N ,/, or/N on/I the/I changing/V nature/N of/I banks/N '/N role/N in/I financing/N takeovers/N ./.
In/I the/I wake/N of/I Campeau/N 's/N problems/N ,/, prices/N of/I junk/N bonds/N tumbled/N ,/, throwing/N into/I doubt/N the/I ability/N of/I corporate/N _OOV_/N to/N finance/N large/N takeovers/N with/I the/I help/N of/I junk/N bond/N sales/N ./.
Mark/N _OOV_/N ,/, senior/N managing/N director/N at/I Manufacturers/N _OOV_/N Trust/N Co./N ,/, says/N the/I _OOV_/N in/I junk/N bonds/N may/N yet/I open/N new/N business/N opportunities/N to/N banks/N in/I structuring/N takeovers/N ./.
But/N he/P warns/N that/N banks/N will/N have/V ``/N to/N have/V enough/N discipline/N ''/N not/N to/V make/N loans/N that/N are/V too/N risky/N ./.
In/I fact/N ,/, Manufacturers/N _OOV_/N said/N in/I its/D third-quarter/N earnings/N report/N that/N fees/N from/I _OOV_/N loans/N to/N other/I banks/N dropped/N 48/N %/N ,/, to/N $/N 21/N million/N ./.
``/N We/N did/V n't/N take/V part/N in/I a/I lot/N of/I deals/N because/V their/D credit/N quality/N was/N poor/N ,/, ''/N says/N a/D bank/N spokesman/N ./.
James/N B./N Lee/N ,/, head/N of/I _OOV_/N and/I private/N placements/N at/I Chemical/N Banking/N Corp./N ,/, said/V he/P believes/N banks/N can/N still/V make/V a/D credible/N offer/N of/I _OOV_/N shopping/N for/I takeover/N finance/N ./.
As/N evidence/N ,/, he/N cites/N yesterday/N 's/N arrangement/N for/I the/I final/N financing/N of/I a/I $/N 3/N billion/N bid/N for/N American/N Medical/N International/N Inc./N in/I which/N Chemical/N served/N as/I both/I the/I lead/N bank/N and/N an/N equity/N investor/N ./.
Beyond/N the/I current/N weakness/N in/I the/I junk/N bond/N market/N ,/, banks/N have/V another/D advantage/N over/I investment/N banks/N in/I financing/N contested/N takeovers/N ./.
Arthur/N _OOV_/N Jr./N ,/, a/I takeover/N lawyer/N at/I Fried/N Frank/N Harris/N _OOV_/N &/N _OOV_/N ,/, notes/N that/N ``/N a/I political/N and/N emotional/N bias/N ''/N has/N developed/V against/N junk/N bonds/N ./.
One/N hostile/N bidder/N who/N deliberately/N avoided/V using/N junk/N bonds/N was/N Paramount/N Communications/N Inc./N in/I its/D initial/N offer/N to/N acquire/V Time/N Inc./N for/N $/N _OOV_/N billion/N ,/, or/N $/N 175/N a/I share/N ./.
A/N Paramount/N spokesman/N says/N that/I decision/N was/N based/V on/I the/I financial/N ,/, not/N political/N ,/, drawbacks/N of/I junk/N bonds/N ./.
But/N some/I observers/N believe/N Paramount/N Chairman/N Martin/N Davis/N wanted/N to/V avoid/V the/I possible/N taint/N of/I being/N perceived/N as/I a/D corporate/N raider/N in/I his/V controversial/N bid/N for/N Time/N ./.
In/I the/I end/N ,/, Mr./N Davis/N used/N junk/N bonds/N so/V that/N he/V could/N raise/N Paramount/N 's/N bid/N to/N $/N 200/N a/I share/N ./.
Some/N _OOV_/N quarterbacks/N said/N the/I initial/N lower/I bid/N ,/, without/I junk/N bonds/N ,/, was/N a/D factor/N in/I his/D losing/N the/I company/N ./.
Time/N eluded/N Paramount/N by/I acquiring/N Warner/N Communications/N Inc/N ./.
The/N success/N of/I the/I _OOV_/N financing/N ,/, and/N the/D failure/N of/I the/I UAL/N deal/N ,/, also/I seem/N to/V highlight/N the/I important/D new/N role/N in/I takeover/N financing/N being/N played/V by/N Japanese/N banks/N ./.
Japanese/N banks/N accounted/N for/I 50/N %/N of/I the/I _OOV_/N bank/N debt/N ,/, according/N to/V a/D report/N by/I Transportation/N Secretary/N Samuel/N _OOV_/N ./.
But/N it/N was/V _OOV_/N rejection/N by/N Japanese/N banks/N that/N helped/N seal/N the/N fate/N of/I the/I attempt/N to/N buy/N UAL/N ./.
_OOV_/N and/I Chase/N are/V attempting/N to/N put/V together/N a/I new/N ,/, lower/N bid/N ./.
_OOV_/N _OOV_/N ,/, chief/N economist/N of/I the/I Institute/N for/N Financial/N Affairs/N Inc./N ,/, a/I Tokyo/N research/N center/N on/I finance/N and/N economics/N ,/, says/N ,/, ``/N The/N junk/N bond/N market/N became/N very/N _OOV_/N ,/, and/N there/V 's/N a/I fear/N of/I a/I coming/N recession/N and/N the/I possible/N bankruptcy/N of/I _OOV_/N companies/N ./.
_OOV_/N Inc./N filed/N suit/N in/I federal/N court/N here/N ,/, alleging/N that/N a/D group/N that/N holds/V _OOV_/N %/N of/I its/N stock/N made/N ``/N false/N ,/, deceptive/N and/I misleading/N ''/N statements/N in/N recent/D regulatory/N filings/N and/I public/N announcements/N ./.
_OOV_/N 's/N complaint/N claims/N that/I the/I group/N ,/, led/N by/I investor/N Malcolm/N _OOV_/N _OOV_/N ,/, violated/N securities/N laws/N by/I failing/N to/N disclose/N plans/N to/N purchase/N 15/N %/N of/I the/I company/N 's/N shares/N outstanding/N and/N that/N when/I the/I required/N Hart-Scott-Rodino/N filing/N eventually/N was/V made/N ,/, it/N did/V n't/N disclose/N the/I group/N 's/N alleged/N earlier/D violation/N of/I the/I so-called/N _OOV_/N requirements/N of/I the/I law/N ./.
Mr./N _OOV_/N could/N n't/V immediately/N be/V reached/V to/N comment/N ./.
But/N when/I _OOV_/N last/N week/N publicly/N questioned/V the/I legality/N of/I the/I group/N 's/N filing/N procedures/N ,/, the/I Rochester/N ,/, N.Y./N ,/, investor/N said/N ``/N we/N complied/N with/I every/D law/N ,/, ''/N and/N he/N denied/V any/N wrongdoing/N ./.
The/N _OOV_/N group/N said/N in/I a/I Securities/N and/N Exchange/N Commission/N filing/N in/I early/N October/N that/N it/V may/N seek/N a/D controlling/N interest/N in/I _OOV_/N ,/, or/N seek/N representation/N on/I the/I company/N 's/N board/N ./.
_OOV_/N has/N said/V it/N does/N n't/N intend/N to/V be/V acquired/V by/I the/I _OOV_/N group/N or/N any/N other/N party/N ./.
Inland/N Steel/N Industries/N Inc./N ,/, battered/N by/I lower/N volume/N and/N higher/I costs/N ,/, posted/N a/I 75/N %/N drop/N in/I third-quarter/N earnings/N ./.
The/N nation/N 's/N _OOV_/N steelmaker/N earned/N $/N _OOV_/N million/N ,/, or/N 43/N cents/N a/I share/N ,/, compared/N with/I $/N 61/N million/N ,/, or/N $/N _OOV_/N a/I share/N ,/, a/I year/N earlier/N ,/, when/I the/I industry/N was/N enjoying/N peak/N demand/N and/N strong/N pricing/N ./.
Sales/N fell/N to/N $/N _OOV_/N million/N from/I $/N 1.02/N billion/N ./.
The/N earnings/N also/I mark/N a/I significant/N drop/V from/I the/I second/N quarter/N 's/N $/N _OOV_/N million/N or/N $/N 1.25/N a/I share/N ./.
Moreover/N ,/, the/N earnings/N were/V well/N below/I analysts/N '/N expectations/N of/I about/N $/N _OOV_/N a/I share/N ./.
In/I composite/N trading/N on/I the/I New/N York/N Stock/N Exchange/N ,/, Inland/N closed/N yesterday/N at/I $/N _OOV_/N a/I share/N ,/, down/N $/N 1/N ./.
The/N company/N attributed/V the/I earnings/N drop/N to/V lower/N volume/N related/N to/V seasonal/N demand/N and/N the/I soft/N consumer/N durable/N market/N ,/, especially/N in/I the/I automotive/N sector/N ./.
However/N ,/, the/I company/N also/I lost/N orders/N because/N of/I prolonged/N labor/N talks/N in/I the/I second/N quarter/N ./.
Third-quarter/N shipments/N slipped/N 7/N %/N from/I the/I year-ago/N period/N ,/, and/N 17/N %/N from/I this/I year/N 's/N second/N quarter/N ./.
Profit/N of/I steel/N shipped/N for/I the/I company/N 's/N steel/N segment/N slid/N to/N $/N 26/N a/I ton/N ,/, from/I $/N 66/N a/I ton/N a/I year/N earlier/I and/N $/N 57/N a/I ton/N a/I quarter/N earlier/N ./.
Analysts/N noted/V that/I the/I disappointing/N results/N do/N n't/N reflect/V lower/N prices/N for/I steel/N products/N ./.
Charles/N Bradford/N ,/, an/N analyst/N with/I Merrill/N Lynch/N Capital/N Markets/N ,/, said/V higher/I prices/N for/I galvanized/N and/I _OOV_/N products/N offset/N lower/N prices/N for/I bar/N ,/, _OOV_/N and/I structural/N steel/N ./.
Structural/N steel/N ,/, which/N primarily/N serves/V the/I construction/N market/N ,/, was/V especially/N hurt/N by/I a/D 15/N %/N price/N drop/N ,/, Mr./N Bradford/N said/N ./.
The/N company/N said/N its/D integrated/N steel/N sector/N was/N also/I hurt/N by/I higher/I raw/N material/N ,/, repair/N and/I maintenance/N ,/, and/N labor/N costs/N ./.
The/D increased/N labor/N costs/N became/N effective/N Aug./N 1/N under/I terms/N of/I the/I four-year/N labor/N agreement/N with/N the/I United/N _OOV_/N union/N ./.
Meanwhile/N ,/, the/I company/N 's/N service/N center/N segment/N ,/, which/N saw/N operating/N profit/N drop/N to/N $/N 11.5/N million/N from/I $/N _OOV_/N million/N a/I year/N ago/N ,/, experienced/N much/I of/I the/I same/N demand/N and/N cost/N problems/N ,/, as/I well/N as/I start-up/N costs/N associated/N with/I a/D coil/N processing/N facility/N in/I Chicago/N and/N an/D upgraded/N computer/N information/N system/N ./.
Inland/N Chairman/N Frank/N W./N _OOV_/N said/V the/I company/N 's/N short-term/N outlook/N is/N ``/N clouded/N by/I uncertainties/N in/I the/I economy/N and/N financial/N markets/N ./. ''/N
However/N ,/, he/N noted/V that/N steel/N mill/N bookings/N are/N up/N from/I early/N summer/N levels/N ,/, and/N that/I he/P expects/N the/I company/N to/N improve/N its/D cost/N performance/N in/I the/I fourth/N quarter/N ./.
In/I the/I first/I nine/N months/N ,/, profit/N was/N $/N 113/N million/N ,/, or/N $/N _OOV_/N a/I share/N ,/, on/I sales/N of/I $/N _OOV_/N billion/N ,/, compared/N with/I $/N _OOV_/N million/N ,/, or/N $/N _OOV_/N a/I share/N ,/, on/I sales/N of/I $/N _OOV_/N billion/N ,/, a/I year/N earlier/N ./.
The/N ``/N seismic/N ''/N activity/N of/I a/D financial/N market/N bears/N a/I resemblance/N to/N the/I seismic/N activity/N of/I the/I earth/N ./.
When/N things/N are/N quiet/N -LRB-/N low/N volatility/N -RRB-/N ,/, the/I structures/N on/I which/N markets/N stand/N can/I be/V relatively/V inefficient/N and/I still/D perform/V their/N functions/N adequately/N ./.
However/N ,/, when/V powerful/D forces/N start/N shaking/V the/I market/N 's/N structure/N ,/, the/I more/N ``/N _OOV_/N ''/N it/N is/N ,/, the/I better/N its/D chance/N for/I survival/N ./.
America/N 's/N financial/N markets/N do/N not/V yet/V have/V all/I the/I required/N modern/D features/N required/N to/V make/V them/N fully/N ``/N _OOV_/N ./. ''/N
Investors/N lack/N equal/N access/N to/N the/I markets/N '/N trading/N arena/N and/N its/D information/N ./.
That/N structural/N lack/N is/V crucial/D because/N investors/N are/N the/I only/N source/N of/I market/N liquidity/N ./.
And/N liquidity/N is/V what/N markets/N need/N to/V damp/N quakes/N and/I aftershocks/N ./.
In/I today/N 's/N markets/N ,/, specialists/N -LRB-/N on/I the/I New/N York/N Stock/N Exchange/N -RRB-/N and/I ``/N upstairs/N ''/N market/N makers/N -LRB-/N in/I the/I over-the-counter/N market/N -RRB-/N are/N the/I only/D market/N participants/N allowed/N to/N play/N a/I direct/N role/N in/I the/I _OOV_/N process/N ./.
When/N they/V halt/N trading/N ,/, all/I market/N liquidity/N is/N gone/N ./.
And/N when/I any/N component/N of/I the/I market/N --/N cash/N ,/, futures/N or/N options/N --/N loses/N liquidity/N ,/, the/I price/N discovery/N system/N -LRB-/N the/I way/N prices/N are/N determined/V -RRB-/N becomes/N flawed/N or/N is/V lost/N entirely/N for/I a/D time/N ./.
Last/N Friday/N the/I 13th/N -LRB-/N as/I well/N as/I two/N years/N ago/N this/N week/N -RRB-/N the/I markets/N became/N _OOV_/N ./.
When/N that/I happened/N ,/, ``/N seismic/N ''/N tremors/N of/I fear/N --/N much/N like/N the/I shock/N waves/N created/N by/I an/N earthquake/N --/N _OOV_/N through/I the/I market/N and/N increased/V the/I market/N 's/N volatility/N ./.
_OOV_/N of/I important/N ,/, needed/N information/N can/N cause/N fear/N ./.
_OOV_/N is/V the/D father/N of/N panic/N ./.
_OOV_/N frequently/I results/N in/I irrational/N behavior/N ./.
And/N in/I financial/N markets/N ,/, irrational/N behavior/N is/N sometimes/I translated/N into/I catastrophe/N ./.
When/N market/N tremors/N start/N ,/, it/N is/V crucial/D that/I as/I much/N information/N about/N transaction/N prices/N and/N the/I _OOV_/N curve/N -LRB-/N buy/N and/I sell/N orders/N at/I various/I prices/N -RRB-/N be/N made/V available/N to/V all/N ,/, not/N just/V to/N market/N makers/N ./.
Because/N of/I a/I lack/N of/I information/N and/N access/N ,/, many/I investors/N --/N including/N the/I very/N ones/N whose/I buying/N power/N could/N restore/V stability/N and/N damp/N volatility/N --/N are/N forced/N to/N stand/V on/I the/I sidelines/N when/I they/N are/V most/V needed/N ,/, because/N of/I their/N ignorance/N of/I important/N market/N information/N ./.
To/N add/N _OOV_/N power/N to/N America/N 's/N markets/N ,/, a/I modern/N ,/, electronic/N trading/N system/N should/N be/V implemented/N that/I permits/N equal/N access/N to/N the/I trading/N arena/N -LRB-/N and/N the/I information/N that/N would/V automatically/N accompany/N such/N access/N -RRB-/N by/I investors/N --/N particularly/N institutional/N investors/N ./.
_OOV_/N to/N some/I opinions/N ,/, the/I trading/N activities/N of/N specialists/N and/N other/I market/N makers/N do/N not/D provide/V liquidity/N to/N the/I market/N as/I a/I whole/N ./.
What/N market/N makers/N provide/V is/V immediacy/N ,/, a/I very/N valuable/N service/N ./.
_OOV_/N is/V not/V a/D service/N ./.
It/N is/V a/D market/N attribute/N --/N the/I ability/N to/V absorb/N selling/N orders/N without/I causing/V significant/N price/N changes/N in/I the/I absence/N of/I news/N ./.
Market/N makers/N buy/N what/N investors/N wish/N to/N sell/N ;/N their/N business/N is/N _OOV_/N these/I unwanted/N positions/N as/N quickly/V as/I possible/N to/V other/I investors/N ,/, and/N at/I a/D profit/N ./.
As/N a/I result/N ,/, while/N any/N one/N customer/N may/N purchase/N immediacy/N by/I selling/N to/N a/D market/N maker/N -LRB-/N which/I is/V _OOV_/N for/I the/I investor/N -RRB-/N ,/, the/I market/N as/I a/I whole/N remains/N in/I the/I same/N circumstances/N it/N was/V before/I the/I transaction/N :/N The/N unwanted/N position/N is/V still/V an/I unwanted/N position/N ;/N only/N the/I identity/N of/I the/I seller/N has/N changed/N ./.
In/I fact/N it/N can/I be/V argued/N that/I increasing/D capital/N commitments/N by/I market/N makers/N -LRB-/N a/I result/N of/I some/I _OOV_/N crash/N studies/N -RRB-/N also/I increases/N market/N volatility/N ,/, since/N the/I more/N securities/N are/N held/V by/I market/N makers/N at/I any/N given/V time/N ,/, the/I more/N selling/N pressure/N is/N overhanging/N the/I market/N ./.
In/I an/I open/N electronic/N system/N ,/, any/N investor/N wishing/N to/N pay/N for/I real-time/N access/N to/N the/I trading/N arena/N through/I a/D registered/N broker-dealer/N would/N be/V able/V to/N see/N the/I entire/D _OOV_/N curve/N -LRB-/N buy/N and/I sell/N orders/N at/I each/N price/N -RRB-/N entered/N by/I dealers/N and/N investors/N alike/N ,/, and/N to/N enter/V and/I execute/N orders/N ./.
Current/N quotations/N would/N reflect/V the/I combined/N financial/N judgment/N of/N all/I market/N participants/N --/N not/N just/V those/N of/I intermediaries/N who/N become/V extremely/N _OOV_/N during/I times/N of/I crisis/N ./.
Investors/N and/N professionals/N alike/N would/N compete/N on/I the/I level/N playing/N field/N Congress/N sought/N and/I called/V a/D ``/N national/N market/N system/N ''/N -LRB-/N not/V yet/D achieved/N -RRB-/N almost/N 15/N years/N ago/N when/I it/N passed/N the/I Securities/N Reform/N Act/N of/N _OOV_/N ./.
Last/N Friday/N 's/N market/N _OOV_/N did/V not/I result/N in/I severe/N ``/N aftershocks/N ./. ''/N
Were/N we/N smart/N or/N just/N lucky/N ?/.
I/, 'm/N not/I certain/I ./.
But/N I/, am/N sure/N we/N need/N to/V maximize/N our/N ``/N earthquake/N ''/N protection/N by/I making/V certain/I that/N our/I market/N structures/N let/N investors/N add/N their/I mighty/N _OOV_/N power/N to/N our/I nation/N 's/N markets/N ./.
Mr./N _OOV_/N is/N chairman/N of/I his/V own/N consulting/N company/N in/I _OOV_/N ,/, N.J/N ./.
NOW/N YOU/N _OOV_/N IT/N ,/, now/N you/N do/N n't/N ./.
The/N recession/N ,/, that/N is/N ./.
The/N economy/N 's/N _OOV_/N steps/N leave/N investors/N wondering/N whether/N things/N are/N slowing/N down/I or/N speeding/N up/N ./.
So/N often/I are/N government/N statistics/N revised/N that/N they/V seem/N to/N resemble/N a/D spinning/N weather/N vane/N ./.
For/N the/I past/N seven/N years/N ,/, investors/N have/V had/V the/I wind/N at/I their/I backs/N ,/, in/I the/I form/N of/I a/I generally/I growing/N economy/N ./.
Some/N may/N have/V forgotten/N --/N and/N some/I younger/N ones/N may/N never/N have/V experienced/N --/N what/N it/N 's/N like/N to/V invest/N during/I a/D recession/N ./.
_OOV_/N tactics/N are/N called/V for/N ,/, as/I losing/N money/N becomes/N easier/N and/I making/N money/N becomes/N tougher/N ./.
For/N those/N investors/N who/N believe/N --/N or/N fear/N --/N that/N 1990/N will/N be/V a/D recession/N year/N ,/, many/N economists/N and/N money/N managers/N agree/N on/I steps/N that/N can/D be/V taken/V to/N lower/I the/I risks/N in/I a/D portfolio/N ./.
In/I a/D nutshell/N ,/, pros/N advise/N investors/N who/N expect/N a/D slowdown/N to/N hold/V fewer/N stocks/N than/N usual/N and/N to/V favor/N shares/N of/I big/N companies/N in/I ``/N defensive/N ''/N industries/N ./.
A/N heavy/N dose/N of/N cash/N is/N prescribed/N ,/, along/N with/I a/D _OOV_/N allotment/N to/N bonds/N --/N preferably/N government/N bonds/N ./.
It/N 's/N tempting/N to/N think/V these/I defensive/N steps/N can/N be/V delayed/V until/V a/D recession/N is/V clearly/N at/I hand/N ./.
But/N that/I may/N not/D be/V possible/N ,/, because/N recessions/N often/I take/V investors/N by/I surprise/N ./.
``/N They/N always/N seem/V to/N come/V a/I bit/N later/I than/N you/N expect/N ./.
When/N they/N do/N hit/N ,/, they/N hit/N fast/N ,/, ''/N says/N David/N A./N _OOV_/N ,/, chief/N financial/N economist/N at/I the/I Data/N Resources/N division/N of/I McGraw-Hill/N Inc/N ./.
Though/N he/P himself/N does/N n't/N expect/N a/D recession/N soon/N ,/, Mr./N _OOV_/N advises/N people/N who/N do/N that/I ``/N the/I best/N thing/N to/N be/V in/I is/V long/N that/I is/N ,/, _OOV_/N to/N 30-year/N Treasury/N bonds/N ./. ''/N
The/D reason/N is/V simple/N ,/, Mr./N _OOV_/N says/N :/, ``/N Interest/N rates/N almost/N always/N decline/N during/N recession/N ./. ''/N
As/N surely/N as/I a/D _OOV_/N tilts/N ,/, falling/N interest/N rates/N force/N up/N the/I price/N of/I previously/I issued/N bonds/N ./.
They/N are/N worth/V more/N because/V they/N pay/N higher/I interest/N than/N newly/N issued/N bonds/N do/N ./.
That/N effect/N holds/V true/N for/I both/I short-term/N and/N long-term/N bonds/N ./.
But/N short-term/N bonds/N ca/N n't/N rise/N too/N much/N ,/, because/N everyone/N knows/N they/V will/N be/V redeemed/N at/I a/D preset/N price/N fairly/N soon/N ./.
_OOV_/N bonds/N ,/, with/N many/I years/N left/N before/I maturity/N ,/, swing/N more/N widely/D in/I price/N ./.
But/N not/V just/V any/N bonds/N will/N do/N ./.
Corporate/N bonds/N ``/N are/N usually/I not/V a/I good/N bet/N in/N a/D recession/N ,/, ''/N Mr./N _OOV_/N says/N ./.
As/N times/N get/N tougher/N ,/, investors/N fret/N about/N whether/N companies/N will/N have/V enough/N money/N to/N pay/N their/N debts/N ./.
This/I hurts/N the/I price/N of/I corporate/N bonds/N ./.
Also/N ,/, he/N notes/N ,/, ``/N most/N corporate/N bonds/N are/N _OOV_/N ./. ''/N
That/N means/N that/I a/D corporation/N ,/, after/I a/D specified/N amount/N of/I time/N has/V passed/N ,/, can/N buy/N back/I its/D bonds/N by/I paying/N investors/N the/I face/N value/N -LRB-/N plus/N ,/, in/I some/I cases/N ,/, a/I sweetener/N -RRB-/N ./.
When/N interest/N rates/N have/V dropped/N ,/, it/N makes/N sense/N for/I corporations/N to/N do/N just/I that/I ;/N they/N then/I save/N on/I interest/N costs/N ./.
But/N the/I investors/N are/N left/V stranded/N with/I money/N to/N _OOV_/N at/I a/D time/N when/I interest/N rates/N are/N _OOV_/N ./.
If/N corporate/N bonds/N are/N bad/N in/I recessions/N ,/, junk/N bonds/N are/N likely/N to/V be/V the/I worst/N of/I all/N ./.
It/N 's/N an/I ``/N absolute/N necessity/N ''/N to/N get/N out/I of/I junk/N bonds/N when/V a/D recession/N is/N in/I the/I _OOV_/N ,/, says/N _OOV_/N _OOV_/N ,/, professor/N of/I finance/N at/I Cornell/N University/N ./.
``/N Such/N bonds/N are/N very/N sensitive/N to/V the/I downside/N ,/, and/N this/I could/V be/V a/D disaster/N ./. ''/N
Municipal/N bonds/N are/N generally/I a/I bit/N safer/N than/N corporate/N bonds/N in/I a/D recession/N ,/, but/V not/I as/I safe/V as/I bonds/N issued/N by/I the/I federal/N government/N ./.
During/N an/D economic/N slump/N ,/, local/I tax/N revenues/N often/I go/N down/N ,/, raising/N the/I risks/N associated/N with/I at/I least/N some/I _OOV_/N ./.
And/N ,/, like/N corporates/N ,/, many/I municipal/N bonds/N are/N _OOV_/N ./.
But/N a/I few/D experts/N ,/, going/N against/I the/I consensus/N ,/, do/N n't/N think/N bonds/N would/N help/N investors/N even/V if/N a/D recession/N is/N in/I the/I _OOV_/N ./.
One/N of/I these/I is/V Jeffrey/N L./N Beach/N ,/, director/N of/N research/N for/I _OOV_/N _OOV_/N &/N Co./N ,/, a/I brokerage/N house/N in/I Houston/N ,/, who/N thinks/V that/N ``/N we/N 're/N either/N in/I a/D recession/N or/N about/I to/N go/N into/I one/N ./. ''/N
What/N 's/N more/N ,/, he/N thinks/N this/D could/N be/V a/D _OOV_/N recession/N than/N usual/N :/N ``/N Once/N the/D downturn/N comes/N ,/, it/N 's/N going/N to/V be/V very/N hard/N to/N reverse/N ./N ''/N
Investors/N ,/, he/P advises/N ,/, ``/N should/I be/V cautious/N ,/, ''/N holding/N fewer/N stocks/N than/N usual/N and/N also/I shunning/N bonds/N ./.
Because/N he/P sees/N ``/N 5/N %/N to/N 6/N %/N base/N rate/N of/I inflation/N in/I the/I economy/N ,/, ''/N he/N doubts/N that/N interest/N rates/N will/N fall/N much/V any/N time/N soon/N ./.
Instead/N ,/, Mr./N Beach/N says/N ,/, investors/N ``/N probably/N should/I be/N carrying/V a/D very/N high/I level/N of/I cash/N ,/, ''/N by/N which/N he/V means/N such/N so-called/N cash/N equivalents/N as/I _OOV_/N funds/N and/N Treasury/N bills/N ./.
_OOV_/N _OOV_/N ,/, president/N of/I _OOV_/N Financial/N Inc./N in/I _OOV_/N ,/, Pa./N ,/, also/N recommends/N that/I investors/N go/N heavily/N for/I cash/N ./.
He/N is/V n't/V sure/N a/D recession/N is/N coming/N ,/, but/N says/N the/I other/I likely/N alternative/N --/N _OOV_/N inflation/N --/N is/N just/I as/I bad/N ./.
``/N This/I late/N in/I an/N expansion/N ,/, ''/N the/I economy/N tends/N to/N veer/N off/I either/N into/I damaging/N inflation/N or/N into/I a/D recession/N ,/, Mr./N _OOV_/N says/N ./.
The/N Federal/N Reserve/N Board/N 's/N plan/N for/I a/D ``/N soft/N landing/N ,/, ''/N he/N says/N ,/, requires/N the/I Fed/N to/N navigate/N ``/N an/I _OOV_/N corridor/N ./. ''/N
A/N soft/N landing/N is/N n't/N something/N that/I can/D be/N achieved/V once/D and/I for/I all/N ,/, Mr./N _OOV_/N adds/N ./.
It/N has/V to/V be/V engineered/V over/I and/N over/I again/N ,/, month/N after/I month/N ./.
He/N believes/N that/I the/I task/N facing/N Fed/N Chairman/N Alan/N Greenspan/N is/V so/V difficult/N that/I it/N resembles/N ``/N juggling/N a/I _OOV_/N ax/N and/N a/D buzz/N saw/N ./. ''/N
And/N ,/, in/I a/I sense/N ,/, that/N 's/N the/I kind/N of/I task/N individuals/N face/N in/I deciding/N what/N to/N do/N about/N stocks/N --/N the/N mainstay/N of/I most/V serious/N investors/N '/N portfolios/N ./.
It/N comes/N down/I to/N a/I question/N of/I whether/N to/N try/N to/N ``/N time/N ''/N the/I market/N ./.
For/N people/N who/N can/I ride/N out/I market/N waves/N through/I good/N times/N and/I bad/N ,/, stocks/N have/N been/V rewarding/N long-term/N investments/N ./.
Most/N studies/N show/N that/I _OOV_/N investors/N historically/N have/V earned/V an/D annual/N return/N from/I stocks/N of/I 9/N %/N to/N 10/N %/N ,/, including/N both/I dividends/N and/N price/N appreciation/N ./.
That/N 's/N well/N above/I what/N bonds/N or/N bank/N certificates/N have/V paid/N ./.
Moreover/N ,/, because/V no/N one/N knows/N for/I sure/N just/N when/I a/D recession/N is/N coming/N ,/, some/I analysts/N think/N investors/N should/N n't/V even/N worry/N too/N much/I about/N timing/N ./.
``/N _OOV_/N to/N time/N the/I economy/N is/N a/D mistake/N ,/, ''/N says/N David/N Katz/N ,/, chief/N investment/N officer/N of/I Value/N Matrix/N Management/N Inc./N in/N New/N York/N ./.
Mr./N Katz/N notes/N that/N some/I economists/N have/N been/V predicting/N a/D recession/N for/I at/I least/N two/N years/N ./.
Investors/N who/N listened/N ,/, and/N lightened/N up/N on/I stocks/N ,/, ``/N have/V just/N hurt/N themselves/N ,/, ''/N he/N says/N ./.
Mr./N Katz/N adds/N that/N people/N who/N jump/N in/I and/N out/N of/I the/I stock/N market/N need/N to/V be/V right/N about/I 70/N %/N of/I the/I time/N to/N beat/N a/I _OOV_/N strategy/N ./.
_OOV_/N trading/N runs/N up/I high/N commission/N costs/N ./.
And/N the/I _OOV_/N might/N miss/N the/I sudden/N _OOV_/N that/N account/N for/I much/N of/I the/I stock/N market/N 's/N gains/N over/I time/N ./.
Still/N ,/, few/N investors/N are/N able/V to/N sit/N tight/N when/I they/N are/V convinced/N a/D recession/N is/N coming/N ./.
After/N all/N ,/, in/N all/I five/N recessions/N since/N _OOV_/N ,/, stocks/N declined/N ./.
According/N to/N _OOV_/N Davis/N ,/, president/N of/I _OOV_/N Davis/N Research/N Inc./N in/I _OOV_/N ,/, _OOV_/N ,/, the/I average/N drop/N in/I the/I Dow/N Jones/N Industrial/N Average/N was/N about/I 21/N %/N ,/, and/N the/D decrease/N began/N an/D average/N of/I six/N months/N before/I a/D recession/N officially/N started/N ./.
By/N the/I time/N a/I recession/N is/N ``/N official/N ''/N -LRB-/N two/N consecutive/N quarters/N of/I declining/N gross/N national/N product/N -RRB-/N ,/, much/N of/I the/I damage/N to/N stocks/N has/N already/V been/N _OOV_/N ,/, in/I the/I typical/N case/N ,/, the/I recession/N is/N already/V half/N over/I ./.
About/N six/N months/N before/I a/D recession/N ends/N ,/, stocks/N typically/N begin/V to/N rise/N again/N ,/, as/I investors/N anticipate/N a/D recovery/N ./.
The/N average/N recession/N lasts/N about/I a/I year/N ./.
Unfortunately/N ,/, though/N ,/, recessions/N vary/V enough/N in/I length/N so/V that/I the/I average/N ca/N n't/V reliably/N be/V used/V to/V guide/N investors/N in/I timing/N stock/N sales/N or/N purchases/N ./.
But/N whatever/I their/N advice/N about/N timing/N ,/, none/N of/I these/I experts/N recommend/N _OOV_/N stocks/N entirely/N during/I a/D recession/N ./.
For/N the/I portion/N of/I an/N investor/N 's/N portfolio/N that/N stays/N in/I stocks/N ,/, professionals/N have/V a/D number/N of/I suggestions/N ./.
Mr./N Katz/N advocates/N issues/N with/N low/N _OOV_/N ratios/N --/N that/N is/N ,/, low/N prices/N in/I relation/N to/N the/I company/N 's/N earnings/N per/N share/N ./.
``/N _OOV_/N _OOV_/N ''/N stocks/N ,/, he/N says/N ,/, vastly/N outperform/N others/N ``/N during/I a/D recession/N or/N bear/N market/N ./. ''/N
In/I good/N times/N ,/, he/N says/N ,/, they/N lag/N a/I bit/N ,/, but/V overall/N they/N provide/V superior/N performance/N ./.
Prof./N _OOV_/N urges/N investors/N to/N discard/N stocks/N in/I small/D companies/N ./.
_OOV_/N shares/N typically/N fall/N more/N than/N _OOV_/N stocks/N in/I a/D recession/N ,/, he/N says/N ./.
And/N in/I any/N case/N ,/, he/N argues/N ,/, stocks/N of/I small/D companies/N are/N ``/N almost/N as/I overpriced/N as/I they/N were/I Sept./N 30/N ,/, 1987/N ,/, just/N before/I the/I crash/N ./. ''/N
For/N example/N ,/, Mr./N _OOV_/N says/N ,/, stocks/N of/I small/D companies/N are/N selling/N for/I about/N 19/N times/N cash/N flow/N ./.
_OOV_/N flow/N ,/, basically/N earnings/N plus/N depreciation/N ,/, is/N one/N common/I gauge/N of/I a/D company/N 's/N financial/N health/N ./. -RRB-/N
That/N ratio/N is/V dangerously/N close/I to/N the/I ratio/N of/I _OOV_/N that/N prevailed/V before/I the/I 1987/N _OOV_/N crash/N ,/, Mr./N _OOV_/N says/N ./.
And/N it/N 's/N way/N above/I the/I ratio/N -LRB-/N _OOV_/N times/N cash/N flow/N -RRB-/N that/I bigger/N companies/N are/N selling/N for/N ./.
Another/N major/N trick/N in/I making/V a/D portfolio/N _OOV_/N is/V choosing/N stocks/N in/I ``/N defensive/N ''/N industries/N ./.
Food/N ,/, tobacco/N ,/, drugs/N and/N utilities/N are/N the/I classic/N examples/N ./.
Recession/N or/N not/N ,/, people/N still/V eat/N ,/, smoke/N ,/, and/N take/V medicine/N when/V they/N 're/N sick/N ./.
George/N _OOV_/N III/N ,/, editor/N of/I _OOV_/N Letter/N in/I Boston/N ,/, offers/N one/N final/N tip/N for/I _OOV_/N investors/N ./.
``/N Keep/N some/I money/N available/N for/I opportunities/N ,/, ''/N he/N says/N ./.
``/N If/N the/I recession/N does/N hit/N ,/, there/N will/N be/V some/I great/N investment/N opportunities/N just/N when/I things/N seem/N the/I blackest/N ./. ''/N
Mr./N Dorfman/N covers/N investing/N issues/N from/N The/D Wall/N Street/N Journal/N 's/N New/N York/N bureau/N ./.
Some/N industry/N groups/N consistently/N weather/N the/I storm/N better/N than/N others/N ./.
The/N following/I shows/N the/D number/N of/I times/N these/I industries/N outperformed/N the/I Standard/N &/N Poor/N 's/N _OOV_/N Index/N during/I the/I first/I six/N months/N of/I the/I past/N seven/N recessions/N ./.
Bond/N prices/N posted/N strong/N gains/N as/I investors/N went/N on/I a/D bargain/N hunt/N ./.
But/N while/I the/I overall/N market/N improved/N ,/, the/I _OOV_/N junk-bond/N market/N continued/N to/V count/N casualties/N ,/, even/V as/I junk-bond/N prices/N rose/N ./.
Yesterday/N ,/, Prudential-Bache/N Securities/N Inc./N said/V it/N postponed/V a/I $/N _OOV_/N million/N senior/N subordinated/N _OOV_/N offering/N by/I York/N International/N Corp/N ./.
And/N Donaldson/N ,/, Lufkin/N &/N Jenrette/N Securities/N Corp./N scrambled/N to/N restructure/N and/I improve/N the/D potential/N returns/N on/I a/I $/N _OOV_/N million/N _OOV_/N offering/N by/I Chicago/N &/N North/N Western/N Acquisition/N Corp./N that/I was/V still/V being/N negotiated/N late/N last/N night/N ./.
The/N issue/N by/I Chicago/N &/N North/N Western/N is/N one/N of/I the/I so-called/N good/N junk-bond/N offerings/N on/I the/I _OOV_/N calendar/N ./.
Some/N analysts/N said/V the/I restructuring/N of/I the/I railroad/N concern/N 's/N issue/N shows/N how/N tough/N it/N is/V for/I underwriters/N to/N sell/N even/V the/I junk/N bonds/N of/I a/D company/N considered/N to/V be/V a/D relatively/N good/N credit/N risk/N ./.
Since/N last/N week/N 's/N junk-bond/N market/N debacle/N ,/, many/I new/N issues/N of/I high-yield/N ,/, high-risk/N corporate/N bonds/N have/V either/N been/N scaled/V back/N ,/, delayed/V or/N dropped/N ./.
On/, Wednesday/N ,/, Drexel/N Burnham/N Lambert/N Inc./N had/N to/V slash/N the/I size/N of/I Continental/N Airlines/N '/N junk-bond/N offering/N to/N $/N 71/N million/N from/I $/N 150/N million/N ./.
Salomon/N Brothers/N Inc./N has/N delayed/V Grand/N Union/N Co./N 's/N $/N _OOV_/N billion/N junk-bond/N offering/N while/I it/N _OOV_/N the/I transaction/N ./.
Last/N week/N ,/, the/I Grand/N Union/N offering/N was/V sweetened/N to/N include/N warrants/N that/N allow/I _OOV_/N to/N acquire/V common/N stock/N ./.
Prudential-Bache/N said/V the/I York/N issue/N was/N delayed/V because/V of/I market/N conditions/N ./.
``/N Everything/N is/V going/N through/I _OOV_/N right/N now/N ,/, and/N -LCB-/N Chicago/N &/N North/N Western/N -RCB-/N is/V no/N exception/N ,/, ''/N said/N _OOV_/N _OOV_/N ,/, vice/N president/N ,/, high-yield/N research/N ,/, at/I _OOV_/N ./.
_OOV_/N managers/N say/N sweeteners/N like/N equity/N kickers/N and/I stricter/N protective/N covenants/N may/N increasingly/N be/V required/N to/V sell/N junk-bond/N deals/N ./.
Dan/N _OOV_/N ,/, managing/N director/N of/I high-yield/N investments/N at/I Chancellor/N Capital/N Management/N ,/, said/N the/I Chicago/N &/N North/N Western/N offering/N was/N restructured/N in/I part/N because/N ``/N several/I large/D insurance/N buyers/N right/N now/N are/V demanding/N equity/N as/I part/N of/I the/I package/N ./.
If/N you/N 're/N going/N to/N take/V the/I risk/N in/I this/N market/N ,/, you/N want/N something/N extra/N ./. ''/N
Mr./N _OOV_/N likes/N the/I offering/N ./.
But/N several/I mutual-fund/N managers/N ,/, nervous/N about/N the/I deteriorating/N quality/N of/I their/V junk-bond/N portfolios/N and/N shy/N about/N buying/N new/N issues/N ,/, said/V they/N 're/N staying/N away/N from/I any/N junk/N security/N that/N is/V n't/N considered/V first/I rate/N for/I its/D class/N ./.
While/N they/N consider/N the/D Chicago/N &/N North/N Western/N issue/N to/N be/V good/N ,/, they/N do/N n't/N view/N it/N as/I the/I best/N ./.
To/N lure/N buyers/N to/N the/I Chicago/N &/N North/N Western/N bonds/N ,/, portfolio/N managers/N said/N Donaldson/N Lufkin/N sweetened/N the/I transaction/N by/I offering/N the/I bonds/N with/N a/D _OOV_/N interest/N rate/N and/N a/D 10/N %/N equity/N kicker/N ./.
The/N bonds/N are/N expected/N to/V have/V a/D 14/N %/N coupon/N rate/N ./.
The/N equity/N arrangement/N apparently/N would/V allow/I _OOV_/N to/N buy/N a/I total/N of/I 10/N %/N of/I the/I stock/N of/I _OOV_/N Corp./N ,/, Chicago/N &/N North/N Western/N 's/N parent/N company/N ./.
Donaldson/N Lufkin/N declined/N to/N comment/N on/I the/I restructuring/N ./.
According/N to/N some/I analysts/N familiar/N with/I the/I negotiations/N ,/, the/I 10/N %/N of/N equity/N would/N come/V directly/N from/I Donaldson/N Lufkin/N and/N a/D fund/N affiliated/N with/I the/I investment/N bank/N _OOV_/N Group/N ,/, which/N would/V reduce/V their/V _OOV_/N equity/N holdings/N by/I 5/N %/N each/N ./.
That/N would/N leave/V the/I _OOV_/N fund/N with/N a/D 60/N %/N stake/N and/N Donaldson/N Lufkin/N with/I 15/N %/N ./.
Despite/N the/I problems/N with/N new/N issues/N ,/, high-yield/N bonds/N showed/N gains/N in/I the/D secondary/N ,/, or/N resell/N ,/, market/N ./.
_OOV_/N bonds/N ended/N about/I one-half/N point/N higher/I with/I so-called/N high-quality/N issues/N from/I RJR/N Capital/N Holdings/N Corp./N and/I _OOV_/N Gas/N Service/N Limited/N _OOV_/N rising/N one/N point/N ./.
In/I the/I Treasury/N market/N ,/, the/I benchmark/N 30-year/N bond/N rose/N _OOV_/N point/N ,/, or/N $/N 8.75/N for/I each/N $/N 1,000/N face/N amount/N ./.
The/D gain/N reflects/V fresh/N economic/N evidence/N that/N inflation/N is/V moderating/N while/I the/I economy/N slows/N ./.
That/N raised/N hopes/N that/N interest/N rates/N will/N continue/N to/N move/N lower/N ./.
The/N Labor/N Department/N reported/N that/I consumer/N prices/N rose/N just/N 0.2/N %/N last/N month/N ,/, slightly/N lower/I than/N some/I economists/N had/V expected/N ./.
But/N there/V were/V also/I rumors/N yesterday/N that/N several/I Japanese/N institutional/N investors/N were/N shifting/V their/N portfolios/N and/N buying/N long-term/N bonds/N while/N selling/N _OOV_/N Treasurys/N ./.
Short-term/N Treasury/N securities/N ended/N narrowly/N mixed/N ,/, with/N two-year/N notes/N posting/N slight/N declines/N while/I three-year/N notes/N were/N slightly/N higher/I ./.
Yesterday/N ,/, the/I Fed/N executed/N four-day/N matched/N sales/N ,/, a/I technical/N trading/N operation/N designed/N to/N drain/N reserves/N from/I the/I banking/N system/N ./.
The/D move/N was/V interpreted/N by/I some/I economists/N as/N a/D sign/N that/N the/I Fed/N does/N n't/N want/N the/I federal/N funds/N rate/N to/N move/N any/N lower/D than/N the/I 8/N %/N at/I which/I it/N has/V been/N hovering/N around/I during/I the/I past/N week/N ./.
The/N closely/N watched/N funds/N rate/N is/V what/N banks/N charge/N each/N other/N on/I overnight/N loans/N ./.
It/V is/N considered/V an/I early/N signal/N of/I Fed/N credit/N policy/N changes/N ./.
``/N The/N fact/N that/I they/N did/, four-day/N matched/N sales/N means/N they/N are/V not/V in/I a/I mood/N to/N ease/N aggressively/N ./.
They/N are/V telling/N us/N that/N -LCB-/N 8/N %/N -RCB-/N is/V as/I low/N as/I they/N want/N to/N see/N the/I fed/N funds/N rate/N ,/, ''/N said/N Robert/N _OOV_/N at/I _OOV_/N Bank/N PLC/N ./.
The/N benchmark/N 30-year/N bond/N was/N quoted/V late/N at/I a/D price/N of/I 101/N to/N yield/N _OOV_/N %/N ,/, compared/N with/I 100/N to/N yield/N _OOV_/N %/N Wednesday/N ./.
The/V latest/N 10-year/N notes/N were/N quoted/V late/N at/I 100/N to/N yield/N _OOV_/N %/N ,/, compared/N with/I 99/N to/N yield/N _OOV_/N %/N ./.
Short-term/N rates/N rose/N yesterday/N ./.
The/N discount/N rate/N on/I three-month/N Treasury/N bills/N rose/N to/N _OOV_/N %/N from/I _OOV_/N %/N Wednesday/N ,/, while/N the/I rate/N on/I six-month/N bills/N rose/N to/N _OOV_/N %/N from/I _OOV_/N %/N ./.
Meanwhile/N ,/, the/I Treasury/N sold/N $/N _OOV_/N billion/N of/I _OOV_/N bills/N yesterday/N ./.
The/N average/N yield/N on/I the/I bills/N was/N _OOV_/N %/N ,/, down/N from/I _OOV_/N %/N at/I the/I previous/N _OOV_/N bill/N auction/N Sept./N 21/N ./.
Yesterday/N 's/N yield/N was/V the/I lowest/N since/V _OOV_/N %/N on/I July/N 27/N ./.
Here/N are/N details/N of/I the/I auction/N :/.
Rates/N are/N determined/V by/I the/I difference/N between/I the/I purchase/N price/N and/N face/N value/N ./.
Thus/N ,/, higher/I bidding/N narrows/N the/I investor/N 's/N return/N while/I lower/D bidding/N widens/N it/N ./.
The/N percentage/N rates/N are/N calculated/N on/I a/D 360-day/N year/N ,/, while/N the/I coupon-equivalent/N yield/N is/V based/V on/I a/D 365-day/N year/N ./.
_OOV_/N bond/N price/N climbed/N yesterday/N despite/N skittishness/N in/I the/I _OOV_/N market/N for/I high-yield/N securities/N ./.
Dealers/N said/N junk/N bond/N issues/N on/I average/N were/V up/N by/I to/N point/N with/I so-called/N quality/N issues/N from/I RJR/N Capital/N Holdings/N Corp./N and/I _OOV_/N Gas/N Service/N Limited/N _OOV_/N posting/N _OOV_/N gains/N ./.
_OOV_/N Gas/N Service/N 's/N 13/N %/N debentures/N traded/N at/I 102/N ,/, after/I trading/N around/I par/N earlier/I this/N week/N ,/, and/N RJR/N 's/N 13/N %/N subordinated/N debentures/N of/I 2001/N were/V at/I 101/N after/I trading/N at/I below/N par/N earlier/I this/N week/N ./.
Investment-grade/N bonds/N were/V unchanged/N ./.
Activity/N was/V brisk/N in/I the/I _OOV_/N general/N obligation/N market/N ,/, as/N a/D series/N of/I sell/N lists/N hit/N the/I Street/N and/I capped/N upward/N price/N movement/N in/I the/I sector/N ./.
Traders/N estimated/N that/I more/N than/N $/N 140/N million/N of/I _OOV_/N bonds/N was/N put/V up/N for/I sale/N via/N _OOV_/N lists/N circulated/N by/I a/D handful/N of/I major/N brokers/N ./.
There/V was/V speculation/N that/I the/I supply/N was/N coming/V from/I a/D commercial/N bank/N 's/N portfolios/N ./.
According/N to/N market/N participants/N ,/, the/I bonds/N were/N met/V with/I decent/N bids/N ,/, but/N the/I volume/N of/N paper/N left/N high/I grades/N in/I the/I 10-year/N and/N under/I maturity/N range/N unchanged/V to/N _OOV_/N percentage/N point/N higher/I in/I yield/N ./.
_OOV_/N from/I the/I general/N obligation/N sector/N ,/, activity/N was/N modest/N ./.
Long/N dollar/N bonds/N were/N flat/N to/N up/I point/N ./.
New/N Jersey/N _OOV_/N Authority/N 's/N 7.20/N %/N issue/N of/I _OOV_/N was/N up/N at/I 98/N bid/N to/N yield/N about/I 7.32/N %/N ,/, down/I _OOV_/N percentage/N point/N ./.
The/N debt/N of/I some/I California/N issuers/N pulled/N off/I lows/N reached/V after/I Tuesday/N 's/N massive/N earthquake/N ,/, although/V traders/N said/N market/N participants/N remained/N cautious/N ./.
California/N expects/N to/N rely/N on/I federal/N emergency/N funds/N and/N its/D $/N _OOV_/N billion/N in/I general/N fund/N reserves/N to/N meet/V the/I estimated/N $/N 500/N million/N to/N $/N 1/N billion/N in/I damages/N resulting/N from/I the/I quake/N ,/, according/N to/V a/D state/N official/N ./.
It/N 's/N also/I unclear/V precisely/N how/N the/I state/N will/N rebuild/V its/N reserve/N ,/, said/N _OOV_/N Katz/N ,/, assistant/N director/N of/I California/N 's/N department/N of/I finance/N ,/, although/V she/N noted/V that/N a/D bond/N offering/N for/I that/N purpose/N is/N n't/N anticipated/N ./.
Meanwhile/N ,/, new/N issuance/N was/V slow/N ./.
The/N largest/N sale/N in/I the/I competitive/N arena/N was/V a/I $/N _OOV_/N million/N issue/N of/I school/N financing/N bonds/N from/I the/I _OOV_/N Public/N School/N Authority/N ./.
A/N balance/N of/I $/N _OOV_/N million/N remained/N in/I late/N _OOV_/N ,/, according/N to/V the/I lead/N manager/N ./.
Mortgage/N securities/N generally/I ended/N to/V point/N higher/I ,/, but/V lagged/N gains/N in/I the/I Treasury/N market/N because/N of/I a/D shift/N in/N the/I shape/N of/I the/I Treasury/N yield/N curve/N and/I rumored/N mortgage/N sales/N by/I thrifts/N ./.
Premium/N Government/N National/N Mortgage/N Association/N securities/N with/I coupon/N rates/N of/I 13/N %/N and/N higher/I actually/D declined/V amid/N concerns/N about/N increased/N prepayments/N because/N of/I a/D plan/N being/N considered/V by/I Congress/N to/N speed/N the/I refinancing/N of/I _OOV_/N mortgages/N ./.
Ginnie/N Mae/N 13/N %/N securities/N were/N down/I about/I at/I _OOV_/N ./.
If/N the/I refinancing/N plan/N clears/N Congress/N ,/, there/N could/V be/V fairly/N heavy/N prepayments/N on/I the/I premium/N securities/N ,/, hurting/N any/N investor/N paying/N much/V above/N par/N for/I them/N ./.
In/I the/I _OOV_/N sector/N ,/, a/D shift/N in/N the/I Treasury/N yield/N curve/N resulting/N from/I the/I better/N performance/N of/I _OOV_/N issues/N over/I _OOV_/N securities/N hurt/N major/N coupons/N because/V it/N will/N become/V more/N difficult/N to/N structure/N new/N derivative/N securities/N offerings/N ./.
Ginnie/N Mae/N 9/N %/N securities/N ended/N at/I 98/N ,/, up/N 9/N ,/, 9/N %/N
%/N to/N a/I 12-year/N average/N life/N assumption/N ,/, as/N the/I spread/N above/I the/I Treasury/N 10-year/N note/N widened/N _OOV_/N percentage/N point/N to/N _OOV_/N ./.
While/N Remic/N issuance/N may/N slow/N in/I the/I coming/N days/N because/N of/I the/I shift/N in/N the/I Treasury/N yield/N curve/N ,/, underwriters/N continued/N to/N crank/N out/I new/I real/I estate/N mortgage/N investment/N conduits/N structured/N when/I the/I yield/N curve/N was/V more/N favorable/N ./.
Two/N new/N _OOV_/N totaling/N $/N 900/N million/N were/N announced/V by/I Freddie/N Mac/N yesterday/N ./.
British/N government/N bonds/N ended/N little/N changed/N as/I investors/N awaited/N an/I economic/N policy/N address/N last/N night/N by/I Chancellor/N of/I the/I _OOV_/N Nigel/N _OOV_/N ./.
The/N Treasury/N 11/N %/N bond/N due/V was/V down/I at/I 111/N to/N yield/N _OOV_/N %/N ,/, while/N the/I 11/N %/N notes/N due/N 1991/N were/V unchanged/V at/I 98/N to/N yield/N _OOV_/N %/N ./.
In/I Japan/N ,/, the/I bellwether/N No./N 111/N 4.6/N %/N bond/N of/I 1998/N ended/N off/I _OOV_/N at/I _OOV_/N ,/, to/N yield/N _OOV_/N %/N ,/, and/N in/I West/N Germany/N ,/, the/I 7/N %/N benchmark/N issue/N due/N October/N 1999/N ended/N _OOV_/N point/N lower/I at/I _OOV_/N to/N yield/N _OOV_/N %/N ./.
