``/` We/P 're/V strongly/R recommending/V that/I anyone/N who/W has/V eaten/P in/I the/D cafeteria/V this/D month/N have/V the/D shot/N ,/, ''/' Mr./N _OOV_/N added/V ,/, ``/N and/C that/I means/N virtually/I everyone/N who/P works/N here/R ./.
I/P was/V appalled/C to/T read/V the/D _OOV_/N of/I facts/N in/I your/P Oct./N 13/N editorial/N ``/N _OOV_/N 's/P _OOV_/N _OOV_/N ./. ''/'
It/P is/V the/D _OOV_/N guerrillas/N who/W are/V aligned/J with/I the/D drug/N traffickers/N ,/, not/R the/D left/V wing/N ./.
This/D information/N was/V gleaned/V from/I your/P own/J news/N stories/N on/I the/D region/N ./.
Past/V _OOV_/J government/N tolerance/N of/I the/D ``/N _OOV_/N ''/' was/V due/V to/T the/D drug/N lords/N '/, history/N of/I wiping/V out/I leftists/N in/I the/D hinterlands/N ./.
Mary/N _OOV_/N Palo/N Alto/N ,/, Calif/N ./.
I/P suggest/V that/I The/D Wall/N Street/N Journal/N -LRB-/N as/I well/R as/I other/J U.S./J news/N publications/N of/I like/J mind/N -RRB-/N should/T put/V its/P money/N where/W its/P mouth/N is/V :/: _OOV_/N computer/N equipment/N to/T replace/V that/I damaged/V at/I El/N _OOV_/N ,/, buy/V ad/J space/N ,/, publish/V stories/N under/I the/D _OOV_/N of/I El/N _OOV_/N journalists/N ./.
Perhaps/C an/D arrangement/N could/M be/V worked/V out/I to/T ``/J sponsor/N ''/' El/N _OOV_/N journalists/N and/C staff/V by/I paying/V for/I added/J security/N in/I exchange/N for/I exclusive/J stories/N ./.
_OOV_/N El/N _OOV_/N 's/P courage/N with/I real/J support/N ./.
Douglas/N B./N Evans/N
_OOV_/N Co/N ./. -LRB-/N Atlanta/N -RRB-/N --/: _OOV_/N _OOV_/N and/C George/N _OOV_/N were/V elected/V vice/J presidents/N of/I this/D _OOV_/N company/N ./.
Mr./N _OOV_/N ,/, 46/J years/N old/C ,/, is/V the/D company/N 's/P director/N of/I quality/N assurance/N ;/: most/I recently/R ,/, he/P served/V as/I vice/J president/N ,/, operations/N ,/, for/I Coca-Cola/N _OOV_/N ./.
Mr./N _OOV_/N ,/, 48/N ,/, is/V manager/N for/I corporate/J manufacturing/N operations/N ;/: he/P was/V assistant/N vice/N president/N at/I the/D company/N ./.
In/I the/D wake/N of/I a/D slide/N in/I sterling/N ,/, a/D tailspin/N in/I the/D stock/N market/N ,/, and/C a/D string/N of/I problematic/J economic/J indicators/N ,/, British/N Chancellor/N of/I the/D _OOV_/N Nigel/N _OOV_/N promised/V gradual/J improvement/N in/I the/D U.K./J economy/N ./.
In/I a/D speech/N prepared/V for/I delivery/N to/T London/N 's/P financial/J community/N ,/, Mr./N _OOV_/N summed/V up/R current/J economic/J policy/N as/I a/D battle/N to/T _OOV_/J inflation/N out/I of/I the/D British/J economy/N ,/, using/V high/J interest/N rates/N as/I ``/N the/D essential/J instrument/N ''/' to/T carry/V out/I the/D campaign/N ./.
Two/J weeks/N after/J boosting/I base/N rates/N to/T 15/C %/N ,/, he/P pledged/V that/D ``/J rates/N will/M have/V to/T remain/V high/J for/I some/D time/N to/T come/V ./. ''/'
Mr./N _OOV_/N also/R made/V it/P clear/J that/I he/P would/M be/V watching/J exchange/N rates/V carefully/J ./.
A/D sinking/N pound/N makes/V imports/N more/J expensive/J and/C increases/J businesses/N '/, expectations/N of/I future/J inflation/N ,/, he/P argued/V ./.
In/I an/D apparent/J warning/N to/T currency/V traders/N who/W have/V lately/R been/V selling/V the/D British/J currency/N ,/, he/P stated/V that/I the/D exchange/N rates/N will/M have/V a/D ``/N major/J role/N in/I the/D assessment/N of/I monetary/N conditions/N ./. ''/'
In/I reaffirming/V the/D current/J monetary/N policy/N of/I using/V high/J interest/N rates/N to/T fight/V inflation/N and/C shore/N up/I the/D pound/N ,/, Mr./N _OOV_/N dismissed/V other/J approaches/N to/T managing/V the/D economy/N ./.
He/P said/V he/P monitors/N the/D _OOV_/J figures/N ,/, but/C does/V n't/R give/V them/P paramount/J importance/N ,/, as/I some/D private/J and/C government/N economists/N have/V suggested/V ./.
Mr./N _OOV_/N also/R dismissed/V the/D possibility/N of/I imposing/V direct/J credit/N controls/V on/I Britain/N 's/P financial/J system/N ./.
Mr./N _OOV_/N 's/P speech/N ,/, delivered/V at/I the/D Lord/N Mayor/N of/I London/N 's/P annual/J dinner/N at/I _OOV_/N House/N ,/, came/V on/I the/D heels/N of/I a/D grueling/J period/N for/I the/D U.K./J economy/N ./.
Two/J weeks/N ago/I ,/, in/I a/D campaign/N to/T blunt/J inflation/N at/I home/N and/C arrest/N a/D world-wide/N plunge/V in/I the/D pound/N ,/, he/P raised/V base/N rates/V a/D full/J percentage/N point/N to/T 15/C %/N ./.
Despite/I the/D increase/N ,/, the/D British/J currency/N slid/V below/I a/D perceived/J threshold/N of/I three/C marks/N early/R last/J week/N ./.
It/P was/V quoted/V at/I _OOV_/J marks/N in/I late/N New/N York/N trading/N Wednesday/N ./.
_OOV_/` up/I to/T the/D speech/N was/V a/D _OOV_/N of/I economic/J statistics/N suggesting/V that/I the/D British/J war/N on/I inflation/N will/M be/V more/J bruising/J than/I previously/R assumed/V ./.
_OOV_/N in/I September/N dropped/V to/T _OOV_/N ,/, the/D lowest/J level/N since/I 1980/N ./.
While/I lower/J _OOV_/N is/V generally/M good/J news/N ,/, the/D hefty/N drop/V last/J month/N indicates/V that/I the/D economy/N is/V n't/R slowing/V down/R as/R much/R as/I hoped/V --/: despite/V a/D doubling/N of/I interest/N rates/N over/I the/D last/J 16/J months/N ./.
Meanwhile/I ,/, average/J earnings/N in/I Britain/N were/V up/I 8.75/C %/N in/I August/N over/I the/D previous/J year/N ./.
Another/J inflationary/N sign/N came/V in/I a/D surge/N in/I _OOV_/J lending/N to/T a/D record/N #/N _OOV_/C billion/N -LRB-/N $/$ _OOV_/C billion/N -RRB-/C last/J month/N ,/, a/D much/R higher/J level/N than/I economists/N had/V predicted/V ./.
In/I a/D separate/J speech/N prepared/V for/I delivery/N at/I the/D dinner/N ,/, Robin/N _OOV_/N ,/, Bank/N of/I England/N governor/N ,/, conceded/V that/I ``/J demand/N pressures/N were/V even/R more/J buoyant/J than/I had/V been/V appreciated/J ''/' when/I the/D British/J economy/N was/V heating/V up/I last/J year/N ./.
He/P added/V that/W ``/N there/V 's/P no/J _OOV_/J solution/N ''/' to/T the/D economic/J woes/N ,/, and/C said/V ``/N tight/N monetary/N policy/N is/V the/D right/N approach/N ./. ''/'
_OOV_/N the/D recent/J slide/N in/I stock/N prices/N ,/, the/D central/J bank/N governor/N stated/V that/I ``/N the/D markets/N now/R appear/V to/T have/V _OOV_/N ''/' after/I the/D ``/N nasty/J jolt/N ''/' of/I the/D _OOV_/N plunge/V in/I the/D Dow/N Jones/N Industrial/N Average/N a/D week/N ago/I ./.
Although/I the/D New/N York/N market/N plunge/V prompted/V a/D _OOV_/N drop/V in/I the/D London/N Financial/N Times-Stock/N Exchange/N 100/N Share/N Index/N ,/, Mr./N _OOV_/N declared/V ``/` that/I the/D experience/N owed/V nothing/P to/T the/D particular/J problems/N of/I the/D British/J economy/N ./. ''/'
Specifically/I ,/, he/P pointed/V out/I that/W compared/V with/I the/D U.S./J market/N ,/, the/D U.K./N has/V far/R fewer/R highly/J leveraged/J junk-bond/N _OOV_/N ./.
_OOV_/` future/V monetary/N arrangements/N ,/, Mr./N _OOV_/N repeated/V the/D Thatcher/J government/N 's/P commitment/N to/T join/V the/D exchange/N rate/N mechanism/N of/I the/D European/J _OOV_/N System/' ,/, but/C he/P did/V n't/R indicate/V when/T ./.
C./N Olivetti/N &/C Co./N ,/, claiming/V it/P has/V won/V the/D race/N in/I Europe/N to/T introduce/V computers/N based/V on/I a/D powerful/J new/J microprocessor/N chip/N ,/, unveiled/V its/P _OOV_/N computer/N yesterday/N ./.
The/D product/N is/V the/D first/J from/I a/D European/J company/N based/V on/I Intel/N Corp./N 's/P new/J _OOV_/N _OOV_/N microprocessor/N ,/, which/W works/N several/J times/N faster/J than/I previously/R available/I chips/N ./.
Hewlett-Packard/N Co./N became/V the/D first/J company/N world-wide/N to/T announce/V a/D product/N based/V on/I the/D chip/N earlier/R this/D month/N ,/, but/C it/P wo/M n't/R start/V shipping/N the/D computers/N until/V early/R next/J year/N ./.
An/D Olivetti/N spokesman/N said/V the/D company/N 's/P factories/N are/V already/R beginning/I to/T produce/V the/D machine/N ,/, and/C that/I it/P should/M be/V available/J in/I Europe/N by/I December/N ./.
``/N What/T this/D means/N is/V that/I _OOV_/N will/M have/V these/D machines/N in/I their/P offices/N before/I Americans/N do/V ,/, ''/' the/D spokesman/N said/V ./.
The/D new/J chip/N ``/N is/V a/D very/R big/J step/N in/I computing/N ,/, and/C it/P is/V important/J that/W Olivetti/N be/V one/C of/I the/D first/J out/I on/I the/D market/N with/I this/D product/N ,/, ''/' said/V _OOV_/N _OOV_/N Davis/N ,/, an/D analyst/N at/I James/N _OOV_/N &/C Co./N in/I London/N ./.
Executives/N at/I Olivetti/N ,/, whose/C earnings/N have/V been/V steadily/J sliding/N over/I the/D past/J couple/N of/I years/N ,/, have/V acknowledged/V that/I in/I the/D past/J they/P have/V lagged/V at/I getting/V new/J technology/N to/T market/N ./.
Ms./N Davis/N said/V the/D new/J machines/N could/M steal/V some/D sales/N away/R from/I Olivetti/N 's/P own/J minicomputers/N ,/, but/R would/M bring/V new/J sales/N among/I professionals/N such/V as/I engineers/N ,/, _OOV_/N and/C medical/J doctors/N ./.
Although/I Olivetti/N 's/P profits/N tumbled/N 40/N %/N in/I the/D first/J half/N of/I this/D year/N ,/, she/P believes/V Olivetti/N 's/P restructuring/N last/I fall/V and/C its/P introduction/V of/I new/J products/N will/M begin/V to/T bear/N fruit/N with/I an/D earnings/N rebound/V next/J year/N ,/, especially/V if/I it/P can/M fulfill/V its/P promise/N to/T deliver/V the/D new/J machines/N by/I December/N ./.
``/` We/P think/V the/D worst/J is/V over/I ''/' in/I the/D European/J _OOV_/N market/N ,/, she/P said/V ./.
Depending/N on/I the/D type/N of/I software/N and/C peripherals/N used/V ,/, the/D machines/N can/M serve/V either/D as/I the/D main/J computer/N in/I a/D network/N of/I many/J terminals/N -LRB-/C a/D role/N usually/R filled/V by/I a/D minicomputer/N -RRB-/N ,/, as/I a/D technical/N workstation/N or/C as/I a/D very/R fast/R personal/J computer/N ./.
``/N It/P 's/V the/D missing/J link/N ''/' in/I Olivetti/N 's/P product/N line/N between/I small/J personal/J computers/N and/C _OOV_/N minicomputers/N ,/, the/D Olivetti/N spokesman/N said/V ./.
He/P added/V that/W Olivetti/N will/M continue/V making/V its/P _OOV_/J minicomputer/J line/N ./.
The/D machines/N will/M cost/V around/J $/$ _OOV_/C on/I average/N in/I Europe/N ./.
The/D Intel/N _OOV_/N chip/N can/M process/N 15/C million/C instructions/N per/I second/J ,/, or/C _OOV_/N ,/, while/I Intel/N 's/P previous/J _OOV_/J chip/N could/M handle/V only/R 3/N to/T 6/N _OOV_/N ./.
Olivetti/` also/I plans/N to/T sell/V the/D _OOV_/N computer/N in/I the/D U.S./N starting/V next/J year/N through/I Olivetti/N USA/N and/C through/I its/P _OOV_/N unit/N ,/, which/W specializes/N in/I automating/N _OOV_/N networks/N ./.
_OOV_/N Inc./N said/V it/P received/V approval/N from/I the/D French/N government/N for/I its/P proposed/V $/$ _OOV_/C million/C acquisition/N of/I _OOV_/N _OOV_/N ./.
The/D approval/N satisfies/V the/D remaining/J conditions/N of/I the/D purchase/N ,/, which/W is/V expected/V to/T close/J within/I two/C weeks/N ./.
_OOV_/N ,/, the/D second-largest/N maker/N of/I food/N cans/N in/I France/N ,/, had/V 1988/J sales/N of/I $/$ 150/C million/C ./.
_OOV_/N has/V _OOV_/N workers/N at/I four/C canning/N manufacturing/N plants/N and/C one/C plastic/N container/N facility/N ./.
_OOV_/N makes/V flexible/J packaging/N films/N and/C machinery/N ,/, and/C materials/N for/I the/D food/N and/C pharmaceutical/J industries/N ./.
Social/N Security/N benefits/N will/M rise/N _OOV_/C %/N next/J year/N to/T keep/V pace/N with/I inflation/N ,/, boosting/I the/D average/N monthly/N benefit/N to/T $/$ _OOV_/C from/I $/$ _OOV_/N ,/, the/D Department/N of/I Health/N and/C Human/N Services/N announced/V ./.
The/D higher/J payments/N will/M start/V with/I Social/N Security/N checks/N received/V on/I Jan./N 3/N ,/, 1990/N ./.
_OOV_/N Security/N Income/N payments/N to/T the/D disabled/N also/R will/M rise/N _OOV_/C %/N ,/, starting/V with/I checks/N received/V on/I Dec./N 29/N ,/, 1988/N ,/, increasing/V the/D maximum/J _OOV_/J payment/N to/T $/$ _OOV_/C from/I $/$ _OOV_/C a/D month/N ./.
The/D inflation/N adjustment/N also/R means/N that/I the/D maximum/J annual/J level/N of/I earnings/N subject/V to/T the/D wage/N tax/N that/W generates/V revenue/N for/I the/D Social/N Security/N trust/N fund/N will/M rise/V to/T $/$ _OOV_/N in/I 1990/N from/I $/$ _OOV_/C this/D year/N ./.
As/I mandated/V by/I law/N ,/, the/D tax/J rate/N will/M rise/V to/T _OOV_/C %/N in/I 1990/N from/I _OOV_/C %/N and/C wo/M n't/R rise/N any/R further/R in/I the/D future/J ./.
This/D means/N that/I the/D maximum/J yearly/N Social/N Security/N tax/N paid/V by/I workers/N and/C employers/N each/D will/M rise/V $/$ _OOV_/C next/J year/N to/T $/$ _OOV_/N ./.
_OOV_/N aged/N 65/N through/I 69/N will/M be/V able/J to/T earn/V $/$ _OOV_/N without/I losing/V any/R Social/N Security/N benefits/N in/I 1990/N ,/, up/R from/I $/$ _OOV_/C this/D year/N ./.
The/D exempt/V amount/N for/I beneficiaries/N under/I 65/N will/M rise/V to/T $/$ _OOV_/C from/I $/$ _OOV_/N ./.
The/D adjustments/N reflect/V the/D increase/N in/I the/D consumer/J price/N index/N for/I urban/J wage/N earners/N and/C clerical/J workers/N from/I the/D third/J quarter/N of/I last/J year/N to/T the/D third/J quarter/N of/I this/D year/N ./.
_OOV_/J companies/N should/M get/V healthier/R in/I the/D third/J quarter/N ./.
_OOV_/N houses/N are/V expected/V to/T report/N earnings/N increases/N of/I about/R 15/C %/N on/I average/N for/I the/D third/J quarter/N ,/, despite/V sales/N increases/N of/I less/J than/I 10/C %/N ,/, analysts/N say/V ./.
To/P offset/J sluggish/J sales/N growth/N ,/, companies/N have/V been/V cutting/J staff/N ,/, mostly/R through/I attrition/N ,/, and/C slowing/V the/D growth/N in/I research/N and/C development/J spending/N ./.
Sales/J growth/N in/I the/D quarter/N was/V slowed/V by/I mounting/V pressure/N from/I groups/N of/I buyers/N ,/, such/J as/I hospitals/N ,/, to/T hold/V down/R prices/N ./.
_OOV_/N were/V also/R hurt/V by/I the/D stronger/J U.S./C dollar/N ,/, which/W makes/V sales/N abroad/N more/R difficult/P ./.
In/I some/D cases/N ,/, competition/N has/V squeezed/V margins/C ./.
_OOV_/N ,/, _OOV_/N &/C Co./N ,/, for/I example/N ,/, faces/N stiff/J competition/N from/I a/D Japanese/J supplier/N in/I the/D important/J syringe/N market/N ./.
The/D Franklin/N Lakes/V ,/, N.J./N ,/, company/N is/V expected/V to/T report/N sales/N growth/N of/I only/R 5/N %/N to/T 6/C %/N ,/, but/R should/M still/R maintain/V earnings/N growth/N of/I 10/C %/N ,/, says/V _OOV_/N E./N _OOV_/N ,/, an/D analyst/N with/I Duff/N &/C Phelps/N Inc/N ./.
Among/V the/D first/J of/I the/D group/N to/T post/V results/N ,/, Abbott/N Laboratories/N said/V third-quarter/C net/N income/N jumped/V 14/C %/N to/T $/$ _OOV_/C million/C ,/, or/C 88/C cents/N a/D share/N ,/, from/I $/$ _OOV_/C million/C ,/, or/C _OOV_/C cents/N a/D share/N ,/, a/D year/N earlier/R ./.
Sales/N for/I the/D company/N ,/, based/V in/I Abbott/N Park/N ,/, Ill./N ,/, rose/V _OOV_/C %/N to/T $/$ 1.31/C billion/N from/I $/$ _OOV_/C billion/N ./.
_OOV_/N International/N Inc./N yesterday/N reported/V net/N climbed/V 20/C %/N in/I the/D third/J period/N to/T $/$ 102/C million/C ,/, or/C 34/C cents/N a/D share/N ,/, from/I $/$ 85/C million/C ,/, or/C 28/C cents/N a/D share/N ,/, a/D year/N earlier/R ./.
Sales/N for/I the/D _OOV_/N ,/, Ill./N ,/, company/N rose/V 5.8/C %/N to/T $/$ _OOV_/C billion/N from/I $/$ 1.71/C billion/N ./.
But/C not/R every/I company/N expects/V to/T report/N increased/V earnings/N ./.
C.R./N Bard/N Inc./N yesterday/N said/V third-quarter/N net/N plunged/V 51/C %/N to/T $/$ _OOV_/C million/C ,/, or/C 18/C cents/N a/D share/N ,/, from/I $/$ 20/C million/C ,/, or/C 35/C cents/N a/D share/N ,/, a/D year/N earlier/R ./.
Sales/N fell/V 1.2/C %/N to/T $/$ _OOV_/C million/C from/I $/$ _OOV_/C million/C ./.
The/D Murray/N Hill/N ,/, N.J./N ,/, company/N said/V full-year/J earnings/N may/M be/V off/I 33/C cents/N a/D share/N because/I the/D company/N removed/V a/D catheter/N from/I the/D market/N ./.
In/I 1988/N ,/, the/D company/N earned/V $/$ _OOV_/C a/D share/N ./.
The/D Food/N and/C Drug/N Administration/N had/V raised/V questions/N about/I the/D device/N 's/P design/N ./.
Some/I analysts/N add/V that/D _OOV_/J pressures/N to/T reduce/V health/V costs/N will/M continue/V to/T _OOV_/J companies/N '/, bottom/V lines/N ./.
Takeover/J speculation/N ,/, which/W has/V been/V _OOV_/J stocks/N of/I supply/N houses/N ,/, may/M also/R ease/N ,/, says/V Peter/N _OOV_/N ,/, an/D analyst/N with/I Drexel/N Burnham/N Lambert/N Inc/N ./.
``/N As/I that/D _OOV_/N ,/, you/P 're/V going/V to/T see/V the/D stocks/N probably/R wane/V as/R well/R ,/, ''/' he/P says/V ./.
_OOV_/J companies/N ,/, meanwhile/I ,/, are/V reporting/N improved/V earnings/N ./.
_OOV_/N by/I strong/J performances/N by/I its/P psychiatric/J hospitals/N ,/, National/N Medical/N _OOV_/N Inc./N ,/, Los/N Angeles/N ,/, reported/V net/J income/N of/I $/$ 50/C million/C ,/, or/C 65/C cents/N a/D share/N ,/, for/I the/D first/J quarter/N ended/V Aug./N 31/N ,/, up/R from/I $/$ 41/C million/C ,/, or/C 56/C cents/N a/D share/N ,/, a/D year/N earlier/R ./.
_OOV_/N Inc./N ,/, Louisville/N ,/, Ky./N ,/, also/R reported/V favorable/J results/N ,/, with/I net/J income/N of/I $/$ 66.7/C million/C ,/, or/C 66/C cents/N ,/, in/I the/D fourth/J quarter/N ended/V Aug./N 31/N ,/, up/R from/I $/$ _OOV_/C million/C ,/, or/C 59/C cents/N ,/, a/D year/N earlier/R ./.
Analysts/N say/V the/D handful/N of/I hospital/N companies/N that/W are/V still/R publicly/J traded/V are/V benefiting/N from/I several/J trends/N ./.
Most/I important/J ,/, hospital/N admission/N rates/N are/V stabilizing/V after/I several/J years/N of/I decline/N ./.
Moreover/N ,/, companies/N have/V sold/V off/I many/J of/I their/P smaller/J ,/, less-profitable/N hospitals/N and/C have/V completed/V painful/J _OOV_/N ./.
_OOV_/N 's/P revenues/N ,/, for/I example/N ,/, are/V being/V boosted/V by/I large/J increases/J in/I enrollments/N in/I the/D company/N 's/P health/N maintenance/N organizations/N ./.
_OOV_/N _OOV_/N _OOV_/N ,/, an/D analyst/N with/I _OOV_/N _OOV_/N _OOV_/N :/: ``/C The/D shakeout/N in/I the/D publicly/J traded/V companies/N is/V over/I ./.
Initial/N claims/N for/I regular/J state/N unemployment/N benefits/N rose/V to/T a/D seasonally/N adjusted/V _OOV_/N during/I the/D week/N ended/V Oct./N 7/N from/I _OOV_/N the/D previous/J week/N ,/, the/D Labor/N Department/N said/V ./.
The/D number/N of/I people/N receiving/V regular/J state/N benefits/N in/I the/D week/N ended/V Sept./N 30/N decreased/V to/T a/D seasonally/N adjusted/V _OOV_/N ,/, or/C 2.2/C %/N of/I those/R covered/V by/I unemployment/N insurance/N ,/, from/I _OOV_/N the/D previous/J week/N ,/, when/W the/D insured/N unemployment/N rate/N also/R was/V 2.2/C %/N ./.
_OOV_/` all/I state/N and/C federal/N benefit/N programs/N ,/, the/D number/N of/I people/N receiving/V unemployment/N benefits/N in/I the/D week/N ended/V Sept./N 30/N fell/V to/T _OOV_/` from/I _OOV_/C a/D week/N earlier/R ./.
These/D figures/N are/V n't/R seasonally/V adjusted/V ./.
A/D Labor/N Department/N spokesman/N said/V the/D unusually/J high/J number/N of/I initial/J claims/N for/I state/N unemployment/N benefits/N reflects/V the/D impact/N of/I Hurricane/N Hugo/N on/I southern/J states/N ,/, particularly/V North/N Carolina/N and/C South/N Carolina/N ./.
The/D figure/N also/R may/M reflect/V initial/J claims/N filed/V by/I striking/J _OOV_/N Corp./N workers/N who/W have/V become/V eligible/V for/I unemployment/N benefits/N ,/, the/D official/N said/V ./.
Digital/N Equipment/N Corp./N reported/V a/D 32/N %/N decline/N in/I net/J income/N on/I a/D modest/J revenue/N gain/V in/I its/P fiscal/J first/J quarter/N ,/, causing/V some/D analysts/N to/T predict/V weaker/J results/N ahead/I than/I they/P had/V expected/V ./.
Although/I the/D second-largest/N computer/N maker/N had/V prepared/V Wall/N Street/N for/I a/D poor/J quarter/N ,/, analysts/N said/V they/P were/V troubled/V by/I signs/N of/I flat/V U.S./J orders/N and/C a/D slowdown/N in/I the/D rate/N of/I gain/N in/I foreign/J orders/N ./.
The/D Maynard/N ,/, Mass./N ,/, company/N is/V in/I a/D transition/N in/I which/W it/P is/V trying/J to/T reduce/V its/P reliance/N on/I _OOV_/J machines/N and/C establish/V a/D presence/N in/I workstations/N and/C mainframes/N ./.
Net/N for/I the/D quarter/N ended/V Sept./N 30/N fell/V to/T $/$ _OOV_/C million/C ,/, or/C $/$ _OOV_/C a/D share/N ,/, from/I $/$ _OOV_/C million/C ,/, or/C $/$ 1.71/C a/D share/N ,/, a/D year/N ago/I ./.
Revenue/N rose/V 6.4/C %/N to/T $/$ _OOV_/C billion/N from/I $/$ _OOV_/C billion/N ./.
Digital/N said/V a/D shift/N in/I its/P product/N mix/N toward/I _OOV_/J products/N and/C strong/J growth/N in/I workstation/N sales/N yielded/V lower/J gross/J margins/N ./.
A/D spokesman/N also/R said/V margins/I for/I the/D company/N 's/P service/N business/N narrowed/V somewhat/J because/I of/I heavy/J investments/N made/V in/I that/D sector/N ./.
The/D lack/N of/I a/D strong/J product/N at/I the/D high/J end/N of/I Digital/N 's/P line/N was/I a/D significant/J drag/N on/I sales/N ./.
Digital/N hopes/N to/T address/N that/I with/I the/D debut/N of/I its/P first/J _OOV_/J computers/N next/J Tuesday/N ./.
The/D new/J line/N is/V aimed/V directly/R at/I International/N Business/N Machines/N Corp/N ./.
``/N Until/V the/D new/J mainframe/N products/N kick/N in/I ,/, there/V wo/T n't/R be/V a/D lot/N of/I revenue/N contribution/N at/I the/D high/J end/N ,/, and/C that/I 's/P hurt/V us/N ,/, ''/' said/V Mark/N _OOV_/N ,/, Digital/N 's/P director/N of/I investor/N relations/N ./.
He/P said/V unfavorable/I currency/N translations/N were/V also/R a/D factor/N in/I the/D quarter/N ./.
_OOV_/J shares/N rose/V $/$ 1.375/C to/T $/$ _OOV_/J apiece/N in/I consolidated/V New/N York/N Stock/N Exchange/N trading/N yesterday/N ./.
But/D analysts/N said/V that/I against/I the/D backdrop/N of/I a/D nearly/J _OOV_/J rise/N in/I the/D Dow/N Jones/N Industrial/N Average/N ,/, that/W should/M n't/R necessarily/R be/V taken/V as/I a/D sign/N of/I great/J strength/N ./.
Some/I cut/V their/P earnings/N estimates/N for/I the/D stock/N this/D year/N and/C predicted/V more/J efforts/N to/T control/V costs/N ahead/R ./.
``/` I/P think/V the/D next/M few/J quarters/N will/M be/V difficult/P ,/, ''/' said/V Steven/N _OOV_/N of/I First/N Boston/N ./.
``/N _OOV_/N will/M remain/V under/I pressure/N ,/, and/C when/I the/D new/J mainframe/N does/V ship/R ,/, I/P 'm/V not/R sure/R it/P will/M be/V a/D big/J winner/N ./.
''/' Mr./N _OOV_/N said/V he/P was/V revising/V his/P estimate/N for/I _OOV_/N 's/P current/J year/N from/I $/$ 8.20/C a/D share/N to/T ``/N well/R below/I $/$ 8/N ,/, ''/' although/V he/P has/V n't/R settled/V on/I a/D final/J number/N ./.
One/D troubling/J aspect/N of/I _OOV_/N 's/P results/N ,/, analysts/N said/V ,/, was/V its/P performance/N in/I Europe/N ./.
_OOV_/N said/V its/P overseas/J business/N ,/, which/W now/R accounts/N for/I more/J than/I half/N of/I sales/N ,/, improved/V in/I the/D quarter/N ./.
It/P even/R took/V the/D unusually/N frank/V step/N of/I telling/V analysts/N in/I a/D morning/N conference/N call/V that/D orders/N in/I Europe/N were/V up/R in/I ``/J double/J digits/N ''/' in/I foreign-currency/J terms/N ./.
That/J gain/N probably/R translated/V into/I about/R 5/C %/N to/T 7/C %/N in/I dollar/N terms/N ,/, well/R below/I recent/J quarters/N '/P gains/V of/I above/R 20/C %/N ,/, reckons/V Jay/N _OOV_/N of/I _OOV_/N _OOV_/N _OOV_/N ./.
``/` That/J was/I a/D disappointment/N ''/' and/C a/D sign/N of/I overall/J _OOV_/N softness/N in/I Europe/N ,/, Mr./N _OOV_/N said/V ./.
Marc/N _OOV_/N ,/, with/I _OOV_/N Securities/N in/I New/N York/N ,/, dropped/V his/P estimate/N of/I _OOV_/N 's/P full-year/N net/N to/T $/$ _OOV_/C a/D share/N from/I $/$ 8/N ./.
Although/I overall/J revenues/N were/V stronger/J ,/, Mr./N _OOV_/N said/V ,/, _OOV_/N ``/N drew/V down/R its/P European/J backlog/N ''/' and/C had/V flat/V world-wide/J orders/N overall/N ./.
``/` The/D bottom/N line/N is/V that/I it/P 's/V more/J hand/N to/T mouth/N than/I it/P has/V been/V before/I ,/, ''/' he/P said/V ./.
Mr./N _OOV_/N said/V he/P believes/V that/I the/D _OOV_/N of/I _OOV_/N 's/P new/J mainframe/N will/M ``/N occur/V somewhat/V more/J leisurely/J ''/' than/I many/J of/I his/P investment/N colleagues/N expect/V ./.
He/P said/V current/J expectations/N are/V for/I an/D entry/N level/N machine/N to/T be/V shipped/V in/I December/N ,/, with/I all/J of/I the/D more/J sophisticated/J versions/N out/I by/I June/N ./.
For/I reasons/N he/P would/M n't/R elaborate/J on/I ,/, he/P said/V he/P 's/P sure/R that/D schedule/N wo/M n't/R be/V met/V ,/, meaning/N less/J profit/N impact/N from/I the/D product/N for/I _OOV_/N in/I the/D next/M few/J quarters/N ./.
John/N R./N _OOV_/N contributed/V to/T this/D article/N ./.
Colgate/N _OOV_/N Co./N reported/V third-quarter/C net/N income/N rose/V 27/C %/N ,/, bolstered/V by/I strong/J sales/N in/I its/P Latin/N American/J business/N and/C surprisingly/R healthy/J profits/N from/I U.S./J operations/N ./.
Colgate/N said/V net/J income/N for/I the/D quarter/N rose/V to/T $/$ _OOV_/C million/C ,/, or/C $/$ _OOV_/C a/D share/N ,/, on/I sales/N that/I increased/V 6/C %/N to/T $/$ 1.3/C billion/N ./.
In/I the/D year-earlier/J period/N ,/, Colgate/N posted/V net/J income/N of/I $/$ _OOV_/C million/C ,/, or/C 88/C cents/N a/D share/N ./.
Last/J year/N 's/P results/N included/V earnings/N from/I discontinued/J operations/N of/I $/$ 13.1/C million/C ,/, or/C 19/C cents/N a/D share/N ./.
_OOV_/N Mark/N ,/, chairman/N and/C chief/J executive/J officer/N of/I Colgate/N ,/, said/V earnings/N growth/N was/V fueled/V by/I strong/J sales/N in/I Latin/N America/N ,/, the/D Far/N East/N and/C Europe/N ./.
Results/J were/V also/R bolstered/V by/I ``/C a/D very/R meaningful/J increase/N in/I operating/N profit/N at/I Colgate/N 's/P U.S./N business/N ,/, ''/' he/P said/V ./.
Operating/J profit/N at/I Colgate/N 's/P U.S./N household/N products/N and/C personal/J care/N businesses/N ,/, which/W include/V such/J well-known/J brands/N as/I Colgate/N toothpaste/N and/C _OOV_/N laundry/V detergent/N ,/, jumped/V more/J than/I 40/C %/N ,/, the/D company/N said/V ./.
Mr./N Mark/N attributed/V the/D improvement/N to/T cost/V savings/N achieved/V by/I consolidating/J manufacturing/N operations/N ,/, blending/V together/I two/C sales/N organizations/N and/C more/J carefully/J focusing/J the/D company/N 's/P promotional/N activities/N ./.
``/` We/, 've/V done/V a/D lot/N to/T improve/V -LRB-/N U.S/N ./. -RRB-/J results/N and/C a/D lot/J more/J will/M be/V done/V ,/, ''/' Mr./N Mark/N said/V ./.
``/N _OOV_/N profitability/N of/I U.S./J operations/N is/V an/D extremely/J high/J priority/N in/I the/D company/N ./. ''/'
Colgate/N 's/P results/N were/V at/I the/D high/J end/N of/I the/D range/N of/I analysts/N '/P forecasts/N ./.
The/D scope/N of/I the/D improvement/N in/I the/D U.S./J business/N caught/V some/D analysts/N by/I surprise/V ./.
The/D company/N 's/P domestic/J business/N ,/, especially/V its/P household/N products/N division/N ,/, has/V performed/V poorly/P for/I years/N ./.
Analysts/N say/V the/D earnings/N improvement/N came/V from/I cutting/V costs/N rather/R than/I increasing/V sales/N ./.
For/I the/D nine/N months/N ,/, net/N increased/V 14/C %/N to/T $/$ _OOV_/C million/C ,/, or/C $/$ _OOV_/C a/D share/N ./.
Sales/N rose/V 7/C %/N to/T $/$ 3.8/C billion/N ./.
The/D company/N earned/V $/$ _OOV_/C million/C ,/, or/C $/$ 2.79/C a/D share/N ,/, in/I the/D year-earlier/J period/N ./.
Colgate/N 's/P 1988/N net/N income/N included/V $/$ _OOV_/C million/C ,/, or/C 59/C cents/N a/D share/N ,/, from/I discontinued/J operations/N ./.
Colgate/N sold/V its/P hospital/N supply/N and/C home/N health/N care/N business/N last/J year/N ./.
Separately/N ,/, Colgate/N Wednesday/N finalized/V an/D agreement/N with/I _OOV_/N Corp./N ,/, a/D tiny/J dental/N products/N and/C pharmaceutical/J concern/N based/V in/I _OOV_/N ,/, Mass./N ,/, to/T market/N in/I the/D U.S./N four/C of/I _OOV_/N 's/P _OOV_/N dental/N products/N ./.
The/D products/N --/: _OOV_/N and/C bonding/N materials/N used/V by/I dentists/N --/: all/D contain/V fluoride/N that/W is/V released/V over/I time/N ./.
The/D move/N is/V part/V of/I a/D drive/N to/T increase/V Colgate/N 's/P business/N with/I dentists/N ,/, a/D company/N spokeswoman/N said/V ./.
Terms/N of/I the/D agreement/N were/V n't/R given/V ./.
_OOV_/N Limited/N _OOV_/N said/V it/P completed/V the/D sale/N of/I its/P _OOV_/N restaurant/N franchise/N system/N to/T a/D subsidiary/N of/I _OOV_/N Co./N for/I $/$ 71/C million/C in/I cash/N ./.
_OOV_/N ,/, which/W is/V nearly/R _OOV_/N by/I Sam/N and/C Charles/N _OOV_/N of/I Dallas/N ,/, said/V it/P will/M distribute/V proceeds/V from/I the/D sale/N to/T unit/N holders/N as/I a/D _OOV_/J dividend/N as/I soon/R as/I possible/J ./.
The/D _OOV_/J franchise/N system/N ,/, which/W generates/V about/R $/$ 600/C million/C in/I sales/N annually/R ,/, represented/V substantially/N all/D of/I the/D partnership/N 's/P assets/N ./.
The/D sale/N of/I the/D system/N has/V been/V challenged/V in/I a/D class-action/J suit/N on/I behalf/N of/I unit/N holders/N filed/V last/J week/N in/I a/D Delaware/J court/N ,/, _OOV_/N said/V ./.
The/D company/N said/V it/P believes/V the/D suit/N is/V without/I merit/N ./.
American/N Telephone/N &/C Telegraph/N Co./N unveiled/V a/D sweetened/N pension/N and/C _OOV_/J program/N for/I management/N that/I it/P hopes/V will/M enable/V it/P to/T save/V $/$ _OOV_/C million/C in/I the/D next/J year/N ./.
AT&T/N also/R said/V net/J income/N rose/V 19/C %/N in/I the/D third/J quarter/N ./.
AT&T/N said/V its/P amended/N pension/N program/N will/M nearly/I double/V to/T _OOV_/N the/D number/N of/I managers/N eligible/V to/T retire/V with/I immediate/J pension/N payments/N ./.
AT&T/N said/V that/I based/V on/I studies/N of/I other/J companies/N that/W have/V offered/V retirement/V plans/N ,/, it/P expects/V about/R one-third/N of/I its/P eligible/J managers/N to/T retire/V under/I the/D new/J program/N ./.
AT&T/N said/V third-quarter/C net/N income/N grew/V ,/, despite/V stiff/J competition/N in/I all/J of/I the/D company/N 's/P markets/N ./.
Net/N income/N rose/V to/T $/$ _OOV_/C million/C ,/, or/C 65/C cents/N a/D share/N ,/, from/I the/D year-earlier/N $/$ _OOV_/C million/C or/C 55/C cents/N a/D share/N ./.
Revenue/N edged/V up/I to/T $/$ 8.9/C billion/N from/I $/$ _OOV_/C billion/N ./.
The/D latest/J period/N 's/P net/N was/V reduced/V $/$ 102/C million/C ,/, or/C nine/C cents/N a/D share/N ,/, for/I a/D change/N in/I depreciation/J method/N and/C concurrent/J changes/N in/I estimates/N of/I _OOV_/J lives/N and/C net/J salvage/N for/I certain/J telecommunications/J equipment/N ./.
The/D results/N roughly/R matched/V estimates/N of/I securities/N analysts/N ,/, who/W were/V encouraged/V by/I AT&T/N increasing/V its/P operating/N margin/V to/T 13/C %/N from/I 11/C %/N a/D year/N ago/I ,/, because/I of/I continued/V _OOV_/J efforts/N ./.
Sales/N of/I long-distance/N services/N ,/, an/D extremely/J competitive/J market/N ,/, rose/V 6.4/C %/N ./.
But/C the/D growth/N was/V partly/I offset/N by/I lower/J equipment/N sales/N and/C rentals/N and/C price/N cuts/N on/I some/D products/N ./.
Under/V the/D amended/N pension/N program/N ,/, AT&T/N managers/N who/W have/V at/I least/J five/C years/N of/I service/N will/M have/V five/C years/N added/V to/T their/P age/N and/C length/N of/I service/N for/I pension/N purposes/N ./.
Managers/N who/W retire/V Dec./N 30/N will/M have/V an/D additional/J 15/N %/N added/V to/T their/P monthly/N pension/N for/I as/I long/R as/I five/C years/N or/C age/N 65/N ,/, whichever/R comes/V earlier/R ./.
An/D AT&T/N spokeswoman/N said/V the/D company/N would/M likely/J replace/V about/R one-third/N of/I its/P managers/N who/W choose/V to/T retire/V with/I new/J employees/N ./.
Analysts/N hailed/V the/D sweetened/J pension/N package/N ,/, which/W they/P said/V had/V been/V the/D subject/N of/I rumors/J for/I several/J months/N ./.
``/C This/C tells/V you/P AT&T/N is/V serious/J about/R continuing/V to/T manage/V their/P cost/N structure/N and/C is/V committed/V to/T _OOV_/J earnings/N growth/N ,/, ''/' said/V Jack/N _OOV_/N ,/, an/D analyst/N with/I PaineWebber/N Inc/N ./.
But/D other/J analysts/N expressed/V disappointment/V that/I the/D _OOV_/J move/N wo/M n't/R result/V in/I even/R greater/J earnings/N growth/N ./.
``/C This/C is/V a/D good/J move/N ,/, but/C it/P only/R gets/V you/P to/T where/W people/N 's/P expectations/N already/R are/V ,/, ''/' in/I terms/N of/I earnings/N growth/N ,/, said/V Joel/N D./N _OOV_/N ,/, an/D analyst/N with/I Donaldson/N ,/, Lufkin/N &/C Jenrette/N ./.
Mr./N _OOV_/N said/V he/P had/V hoped/V that/I a/D cost/N savings/N of/I $/$ _OOV_/C million/C would/M result/V in/I even/R greater/J growth/N than/I the/D 20/N %/N annual/J earnings/N increase/V AT&T/N has/V told/V analysts/N it/P expects/V in/I the/D future/J ./.
AT&T/N said/V the/D special/J retirement/N option/N will/M increase/V fourth-quarter/J expenses/N ./.
But/C the/D company/N said/V the/D amount/N ca/M n't/R be/V determined/V until/I it/P knows/V how/M many/J managers/N opt/N to/T retire/V ./.
AT&T/N said/V the/D expense/N increase/N will/M be/V largely/R offset/V by/I a/D gain/N from/I its/P previously/R announced/V plan/N to/T swap/V its/P holdings/N in/I Ing/N ./. C./N Olivetti/N &/C Co./N for/I shares/N in/I Cie/N ./. _OOV_/N _OOV_/N ,/, an/D Italian/N holding/V company/N ./.
For/I the/D nine/N months/N ,/, AT&T/N said/V net/J income/N was/V $/$ _OOV_/C billion/N ,/, or/C $/$ 1.85/C a/D share/N ,/, up/I 19/C %/N from/I $/$ _OOV_/C billion/N ,/, or/C $/$ 1.56/C a/D share/N ./.
Revenue/N gained/V 3.1/C %/N to/T $/$ _OOV_/C billion/N from/I $/$ 26/C billion/N ./.
In/I composite/J trading/N yesterday/N on/I the/D New/N York/N Stock/N Exchange/N ,/, AT&T/N shares/N closed/V at/I $/$ _OOV_/N ,/, up/I 87.5/C cents/N ./.
When/W it/P comes/V to/T buying/V and/C selling/V shares/N ,/, _OOV_/N Capital/N Management/N Inc./N takes/V a/D back/J seat/N to/T no/I one/C ./.
Every/J dollar/N 's/P worth/N of/I stock/N in/I the/D Los/N Angeles/C money/N manager/N 's/P portfolio/N is/V traded/V seven/C or/C eight/C times/N a/D year/N ,/, the/D firm/N estimates/N ./.
That/J makes/V it/P the/D most/J active/J trader/N among/I all/D the/D nation/N 's/P investment/N advisers/N ,/, according/V to/T Securities/N and/C Exchange/N Commission/N filings/N ./.
But/D wait/V a/D second/N ./.
_OOV_/N Capital/N is/V an/D index/N fund/N --/: the/D type/N of/I _OOV_/C long-term/N investor/N whose/C goal/N is/V to/T be/V nothing/P more/J than/I average/N ./.
_OOV_/N Capital/N 's/P frenetic/J trading/N reflects/V the/D changes/N sweeping/V through/I the/D previously/W sleepy/J world/N of/I indexing/N ./.
_OOV_/N for/I the/D most/J part/N has/V involved/V simply/D buying/N and/C then/I holding/V stocks/N in/I the/D correct/J mix/N to/T mirror/V a/D stock/N market/N barometer/N ,/, such/J as/I Standard/N &/C Poor/N 's/P 500-stock/N index/N ,/, and/C match/N its/P performance/N ./.
_OOV_/J investors/N have/V poured/V $/$ 210/C billion/N into/I stock/N and/C bond/N indexing/N as/I a/D cheap/J and/C easy/J form/N of/I investment/N management/N that/I promises/V to/T post/V average/J market/N returns/V ./.
These/D big/J investors/N have/V flocked/V to/T indexing/N because/I relatively/V few/J ``/N active/J ''/' stock/N pickers/N have/V been/V able/J to/T consistently/I match/N the/D returns/N of/I the/D S&P/N 500/N or/C other/J _OOV_/N ,/, much/R less/R beat/V it/P ./.
And/I the/D fees/N investors/N pay/V for/I indexing/N run/V a/D few/J pennies/N for/I each/D $/$ 100/N of/I assets/N --/: a/D fraction/N of/I the/D cost/N of/I active/J managers/N ./.
That/J 's/P because/I computers/N do/V most/I of/I the/D work/N ,/, and/C low/J trading/N activity/N keeps/V a/D lid/N on/I commission/N costs/N ./.
But/D today/R ,/, indexing/N is/V moving/V from/I a/D passive/J investment/N strategy/N to/T an/D increasingly/J active/J one/C ./.
Because/D _OOV_/J managers/N are/V no/D longer/R satisfied/V with/I merely/J being/D average/N ,/, they/P have/V developed/V ``/J enhanced/N ''/' indexing/N strategies/N that/W are/V intended/J to/T outperform/V the/D market/N as/R much/R as/I three/C percentage/N points/N ./.
``/N _OOV_/N has/V been/V the/D most/J single/J successful/J investment/N concept/N in/I the/D last/J decade/N ,/, but/C the/D index/N money/N has/V been/V just/R sort/V of/I sitting/V there/V ,/, ''/' says/V _OOV_/N M./N _OOV_/N ,/, president/N of/I _OOV_/N _OOV_/N Investors/N Inc./N ,/, an/D _OOV_/N based/V in/I _OOV_/N ,/, _OOV_/N ./.
``/N Now/C the/D interest/N is/V in/I what/W else/C can/M I/P do/V with/I that/D money/N ./. ''/'
Among/V the/D _OOV_/J indexing/N strategies/N :/: _OOV_/N portfolios/N can/M be/V built/V around/I thousands/C of/I stocks/N ,/, or/C just/R a/D few/J dozen/N ,/, rather/R than/I being/V restricted/V to/T the/D S&P/N 500/N companies/N ./.
They/P can/M ignore/V the/D S&P/N 500/N stocks/N altogether/I and/C focus/J on/I particular/J types/N of/I stocks/N ,/, such/J as/I smaller/J companies/N ,/, those/D paying/V high/J dividends/N or/C companies/N in/I a/D particular/J industry/N ,/, state/N or/C country/N ./.
With/I today/J 's/P _OOV_/J program/N trading/N techniques/N ,/, index/N funds/N can/M trade/N back/R and/C forth/D between/I stock-index/J futures/N and/C the/D actual/J stocks/N making/V up/R indexes/N such/V as/I the/D S&P/N 500/N ./.
Futures/N and/C options/N also/R make/V it/P possible/J to/T build/V ``/N synthetic/N ''/' index/N funds/N that/W do/V n't/R actually/R own/V a/D single/J share/N of/I stock/N ,/, but/R can/M produce/V returns/V that/D match/N or/C exceed/V the/D broad/J stock/N market/N ./.
One/D reason/N for/I these/D hybrids/N is/V that/D indexing/N 's/P rapid/J growth/N is/V slowing/V ,/, particularly/V for/I those/D ``/N plain/R vanilla/J ''/' funds/N that/I mirror/J the/D 500/N ./.
``/N There/T is/V n't/R a/D _OOV_/N -LCB-/N of/I big/J investors/N -RCB-/N out/I there/V still/R waiting/V to/T get/V into/I indexing/N ,/, ''/' says/V P./N James/N _OOV_/N ,/, vice/J president/N of/I _OOV_/C Investment/N Management/N Co./N ,/, Chicago/N ,/, which/W offers/N both/I indexing/N and/C active/J management/N services/N ./.
After/N tripling/N in/I size/N in/I the/D past/J five/C years/N ,/, index/N funds/N now/R hold/V about/R 20/C %/N of/I the/D stock/N owned/V by/I pension/N funds/N ./.
A/D further/I problem/N is/V _OOV_/J profits/N ./.
_OOV_/J funds/N have/V become/V so/V commonplace/R that/D fees/N they/P can/M charge/V have/V plunged/V to/T almost/R nothing/N ,/, and/C in/I some/D cases/N are/V just/R that/I ./.
To/P land/N customers/N for/I their/P _OOV_/J stock/N custodial/V business/N ,/, big/J banks/N sometimes/R will/M throw/N in/I basic/J indexing/N services/N for/I free/J ./.
``/N It/P 's/P like/I getting/V a/D free/J toaster/V when/T you/P open/J an/D account/N ,/, ''/' says/V _OOV_/N _OOV_/N 's/P Mr./N _OOV_/N ./.
As/I a/D result/N ,/, _OOV_/N have/V been/V looking/V for/I ways/N to/T give/V investors/N something/P more/J than/I the/D average/N for/I their/P money/N ./.
And/I many/J have/V been/V successful/J ,/, as/R in/I the/D case/N of/I the/D index/N fund/N operated/V by/I _OOV_/N _OOV_/N Capital/N ./.
_OOV_/N Capital/N has/V used/V enhanced/J indexing/N techniques/N to/T beat/V the/D S&P/N 500/N 's/P returns/V by/I 2.5/N to/T 3/J percentage/N points/V over/I the/D past/J four/C years/N ,/, with/I the/D same/J risk/N level/N as/I holding/V the/D S&P/N 500/N stocks/N ,/, according/V to/T James/N _OOV_/N ,/, the/D firm/N 's/P president/N ./.
_OOV_/N vary/V for/I _OOV_/N Capital/N ,/, which/W has/V $/$ 300/C million/C under/I management/N ./.
The/D firm/N sometimes/R buys/V S&P/N 500/N futures/N when/W they/P are/V selling/V at/I a/D discount/N to/T the/D actual/J stocks/N ,/, and/C will/M switch/V back/R and/C forth/D between/I stocks/N and/C stock-index/J futures/N to/T take/V advantages/N of/I any/D momentary/J price/N _OOV_/N ./.
Mr./N _OOV_/N also/R goes/V through/I periods/N when/W he/P buys/V stocks/N in/I conjunction/N with/I options/N to/T boost/N returns/V and/C protect/V against/I declines/N ./.
And/I in/I some/D months/N ,/, he/P buys/V stock-index/J futures/N and/C not/P stocks/N at/I all/C ./.
``/` By/I their/P nature/N ,/, our/D trades/N are/V very/R short-term/N and/C are/V going/V to/T create/V high/J turnover/N ,/, ''/' Mr./N _OOV_/N adds/V ./.
``/` The/D more/J turnover/N ,/, the/D better/J for/I our/P clients/N ./. ''/'
Big/J _OOV_/N Bankers/N Trust/N Co./N also/R uses/V futures/N in/I a/D strategy/N that/W on/I average/N has/V added/V one/C percentage/N point/N to/T its/P enhanced/J fund/N 's/P returns/V ./.
J./N Thomas/N _OOV_/N ,/, president/N of/I _OOV_/N Advanced/N Investment/N Management/N Inc./N ,/, agrees/V it/P 's/V a/D good/J idea/N to/T jump/V between/I the/D S&P/N 500/N stocks/N and/C futures/N ./.
``/N You/T 're/V buying/V the/D S&P/N ,/, and/C you/P always/P want/V to/T hold/V the/D cheapest/J form/N of/I it/P ,/, ''/' he/P says/V ./.
But/C some/D _OOV_/N make/V little/J or/C no/D use/V of/I futures/N ,/, saying/V that/I these/D instruments/N present/D added/J risks/N for/I investors/N ./.
``/N If/I the/D futures/N markets/N have/V a/D problem/N ,/, then/I those/D products/N could/M have/V a/D problem/N ,/, ''/' says/V John/N _OOV_/N ,/, managing/N director/N of/I Prudential/N Insurance/N Co./N of/I America/N 's/P Investment/N Index/N Technologies/N Inc./N unit/N ./.
Prudential/N currently/R is/V seeking/V approval/N to/T offer/V a/D new/J fund/N offering/V a/D return/N equal/I to/T the/D S&P/N 500/N index/N plus/N of/I a/D percentage/N point/N ./.
An/D added/J feature/N is/V that/I the/D _OOV_/N improved/V return/V would/M be/V guaranteed/V by/I Prudential/N ./.
There/E are/V many/J other/J strategies/N to/T bolster/V the/D returns/N of/I index/N funds/N ./.
They/P include/V :/:
LIMITED/N RISK/N FUNDS/N :/: These/D guarantee/N protection/N against/I stock/N market/N declines/N while/I still/R passing/V along/I most/J gains/N ./.
Here/R a/D fund/N may/M promise/V to/T pay/V back/R ,/, say/V ,/, $/$ 95/N of/I every/D $/$ 100/N invested/V for/I a/D year/N ,/, even/R if/I the/D market/N goes/V much/R lower/I ./.
The/D fund/N could/M invest/V $/$ 87/N for/I one/C year/N in/I Treasury/J bills/N yielding/V 8/C %/N to/T return/V the/D guaranteed/N $/$ 95/N ./.
That/J leaves/V $/$ 13/N ,/, which/W could/M be/V used/V to/T buy/V S&P/N 500/N options/: that/I will/M nearly/J match/N any/R gain/V in/I the/D S&P/N index/N ./.
_OOV_/N _OOV_/N FUNDS/N :/: Say/J a/D big/J investor/N is/V interested/V in/I growth/N stocks/N ./.
Instead/I of/I hiring/V one/C of/I the/D many/J active/J managers/N specializing/N in/I growth/N stocks/N ,/, _OOV_/N can/M design/N a/D portfolio/N around/I the/D same/J stocks/N ;/: the/D portfolio/N will/M be/V maintained/V by/I computer/N ,/, reducing/V both/D fees/N and/C ,/, in/I theory/N ,/, risk/N -LRB-/N because/I of/I the/D large/J number/N of/I stocks/N -RRB-/N ./.
``/` We/P see/V a/D lot/N of/I interest/N in/I those/P kind/N of/I things/N ,/, ''/' says/V Frank/N _OOV_/N ,/, a/D vice/J president/N of/I Bankers/N Trust/N ./.
``/` People/V comfortable/J with/I the/D passive/J approach/N are/V using/V them/P for/I other/J strategies/N ./. ''/'
_OOV_/N FUNDS/N :/: This/I is/V an/D index/N fund/N with/I a/D bet/N ./.
Instead/I of/I replicating/V the/D S&P/N 500/N or/C some/D other/J index/N exactly/R ,/, some/D stocks/N are/V _OOV_/N or/C _OOV_/N in/I the/D portfolio/N ./.
One/D simple/J approach/N is/V to/T exclude/V S&P/N 500/N companies/N considered/V bankruptcy/N candidates/N ;/: this/I can/M avoid/V weak/J sisters/N ,/, but/R also/R can/M hurt/V when/I a/D company/N like/I Chrysler/N Corp./N rebounds/N ./.
Another/D approach/N :/: An/J investor/N with/I $/$ 100/C million/C might/M use/V $/$ 75/C million/C to/T buy/V the/D S&P/N 500/N index/N and/C spend/V the/D other/J $/$ 25/C million/C on/I a/D favorite/J group/N of/I stocks/N ./.
_OOV_/N FUNDS/N :/: _OOV_/N can/M be/V constructed/V to/T serve/V social/J goals/N ,/, such/J as/I eliminating/V the/D stocks/N of/I companies/N doing/V business/N in/I South/N Africa/N ./.
Other/N funds/N have/V been/V designed/V to/T concentrate/V on/I stocks/N in/I a/D geographic/J area/N in/I order/N to/T encourage/V local/J investment/N ./.
Pennsylvania/N State/N Employees/N Retirement/N System/' ,/, for/I example/N ,/, has/V about/I $/$ 130/C million/C invested/V in/I a/D fund/N of/I _OOV_/J companies/N that/W are/V either/D Pennsylvania-based/N or/C have/V 25/N %/N of/I their/P work/V forces/N in/I the/D state/N ./.
Short/J interest/N on/I the/D New/N York/N Stock/N Exchange/N declined/V for/I the/D second/J consecutive/J month/N ,/, this/D time/N 4.2/C %/N ,/, while/I the/D American/J Stock/N Exchange/N reported/V its/P third/J consecutive/J record/N month/N of/I short/J interest/N ./.
The/D Big/N Board/N reported/V that/I short/J interest/N dropped/V to/T _OOV_/C shares/N as/I of/I Oct./N 13/N from/I _OOV_/J shares/N in/I mid-September/N ./.
_OOV_/` short/J interest/N climbed/V 3/C %/N to/T _OOV_/C shares/N from/I _OOV_/J shares/N ./.
For/I the/D year-earlier/J month/N ,/, the/D Big/N Board/N reported/V _OOV_/J shares/N ,/, indicating/V a/D 13.5/N %/N _OOV_/N rise/N ,/, while/I the/D _OOV_/N reported/V _OOV_/J shares/N ,/, a/D 48/N %/N leap/N ./.
_OOV_/` short/J interest/N has/V been/V heading/J upward/N since/I mid-December/V ,/, with/I increases/J in/I each/D month/N since/I then/P except/I at/I _OOV_/N ./.
Traders/N who/W sell/V short/J borrow/V stock/N and/C sell/V it/P ,/, betting/N that/I the/D stock/N 's/P price/N will/M decline/N and/C that/I they/P can/M buy/V the/D shares/N back/R later/R at/I a/D lower/J price/N for/I return/V to/T the/D lender/N ./.
Short/J interest/N is/V the/D number/N of/I shares/N that/I have/V n't/R yet/R been/V purchased/V for/I return/V to/T lenders/N ./.
Although/I a/D substantial/J short/J position/N reflects/V heavy/J speculation/N that/I a/D stock/N 's/P price/N will/M decline/N ,/, some/D investors/N consider/V an/D increase/N in/I short/J interest/N bullish/N because/I the/D borrowed/V shares/N eventually/P must/M be/V bought/V back/R ./.
_OOV_/N in/I short/J interest/N of/I certain/J stocks/N also/R may/M be/V caused/V partly/N by/I _OOV_/N ./.
The/D figures/N occasionally/I include/V incomplete/D transactions/N in/I restricted/V stock/N ./.
The/D level/N of/I negative/J sentiment/N measured/V by/I the/D Big/N Board/N short/J interest/N ratio/N slipped/V to/T _OOV_/` from/I last/J month/N 's/P _OOV_/N ./.
The/D ratio/N is/V the/D number/N of/I trading/N days/N ,/, at/I the/D exchange/N 's/P average/J trading/N volume/N ,/, that/W would/M be/V required/V to/T convert/V the/D total/C short/J interest/N position/N ./.
Some/I analysts/N suggest/V ,/, however/V ,/, that/I the/D ratio/N has/V weakened/V in/I value/N as/I an/D indicator/V because/I options/N and/C other/J products/N can/M be/V used/V to/T hedge/V short/J positions/N ./.
_OOV_/N Corp./N led/V the/D Big/J Board/N list/N of/I largest/J short/J volumes/N with/I _OOV_/J shares/N ./.
_OOV_/N has/V proposed/V to/T acquire/V _OOV_/N Corp./N ,/, consisting/V of/I the/D auto/N parts/N division/N and/C some/D debt/N of/I _OOV_/N Corp./N ,/, for/I $/$ _OOV_/C million/C of/I cash/N and/C securities/N ./.
Chemical/N Waste/N Management/N posted/V the/D biggest/J increase/N in/I short/J volume/N on/I the/D New/N York/N exchange/N ,/, up/R _OOV_/J shares/N to/T _OOV_/N ./.
Bristol-Myers/N Squibb/N Co./N ,/, the/D entity/N formed/V from/I the/D recent/J acquisition/N of/I Squibb/N Corp./N by/I Bristol-Myers/N Co./N ,/, logged/V the/D largest/J volume/N decline/N ,/, _OOV_/N shares/N ,/, to/T _OOV_/N ./.
Short/J interest/N in/I International/N Business/N Machines/N Corp./N plunged/V to/T _OOV_/C shares/N from/I _OOV_/J shares/N a/D month/N earlier/R ./.
Also/I closely/N watched/V is/V Exxon/N Corp./N ,/, where/W short/J interest/N slid/V to/T _OOV_/C shares/N from/I _OOV_/N ./.
On/I a/D percentage/N basis/N ,/, Germany/N Fund/N Inc./N led/V the/D gainers/N ,/, leaping/V to/T _OOV_/C shares/N from/I three/C shares/N ./.
_OOV_/N _OOV_/N Ltd./N led/V the/D percentage/N _OOV_/N ,/, dropping/V to/T 59/C shares/N from/I _OOV_/N ./.
The/D _OOV_/C short/J interest/N volume/N leader/N again/R was/V Texas/N Air/N Corp./N ,/, rising/V to/T _OOV_/C shares/N from/I _OOV_/N ./.
_OOV_/J Pharmaceutical/N Co./N posted/V the/D largest/J volume/N increase/N ,/, _OOV_/N shares/N ,/, to/T _OOV_/N ./.
The/D company/N is/V under/I an/D investigation/N concerning/J procedures/N to/T gain/V Food/N and/C Drug/N Administration/N approval/N of/I generic/J drugs/N ./.
_OOV_/N has/V denied/V any/D wrongdoing/N ./.
The/D largest/J volume/N drop/V --/: down/R _OOV_/J shares/N to/T _OOV_/N --/: came/V in/I shares/N represented/V by/I _OOV_/N Industries/N PLC/N 's/P American/J depositary/N receipts/N ./.
The/D company/N is/V facing/V a/D takeover/N proposal/N from/I the/D financier/N Sir/N James/N _OOV_/N ./.
First/N _OOV_/N Fund/N led/V the/D percentage/N increases/V ,/, rising/V to/T _OOV_/C shares/N from/I _OOV_/N ./.
Nelson/N Holdings/N International/N Ltd./N dropped/V the/D most/J on/I a/D percentage/N basis/N ,/, to/T 1,000/C shares/N from/I _OOV_/N ./.
The/D adjacent/J tables/N show/V the/D Big/N Board/N and/C _OOV_/J issues/N in/I which/W a/D short/J interest/N position/N of/I at/I least/J 100,000/J shares/N existed/V as/I of/I mid-October/N or/C in/I which/W there/V was/I a/D short/J position/N change/N of/I at/I least/J 50,000/J shares/N since/I mid-September/N ./.
Your/J Oct./N 12/N editorial/N ``/N _OOV_/N ,/, _OOV_/N _OOV_/N ?/. ''/' correctly/I states/N that/I I/P was/I critical/J of/I the/D Bush/J administration/N 's/P failure/N to/T have/V any/D plan/N in/I place/N to/T respond/V in/I a/D timely/J fashion/N to/T the/D opportunities/N to/T oust/V Manuel/N Noriega/N presented/V by/I the/D attempted/J military/J coup/N on/I Oct./N 3/N ./.
You/P are/V absolutely/V wrong/R ,/, however/V ,/, in/I _OOV_/N that/I this/D position/N is/V some/D kind/N of/I ``/N _OOV_/N ,/, ''/' something/N newly/R arrived/V at/I as/I a/D result/N of/I reading/V the/D opinion/N polls/N ./.
My/D position/N is/V one/D founded/N on/I both/I the/D facts/N and/C the/D law/N ./.
Although/I you/P may/M have/V forgotten/P ,/, public/J opinion/N about/I Gen./N Noriega/N is/V where/W it/P is/V in/I large/J measure/N because/I of/I my/J investigation/N of/I his/P years/N of/I involvement/N in/I narcotics/N smuggling/N -LRB-/N and/C simultaneous/V work/N as/I a/D U.S./N operative/R -RRB-/N ./.
The/D public/N made/V up/I its/P mind/N about/I Gen./N Noriega/N largely/R as/I a/D result/N of/I the/D hearings/N I/P chaired/N in/I the/D _OOV_/N on/I _OOV_/N and/C _OOV_/N of/I the/D Foreign/N Relations/N Committee/N on/I Feb./N 8/N ,/, 9/N ,/, 10/N and/C 11/N ,/, 1988/N ,/, and/C again/P on/I April/N 4/N ,/, 1988/N ./.
It/P was/V during/I those/D hearings/N that/I the/D nation/N first/J learned/V the/D breadth/N and/C depth/N of/I Gen./N Noriega/N 's/P criminality/N ,/, and/C of/I his/P enduring/J relationships/N with/I a/D variety/N of/I U.S./J government/N agencies/N ./.
Those/D hearings/N also/R highlighted/V how/W Gen./N Noriega/N was/V able/J to/T use/V his/P relationships/N with/I these/D agencies/N to/T delay/N U.S./N action/N against/I him/P ,/, and/C to/T exploit/V the/D administration/N 's/P obsession/N with/I overthrowing/J the/D _OOV_/N to/T protect/V his/P own/V _OOV_/N ./.
As/I former/J _OOV_/N to/T Costa/N _OOV_/N Francis/N J./N _OOV_/N testified/N before/I the/D subcommittee/N ,/, the/D Reagan/J administration/N knew/V that/I Gen./N Noriega/N was/V involved/V with/I narcotics/N ,/, but/R made/V a/D decision/N in/I the/D summer/N of/I 1986/N ``/N to/T put/V Gen./N Noriega/N on/I the/D shelf/N until/I _OOV_/C was/V settled/V ./. ''/'
As/I the/D report/N issued/V by/I the/D subcommittee/N concluded/V ,/, ``/C Our/J government/N did/V nothing/P regarding/V Gen./N Noriega/N 's/P drug/N business/N and/C substantial/J criminal/N involvement/N because/I the/D first/J priority/N was/I the/D _OOV_/J war/N ./.
This/D decision/N resulted/V in/I at/I least/V some/D drugs/N entering/V the/D United/N States/N as/I a/D hidden/J cost/N of/I the/D war/N ./. ''/'
Unfortunately/R ,/, this/D problem/N continued/V even/R after/I Gen./N Noriega/N 's/P indictment/N ./.
_OOV_/N 1988/N and/C this/D year/N ,/, I/P and/C others/J in/I Congress/N have/V pressed/V the/D U.S./N to/T develop/V a/D plan/N for/I pushing/V this/D ``/N _OOV_/N ''/, out/I of/I Panama/N ./.
_OOV_/N ,/, two/C administrations/N in/I a/D row/N have/V been/V unwilling/V and/C unable/J to/T develop/V any/D plan/N ,/, military/N or/C economic/J ,/, for/I supporting/J the/D Panamanian/N people/N in/I their/P attempts/N to/T restore/V democracy/N ./.
Sen./N John/N _OOV_/N -LRB-/N D./N ,/, _OOV_/N ./. -RRB-/J
For/I _OOV_/N ,/, these/D are/V tricky/V ,/, often/I treacherous/C ,/, times/N ./.
After/N years/N of/I hesitation/N ,/, economic/J and/C political/J reform/N was/V embraced/V at/I the/D end/N of/I 1986/N ,/, but/R ringing/J declarations/N have/V yet/R to/T be/V translated/V into/I much/J action/N ./.
Vietnam/N is/V finding/V that/W turning/V a/D stagnant/J socialist/N order/N into/I a/D dynamic/N free/J market/N does/V n't/R come/V easy/J ./.
Here/N is/V how/W three/C _OOV_/N are/V coping/N with/I change/N :/:
The/D Tire/N King/N
_OOV_/N Van/N _OOV_/N is/V living/V proof/N that/I old/J ways/N die/N hard/P ./.
Mr./N _OOV_/N used/V to/T be/V an/D oddity/N in/I _OOV_/N :/: a/D private/N entrepreneur/N ./.
His/J business/N success/N made/V him/P an/D official/J target/N in/I _OOV_/J days/N ./.
Mr./N _OOV_/N ,/, now/R 64/J years/N old/C ,/, invented/V a/D fountain/N pen/N he/P and/C his/P family/N produced/V from/I plastic/N waste/N ./.
Later/N ,/, he/P marketed/V glue/N ./.
Both/J products/N were/V immensely/V popular/J ./.
For/I his/P troubles/N ,/, Mr./N _OOV_/N was/V jailed/J three/C times/N between/I _OOV_/N and/C 1974/N ./.
Though/V his/P operation/N was/V registered/V and/C used/V only/R scrap/N ,/, he/P was/V accused/V of/I conducting/J illegal/J business/N and/C possessing/I illegal/J materials/N ./.
Once/M he/P was/V held/V for/I three/C months/N without/I being/V charged/V ./.
Things/N were/V supposed/D to/T change/V when/T Vietnam/N 's/P economic/J reforms/N gathered/V pace/N ,/, and/C for/I awhile/N they/P did/V ./.
After/N years/N of/I experimenting/N ,/, Mr./N _OOV_/N produced/V a/D heavy-duty/N bicycle/N tire/N that/I outlasted/V its/P _OOV_/N rival/N ./.
By/C 1982/N ,/, he/P was/V selling/V thousands/N of/I tires/N ./.
_OOV_/N published/V articles/N about/I him/P ,/, and/C he/P was/V hailed/V as/I ``/N the/D tire/N king/N ./. ''/'
His/J efforts/N earned/V a/D gold/N medal/N at/I a/D national/J exhibition/N --/: and/C attracted/V renewed/V attention/N from/I local/J authorities/N ./.
District/V police/N in/I 1983/N descended/V on/I his/P suburban/J home/N ,/, which/W he/P and/C his/P large/J family/N used/V as/R both/I residence/N and/C factory/N ,/, and/C demanded/V proof/N the/D house/N and/C equipment/N were/V his/P ./.
He/P produced/V it/P ./.
``/` That/J was/I the/D first/J time/N they/P lost/V and/C I/P won/V ,/, ''/' he/P says/V ./.
He/P was/V further/R questioned/V to/T determine/V if/I he/P was/V ``/C a/D real/J working/N man/N or/C an/D _OOV_/N ./. ''/'
_OOV_/N Mr./N _OOV_/N :/: ``/N When/W I/P showed/V it/P was/V from/I my/J own/V brain/N ,/, they/P lost/V for/I the/D second/J time/N ./. ''/'
But/C a/D few/J days/N later/I the/D police/N accused/V him/P of/I stealing/N electricity/N ,/, acquiring/V rubber/N without/I permission/P and/C buying/N stolen/V property/N ./.
_OOV_/` he/P was/V to/T be/V jailed/J again/P ,/, he/P fled/I to/T the/D countryside/N ./.
His/J family/N was/V given/V three/C hours/N to/T leave/V before/I the/D house/N and/C contents/N were/V confiscated/V ./.
With/I only/I the/D clothes/N they/P were/V wearing/N ,/, family/N members/N moved/V to/T a/D home/N owned/V by/I one/C of/I Mr./N _OOV_/N 's/P sons/N ./.
After/N six/C months/N on/I the/D run/N ,/, Mr./N _OOV_/N learned/V the/D order/N for/I his/P arrest/N had/V been/V canceled/J ./.
He/P rejoined/V his/P family/N in/I January/N 1984/N and/C began/V the/D long/J struggle/N for/I justice/N ,/, pressing/V everyone/N from/I _OOV_/N municipal/J officials/N to/T National/N _OOV_/N deputies/N for/I restoration/N of/I his/P rights/N ./.
He/P and/C his/P family/N kept/V afloat/N by/I repairing/J bicycles/N ,/, selling/V fruit/N and/C doing/V odd/J jobs/N ./.
Mr./N _OOV_/N achieved/V a/D breakthrough/N in/I 1987/N --/: and/C became/V a/D minor/J celebrity/N again/P --/: when/I his/P story/N was/V published/V in/I a/D weekly/N newspaper/N ./.
In/I 1988/N ,/, 18/J months/N after/I the/D sixth/J congress/N formally/N endorsed/V family-run/N private/N enterprise/N ,/, district/N authorities/N allowed/V Mr./N _OOV_/N to/T resume/V work/N ./.
By/I late/V last/J year/N he/P was/V invited/V back/R as/I ``/N the/D tire/N king/N ''/' to/T display/N his/P products/N at/I a/D national/J exhibition/N ./.
National/J leaders/N stopped/V by/I his/P stand/V to/T commend/V his/P achievements/N ./.
Mr./N _OOV_/N now/R produces/V 1,000/N bicycle/N and/C motorbike/N tires/N a/D month/N and/C 1,000/N tins/N of/I _OOV_/N glue/N in/I the/D son/N 's/P small/J house/N ./.
_OOV_/` people/N pack/N the/D house/N 's/P two/C rooms/N --/: the/D _OOV_/N ,/, four/C of/I their/P 10/N children/N with/I spouses/N ,/, and/C eight/C of/I 22/C grandchildren/N ./.
Most/D sleep/N on/I the/D floor/N ./.
Come/J daybreak/N ,/, eight/C family/N members/N and/C two/C other/J workers/N _OOV_/C a/D sheet/N of/I raw/J rubber/N that/I covers/V the/D floor/N of/I the/D house/N and/C spills/V out/I onto/V the/D street/N ./.
The/D primitive/J operations/N also/R burst/N out/I the/D back/R door/J into/I a/D small/J courtyard/N ,/, where/W an/D ancient/P press/V squeezes/N rubber/N solution/V into/I a/D flat/J strip/N and/C newly/N made/V tires/N are/V cooled/V in/I a/D bathtub/N filled/V with/I water/N ./.
Mr./N _OOV_/N talks/N _OOV_/N of/I expanding/V ,/, maybe/I even/R moving/V into/I the/D _OOV_/N field/N ./.
First/N ,/, however/V ,/, he/P has/V unfinished/J business/N ./.
When/W district/V authorities/N allowed/V him/P to/T resume/V manufacturing/N ,/, they/P released/V only/I one/C of/I his/P machines/N ./.
They/P did/M n't/R return/V the/D rubber/N stocks/N that/W represent/V his/P capital/N ./.
Nor/D did/V they/P return/V his/P house/N and/C contents/N ,/, which/W he/P values/N at/I about/J $/$ _OOV_/N ./.
He/P wants/P to/T recover/V more/J than/I just/R his/P property/N ,/, though/R ./.
``/` I/P want/V my/P dignity/N back/R ,/, ''/' he/P says/V ./.
_OOV_/N _OOV_/N seemed/V an/D obvious/J choice/N when/W the/D _OOV_/N _OOV_/N Association/N was/V looking/V for/I a/D new/J editor/N to/T reform/V its/P weekly/N newspaper/N ,/, Van/N _OOV_/N ./.
After/N the/D sixth/J congress/N ,/, journalists/N seized/V the/D opportunity/N provided/V by/I the/D liberalization/N to/T probe/N previously/R taboo/N subjects/N ./.
Mr./N _OOV_/N ,/, 57/J years/N old/C ,/, had/V solid/J reformist/J credentials/N :/: He/P had/V lost/V his/P official/J position/N in/I the/D association/N in/I he/P early/R 1980s/N because/I he/P questioned/V the/D intrusion/N of/I politics/N into/I literature/N ./.
_OOV_/N editor/N in/I chief/J in/I July/N 1987/N ,/, Mr./N _OOV_/N rapidly/R turned/V the/D _OOV_/N Van/N _OOV_/N into/I Vietnam/N 's/P hottest/J paper/N ./.
_OOV_/N soared/R as/I the/D weekly/N went/V way/N beyond/M standard/N literary/N themes/N to/T cover/V _OOV_/J society/N and/C its/P ills/N ./.
_OOV_/N were/V electrified/N by/I the/D paper/N 's/P audacity/N and/C appalled/C by/I the/D dark/J side/N of/I life/N it/P uncovered/V ./.
One/D article/N recounted/V a/D decade-long/N struggle/N by/I a/D wounded/N soldier/N to/T prove/V ,/, officially/N ,/, he/P was/V alive/P ./.
Another/R described/V how/M _OOV_/J officials/N in/I _OOV_/N _OOV_/N province/N one/C night/N stormed/V through/I homes/N and/C confiscated/V rice/N from/I starving/N villagers/N ./.
The/D newspaper/N also/R ran/V a/D series/N of/I controversial/J short/J stories/N by/I _OOV_/N _OOV_/N _OOV_/N ,/, a/D former/J history/N teacher/N ,/, who/W stirred/V debate/V over/I his/P interpretation/N of/I _OOV_/N culture/N and/C took/V a/D thinly/J veiled/V swipe/V at/I writers/N who/W had/V blocked/V his/P entry/N into/I their/P official/J association/N ./.
Van/N _OOV_/N quickly/R made/V influential/J enemies/N ./.
``/` Those/J who/W manage/V ideology/N and/C a/D large/J number/N of/I writers/N reacted/V badly/I ''/' to/T the/D restyled/J paper/N ,/, says/V _OOV_/N _OOV_/C An/C ,/, a/D literary/J critic/N ./.
After/N months/N of/I internal/J _OOV_/N ,/, Mr./N _OOV_/N was/V fired/V last/J December/N ./.
His/R dismissal/V triggered/V a/D furor/N among/I intellectuals/N that/W continues/V today/R ./.
``/N Under/N Mr./N _OOV_/N ,/, Van/N _OOV_/N protected/V the/D people/N instead/R of/I the/D government/N ,/, ''/' says/V _OOV_/N _OOV_/N ,/, a/D poet/N who/W is/V the/D paper/N 's/P bureau/N chief/N for/I southern/V Vietnam/N ./.
``/` The/D paper/N reflected/V the/D truth/N ./.
For/I the/D leadership/N ,/, that/W was/V too/R painful/J to/T bear/N ./. ''/'
The/D `/N _OOV_/N '/'
_OOV_/N _OOV_/N _OOV_/N is/V Vietnam/N 's/P entrepreneur/N of/I the/D 1980s/N ./.
Her/J challenge/N is/V to/T keep/V her/P fledgling/V empire/R on/I top/N in/I the/D 1990s/N ./.
Mrs./N _OOV_/N did/V n't/R wait/V for/I the/D reforms/N to/T get/V her/P start/V ./.
She/P charged/V ahead/I of/I the/D government/N and/C the/D law/N to/T establish/V _OOV_/N City/N Food/N Co./N as/I the/D biggest/J rice/J dealer/N in/I the/D country/N ./.
Her/J success/N ,/, which/W included/V alleviating/V an/D urban/J food/N shortage/V in/I the/D early/J 1980s/N ,/, helped/V persuade/V _OOV_/C to/T take/V the/D reform/N path/N ./.
Her/D story/N is/V becoming/V part/V of/I local/J folklore/N ./.
A/D lifelong/N revolutionary/N with/I little/J education/N who/, fought/N both/I the/D French/N and/C the/D _OOV_/N _OOV_/N regime/N ,/, she/P switched/V effortlessly/C to/T commerce/V after/I the/D war/N ./.
Her/V instincts/N were/V capitalistic/N ,/, despite/V her/P background/N ./.
As/I she/P rode/V over/J regulations/N ,/, only/I her/P friendship/N with/I party/N leaders/N ,/, including/V _OOV_/N Van/N _OOV_/N ,/, then/R Ho/N Chi/N Minh/N City/N party/N secretary/N ,/, kept/V her/P out/I of/I jail/N ./.
Following/N Mr./N _OOV_/N 's/P appointment/N as/I _OOV_/N of/I the/D party/N at/I the/D sixth/J congress/N ,/, Mrs./N _OOV_/N has/V become/V the/D darling/N of/I ``/N doi/N moi/C ''/N ,/, the/D _OOV_/N version/N of/I perestroika/N ./.
The/D authorities/N have/V steered/V foreign/J reporters/N to/T her/P office/N to/T see/V an/D example/N of/I ``/N the/D new/J way/N of/I thinking/N ./. ''/'
Foreign/N publications/N have/V responded/V with/I articles/N declaring/V her/P Vietnam/N 's/P richest/J woman/N ./.
``/N Some/W people/N call/V me/P the/D communist/J billionaire/N ,/, ''/' she/P has/V told/V visitors/N ./.
Actually/R ,/, 67-year-old/N Mrs./N _OOV_/N is/V about/R as/I poor/J as/I almost/R everyone/N else/C in/I this/D impoverished/J land/N ./.
She/P has/V indeed/V turned/V _OOV_/N City/N Food/N into/I a/D budding/N conglomerate/N ,/, but/C the/D company/N itself/P remains/V state-owned/N ./.
She/P manages/V it/P with/I the/D title/N of/I _OOV_/N ./.
The/D heart/N of/I the/D business/N is/V the/D purchase/N of/I rice/N and/C other/J commodities/N ,/, such/J as/I corn/N and/C coffee/N ,/, from/I farmers/N in/I the/D south/N ,/, paying/V with/I fertilizer/N ,/, farm/N tools/N and/C other/J items/N ./.
Last/J year/N ,/, _OOV_/N City/N Food/N says/V it/P bought/V two/C million/C metric/N tons/N of/I _OOV_/N rice/N ,/, more/J than/I 10/C %/N of/I the/D country/N 's/P output/N ./.
The/D company/N operates/V a/D fleet/N of/I trucks/N and/C boats/V to/T transport/V the/D commodities/J to/T its/P warehouses/N ./.
A/D subsidiary/N company/N processes/N commodities/R into/I foods/N such/V as/I instant/N noodles/: that/I are/V sold/V with/I the/D rice/N through/I a/D vast/J retail/N network/N ./.
In/I recent/J years/N ,/, Mrs./N _OOV_/N has/V started/V to/T diversify/V the/D company/N ,/, taking/V a/D 20/N %/N stake/N in/I newly/N established/V ,/, partly/I private/N Industrial/N and/C Commercial/N Bank/N ,/, and/C setting/V up/R _OOV_/N _OOV_/N ,/, which/W owns/V and/C operates/V Vietnam/N 's/P first/J oil/N refinery/N ./.
Mrs./N _OOV_/N says/V _OOV_/N City/N Food/N last/J year/N increased/V pretax/J profit/N 60/C %/N to/T the/D equivalent/N of/I about/J $/$ 2.7/C million/C on/I sales/N of/I $/$ 150/C million/C ./.
She/P expects/V both/I revenue/N and/C profit/N to/T gain/V this/D year/N ./.
She/P is/V almost/J cavalier/N about/I the/D possibility/N Vietnam/N 's/P reforms/N will/M create/V rivals/N on/I her/P home/N turf/N ./.
``/` I/P do/V n't/R mind/N the/D competition/N inside/I the/D country/N ,/, ''/' she/P says/V ./.
``/` I/P am/V only/R afraid/R that/I with/I Vietnam/N 's/P _OOV_/N products/N we/P ca/M n't/R compete/N with/I neighboring/J countries/N ./.
The/D earthquake/N that/W hit/V the/D San/N Francisco/N Bay/N area/N is/V n't/R likely/J to/T result/V in/I wholesale/J downgrading/N of/I bond/N ratings/N ,/, officials/N at/I the/D two/C major/J rating/N agencies/N said/V ./.
Standard/N &/C Poor/N 's/P Corp./N is/V reviewing/V debt/N issued/V by/I 12/N California/N counties/N ,/, and/C ``/N there/E are/V potential/V isolated/D problems/N ,/, ''/' said/V _OOV_/N _OOV_/N ,/, a/D managing/N director/N ./.
The/D agency/N is/V preparing/V a/D report/N ,/, to/T be/V issued/V today/J ,/, on/I the/D earthquake/N 's/P impact/N on/I the/D and/C _OOV_/N industry/N ./.
The/D only/I securities/N so/R far/R to/T be/V singled/V out/R are/V those/R issued/V by/I Bay/N View/N Federal/N Savings/N &/C Loan/N ./.
Moody/N 's/P Investors/N Service/N Inc./N said/V it/P is/V reviewing/V ,/, with/I an/D eye/N toward/I a/D possible/J _OOV_/N ,/, the/D ratings/N on/I Bay/N View/N Federal/N bonds/N ,/, long-term/J deposits/N and/C the/D _OOV_/J rating/N of/I its/P parent/N company/N ,/, Bay/N View/N Capital/N Corp/N ./.
As/I for/I property/N and/C casualty/N insurers/N ,/, Moody/N 's/P said/V ``/N preliminary/J estimates/N suggest/V that/D losses/N should/M not/R have/V a/D significant/J impact/N on/I most/J insurers/N '/, financial/J condition/N ,/, ''/' but/C it/P ``/N raises/V concerns/N about/R potentially/V substantial/J risks/N ''/' longer-term/N ./.
``/N _OOV_/N from/I the/D earthquake/N are/V expected/V to/T be/V of/I similar/J magnitude/N to/T those/D of/I Hurricane/N Hugo/N ,/, ''/' according/V to/T Moody/N 's/P ./.
Your/J Oct./N 5/N editorial/N ``/C A/C Democratic/N Tax/N _OOV_/N ''/' contained/V an/D error/N ./.
In/I the/D third/J paragraph/N it/P referred/V to/T the/D senators/N seeking/V loophole/N suggestions/N from/I lobbyists/N for/I various/J sectors/N of/I the/D economy/N ./.
Among/V them/P ,/, ``/C banana/J farmers/N ./. ''/'
The/D only/I significant/J commercial/J banana/J farmers/N in/I the/D U.S./N are/V in/I Hawaii/N ./.
The/D Hawaii/N _OOV_/N Industry/N Association/N ,/, to/T which/W nearly/V all/D of/I them/P belong/V ,/, has/V no/D lobbyist/N ./.
Thomas/N _OOV_/N Reese/N _OOV_/N ./.
_OOV_/N _OOV_/N Co/N ./.
Western/N Digital/N Corp./N reported/V a/D net/J loss/N of/I $/$ 2.7/C million/C ,/, or/C nine/C cents/N a/D share/N ,/, for/I its/P first/J quarter/N ended/V Sept./N 30/N ,/, citing/V factors/N as/I varied/D as/I hurricane/N damage/N ,/, an/D advance/V in/I graphics/N technology/N and/C the/D strengthening/J dollar/N ./.
In/I the/D year-ago/J period/N ,/, the/D company/N earned/V $/$ 12.9/C million/C ,/, or/C 45/C cents/N a/D share/N ,/, on/I sales/N of/I $/$ 247/C million/C ./.
Sales/N for/I the/D _OOV_/J period/N fell/V to/T about/I $/$ 225/C million/C ,/, the/D maker/N of/I computer/N parts/N said/V ./.
_OOV_/N ,/, Chairman/N _OOV_/N W./N Johnson/N said/V he/P expects/V the/D company/N to/T be/V profitable/V in/I the/D current/J quarter/N ./.
``/` We/P are/V positioned/V to/T come/V through/I ,/, ''/' he/P said/V ,/, noting/V that/I the/D company/N 's/P backlog/N was/V up/R from/I the/D previous/J quarter/N ./.
In/I its/P second/J quarter/N last/J year/N ,/, Western/N Digital/N earned/V $/$ _OOV_/C million/C ,/, or/C 44/C cents/N a/D share/N ,/, on/I sales/N of/I $/$ _OOV_/C million/C ./.
Mr./N Johnson/N said/V Western/N Digital/N 's/P plant/N in/I Puerto/N Rico/N was/V affected/V by/I Hurricane/N Hugo/N ,/, losing/V three/C days/N '/, production/N because/I of/I the/D storm/N ,/, which/W wrecked/V much/R of/I the/D Caribbean/N island/N 's/P infrastructure/N ./.
Although/I the/D plant/N itself/P was/V n't/R damaged/V ,/, Mr./N Johnson/N said/V millions/N of/I dollars/N in/I first-quarter/J revenue/N were/V lost/V ./.
The/D revenue/N will/M be/V regained/V in/I the/D current/J period/N ,/, he/P added/V ./.
There/E are/V no/D plans/N to/T initiate/V a/D common/J stock/N dividend/N ,/, Mr./N Johnson/N said/V ,/, explaining/V that/I the/D board/N continues/V to/T believe/V shareholders/N are/V best/N served/V by/I _OOV_/J excess/N cash/N ./.
Mr./N Johnson/N said/V the/D first-quarter/J loss/N also/R heavily/J reflected/V a/D rapid/J change/N in/I graphics/N technology/N that/I left/V reseller/J channels/N with/I too/R many/J of/I the/D old/J computer/N graphics/N boards/N and/C too/R few/R new/J monitors/N compatible/J with/I the/D new/J graphics/N boards/N ./.
Western/N Digital/N does/V n't/R make/V the/D monitors/N ./.
An/D accelerating/J move/N by/I personal/J computer/N manufacturers/N '/, to/T include/V advanced/J graphics/N capabilities/N as/I standard/J equipment/N further/I dampened/V reseller/J purchases/N of/I Western/N Digital/N 's/P equipment/N ./.
``/` The/D other/J areas/N of/I the/D business/N --/: storage/N and/C microcomputers/N --/: were/V very/R good/J ,/, ''/' Mr./N Johnson/N said/V ./.
He/P said/V Western/N Digital/N has/V reacted/V swiftly/I to/T the/D movement/N to/T video/N graphics/N array/N ,/, _OOV_/N ,/, graphics/N technology/N from/I the/D old/J enhanced/J graphics/N adapter/N ,/, _OOV_/N ,/, which/W has/V a/D lower/J resolution/N standard/N ,/, technology/N and/C now/R is/V one/C of/I the/D leading/J producers/N of/I these/D newer/J units/N ./.
Other/N makers/N of/I video/N controller/N equipment/N also/R were/V caught/V in/I the/D _OOV_/J shift/N ,/, he/P said/V ,/, ``/N but/C we/P were/V able/J to/T respond/V much/R more/R quickly/R ./. ''/'
Still/R ,/, Mr./N Johnson/N said/V ,/, ``/` our/P stock/N is/V grossly/J undervalued/N ./. ''/'
He/P said/V the/D company/N has/V cut/V operating/V expenses/N by/I about/R 10/C %/N over/I the/D last/J few/J quarters/N ,/, while/I maintaining/J research/N and/C development/N at/I about/R 8/C %/N to/T 9/C %/N of/I sales/N ./.
As/I part/V of/I its/P reorganization/V this/D week/N ,/, Western/N Digital/N has/V divided/V its/P business/N into/I two/C segments/N --/: storage/N products/N ,/, including/V controllers/N and/C disk/N drives/N ;/: and/C microcomputer/N products/N ,/, which/W include/V graphics/N ,/, communications/V and/C peripheral/N control/N chips/N ./.
Graphics/N ,/, communications/V and/C peripheral/N control/N chips/N were/V combined/V because/I ,/, increasingly/R ,/, multiple/J functions/N are/V being/V governed/V by/I a/D single/J chip/N ./.
_OOV_/N ,/, which/W includes/V computer/N controllers/N and/C _OOV_/N disk/N drives/N ,/, represents/V nearly/J two-thirds/N of/I the/D company/N 's/P business/N ./.
_OOV_/J drives/N ,/, which/W allow/V a/D computer/N to/T access/V its/P memory/N ,/, generated/V 38/C %/N more/J revenue/N in/I the/D most/J recent/J period/N compared/V with/I the/D fiscal/J first/J quarter/N a/D year/N earlier/R ./.
Computer/N parts/N are/V getting/V ever/R smaller/J ,/, Mr./N Johnson/N said/V ,/, a/D shrinking/V that/D has/V propelled/V laptops/N into/I position/N as/I the/D _OOV_/J segment/N of/I the/D computer/N business/N ./.
As/I smaller/J and/C more/J powerful/J computers/N continue/V to/T be/V the/D focus/J of/I the/D industry/N ,/, he/P said/V ,/, Western/N Digital/N is/V strengthening/J development/N of/I laptop/N parts/N ./.
Next/R year/N Western/N Digital/N plans/N to/T consolidate/V its/P operations/N from/I 11/J buildings/N in/I _OOV_/N into/I two/D buildings/N in/I the/D same/J _OOV_/J new/J headquarters/N and/C ,/, a/D block/N away/W ,/, a/D modern/J $/$ 100/C million/C silicon/N wafer/V fabrication/V plant/N ./.
The/D plan/N will/M help/V the/D company/N in/I its/P existing/J joint/J manufacturing/N agreement/N with/I AT&T/N ./.
About/N half/R of/I Western/N Digital/N 's/P business/N is/V overseas/N ,/, and/C Mr./N Johnson/N expects/V that/D proportion/N to/T continue/V ./.
_OOV_/N to/T dissolve/V many/J of/I the/D trade/N barriers/N within/I Europe/N in/I 1992/N creates/V significant/J opportunities/N for/I the/D company/N ,/, he/P said/V ,/, particularly/J since/I Western/N Digital/N already/R manufactures/J there/V ./.
Capitalizing/N on/I that/D presence/N ,/, Western/N Digital/N is/V launching/V a/D major/J effort/N to/T develop/V the/D embryonic/J reseller/N market/N in/I Europe/N ./.
_OOV_/N of/I state-owned/N Banca/N _OOV_/N del/N _OOV_/N approved/V a/D _OOV_/N _OOV_/N transaction/N and/C a/D change/N in/I the/D bank/N 's/P rules/N that/I will/M help/V it/P operate/V more/J like/I a/D private-sector/J institution/N ./.
Until/V now/R ,/, _OOV_/N 's/P top/J managers/N and/C its/P directors/N have/V been/V appointed/V by/I a/D Treasury/J decree/N ./.
But/D under/I the/D bank/N 's/P proposed/V statutes/N ,/, an/D assembly/N of/I shareholders/N must/M approve/V board/D members/N ./.
The/D bank/N 's/P chairman/N and/C director/N general/N ,/, who/W also/R sit/V on/I the/D board/N ,/, still/R would/M be/V appointed/V by/I the/D Treasury/N ./.
_OOV_/N ,/, which/W is/V controlled/V by/I the/D Italian/N Treasury/N ,/, was/V rocked/V by/I the/D disclosure/N last/J month/N that/I its/P Atlanta/N branch/N extended/V more/J than/I $/$ 3/C billion/N in/I unauthorized/N credits/N to/T _OOV_/N ./.
The/D ensuing/J scandal/N ,/, in/I which/W the/D bank/N 's/P management/N resigned/N ,/, has/V helped/V renew/V calls/V for/I privatization/N ,/, or/C at/I least/J an/D overhaul/N ,/, of/I Italy/N 's/P banking/N system/N ,/, which/W is/V about/I 80/C %/N _OOV_/N ./.
In/I a/D related/J move/N ,/, the/D bank/N also/R proposed/V that/I board/D representation/N be/V linked/V more/J closely/N to/T the/D bank/N 's/P new/J shareholding/N structure/N ./.
_OOV_/N called/V a/D shareholders/N '/' assembly/N meeting/N in/I December/N to/T vote/N on/I the/D proposals/N ./.
_OOV_/N has/V about/I 75,000/N _OOV_/N shares/N that/I are/V listed/V on/I the/D Milan/N Stock/N Exchange/N ./.
The/D shares/N were/V suspended/V from/I trading/N following/I disclosure/N of/I the/D Atlanta/J scandal/N ;/: _OOV_/N ,/, the/D stock/N exchange/N regulatory/V body/J ,/, reportedly/N will/M decide/V soon/R whether/R to/T end/I the/D trading/N suspension/N ./.
Switzerland/N 's/P wholesale/J price/N index/N increased/V 0.3/C %/N in/I September/N from/I August/N ,/, and/C was/V up/R 3.9/C %/N from/I a/D year/N ago/I ,/, marking/V the/D first/J time/N this/D year/N that/I the/D index/N has/V fallen/V below/I 4/C %/N on/I a/D _OOV_/J basis/N ,/, the/D government/N reported/V ./.
The/D government/N attributed/V the/D 0.3/N %/N _OOV_/N rise/N in/I the/D index/N largely/R to/T higher/J energy/N prices/N ./.
In/I August/N ,/, the/D index/N was/V up/R 0.2/C %/N from/I the/D previous/J month/N ,/, and/C was/V up/R 4.5/C %/N on/I a/D _OOV_/J basis/N ./.
The/D wholesale/D price/N index/N ,/, based/V on/I 1963/N as/I 100/N ,/, was/V _OOV_/N in/I September/N ./.
American/N Express/N Co./N posted/V a/D 21/N %/N increase/N in/I third/J quarter/N net/N income/N despite/V a/D sharp/J rise/N in/I reserves/N for/I Third/N World/N loans/N at/I its/P banking/N unit/N ./.
Aided/N by/I a/D sharp/J gain/N in/I its/P travel/N business/N ,/, American/N Express/N said/V net/N rose/V to/T $/$ _OOV_/C million/C ,/, or/C 77/C cents/N a/D share/N ,/, from/I $/$ _OOV_/C million/C ,/, or/C 64/C cents/N a/D share/N ./.
The/D year-earlier/J figures/N included/V $/$ _OOV_/C million/C ,/, or/C three/C cents/N a/D share/N ,/, in/I income/N from/I discontinued/J operations/N ./.
Income/N from/I continuing/J operations/N was/V up/R 26/C %/N ./.
Revenue/N rose/V 24/C %/N to/T $/$ 6.5/C billion/N from/I $/$ _OOV_/C billion/N ./.
The/D travel/N ,/, investment/N services/N ,/, insurance/N and/C banking/N concern/N added/V $/$ 110/C million/C to/T reserves/N for/I credit/N losses/N at/I its/P American/J Express/N Bank/N unit/N ,/, boosting/I the/D reserve/N to/T $/$ _OOV_/C million/C as/I of/I Sept./N 30/N ./.
The/D bank/N 's/P Third/N World/N debt/N portfolio/N totals/V $/$ _OOV_/C million/C ,/, down/R from/I $/$ 2.2/C billion/N at/I the/D end/N of/I 1986/N ./.
The/D bank/N charged/V off/R $/$ 53/C million/C in/I loans/N during/I the/D quarter/N ./.
At/I the/D American/N Express/N Travel/N Related/N Services/N Co./N unit/N ,/, net/N rose/V 17/C %/N to/T a/D record/N $/$ _OOV_/C million/C on/I a/D 19/N %/N revenue/N increase/N ./.
The/D figures/N exclude/V businesses/N now/R organized/V as/I American/N Express/N Information/N Services/N Co/N ./.
American/N Express/N card/N charge/N volume/N rose/V 12/C %/N ./.
Travel/N sales/N rose/V 11/C %/N ,/, led/V by/I gains/N in/I the/D U.S/N ./.
At/I _OOV_/N Financial/N Services/N ,/, the/D financial/J planning/N and/C mutual/J fund/N unit/N ,/, net/N rose/V 19/C %/N to/T a/D record/N $/$ _OOV_/C million/C on/I a/D 33/N %/N revenue/N gain/N ./.
_OOV_/N owned/V or/J managed/J rose/V 20/C %/N to/T $/$ 45/C billion/N ,/, and/C mutual/J fund/N sales/N rose/V 45/C %/N in/I the/D quarter/N to/T $/$ _OOV_/C million/C ./.
American/N Express/N Bank/N earnings/N fell/V 50/C %/N to/T $/$ _OOV_/C million/C from/I $/$ _OOV_/C million/C despite/V a/D 29/N %/N revenue/N gain/N ./.
The/D results/N include/V $/$ 106/C million/C of/I tax/J benefits/N associated/V with/I previous/J years/N '/P Third/N World/N loan/N activity/N ,/, compared/V with/I $/$ 15/C million/C a/D year/N earlier/R ./.
Profit/N rose/V 38/C %/N at/I American/J Express/N Information/N Services/N to/T $/$ _OOV_/C million/C ./.
Shearson/N Lehman/N Hutton/N Holdings/N Inc./N ,/, as/I previously/R reported/V ,/, had/V net/N of/I $/$ _OOV_/C million/C ,/, reversing/V a/D $/$ 3.5/C million/C loss/N a/D year/N earlier/R ;/J its/P latest/J results/N include/V a/D $/$ 37/C million/C gain/N from/I the/D sale/N of/I an/D institutional/J money/N management/N business/N ./.
American/N Express/N 's/P share/N of/I Shearson/N 's/P earnings/N was/V $/$ 41/C million/C ,/, after/J preferred/J stock/N dividends/N ;/: it/P owns/V about/R 68/C %/N of/I Shearson/N 's/P common/J ./.
For/I the/D nine/N months/N ,/, American/N Express/N said/V net/N rose/V 11/C %/N to/T $/$ _OOV_/C million/C ,/, or/C $/$ _OOV_/C a/D share/N ,/, from/I $/$ _OOV_/C million/C ,/, or/C $/$ _OOV_/C a/D share/N ./.
Revenue/N rose/V 24/C %/N to/T $/$ _OOV_/C billion/N from/I $/$ _OOV_/C billion/N ./.
_OOV_/N Inc./N ,/, hampered/V by/I a/D slowdown/N in/I its/D defense/N sales/N ,/, reported/V an/D 8/N %/N decline/N in/I per-share/J earnings/N on/I nearly/R flat/J revenue/N for/I its/P third/J quarter/N ./.
The/D aerospace/N and/C financial/J services/N concern/N said/V net/J income/N fell/V 5/C %/N to/T $/$ _OOV_/C million/C from/I $/$ 62.8/C million/C ./.
Revenue/N of/I $/$ _OOV_/C billion/N was/V almost/R unchanged/J from/I last/J year/N 's/P $/$ _OOV_/C billion/N ./.
Per-share/J net/N of/I 66/C cents/N ,/, down/R from/I 72/C cents/N ,/, fell/V by/I more/J than/I overall/J net/N because/I of/I more/J shares/N outstanding/N ./.
The/D company/N said/V that/D improved/J results/N in/I its/P financial-services/N sector/N were/V negated/V by/I increased/J costs/N in/I its/P government/N contract/N business/N ,/, lower/J operating/N earnings/N in/I its/P _OOV_/N sector/N and/C soft/N automotive/N markets/N ./.
Net/N was/V aided/V by/I a/D lower/J income/N tax/N rate/N ./.
Profit/N before/I taxes/N fell/V 17/C %/N to/T $/$ _OOV_/C million/C from/I $/$ _OOV_/C million/C ./.
For/I the/D nine/N months/N ,/, _OOV_/N reported/V net/N of/I $/$ _OOV_/C million/C ,/, or/C $/$ 2.06/C a/D share/N ,/, on/I revenue/N of/I $/$ _OOV_/C billion/N ./.
A/D year/N ago/I ,/, net/N was/V $/$ _OOV_/C million/C ,/, or/C $/$ _OOV_/C a/D share/N ,/, on/I revenue/N of/I $/$ 5.3/C billion/N ./.
The/D _OOV_/J results/N included/V a/D $/$ 9.5/C million/C special/J charge/N in/I 1989/N for/I an/D arbitration/N settlement/N related/V to/T past/J export/N sales/N ,/, and/C $/$ _OOV_/C million/C in/I extraordinary/J charges/N in/I 1988/N related/V to/T a/D former/J line/N of/I business/N and/C early/J redemption/N of/I debt/N ./.
_OOV_/N said/V that/I _OOV_/` '/P results/N do/V n't/R include/V earnings/N of/I _OOV_/N PLC/N ,/, a/D British/N maker/N of/I industrial/N _OOV_/N ,/, but/C do/V include/V interest/N costs/N of/I $/$ _OOV_/C million/C on/I borrowings/N related/V to/T the/D proposed/J purchase/N of/I _OOV_/N ./.
A/D federal/N judge/N has/V issued/V a/D preliminary/J injunction/N against/I the/D purchase/N because/I of/I Federal/N Trade/N Commission/N concerns/N that/I the/D transaction/N would/M reduce/V competition/N in/I the/D production/N of/I two/C kinds/N of/I rivets/N ./.
For/I the/D quarter/N ,/, _OOV_/N said/V aerospace/N revenue/N ,/, including/V _OOV_/J helicopter/N and/C _OOV_/N manufacture/N ,/, declined/V _OOV_/C %/N to/T $/$ _OOV_/C million/C from/I $/$ _OOV_/C million/C ,/, an/D indication/N of/I slowing/V government/N defense/J work/N ./.
As/I the/D _OOV_/J brothers/N '/, personal/J bankruptcy/N cases/N _OOV_/N into/I their/P second/J year/N ,/, _OOV_/N S.A./N has/V proposed/V a/D deal/N to/T settle/V its/P huge/J claim/V against/I the/D troubled/J Texas/N oil/N men/N ./.
But/C the/D plan/N only/R threatens/V to/T heighten/V the/D tension/N and/C confusion/N already/R surrounding/J the/D cases/N that/I were/V filed/N in/I September/N 1988/N ./.
The/D _OOV_/N mineral/N concern/N 's/P $/$ _OOV_/C million/C claim/V stems/V from/I 1988/N jury/N award/N in/I a/D case/N stemming/V from/I the/D brothers/N '/, alleged/J attempts/N to/T corner/V the/D _OOV_/N silver/J market/N ./.
_OOV_/N now/R says/V it/P is/V willing/V to/T settle/V for/I up/I to/T $/$ _OOV_/C million/C from/I each/D brother/N ,/, although/V the/D actual/J amount/N would/M probably/R be/V much/R less/R ./.
Although/I the/D proposal/N must/M be/V approved/V by/I federal/N Judge/N Harold/N C./N _OOV_/N ,/, W./N Herbert/N _OOV_/N has/V agreed/V to/T the/D _OOV_/N mineral/N concern/N 's/P proposal/N ./.
Nelson/N _OOV_/N _OOV_/N is/V considering/I it/P ,/, although/V his/P attorney/N says/V he/P wo/M n't/R do/V it/P if/I the/D proposal/N _OOV_/N a/D tentative/J settlement/J he/P has/V reached/V with/I the/D Internal/N Revenue/N Service/N ,/, which/W claims/V the/D brothers/N owe/I $/$ 1/C billion/N in/I back/J taxes/N and/C is/V by/I far/R the/D biggest/J creditor/N in/I both/D cases/N ./.
The/D tentative/J agreement/N between/I the/D _OOV_/N and/C Nelson/N _OOV_/N _OOV_/N is/V awaiting/V U.S./N Justice/N Department/N approval/N ./.
Under/N it/P ,/, the/D former/J billionaire/N 's/P assets/N would/M be/V liquidated/N with/I the/D _OOV_/N getting/V 80/C %/N of/I the/D proceeds/N and/I the/D rest/J being/V divided/V among/I other/J creditors/N ,/, including/V _OOV_/N and/C Manufacturers/N _OOV_/N Trust/N Co./N ,/, which/W is/V seeking/V repayment/N of/I a/D $/$ 36/C million/C loan/N ./.
A/D _OOV_/N proposal/N has/V been/V made/V in/I the/D W./N Herbert/N _OOV_/N case/N although/V he/P and/C the/D _OOV_/N are/V at/I odds/N over/I the/D size/N of/I the/D _OOV_/J debt/N he/P would/M have/V to/T pay/V to/T the/D government/N from/I future/J earnings/N ./.
In/I both/D cases/N ,/, _OOV_/N and/C Manufacturers/N _OOV_/N have/V been/V fighting/N ferociously/C over/I their/P shares/N of/I the/D pie/N ./.
With/I support/N from/I the/D _OOV_/N ,/, Manufacturers/N _OOV_/N has/V filed/V suit/N asking/V Judge/N _OOV_/N to/T subordinate/V _OOV_/N 's/P claim/V to/T those/D of/I _OOV_/N _OOV_/N and/C the/D _OOV_/N ./.
_OOV_/N has/V threatened/V a/D ``/N volcano/N ''/' of/I litigation/N if/I the/D Manufacturers/N _OOV_/N Corp./N unit/N attempts/N to/T force/N such/V a/D plan/N through/I the/D court/N ./.
_OOV_/N said/V it/P would/M n't/R pursue/V such/J litigation/N if/I its/P settlement/N plan/N in/I the/D W./N Herbert/N _OOV_/N case/N is/V approved/V by/I Judge/N _OOV_/N ,/, who/W will/M consider/V the/D proposal/N at/I a/D hearing/V next/J week/N ./.
_OOV_/J attorney/N Thomas/N _OOV_/N _OOV_/N the/D plan/N as/I one/C step/N toward/I an/D overall/J settlement/N of/I the/D W./N Herbert/N _OOV_/N case/N but/R Hugh/N Ray/N ,/, attorney/N for/I Manufacturers/N _OOV_/N ,/, called/V it/P ``/` silly/I ''/' and/C said/V he/P would/M fight/V it/P in/I court/N ./.
``/` The/D thing/N is/V so/R fluid/N right/N now/R that/I there/V 's/P really/R no/J way/N to/T say/V what/R will/M happen/V ,/, ''/' says/V Justice/N Department/N attorney/N _OOV_/N _OOV_/N III/N ,/, who/W represents/V the/D _OOV_/N in/I the/D case/N ./.
``/N Developments/N like/I this/D are/V hard/J to/T predict/V ./.
Banc/V One/C Corp./N said/V it/P agreed/V in/I principle/N to/T buy/V five/C branch/N offices/N from/I _OOV_/N Inc./N ,/, Toledo/N ,/, Ohio/N ,/, following/I the/D planned/J merger/N of/I _OOV_/N into/I Society/N Corp./N ,/, Cleveland/N ./.
The/D five/C offices/N in/I Erie/N and/C _OOV_/N counties/N in/I northern/J Ohio/N have/V total/J assets/N of/I about/J $/$ 88/C million/C ,/, Banc/N One/C said/V ./.
The/D purchase/N price/N will/M be/V established/V after/J Banc/N One/C has/V an/D opportunity/N to/T study/V the/D quality/N of/I the/D assets/N ,/, Banc/N One/C said/V ./.
Society/N Corp./N already/R has/V branches/N in/I the/D area/N ,/, and/C selling/V the/D _OOV_/N offices/N could/M avoid/V a/D problem/N with/I regulators/N over/I excessive/J concentration/N of/I banking/N in/I the/D two/C counties/N after/I the/D merger/N of/I _OOV_/N into/I Society/N ,/, according/V to/T industry/N sources/N ./.
The/D merger/N is/V scheduled/V to/T take/V place/N in/I the/D 1990/C first/J quarter/N ./.
_OOV_/J fears/N and/C relatively/N more/R attractive/J interest/N rates/N pushed/V _OOV_/C mutual/J fund/N assets/N up/R $/$ _OOV_/C billion/N in/I the/D latest/J week/N ,/, the/D sharpest/J increase/N in/I almost/J two/C years/N ./.
The/D _OOV_/J funds/N tracked/V by/I the/D Investment/N Company/N Institute/N ,/, a/D _OOV_/J trade/N group/N ,/, rose/V to/T $/$ _OOV_/C billion/N ,/, a/D record/N ./.
The/D $/$ _OOV_/C billion/C increase/N was/V the/D strongest/J weekly/N inflow/N since/I January/N 1988/N ./.
The/D increase/N was/V spread/V fairly/V evenly/M among/J all/D three/C types/N of/I funds/N ./.
Individual/J investors/N ,/, represented/V in/I the/D _OOV_/N and/C broker-dealer/N fund/N categories/N ,/, pulled/V money/N from/I the/D stock/N market/N after/I its/P big/J drop/V last/J Friday/N and/C put/V the/D money/N into/I funds/N ,/, said/V _OOV_/N _OOV_/N ,/, vice/J president/N and/C chief/J economist/N of/I the/D Institute/N ./.
``/N _OOV_/N investors/N ,/, on/I the/D other/J hand/N ,/, reacted/V to/T the/D steep/J decline/N in/I yields/N on/I direct/J _OOV_/N instruments/N following/I the/D _OOV_/J decline/N last/J Friday/N ,/, ''/' Mr./N _OOV_/N said/V ./.
Yields/` on/I money/N funds/N dropped/V in/I the/D week/N ended/V Tuesday/N ,/, according/V to/T _OOV_/N 's/P Money/N Fund/N Report/N ,/, a/D _OOV_/N ,/, Mass./N ,/, newsletter/N ./.
The/D average/N _OOV_/N compounded/V yield/V fell/V to/T _OOV_/C %/N from/I 8.60/C %/N the/D week/N earlier/R ,/, _OOV_/N 's/P said/V ./.
At/I the/D auction/N of/I six-month/N U.S./N Treasury/N bills/N on/I Monday/N ,/, the/D average/N yield/V fell/V to/T _OOV_/C %/N from/I _OOV_/C %/N ./.
Likewise/V ,/, certificates/N of/I deposit/N on/I average/N posted/V lower/J yields/N in/I the/D week/N ended/V Tuesday/N ./.
The/D _OOV_/N _OOV_/C money/N funds/N rose/V $/$ _OOV_/C billion/C to/T $/$ _OOV_/C billion/N ./.
The/D _OOV_/N _OOV_/N funds/N increased/V $/$ _OOV_/C billion/C to/T $/$ _OOV_/C billion/N ,/, while/I 96/N broker-dealer/N funds/N increased/V $/$ 1.3/C billion/C to/T $/$ _OOV_/C billion/N ./.
Domestic/J lending/N for/I real/J estate/N and/C property/N development/N was/V the/D source/N of/I Bank/N _OOV_/N Malaysia/N _OOV_/N 's/P most/R recent/J spate/N of/I financial/J troubles/N ,/, the/D institution/N 's/P executive/J chairman/N ,/, _OOV_/N _OOV_/N _OOV_/N ,/, said/V ./.
Speaking/V to/T reporters/V this/D week/N after/J Bank/N _OOV_/N 's/P shareholders/N approved/V a/D rescue/N plan/N ,/, _OOV_/N _OOV_/N _OOV_/N said/V heavy/J lending/N to/T the/D property/N sector/N rocked/V the/D bank/N when/W property/N prices/N in/I Malaysia/N plummeted/V in/I _OOV_/N ./.
He/P said/V the/D bank/N could/M n't/R wait/V any/R longer/R for/I prices/N to/T recover/V and/C for/I borrowers/N to/T service/N their/P loans/N ./.
So/I the/D bank/N 's/P board/N decided/V to/T make/V 1.23/C billion/N _OOV_/J dollars/N -LRB-/N US$/N _OOV_/C million/C -RRB-/N in/I provisions/N for/I interest/N payments/N from/I loans/N previously/R recorded/V as/I revenue/N but/R never/R actually/R received/V by/I the/D bank/N ,/, and/C to/T submit/V a/D bailout/J package/N to/T replenish/V the/D bank/N 's/P _OOV_/N capital/N ./.
The/D predicament/N ,/, he/P added/V ,/, was/V similar/J to/T the/D Hong/N Kong/N _OOV_/N _OOV_/N collapse/N ,/, which/W exposed/V the/D involvement/N of/I Bank/N _OOV_/N 's/P former/J subsidiary/N in/I the/D colony/N in/I the/D largest/J banking/N scandal/N in/I Malaysia/N 's/P history/N ./.
The/D subsidiary/N ,/, _OOV_/N Malaysia/N Finance/N Ltd./N ,/, was/V left/V with/I _OOV_/N _OOV_/C billion/N in/I bad/J loans/N made/V to/T Hong/N Kong/N property/N speculators/N ./.
Both/P episodes/N wiped/V out/I Bank/N _OOV_/N 's/P shareholders/N '/, funds/N ./.
Each/J time/N ,/, the/D bank/N 's/P 90/N %/N shareholder/N --/: _OOV_/N _OOV_/N _OOV_/N ,/, or/C _OOV_/N ,/, the/D national/J oil/N company/N --/: has/V been/V called/V upon/W to/T rescue/V the/D institution/N ./.
In/I five/C years/N ,/, _OOV_/N ,/, which/W became/V the/D dominant/J shareholder/N in/I a/D 1984/J rescue/N exercise/N ,/, has/V spent/V about/R _OOV_/N 3.5/C billion/C to/T prop/V up/I the/D troubled/J bank/N ./.
_OOV_/N _OOV_/N _OOV_/N said/V the/D capital/N restructuring/V plan/N has/V been/V approved/V by/I Malaysia/N 's/P Capital/N _OOV_/N Committee/N and/C central/J bank/N ./.
Malaysia/N 's/P High/N Court/N is/V expected/V to/T approve/V the/D plan/N ./.
Once/V the/D plan/N is/V approved/V ,/, _OOV_/N _OOV_/N _OOV_/N said/V ,/, most/J of/I Bank/N _OOV_/N 's/P _OOV_/J loans/N will/M have/V been/V fully/R provided/V for/I and/C the/D bank/N will/M be/V on/I track/J to/T report/N a/D pretax/J profit/N of/I between/I _OOV_/N 160/C million/C and/C _OOV_/N 170/C million/C for/I the/D fiscal/J year/N ending/V March/N 31/N ./.
For/I the/D previous/J financial/J year/N ,/, the/D bank/N would/M have/V reported/V a/D pretax/J profit/N of/I _OOV_/N _OOV_/C million/C if/I it/P had/V n't/R made/V provisions/N for/I the/D _OOV_/J loans/N ,/, he/P said/V ./.
Malaysia/N 's/P Banking/N _OOV_/N Act/N prohibited/V the/D bank/N from/I identifying/V delinquent/V borrowers/N ,/, said/V _OOV_/N _OOV_/N _OOV_/N ./.
But/D public/J documents/N indicate/V 10/C %/N or/C more/J of/I the/D bank/N 's/P provisions/N were/V made/V for/I foregone/V interest/N on/I a/D _OOV_/N 200/C million/C loan/N to/T Malaysia/N 's/P dominant/J political/J party/N ,/, the/D United/N _OOV_/N National/N Organization/N ,/, to/T build/V its/D convention/N and/C headquarters/N complex/J in/I _OOV_/N _OOV_/N ./.
The/D loan/N to/T _OOV_/N was/V made/V in/I September/N 1983/N ./.
``/` We/P lent/V a/D lot/N of/I money/N all/W over/I the/D place/N ,/, ''/' said/V _OOV_/N _OOV_/N _OOV_/N ,/, who/W refused/V to/T discuss/V the/D bank/N 's/P outstanding/J loans/N to/T
As/I well/R as/I the/D _OOV_/N 1.23/C billion/N in/I provisions/N announced/V on/I Oct./N 6/N ,/, the/D restructuring/J package/N covers/V an/D additional/J _OOV_/N _OOV_/C million/C in/I provisions/N made/V in/I earlier/J years/N but/C never/P reflected/V in/I a/D reduction/J of/I the/D bank/N 's/P _OOV_/N capital/N ./.
At/I the/D end/N of/I the/D exercise/N ,/, the/D cash/N injection/N from/I _OOV_/N will/M increase/V the/D bank/N 's/P _OOV_/N capital/N to/T _OOV_/N 1.15/C billion/N after/I virtually/V being/V wiped/V out/I by/I the/D new/J provisions/N ./.
_OOV_/N _OOV_/N might/M have/V stepped/V from/I a/D recruiting/J poster/N for/I young/J Republicans/N ./.
White/N ,/, 24/J years/N old/C ,/, a/D singer/N in/I her/P church/N choir/V ,/, she/P symbolizes/V a/D generation/N that/I gave/V its/P heart/N and/C its/P vote/N to/T Ronald/N Reagan/N ./.
``/` I/P felt/V kind/N of/I safe/J ,/, ''/' she/P says/V ./.
No/J longer/R ./.
When/I the/D Supreme/N Court/N opened/V the/D door/N this/D year/N to/T new/J restrictions/N on/I abortion/N ,/, Ms./N _OOV_/N opened/V her/P mind/N to/T Democratic/C politics/N ./.
Then/V a/D political/J novice/C ,/, she/P stepped/V into/I a/D whirl/N of/I ``/N _OOV_/N ''/' marches/N ,/, house/N parties/N and/C _OOV_/N ./.
Now/R she/P leads/V a/D grassroots/N _OOV_/N campaign/N in/I _OOV_/N County/N for/I _OOV_/N Democratic/N gubernatorial/R candidate/N James/N _OOV_/N ./.
``/C This/C is/V one/C where/W I/P cross/N party/N lines/N ,/, ''/' she/P says/V ,/, rejecting/V the/D _OOV_/J stance/N of/I Rep./N _OOV_/N 's/P opponent/N ,/, _OOV_/N Rep./N James/N _OOV_/N ./.
``/` People/N my/, age/N thought/V it/P was/V n't/R going/V to/T be/V an/D issue/N ./.
Now/R it/P has/V --/: especially/V for/I people/N my/, age/N ./. ''/'
_OOV_/` bear/N out/I this/D warning/N ,/, but/C after/I a/D decade/N of/I increased/V Republican/N influence/V here/R ,/, the/D new/J politics/N of/I abortion/N have/V contributed/V to/T a/D world/N turned/V upside/V down/R for/I Mr./N _OOV_/N ./.
Unless/I he/P closes/V the/D gap/N ,/, Republicans/J risk/N losing/V not/R only/I the/D governorship/N but/R also/R the/D assembly/N next/W month/N ./.
Going/V into/I the/D 1990s/N ,/, the/D _OOV_/N is/V paying/V a/D price/N for/I the/D same/J conservative/J social/J agenda/N that/I it/P used/V to/T torment/V Democrats/N in/I the/D past/J ./.
This/D change/N comes/V less/R from/I a/D shift/N in/I public/J opinion/N ,/, which/W has/V n't/R changed/V much/R on/I abortion/N over/I the/D past/J decade/N ,/, than/I in/I the/D boundaries/N of/I the/D debate/N ./.
New/N Jersey/N 's/P own/J highest/J court/N remains/V a/D liberal/J bulwark/N against/I major/J restrictions/N on/I abortion/N ,/, but/C the/D U.S./N Supreme/N Court/N ruling/N ,/, Webster/N vs./N Missouri/N ,/, has/V engaged/V voters/N across/I the/D nation/N who/W had/V been/V insulated/V from/I the/D issue/N ./.
Before/J July/N ,/, _OOV_/C voters/N could/M safely/V make/V political/J decisions/N without/I focusing/V narrowly/I on/I abortion/N ./.
Now/R ,/, the/D threat/N of/I further/J restrictions/N adds/V a/D new/J dimension/N ,/, bringing/V an/D upsurge/N in/I political/J activity/N by/I _OOV_/J forces/N ./.
A/D recent/J _OOV_/J rally/N in/I _OOV_/N drew/V thousands/R ,/, and/C in/I a/D major/J reversal/N ,/, Congress/N is/V defying/V a/D presidential/J veto/V and/C demanding/V that/W _OOV_/J abortions/N be/V permitted/V in/I cases/N of/I rape/N and/C incest/N ./.
``/N If/I Webster/N had/V n't/R happened/V ,/, you/P would/M n't/R be/V here/R ,/, ''/' _OOV_/N _OOV_/N tells/V a/D reporter/N in/I the/D _OOV_/J office/N of/I the/D National/N Organization/N for/I Women/N ./.
``/` We/P could/M have/V shouted/V from/I the/D rooftops/N about/R _OOV_/N and/C no/I one/C would/M have/V heard/V us/N ./. ''/'
New/N Jersey/N is/V a/D proving/V ground/N for/I this/D aggressive/J _OOV_/J movement/N this/D year/N ./.
The/D infusion/N of/I activists/N can/M bring/V a/D clash/N of/I cultures/N ./.
In/I _OOV_/N Hill/N ,/, the/D National/N _OOV_/N Rights/N Action/N League/N ,/, whose/C goal/N is/V to/T sign/N up/R 50,000/N _OOV_/N voters/N ,/, targets/N a/D union/N breakfast/N to/T build/V labor/J support/N for/I its/P cause/V ./.
The/D league/N organizers/N seem/I more/J a/D fit/V with/I a/D convention/N next/W door/N of/I young/J aerobics/J instructors/N in/I _OOV_/N than/I the/D _OOV_/J union/N leaders/N ;/: ``/` I/P wish/V I/, could/M go/V work/V out/I ,/, ''/' says/V a/D slim/J activist/N ./.
A/D labor/N chief/N speaks/V sardonically/V of/I having/P to/T ``/C man/N and/C woman/N ''/' Election/N Day/N phones/N ./.
No/J age/N group/N is/V more/J sensitive/J than/I younger/J voters/N ,/, like/J Ms./N _OOV_/N ./.
A/D year/N ago/I this/D fall/V ,/, New/N Jersey/N voters/N under/I 30/N favored/V George/N Bush/N by/I 56/C %/N to/T 39/C %/N over/I Michael/N _OOV_/N ,/, according/V to/T a/D survey/N then/I by/I _OOV_/N University/N 's/P _OOV_/N Institute/N ./.
A/D matching/J _OOV_/N _OOV_/N _OOV_/N poll/N last/J month/N showed/V a/D complete/J reversal/N ./.
_OOV_/N in/I the/D same/J age/N group/N backed/V Democrat/N _OOV_/N 55/N %/N to/T 29/C %/N over/I Republican/N _OOV_/N ./.
_OOV_/N alone/R ca/M n't/R explain/V this/D shift/N ,/, but/R New/N Jersey/N is/V a/D model/N of/I how/M so/V personal/J an/D issue/N can/M become/V a/D baseline/N of/I sorts/N in/I judging/V a/D candidate/N ./.
By/I a/D _OOV_/J ratio/N ,/, voters/N appear/V more/R at/I ease/N with/I Mr./N _OOV_/N 's/P stance/N on/I abortion/N ,/, and/C polls/N indicate/V his/P lead/V widens/V when/W the/D candidates/N are/V specifically/R linked/V to/T the/D issue/N ./.
``/` The/D times/N are/V my/J times/N ,/, ''/' says/V Mr./N _OOV_/N ./.
The/D _OOV_/N County/N congressman/N still/R carries/V himself/P with/I a/D trademark/N ``/N _OOV_/N ''/' intensity/N ,/, but/R at/I a/D pause/N in/I _OOV_/N 's/P Columbus/N Day/N parade/N recently/R ,/, he/P was/V dancing/N with/I his/P wife/N in/I the/D middle/N of/I the/D avenue/N in/I the/D city/N 's/P old/J _OOV_/N ward/N ./.
After/N losing/V by/I fewer/J than/I 1,800/C votes/N in/I the/D 1981/N governor/N 's/P race/N ,/, he/P has/V prepared/V himself/P methodically/N for/I this/D moment/N ,/, including/V deciding/V in/I recent/J years/N he/P could/M no/J longer/J support/V curbs/N on/I federal/N funding/N for/I _OOV_/J abortions/N ./.
``/N If/I you/P 're/V going/V to/T be/V consistent/J and/C say/V it/P is/V a/D constitutionally/N protected/V right/N ,/, ''/' he/P asks/V ,/, ``/N how/M are/V you/P going/V to/T say/V an/D upscale/N woman/N who/P can/M drive/V to/T the/D hospital/N or/C clinic/N in/I a/D nice/J car/N has/V a/D constitutional/J right/N and/C someone/R who/W is/V not/R in/I great/J shape/N financially/V does/V not/R ?/, ''/'
Mr./N _OOV_/N ,/, by/I comparison/N ,/, seems/I a/D shadow/J of/I the/D confident/J hawk/N who/, defended/V Oliver/N North/N before/I national/J cameras/N at/I Iran-Contra/J hearings/N two/C years/N ago/I ./.
Looking/D back/R ,/, he/P says/V he/P erred/V by/I stating/V his/P ``/N personal/I ''/' opposition/N to/T abortion/N instead/R of/I assuring/N voters/N that/I he/P would/M n't/R impose/V his/P views/N on/I ``/J policy/N ''/' as/I governor/N ./.
It/P is/V a/D distinction/N that/I satisfies/V neither/J side/N in/I the/D debate/N ./.
``/` He/P does/V n't/R know/V himself/P ,/, ''/' _OOV_/N _OOV_/N of/I the/D _OOV_/N Rights/N League/N says/V of/I Mr./N _OOV_/N 's/P position/N ./.
Even/D abortion/N opponents/N ,/, however/V angry/N with/I Mr./N _OOV_/N ,/, ca/M n't/R hide/V their/P frustration/N with/I the/D Republican/N 's/P ambivalence/N ./.
``/` He/P does/V n't/R want/V to/T lead/V the/D people/N ,/, ''/' says/V Richard/N _OOV_/N ,/, president/N of/I New/N Jersey/N Right/N to/T Life/N ./.
Moreover/N ,/, by/I stepping/V outside/I the/D state/N 's/P _OOV_/N tradition/N ,/, Mr./N _OOV_/N _OOV_/N fears/N that/W he/P is/V too/R conservative/J as/R well/R on/I more/J pressing/V concerns/N such/V as/I auto/N insurance/N rates/N and/I the/D environment/N ./.
He/P hurt/V himself/P further/I this/D summer/N by/I bringing/V homosexual/J issues/N into/I the/D debate/N ;/: and/C by/I wavering/N on/I this/D issue/N and/C abortion/N ,/, he/P has/V weakened/V his/P credibility/N in/I what/P is/V already/I a/D _OOV_/J campaign/N on/I both/D sides/N ./.
_OOV_/N to/T Congress/N in/I 1978/N ,/, the/D _OOV_/N Mr./N _OOV_/N is/V part/V of/I a/D generation/N of/I young/J conservatives/N who/W were/V once/R very/R much/R in/I the/D lead/J of/I the/D _OOV_/J shift/N under/I Mr./N Reagan/N ./.
Like/V many/J of/I his/P colleagues/N ,/, he/P did/V n't/R serve/V in/I Vietnam/N in/I the/D 1960s/N yet/R embraced/V a/D _OOV_/N defense/N and/C foreign/J policy/N --/: even/J voting/N against/I a/D 1984/J resolution/N critical/J of/I the/D U.S./N mining/N of/I _OOV_/N harbors/N ./.
Jack/N Kemp/N and/C the/D writers/N _OOV_/N Kristol/N and/C George/N _OOV_/N were/V influences/N ,/, and/C Mr./N _OOV_/N 's/P own/V conservative/J credentials/N proved/V useful/D to/T the/D current/J New/N Jersey/N _OOV_/N governor/N ,/, Thomas/N _OOV_/N ,/, in/I the/D 1981/N Republican/N primary/J here/R ./.
The/D same/J partnership/N is/V now/R crucial/J to/T Mr./N _OOV_/N 's/P fortunes/N ,/, but/C the/D abortion/N issue/N is/V only/I a/D reminder/N of/I the/D gap/N between/I his/P record/N and/C that/I of/I the/D more/J moderate/J ,/, _OOV_/N Gov./N _OOV_/N ./.
While/I the/D _OOV_/N County/N congressman/N pursued/V an/D _OOV_/N ,/, _OOV_/J agenda/N in/I Washington/N ,/, Gov./N _OOV_/N was/V approving/V increased/J income/N and/C sales/N taxes/N at/I home/N and/C overseeing/V a/D near/J doubling/N in/I the/D size/N of/I New/N Jersey/N 's/P budget/N in/I his/P eight/C years/N in/I office/N ./.
_OOV_/J forces/N play/V down/R any/D differences/N with/I Mr./N _OOV_/N ,/, but/C this/D history/N makes/V it/P harder/J for/I the/D conservative/J to/T run/V against/I government/N ./.
Mr./N _OOV_/N 's/P free-market/J plan/N to/T bring/V down/R auto/N insurance/N rates/N met/V criticism/N from/I Gov./N _OOV_/N 's/P own/J insurance/N commissioner/N ./.
Mr./N _OOV_/N is/V further/R hobbled/V by/I a/D record/N of/I votes/N opposed/V to/T government/N regulation/V on/I behalf/N of/I consumers/N ./.
_OOV_/N in/I Spanish/N from/I his/P days/N in/I the/D Peace/N _OOV_/N ,/, Mr./N _OOV_/N actively/N courts/N minority/N voters/N but/R seems/R oddly/V over/I his/P head/N ./.
He/P is/V warm/J and/C polished/J before/I a/D Puerto/N _OOV_/N Congress/N in/I _OOV_/N Park/N ./.
Yet/C minutes/N after/I promising/J to/T appoint/V _OOV_/N to/T high/J posts/N in/I state/N government/N ,/, he/P is/V unable/J to/T say/V whether/R he/P has/V ever/R employed/V any/R in/I his/P congressional/J office/N ./.
``/` I/P do/V n't/R think/V we/P do/V now/R ,/, ''/' he/P says/V ./.
``/` I/P think/V we/P did/V ./. ''/'
Asked/N the/D same/J question/N after/I his/P appearance/N ,/, Democrat/N _OOV_/N identifies/V a/D staff/N member/N by/I name/N and/C explains/V her/P whereabouts/N today/R ./.
When/W he/P is/V presented/V with/I a/D poster/N celebrating/V the/D organization/N 's/P 20th/N anniversary/N ,/, he/P recognizes/V a/D photograph/N of/I one/C of/I the/D founders/N and/C recalls/V time/N spent/V together/J in/I _OOV_/N ./.
Details/N and/C _OOV_/N are/V essential/J _OOV_/N ./.
_OOV_/N to/T Congress/N as/I a/D ``/N Watergate/C baby/N ''/' in/I 1974/N ,/, he/P ran/V for/I governor/N three/C years/N later/R ./.
In/I the/D opinion/N of/I many/J ,/, he/P has/V n't/R stopped/J running/J since/I ,/, even/R though/V he/P declined/V a/D rematch/N with/I Gov./N _OOV_/N in/I 1985/N ./.
His/J base/N in/I South/N Jersey/N and/C on/I the/D House/N Energy/N and/C Commerce/N Committee/N helped/V him/P sustain/V a/D network/N of/I _OOV_/J committees/N to/T preserve/V his/P edge/N ./.
With/I limited/J budgets/N for/I television/N in/I a/D high-priced/J market/N ,/, Mr./N _OOV_/N 's/P higher/J recognition/N than/I his/P rival/N is/V a/D major/J advantage/N ./.
More/D than/I ever/R ,/, his/P _OOV_/N and/C _OOV_/J record/N is/V in/I sync/N with/I the/D state/N ./.
Auto/N insurance/N rates/N are/V soaring/R ./.
A/D _OOV_/N fire/N destroyed/V part/V of/I an/D interstate/N highway/N this/D summer/N ./.
In/I _OOV_/N ,/, an/D important/J swing/N area/N ,/, Republican/N _OOV_/N now/R run/V on/I a/D slogan/N promising/J to/T keep/V the/D county/J ``/N clean/V and/C green/N ./. ''/'
Mr./N _OOV_/N _OOV_/N this/I vindication/N ,/, but/C at/I age/N 52/N ,/, the/D congressman/N is/V also/R a/D product/N of/I his/P times/N and/C losses/N ./.
He/P speaks/V for/I the/D death/N penalty/N as/I if/I reading/V from/I _OOV_/N 21/N ;/: to/T increase/V state/N revenue/N he/P focuses/V not/R on/I ``/J taxes/N ''/' but/C on/I ``/J audits/N ''/' to/T cut/V waste/N ./.
_OOV_/N consultants/N match/N ads/N with/I Mr./N _OOV_/N 's/P team/N ,/, and/C Mr./N _OOV_/N _OOV_/N himself/P as/I the/D lean/J ,/, mean/R Democratic/N fighting/N machine/N of/I the/D 1990s/N ./.
_OOV_/N to/T a/D young/J audience/N ,/, he/P scraps/V an/D old/J reference/N to/T _OOV_/N and/C _OOV_/N and/C instead/R quotes/V the/D _OOV_/N _OOV_/N ./.
The/D lyric/P chosen/V --/: ``/` long/I strange/J night/N ''/' --/: may/M be/V an/D apt/J footnote/N to/T television/V spots/N by/I both/D candidates/N intended/J to/T portray/V each/D other/J as/I a/D liar/J ./.
The/D Democratic/N lawmaker/N fits/V a/D pattern/N of/I younger/J reformers/N arising/V out/I of/I old/J machines/N ,/, but/C his/P ties/N to/T _OOV_/N remain/V a/D sore/J point/N because/I of/I the/D county/J 's/P past/J corruption/N ./.
His/J campaign/N hierarchy/N is/V chosen/V from/I elsewhere/I in/I the/D state/N ,/, and/C faced/V with/I criticism/N of/I a/D sweetheart/J bank/N investment/N ,/, he/P has/V so/R far/R blunted/V the/D issue/N by/I donating/V the/D bulk/N of/I his/P profits/N to/T his/P alma/R mater/N ,/, _OOV_/N State/N College/N ./.
Mr./N _OOV_/N 's/P _OOV_/N on/I the/D abortion/N issue/N after/I the/D Webster/N ruling/N divides/V some/D of/I his/P old/J constituency/N ./.
_OOV_/N _OOV_/N ,/, an/D unlikely/R but/R enthusiastic/J pipe/N major/J in/I an/D _OOV_/N County/N Irish/J bagpipe/N band/N ,/, speaks/V sadly/J of/I Mr./N _OOV_/N ./.
``/` I/P am/V a/D devout/P _OOV_/N ,/, ''/' says/V Mr./N _OOV_/N ,/, a/D 40-year-old/N health/N officer/N ./.
``/` I/P ca/M n't/R support/V him/P because/I of/I abortion/N ./. ''/'
Bill/N _OOV_/N Sr./N ,/, 72/N ,/, is/V _OOV_/N too/R ,/, but/R _OOV_/N by/I Mr./N _OOV_/N 's/P stand/V on/I abortion/N ./.
A/D security/N guard/N at/I a/D cargo/N terminal/N ,/, he/P wears/N a/D Sons/N of/I Italy/C jacket/N and/C cap/N celebrating/V ``/N The/D US/N 1/N _OOV_/N ./. ''/'
``/` I/P still/R think/V the/D woman/N has/V the/D right/N to/T do/V with/I her/P body/N as/I she/P pleases/C ,/, ''/' he/P says/V ./.
``/N If/I you/P want/V more/J opinions/N ask/V my/P wife/N ./.
She/P has/V lots/J of/I opinions/N ./.
Consumer/N prices/N rose/V a/D surprisingly/R moderate/J 0.2/C %/N in/I September/N ,/, pushed/V up/R mostly/R by/I a/D jump/N in/I clothing/N costs/N ,/, the/D Labor/N Department/N reported/V ./.
Energy/N costs/N ,/, which/W drove/V wholesale/D prices/N up/I sharply/R during/I the/D month/N ,/, continued/V to/T decline/N at/I the/D retail/N level/N ,/, pulling/V down/J transportation/N and/C helping/V to/T ease/J housing/N costs/N ./.
The/D report/N was/V the/D brightest/N news/N the/D financial/J markets/N had/V seen/V since/I before/I the/D stock/N market/N plunged/V more/J than/I 190/J points/N last/J Friday/N ./.
The/D Dow/N Jones/N Industrial/N Average/N rallied/V on/I the/D news/N ,/, closing/V _OOV_/J points/N higher/R at/I _OOV_/N ./.
Bond/J prices/N also/R jumped/V as/I traders/N appeared/V to/T read/V the/D data/N as/I a/D sign/N that/I interest/N rates/N may/M fall/V ./.
But/C many/J economists/N were/V not/R nearly/R as/I jubilant/V ./.
The/D climb/V in/I wholesale/J energy/N prices/N is/V certain/J to/T push/V up/I retail/N energy/N prices/N in/I the/D next/M few/J months/N ,/, they/P warned/V ./.
They/P also/R said/V the/D dollar/N is/V leveling/V off/I after/I a/D rise/N this/D summer/N that/W helped/V to/T reduce/V the/D prices/N of/I imported/V goods/N ./.
``/` I/P think/V inflation/N is/V going/V to/T pick/V up/R through/I the/D fall/V ,/, ''/' said/V Joel/N _OOV_/N ,/, a/D specialist/N on/I inflation/N who/W runs/V an/D economic/J consulting/N firm/N here/R ./.
``/N It/P has/V been/V in/I what/W I/P would/V describe/V as/I a/D lull/N for/I the/D past/J several/J months/N ./. ''/'
``/` We/, 've/V had/V _OOV_/J declines/N in/I consumer/J energy/N prices/N in/I each/J of/I the/D past/J three/C months/N ,/, and/C at/I the/D wholesale/J level/N those/R are/V fully/R behind/V us/N now/R ,/, ''/' said/V Jay/N _OOV_/N ,/, chief/J domestic/J economist/N at/I Bankers/N Trust/N Co./N in/I New/N York/N ./.
Because/D wholesale/D energy/N prices/N shot/V up/I by/I a/D steep/J 6.5/C %/N last/J month/N ,/, many/J analysts/N expected/V energy/N prices/N to/T rise/N at/I the/D consumer/J level/N too/R ./.
As/I a/D result/N ,/, many/J economists/N were/V expecting/R the/D consumer/J price/N index/N to/T increase/V significantly/J more/J than/I it/P did/V ./.
But/D retail/N energy/N prices/N declined/V 0.9/C %/N in/I September/N ./.
Though/V analysts/N say/V competition/N will/M probably/R hold/V down/R increases/V in/I retail/N energy/N prices/N ,/, many/J expect/V some/D of/I the/D wholesale/D rise/N to/T be/V passed/V along/I to/T the/D consumer/N before/I the/D end/N of/I the/D year/N ./.
Still/R ,/, some/D analysts/N insisted/V that/I the/D worst/J of/I the/D inflation/N is/V behind/V ./.
``/N It/P increasingly/R appears/V that/I _OOV_/N was/I a/D temporary/J inflation/N _OOV_/N and/C not/I the/D beginning/N of/I a/D cyclical/N inflation/N problem/N ,/, ''/' argued/V Edward/N _OOV_/N ,/, chief/J economist/N at/I Prudential-Bache/N Securities/N Inc./N in/I New/N York/N ./.
In/I both/J 1987/N and/C 1988/N ,/, consumer/J prices/N rose/V _OOV_/C %/N ./.
A/D run-up/N in/I world/N oil/N prices/N last/J winter/N sent/V consumer/N prices/N soaring/R at/I a/D _OOV_/N %/N annual/J rate/N in/I the/D first/J five/C months/N of/I this/D year/N ,/, but/C the/D subsequent/I decline/N in/I energy/N prices/N has/V pulled/V the/D annual/J rate/N back/R down/R to/T _OOV_/C %/N ./.
Mr./N _OOV_/N predicted/V that/D world/N business/N competition/N will/M continue/V to/T restrain/V prices/N ./.
``/` The/D bottom/N line/N is/V ,/, it/P seems/V to/T me/P that/I the/D economic/J environment/N has/V become/V very/R ,/, very/R _OOV_/N for/I a/D lot/N of/I businesses/N ,/, ''/' he/P said/V ./.
``/N Back/N in/I _OOV_/N ,/, business/N was/I operating/N at/I fairly/V tight/J capacity/N ,/, so/R businesses/N felt/V they/P could/M raise/V prices/N ./. ''/'
Now/R ,/, he/P said/V ,/, a/D slowdown/N in/I economic/J activity/N has/V _OOV_/J demand/N ./.
The/D mild/J inflation/N figures/N renewed/V investors/N '/, hopes/N that/I the/D Federal/N Reserve/N will/M ease/J its/P interest-rate/J stance/N ./.
The/D steep/J climb/V in/I producer/J prices/N reported/V last/J Friday/N fostered/V pessimism/J about/I lower/J interest/N rates/N and/C contributed/V to/T the/D stock/N market/N 's/P 6.9/N %/N plunge/V that/D day/N ./.
In/I the/D past/J several/J days/N ,/, however/V ,/, the/D U.S./N 's/P central/J bank/N has/V allowed/V a/D key/J interest/N rate/N to/T fall/V slightly/N to/T try/V to/T stabilize/V the/D markets/N ./.
Analysts/N say/V Fed/J policy/N makers/N have/V been/V wary/J of/I relaxing/J credit/N too/R much/R because/I they/P were/V still/R uncertain/D about/I the/D level/N of/I inflation/N in/I the/D economy/N ./.
Excluding/N the/D volatile/N categories/N of/I energy/N and/C food/N --/: leaving/V what/W some/D economists/N call/V the/D core/J inflation/N rate/N --/: consumer/N prices/N still/R rose/V only/R 0.2/N %/N in/I September/N ./.
Transportation/J costs/N actually/R fell/V 0.5/C %/N ,/, and/C housing/N costs/N gained/V only/R 0.1/C %/N ./.
Apparel/J prices/N _OOV_/N up/I 1.7/C %/N ,/, but/R that/I was/V after/I three/C months/N of/I declines/N ./.
Medical/N costs/N continued/V their/P steep/J ascent/N ,/, rising/V _OOV_/C %/N after/I four/C consecutive/J months/N of/I 0.7/C %/N increases/N ./.
Car/N prices/N ,/, another/D area/N that/I contributed/V to/T the/D steep/J rise/N in/I the/D wholesale/J index/N last/J month/N ,/, still/R showed/V declines/N at/I the/D consumer/J level/N ./.
They/P dropped/V _OOV_/C %/N as/I dealers/V continued/V to/T offer/V rebates/N to/T attract/V customers/N ./.
Food/J prices/N rose/V 0.2/C %/N for/I the/D second/J month/N in/I a/D row/N ,/, far/R slower/R than/I the/D monthly/N rises/V earlier/R in/I the/D year/N ./.
Separately/N ,/, the/D Labor/N Department/N reported/V that/D average/N weekly/N earnings/N rose/V 0.3/C %/N in/I September/N ,/, after/I adjusting/V for/I inflation/N ,/, following/I a/D 0.7/N %/N decline/N in/I August/N ./.
All/J the/D numbers/N are/V adjusted/V for/I seasonal/J fluctuations/N ./.
Here/N are/V the/D seasonally/N adjusted/V changes/N in/I the/D components/N of/I the/D Labor/N Department/N 's/P consumer/N price/N index/N for/I September/N ./.
After/N watching/J interest/N in/I the/D sport/N plummet/N for/I years/N ,/, the/D ski/J industry/N is/V trying/J to/T give/V itself/P a/D lift/N ./.
_OOV_/N the/D country/N ,/, resorts/N are/V using/V everything/. from/I fireworks/N to/T _OOV_/N concerts/N to/T attract/V new/J customers/N ./.
Some/I have/V built/V health/N _OOV_/N ,/, business/N centers/N and/C shopping/N villages/N so/R visitors/N have/V more/J to/T do/V than/I ski/N ./.
And/I this/D week/N ,/, the/D industry/N 's/P efforts/N will/M go/V national/J for/I the/D first/J time/N when/W it/P unveils/V a/D $/$ 7/C million/C advertising/N campaign/N ./.
Such/J efforts/N --/: unheard/V of/I only/I a/D few/J years/N ago/I --/: are/V the/D latest/J attempts/N to/T revive/V the/D sagging/N $/$ 1.76/C billion/N U.S./C ski/N industry/N ./.
Since/I the/D start/N of/I the/D decade/N ,/, _OOV_/N sales/N have/V grown/V only/I 3/C %/N a/D year/N on/I average/N ,/, compared/V with/I 16/C %/N annual/J growth/N rates/N in/I the/D _OOV_/N and/C _OOV_/N ./.
Last/J season/N ,/, _OOV_/J sales/N fell/V for/I the/D first/J time/N in/I seven/C years/N ./.
By/I some/D estimates/N ,/, nearly/I a/D fourth/N of/I all/D U.S./N ski/N areas/N have/V been/V forced/V to/T shut/V down/R since/I the/D early/J _OOV_/N ./.
Competition/N and/C mounting/V insurance/N and/C equipment/N costs/N have/V been/V the/D undoing/V of/I many/J resorts/N ./.
But/C another/D big/J problem/N has/V been/V the/D aging/N of/I baby/N boomers/N ./.
_OOV_/N ,/, after/I all/C ,/, has/V mainly/R been/V for/I the/D young/J and/C daring/J and/C many/J baby/N boomers/N have/V outgrown/V skiing/N or/C have/V too/R many/J family/N responsibilities/N to/T stick/N with/I the/D sport/N ./.
In/I its/P new/J ad/J campaign/N ,/, created/V by/I _OOV_/N _OOV_/N _OOV_/N &/C _OOV_/N Inc./N ,/, Chicago/N ,/, the/D ski/J industry/N is/V trying/J to/T change/V its/P image/N as/I a/D sport/N primarily/J for/I young/J white/D people/N ./.
One/D _OOV_/N TV/: spot/N features/N a/D diverse/J group/N of/I skiers/N gracefully/J gliding/N down/R _OOV_/N slopes/N :/: senior/J citizens/N ,/, minorities/N ,/, families/N with/I children/N --/: even/R a/D blind/J skier/N ./.
``/N _OOV_/N school/N is/V great/J ,/, ''/' cries/N out/I a/D tot/J ,/, bundled/V in/I a/D _OOV_/N as/I he/P plows/V down/R a/D bunny/J slope/N ./.
``/N You/T 'll/V never/P _OOV_/` you/P try/V ,/, ''/' says/V a/D black/J skier/N ./.
``/` We/P used/V to/T show/V some/D _OOV_/N skier/N in/I his/P twenties/N or/C thirties/V going/V over/I the/D edge/N of/I a/D cliff/N ,/, ''/' says/V _OOV_/N _OOV_/N ,/, a/D spokeswoman/N for/I the/D United/N _OOV_/N Industries/N Association/N ,/, the/D trade/N group/N sponsoring/V the/D campaign/N ./.
_OOV_/J promotions/N have/V traditionally/R avoided/V the/D touchy/J issue/N of/I safety/N ./.
But/C the/D new/J commercials/N deal/N with/I it/P indirectly/V by/I showing/V a/D woman/N smiling/J as/I she/P tries/J to/T get/V up/R from/I a/D fall/V ./.
``/` We/P wanted/V to/T show/V it/P 's/V okay/R if/I you/P fall/V ,/, ''/' says/V Ms./N _OOV_/N ./.
``/` Most/C people/N think/V if/I you/P slip/N ,/, you/P 'll/P wind/J up/R in/I a/D body/N cast/V ./. ''/'
The/D ad/J campaign/N represents/V an/D unusual/J spirit/N of/I cooperation/N among/I resorts/N and/C ski/J equipment/N makers/N ;/: normally/R ,/, they/P only/R run/J ads/N hyping/N their/P own/J products/N and/C facilities/N ./.
But/D in/I these/D crunch/N times/N for/I the/D ski/J industry/N ,/, some/D resorts/N ,/, such/J as/I the/D _OOV_/N Fire/N ,/, Red/N River/N and/C _OOV_/C ski/N areas/N in/I New/N Mexico/N ,/, have/V even/R started/V _OOV_/C skiers/N to/T each/D other/J 's/P slopes/N and/I next/J year/N plan/N to/T sell/V tickets/N good/J for/I all/D local/J lifts/V ./.
Many/R resorts/N also/R are/V focusing/J more/J on/I the/D service/N side/N of/I their/P business/N ./.
Since/I 40/C %/N of/I skiers/N are/V parents/N ,/, many/J slopes/N are/V building/N nurseries/N ,/, expanding/V ski/J schools/N and/C adding/V entertainment/N for/I kids/N ./.
_OOV_/N ,/, Colo./N ,/, now/R has/V a/D _OOV_/N that/I looks/V like/I an/D old/J mining/J town/N ;/: kids/N can/M ski/N through/I and/C pan/N for/I fool/J 's/P gold/N ./.
For/I $/$ 15/N ,/, they/P can/M enjoy/V their/P own/J nightly/N entertainment/N ,/, with/I dinner/N ,/, without/I mom/R and/C dad/N ./.
A/D few/J years/N ago/I ,/, parents/N usually/R had/V to/T hire/V a/D sitter/J or/C take/V turns/V skiing/N while/I one/C spouse/N stayed/N with/I the/D children/N ./.
``/N Most/, parents/N who/W had/V to/T go/V through/I that/D never/P came/V back/R ,/, ''/' says/V Michael/N _OOV_/N ,/, president/N of/I _OOV_/N Associates/N Inc./N ,/, which/W owns/V and/C operates/V the/D _OOV_/N and/C nearby/P Beaver/N _OOV_/N resorts/N ./.
To/P make/V skiing/N more/R convenient/J for/I _OOV_/J visitors/N ,/, several/J resorts/N are/V buying/N or/C starting/V their/P own/J travel/V agencies/N ./.
In/I one/C phone/N call/V ,/, ski/J buffs/N can/M make/V hotel/N and/C restaurant/N reservations/N ,/, buy/V lift/N tickets/N ,/, rent/V ski/J equipment/N and/C sign/N up/I for/I lessons/N ./.
And/I resorts/N are/V adding/V other/J amenities/N ,/, such/J as/I pricey/N restaurants/N ,/, health/N _OOV_/N and/C vacation/N packages/N with/I a/D twist/N ./.
During/I _OOV_/N Carnival/N week/N ,/, for/I example/N ,/, visitors/N at/I Sunday/N River/N in/I Maine/N can/M take/V a/D _OOV_/J balloon/N ride/N ./.
``/` People/N these/I days/N want/V something/P else/C to/T do/V besides/I ski/N and/C sit/V in/I the/D bar/N ,/, ''/' says/V Don/N _OOV_/N ,/, executive/J director/N of/I _OOV_/N Fire/N ,/, _OOV_/N 's/P Chamber/N of/I Commerce/N ./.
The/D ski/J industry/N hopes/N to/T increase/V the/D number/N of/I skiers/N by/I 3.5/C million/C to/T about/I _OOV_/C million/C in/I the/D next/J five/C years/N with/I its/P latest/J ads/N and/C promotions/N ./.
But/C some/D think/V that/I 's/P being/V overly/V optimistic/J ./.
For/I one/C thing/N ,/, it/P may/M be/V tough/J to/T attract/V people/N because/I skiing/N is/V still/R expensive/J :/: a/D lift/N ticket/V can/M cost/V up/I to/T $/$ 35/C a/D day/N and/C equipment/N prices/N are/V rising/V ./.
And/R most/R _OOV_/N still/R prefer/I a/D warm/J climate/N for/I their/P winter/N excursions/N ./.
An/D American/N Express/N Co./N survey/N of/I its/P travel/V agents/N revealed/V that/I only/R 34/N %/N believe/V their/P clients/N will/M pick/V a/D trip/N this/D winter/N based/V on/I the/D availability/N of/I winter/N sports/N ,/, as/I opposed/V to/T 69/C %/N who/W think/V that/I _OOV_/N sports/N will/M be/V the/D deciding/J factor/N ./.
``/N Even/C if/I they/P could/M bring/V in/I that/D many/J new/J skiers/N ,/, I/P do/V n't/R know/V if/I -LCB-/N the/D industry/N -RCB-/N could/M handle/V that/D kind/N of/I an/D increase/N ,/, ''/' says/V _OOV_/N William/N Berry/N ,/, editor/N and/C publisher/N of/I the/D _OOV_/N Industry/N Letter/N in/I _OOV_/N ,/, _OOV_/N ./.
``/` Most/C people/N will/M come/V on/I the/D weekend/N ,/, the/D slopes/N will/M be/V overcrowded/V and/C then/I these/D -LCB-/J new/J skiers/N -RCB-/N wo/M n't/R come/V back/I ./.
They/P did/M n't/R play/V the/D third/J game/N of/I the/D World/N Series/N on/I Tuesday/N night/N as/I scheduled/V ,/, and/C they/P did/V n't/R play/V it/P on/I Wednesday/N or/C Thursday/N either/R ./.
But/C you/P knew/V that/I ,/, did/V n't/R you/P ?/.
They/P are/V supposed/D to/T play/V the/D game/N next/J Tuesday/N ,/, in/I _OOV_/N Park/N here/R ./.
The/D theory/N is/V that/I the/D stadium/N ,/, damaged/V by/I Tuesday/N 's/P earthquake/N ,/, will/M be/V repaired/V by/I then/R ,/, and/C that/I people/N will/M be/V able/J to/T get/V there/V ./.
Like/N just/R about/I everything/P else/C ,/, that/W remains/V to/T be/V seen/V ./.
_OOV_/N could/M intervene/V ./.
But/D ,/, at/I least/J ,/, the/D law/N of/I averages/N should/M have/V swung/V to/T the/D favorable/J side/N ./.
It/P may/M seem/V trivial/J to/T worry/V about/I the/D World/N Series/N amid/V the/D destruction/N to/T the/D Bay/N Area/N wrought/V by/I Tuesday/N 's/P quake/N ,/, but/C the/D name/N of/I this/D column/N is/V ``/N On/R Sports/N ,/, ''/' so/V I/P feel/V obliged/P to/T do/V so/R ./.
You/P might/M be/V interested/V to/T know/V that/D baseball/N ,/, not/R survival/N ,/, appeared/V to/T be/V the/D first/J thought/V of/I most/J of/I the/D crowd/N of/I _OOV_/N that/I had/V gathered/V at/I _OOV_/N at/I _OOV_/N p.m./N Tuesday/N ,/, a/D half-hour/N before/I game/N time/N ,/, when/W the/D quake/N struck/V ./.
As/I soon/R as/I the/D tremor/N passed/V ,/, many/J people/N spontaneously/N arose/V and/C cheered/V ,/, as/I though/V it/P had/V been/V a/D novel/J kind/N of/I _OOV_/J show/N ./.
One/D fan/N ,/, seated/V several/J rows/N in/I front/N of/I the/D open/J ,/, _OOV_/N auxiliary/N press/V section/N where/W I/P was/V stationed/V ,/, faced/V the/D assembled/V _OOV_/N and/C _OOV_/N shouted/V ,/, ``/` We/P arranged/V that/I just/R for/I you/P guys/N ''/' I/P thought/V and/C ,/, I/P 'm/V sure/R ,/, others/J did/V :/P ``/N You/T should/J n't/R have/V bothered/V ./. ''/'
I/P 'd/V slept/V through/I my/P only/I previous/J brush/N with/I natural/J disaster/N ,/, a/D tornado/N 15/N or/C so/V summers/I ago/I near/D _OOV_/N City/N ,/, Mich./N ,/, so/R I/P was/V unprepared/V for/I one/C reaction/N to/T such/J things/N :/: the/D urge/V to/T talk/V about/I them/P ./.
Perhaps/J primed/V by/I the/D daily/N diet/N of/I radio/V and/C TV/J reporters/N thrusting/V microphones/N into/I people/N 's/P faces/N and/C asking/V how/W they/P ``/N feel/V ''/N about/I one/C calamity/N or/C another/D ,/, fellow/J reporters/N and/C civilians/N who/W spied/V my/, press/V _OOV_/N were/V eager/J to/T chat/N ./.
``/N It/P felt/V like/I I/P was/V on/I a/D station/N platform/N and/C a/D train/N went/V by/I ,/, ''/' said/V one/C man/N ,/, describing/V my/P own/V reaction/N ./.
A/D women/N said/V she/P saw/V the/D park/N 's/P light/J standards/N sway/N ./.
A/D man/N said/V he/P saw/V the/D upper/N rim/N _OOV_/N ./.
I/P saw/V neither/N ./.
_OOV_/N of/I good/J sense/N to/T the/D contrary/V not/R withstanding/V ,/, the/D general/J inclination/N was/V to/T believe/V that/I the/D disturbance/N would/M be/V brief/J and/C that/I ball/N would/M be/V played/V ./.
``/` I/P was/I near/C the/D top/N of/I the/D stadium/N ,/, and/C saw/V a/D steel/N _OOV_/C bow/N six/C feet/N from/I where/W I/P sat/V ,/, but/C I/P stayed/V put/V for/I 10/N or/C 15/J minutes/N ,/, ''/' confessed/V a/D friend/N ./.
``/` I/P guess/V I/P thought/V ,/, `/C This/C is/V the/D World/N Series/N and/C I/P 'm/V not/R gon/N na/N wimp/N out/I '/' ''/'
Here/N in/I the/D Global/N _OOV_/N ,/, though/R ,/, folks/N do/V not/R stay/V uninformed/N for/I long/R ./.
_OOV_/J power/N was/V out/R in/I _OOV_/N _OOV_/N Park/N ,/, but/R _OOV_/N radios/R and/C television/N sets/N were/V plentiful/D ./.
Within/I a/D few/J minutes/N ,/, the/D true/J extent/R of/I the/D catastrophe/N was/V becoming/V clear/J ./.
Its/V _OOV_/N _OOV_/N measurement/N was/V reported/V as/I 6.5/N ,/, then/R 6.9/N ,/, then/R _OOV_/N ./.
A/D section/N of/I the/D Bay/N Bridge/N had/V collapsed/V ,/, as/I had/V a/D part/N of/I Interstate/N Highway/N 880/N in/I _OOV_/N ./.
People/N had/V died/V ./.
At/I _OOV_/N p.m./N ,/, scheduled/V game/N time/N having/R passed/V ,/, some/D fans/N chanted/V ``/` Let/V 's/P Play/N Ball/N ./. ''/'
No/J longer/R innocent/R ,/, they/P qualified/V as/I fools/J ./.
The/D stadium/N was/V ordered/V evacuated/V soon/R afterward/I ;/: the/D announcement/N ,/, made/V over/I police/N _OOV_/N ,/, cited/V the/D power/N outage/N ,/, but/C it/P later/R was/V revealed/V that/I there/V also/R had/V been/V damage/N of/I the/D sort/N reported/V by/I my/J friend/N ./.
Outside/V ,/, I/P spotted/V two/C young/J men/N _OOV_/J blocks/N of/I concrete/N ./.
``/N _OOV_/N of/I _OOV_/N ,/, ''/' they/P said/V ./.
The/D crowd/N remained/V good/J natured/N ,/, even/R bemused/V ./.
TV/J reporters/N interviewed/V fans/N in/I the/D parking/N lots/J while/I ,/, a/D few/J feet/N away/P ,/, others/J watched/V the/D interviews/N on/I their/P portable/N TVs/N ./.
The/D only/R frenzy/V I/P saw/V was/V commercial/V :/: _OOV_/N selling/V World/N Series/N commemorative/N stamps/N and/C dated/V _OOV_/N were/V besieged/V by/I fledgling/V speculators/N who/W saw/V future/J profit/N in/I the/D items/N ./.
The/D traffic/N jam/N out/I of/I the/D park/N was/V monumental/V ./.
It/P took/V me/P a/D half-hour/N to/T move/V 10/J feet/N from/I my/J parking/N spot/N in/I an/D outer/J lot/R to/T an/D aisle/N ,/, and/C an/D additional/J hour/N to/T reach/V an/D inner/J roadway/N a/D _OOV_/N away/P ./.
The/D _OOV_/N trip/N to/T my/J airport/N hotel/N that/W had/V taken/V 20/C minutes/N earlier/R in/I the/D day/N took/V more/J than/I three/C hours/N ./.
At/I my/J hotel/N ,/, the/D _OOV_/N ,/, power/N was/V out/R ,/, some/R interior/V plaster/N had/V broken/V loose/C and/C there/V had/V been/V water/J damage/N ,/, but/R little/R else/C ./.
With/I _OOV_/N randomness/N ,/, a/D hotel/N across/I the/D street/N ,/, the/D _OOV_/N ,/, had/V been/V hit/V harder/J :/: A/D large/J sheet/N of/I its/P concrete/N facade/N and/C several/J window/N _OOV_/N were/V torn/V away/P ./.
The/D _OOV_/J staff/N had/V ,/, kindly/R ,/, set/V out/I lighted/V candles/N in/I the/D ballroom/N ,/, prepared/V a/D _OOV_/N buffet/N and/C passed/V around/R pillows/N and/C blankets/N ./.
I/P fell/V asleep/P on/I the/D lobby/N floor/N ,/, next/W to/T a/D man/N wearing/N a/D Chicago/N _OOV_/N jacket/N ./.
I/P expected/V him/P to/T say/V ,/, ``/N I/P told/V you/P so/R ,/, ''/' but/C he/P already/R was/I snoring/N ./.
The/D journalistic/N consensus/N was/I that/W the/D earthquake/N made/V the/D World/N Series/N seem/I unimportant/V ./.
My/P response/N was/I that/D sports/N rarely/M are/V important/J ,/, only/R diverting/V ,/, and/C the/D quake/N merely/C highlighted/V that/D fact/N ./.
Should/I the/D rest/J of/I the/D Series/N be/V played/V at/I all/C ?/.
The/D quake/N and/C baseball/N were/V n't/R related/V ,/, unlike/I the/D massacre/N of/I athletes/N that/W attended/V the/D 1972/N _OOV_/N ./.
That/J heavily/J politicized/J event/N learned/V nothing/P from/I the/D horrifying/J experience/N ,/, and/C seems/V doomed/V to/T repeat/V it/P ./.
Two/N _OOV_/N _OOV_/N ./.
This/D has/V been/V widely/R dubbed/V the/D BART/N Series/N ,/, after/I the/D local/J subway/N line/N ,/, and/C the/D Bay/N Bridge/N Series/N ./.
_OOV_/N fly/V at/I _OOV_/N for/I the/D death/N of/I _OOV_/N _OOV_/N ,/, the/D late/J baseball/N commissioner/N ,/, and/C now/R the/D Bay/N Bridge/N lies/V in/I ruins/N ./.
A/D Series/N that/W was/V shaping/V up/R as/I the/D _OOV_/N since/I the/D _OOV_/N _OOV_/N _OOV_/N go/V of/I 1984/N has/V become/V memorable/J in/I the/D least/N fortunate/M way/N ./.
Still/R ,/, its/P edge/N is/V lost/V ./.
It/P now/R will/M be/V played/V mostly/R for/I the/D record/N ,/, and/C should/T be/V wrapped/N up/R as/I quickly/R as/I possible/J ,/, without/I ``/N off/I ''/' days/N ./.
And/I I/P will/M never/R again/R complain/V about/I a/D _OOV_/N ./.
The/D disarray/N in/I the/D junk-bond/J market/N that/W began/V last/J month/N with/I a/D credit/N crunch/N at/I Campeau/N Corp./N has/V offered/V commercial/J banks/N a/D golden/J opportunity/N to/T play/V a/D greater/J role/N in/I financing/N _OOV_/N takeovers/N ./.
But/D two/C big/J New/N York/N banks/N seem/I to/T have/V kicked/V those/R chances/V away/P ,/, for/I the/D moment/N ,/, with/I the/D embarrassing/J failure/N of/I _OOV_/N and/C Chase/N Manhattan/N Corp./N to/T deliver/V $/$ 7.2/C billion/N in/I bank/N financing/N for/I a/D leveraged/N buy-out/N of/I United/N Airlines/C parent/N UAL/N Corp/N ./.
For/I more/J than/I a/D decade/N ,/, banks/N have/V been/V pressing/V Congress/N and/C banking/N regulators/N for/I expanded/J powers/V to/T act/N like/I securities/N firms/N in/I playing/V Wall/N Street/N 's/P lucrative/J takeover/N game/N ,/, from/I giving/V mergers/N advice/N all/I the/D way/N to/T selling/V and/C trading/N high-yield/N junk/N bonds/N ./.
Those/D expanded/J powers/N reached/V their/P zenith/I in/I July/N when/W Bankers/N Trust/N New/N York/N Corp./N provided/V mergers/N advice/N ,/, an/D equity/N investment/N and/C bank/N loans/N for/I the/D $/$ _OOV_/C billion/J leveraged/N buy-out/N of/I _OOV_/N Airlines/N parent/N _OOV_/N Inc/N ./.
One/C of/I the/D major/J selling/V points/N used/V by/I Los/N Angeles/N financier/N Alfred/N _OOV_/N in/I getting/V the/D takeover/N approved/V was/V that/I the/D deal/N did/M n't/R include/V any/D junk/N bonds/N ./.
That/J was/R seen/V as/I an/D advantage/N in/I lobbying/N airline/N employees/N and/C Washington/J regulators/N for/I approval/N of/I the/D contested/J takeover/N ./.
All/J $/$ _OOV_/C billion/N in/I debt/N for/I the/D deal/N was/V supplied/V by/I banks/N ./.
Charles/N _OOV_/N ,/, _OOV_/N of/I mergers/N and/C acquisitions/N at/I Salomon/N Brothers/N Inc./N ,/, says/V it/P is/V natural/N for/I banks/N to/T try/V to/T expand/V beyond/I their/P _OOV_/N business/N of/I providing/V senior/J debt/N for/I _OOV_/N ./.
But/C the/D UAL/J collapse/N ,/, he/P says/V ,/, ``/N may/M tell/V you/P it/P 's/P not/R going/V to/T work/V that/I easily/P ./. ''/'
David/N _OOV_/N ,/, a/D mergers/N adviser/N in/I La/N _OOV_/N ,/, Calif./N ,/, who/W aided/V Los/N Angeles/N investor/N Marvin/N Davis/N on/I the/D bids/N which/W put/V both/I UAL/N and/C _OOV_/N in/I play/N as/I takeover/N candidates/N this/D year/N ,/, says/V that/I banks/N have/V been/V ``/N preparing/V to/T play/V a/D larger/J and/C larger/J role/N in/I acquisition/N financing/N ./. ''/'
Mr./N _OOV_/N says/V that/I in/I the/D past/J ,/, banks/N would/M normally/R have/V loaned/V 65/C %/N of/I a/D total/J buy-out/J price/N ,/, with/I the/D loans/N secured/V by/I the/D target/J company/N 's/P assets/N ./.
Another/D 20/N %/N of/I the/D borrowed/J funds/N would/M come/V from/I the/D sale/N to/T investors/N of/I junk/N bonds/N ,/, which/W offer/V less/J security/N and/C typically/R carry/V higher/J yields/N than/I bank/N loans/N ./.
Mr./N _OOV_/N 's/P purchase/N of/I _OOV_/N ,/, Mr./N _OOV_/N notes/N ,/, ``/N was/V probably/W the/D most/J aggressive/J to/T date/N ,/, ''/' with/I bank/N debt/N at/I 85/C %/N of/I the/D purchase/N price/N ./.
But/D Mr./N _OOV_/N says/V that/I _OOV_/N 's/P ``/N failure/V to/T deliver/V ''/' on/I its/P promise/N to/T raise/I the/D UAL/N bank/N debt/N for/I a/D labor-management/N buy-out/N group/N ``/N is/V very/J distressing/J to/T potential/V users/N of/I a/D `/N _OOV_/N '/, letter/N from/I commercial/J banks/N ./. ''/'
His/R client/R ,/, Mr./N Davis/N ,/, used/V just/R such/V a/D letter/N from/I _OOV_/N in/I pursuing/V UAL/N ;/: _OOV_/` later/I agreed/V to/T work/N with/I a/D competing/J UAL/N buy-out/N group/N ./.
Executives/N of/I _OOV_/N and/C Chase/N Manhattan/N declined/V to/T comment/V on/I either/D the/D UAL/J situation/N ,/, or/C on/I the/D changing/J nature/N of/I banks/N '/P role/N in/I financing/N takeovers/N ./.
In/I the/D wake/N of/I Campeau/N 's/P problems/N ,/, prices/N of/I junk/N bonds/N tumbled/N ,/, throwing/V into/I doubt/V the/D ability/N of/I corporate/J _OOV_/N to/T finance/N large/J takeovers/N with/I the/D help/N of/I junk/N bond/N sales/N ./.
Mark/N _OOV_/N ,/, senior/J managing/N director/N at/I Manufacturers/N _OOV_/N Trust/N Co./N ,/, says/V the/D _OOV_/N in/I junk/N bonds/N may/M yet/R open/J new/J business/N opportunities/N to/T banks/N in/I structuring/N takeovers/N ./.
But/C he/P warns/V that/D banks/N will/M have/V ``/N to/T have/V enough/V discipline/N ''/' not/R to/T make/V loans/N that/W are/V too/R risky/J ./.
In/I fact/N ,/, Manufacturers/N _OOV_/N said/V in/I its/P third-quarter/J earnings/N report/N that/I fees/N from/I _OOV_/J loans/N to/T other/J banks/N dropped/V 48/C %/N ,/, to/T $/$ 21/C million/C ./.
``/` We/P did/V n't/R take/V part/N in/I a/D lot/N of/I deals/N because/I their/P credit/N quality/N was/V poor/N ,/, ''/' says/V a/D bank/N spokesman/N ./.
James/N B./N Lee/N ,/, head/V of/I _OOV_/N and/C private/J placements/N at/I Chemical/N Banking/N Corp./N ,/, said/V he/P believes/V banks/N can/M still/R make/V a/D credible/J offer/N of/I _OOV_/J shopping/N for/I takeover/N finance/N ./.
As/I evidence/N ,/, he/P cites/V yesterday/N 's/P arrangement/N for/I the/D final/J financing/N of/I a/D $/$ 3/C billion/C bid/N for/I American/J Medical/N International/N Inc./N in/I which/W Chemical/N served/V as/R both/I the/D lead/J bank/N and/C an/D equity/N investor/N ./.
Beyond/N the/D current/J weakness/N in/I the/D junk/N bond/N market/N ,/, banks/N have/V another/D advantage/N over/I investment/N banks/N in/I financing/N contested/V takeovers/N ./.
Arthur/N _OOV_/N Jr./N ,/, a/D takeover/N lawyer/N at/I Fried/N Frank/N Harris/N _OOV_/N &/C _OOV_/N ,/, notes/N that/I ``/N a/D political/J and/C emotional/J bias/J ''/' has/V developed/V against/I junk/N bonds/N ./.
One/D hostile/J bidder/N who/W deliberately/I avoided/V using/V junk/N bonds/N was/V Paramount/N Communications/N Inc./N in/I its/P initial/J offer/N to/T acquire/V Time/N Inc./N for/I $/$ _OOV_/C billion/N ,/, or/C $/$ 175/C a/D share/N ./.
A/D Paramount/N spokesman/N says/V that/I decision/N was/V based/V on/I the/D financial/J ,/, not/R political/N ,/, drawbacks/N of/I junk/N bonds/N ./.
But/C some/D observers/N believe/V Paramount/N Chairman/N Martin/N Davis/N wanted/V to/T avoid/V the/D possible/J taint/N of/I being/V perceived/V as/I a/D corporate/J raider/N in/I his/P controversial/J bid/N for/I Time/N ./.
In/I the/D end/N ,/, Mr./N Davis/N used/V junk/N bonds/N so/R that/I he/P could/M raise/V Paramount/N 's/P bid/N to/T $/$ 200/C a/D share/N ./.
Some/I _OOV_/J quarterbacks/N said/V the/D initial/J lower/J bid/N ,/, without/I junk/N bonds/N ,/, was/V a/D factor/N in/I his/P losing/V the/D company/N ./.
Time/N eluded/V Paramount/N by/I acquiring/V Warner/N Communications/N Inc/N ./.
The/D success/N of/I the/D _OOV_/J financing/N ,/, and/C the/D failure/N of/I the/D UAL/J deal/N ,/, also/R seem/I to/T highlight/J the/D important/J new/J role/N in/I takeover/N financing/N being/V played/V by/I Japanese/J banks/N ./.
Japanese/V banks/N accounted/V for/I 50/C %/N of/I the/D _OOV_/N bank/N debt/N ,/, according/V to/T a/D report/N by/I Transportation/N Secretary/N Samuel/N _OOV_/N ./.
But/C it/P was/V _OOV_/J rejection/N by/I Japanese/J banks/N that/W helped/V seal/N the/D fate/N of/I the/D attempt/N to/T buy/V UAL/N ./.
_OOV_/N and/C Chase/N are/V attempting/V to/T put/V together/W a/D new/J ,/, lower/J bid/N ./.
_OOV_/N _OOV_/N ,/, chief/J economist/N of/I the/D Institute/N for/I Financial/N Affairs/N Inc./N ,/, a/D Tokyo/J research/N center/N on/I finance/N and/C economics/N ,/, says/V ,/, ``/C The/D junk/N bond/N market/N became/V very/R _OOV_/N ,/, and/C there/V 's/V a/D fear/N of/I a/D coming/V recession/N and/C the/D possible/J bankruptcy/N of/I _OOV_/J companies/N ./.
_OOV_/N Inc./N filed/V suit/N in/I federal/N court/N here/R ,/, alleging/V that/I a/D group/N that/W holds/V _OOV_/N %/N of/I its/P stock/N made/V ``/N false/N ,/, deceptive/J and/C misleading/D ''/' statements/N in/I recent/J regulatory/J filings/N and/C public/J announcements/N ./.
_OOV_/N 's/P complaint/N claims/N that/I the/D group/N ,/, led/V by/I investor/N Malcolm/N _OOV_/N _OOV_/N ,/, violated/V securities/N laws/N by/I failing/V to/T disclose/V plans/V to/T purchase/V 15/C %/N of/I the/D company/N 's/P shares/N outstanding/N and/C that/I when/I the/D required/V Hart-Scott-Rodino/J filing/N eventually/R was/V made/V ,/, it/P did/V n't/R disclose/V the/D group/N 's/P alleged/N earlier/R violation/V of/I the/D so-called/N _OOV_/N requirements/N of/I the/D law/N ./.
Mr./N _OOV_/N could/M n't/R immediately/V be/V reached/V to/T comment/V ./.
But/D when/T _OOV_/C last/J week/N publicly/N questioned/V the/D legality/N of/I the/D group/N 's/P filing/N procedures/N ,/, the/D Rochester/N ,/, N.Y./N ,/, investor/N said/V ``/N we/P complied/V with/I every/D law/N ,/, ''/' and/C he/P denied/V any/D wrongdoing/N ./.
The/D _OOV_/N group/N said/V in/I a/D Securities/N and/C Exchange/N Commission/N filing/N in/I early/J October/N that/I it/P may/M seek/V a/D controlling/J interest/N in/I _OOV_/N ,/, or/C seek/V representation/N on/I the/D company/N 's/P board/N ./.
_OOV_/N has/V said/V it/P does/V n't/R intend/V to/T be/V acquired/V by/I the/D _OOV_/N group/N or/C any/D other/J party/N ./.
Inland/N Steel/N Industries/N Inc./N ,/, battered/J by/I lower/J volume/N and/C higher/J costs/N ,/, posted/V a/D 75/N %/N drop/V in/I third-quarter/J earnings/N ./.
The/D nation/N 's/P _OOV_/N steelmaker/N earned/V $/$ _OOV_/C million/C ,/, or/C 43/C cents/N a/D share/N ,/, compared/V with/I $/$ 61/C million/C ,/, or/C $/$ _OOV_/C a/D share/N ,/, a/D year/N earlier/R ,/, when/W the/D industry/N was/V enjoying/C peak/J demand/N and/C strong/J pricing/N ./.
Sales/N fell/V to/T $/$ _OOV_/C million/C from/I $/$ 1.02/C billion/N ./.
The/D earnings/N also/R mark/V a/D significant/J drop/V from/I the/D second/J quarter/N 's/P $/$ _OOV_/C million/C or/C $/$ 1.25/C a/D share/N ./.
Moreover/N ,/, the/D earnings/N were/V well/R below/I analysts/N '/, expectations/N of/I about/J $/$ _OOV_/C a/D share/N ./.
In/I composite/J trading/N on/I the/D New/N York/N Stock/N Exchange/N ,/, Inland/N closed/V yesterday/R at/I $/$ _OOV_/C a/D share/N ,/, down/R $/$ 1/N ./.
The/D company/N attributed/V the/D earnings/N drop/V to/T lower/I volume/N related/V to/T seasonal/J demand/N and/I the/D soft/N consumer/N durable/J market/N ,/, especially/R in/I the/D automotive/N sector/N ./.
However/R ,/, the/D company/N also/R lost/V orders/N because/I of/I prolonged/V labor/J talks/N in/I the/D second/J quarter/N ./.
Third-quarter/J shipments/N slipped/V 7/C %/N from/I the/D year-ago/J period/N ,/, and/C 17/C %/N from/I this/D year/N 's/P second/J quarter/N ./.
Profit/N of/I steel/N shipped/V for/I the/D company/N 's/P steel/N segment/N slid/V to/T $/$ 26/C a/D ton/N ,/, from/I $/$ 66/C a/D ton/N a/D year/N earlier/R and/C $/$ 57/C a/D ton/N a/D quarter/N earlier/R ./.
Analysts/N noted/V that/I the/D disappointing/J results/N do/V n't/R reflect/V lower/J prices/N for/I steel/N products/N ./.
Charles/N Bradford/N ,/, an/D analyst/N with/I Merrill/N Lynch/N Capital/N Markets/N ,/, said/V higher/J prices/N for/I galvanized/N and/C _OOV_/N products/N offset/V lower/J prices/N for/I bar/N ,/, _OOV_/N and/C structural/J steel/N ./.
Structural/V steel/N ,/, which/W primarily/J serves/V the/D construction/N market/N ,/, was/V especially/R hurt/V by/I a/D 15/N %/N price/N drop/V ,/, Mr./N Bradford/N said/V ./.
The/D company/N said/V its/P integrated/V steel/N sector/N was/V also/R hurt/V by/I higher/J raw/J material/N ,/, repair/V and/C maintenance/N ,/, and/C labor/J costs/N ./.
The/D increased/J labor/J costs/N became/V effective/J Aug./N 1/N under/I terms/N of/I the/D four-year/N labor/N agreement/N with/I the/D United/N _OOV_/N union/N ./.
Meanwhile/I ,/, the/D company/N 's/P service/N center/N segment/N ,/, which/W saw/V operating/V profit/N drop/V to/T $/$ 11.5/C million/C from/I $/$ _OOV_/C million/C a/D year/N ago/I ,/, experienced/V much/R of/I the/D same/J demand/N and/C cost/N problems/N ,/, as/R well/R as/I start-up/J costs/N associated/V with/I a/D coil/N processing/N facility/N in/I Chicago/N and/C an/D upgraded/J computer/N information/N system/N ./.
Inland/N Chairman/N Frank/N W./N _OOV_/N said/V the/D company/N 's/P short-term/N outlook/N is/V ``/N clouded/N by/I uncertainties/N in/I the/D economy/N and/C financial/J markets/N ./. ''/'
However/R ,/, he/P noted/V that/I steel/N mill/N bookings/N are/V up/R from/I early/J summer/J levels/N ,/, and/C that/I he/P expects/V the/D company/N to/T improve/V its/P cost/N performance/N in/I the/D fourth/J quarter/N ./.
In/I the/D first/J nine/N months/N ,/, profit/N was/V $/$ 113/C million/C ,/, or/C $/$ _OOV_/C a/D share/N ,/, on/I sales/N of/I $/$ _OOV_/C billion/N ,/, compared/V with/I $/$ _OOV_/C million/C ,/, or/C $/$ _OOV_/C a/D share/N ,/, on/I sales/N of/I $/$ _OOV_/C billion/N ,/, a/D year/N earlier/R ./.
The/D ``/J seismic/N ''/' activity/N of/I a/D financial/J market/N bears/: a/D resemblance/N to/T the/D seismic/J activity/N of/I the/D earth/N ./.
When/W things/N are/V quiet/J -LRB-/N low/J volatility/N -RRB-/N ,/, the/D structures/N on/I which/D markets/N stand/V can/M be/V relatively/R inefficient/V and/C still/R perform/V their/P functions/N adequately/R ./.
However/R ,/, when/W powerful/J forces/N start/V shaking/V the/D market/N 's/P structure/N ,/, the/D more/J ``/N _OOV_/N ''/' it/P is/V ,/, the/D better/J its/P chance/N for/I survival/N ./.
America/N 's/P financial/J markets/N do/V not/R yet/R have/V all/D the/D required/V modern/J features/N required/V to/T make/V them/P fully/P ``/N _OOV_/N ./. ''/'
Investors/N lack/V equal/J access/N to/T the/D markets/N '/, trading/N arena/N and/C its/P information/N ./.
That/J structural/J lack/N is/V crucial/J because/I investors/N are/V the/D only/R source/V of/I market/N liquidity/N ./.
And/I liquidity/N is/V what/J markets/N need/V to/T damp/J quakes/N and/C aftershocks/N ./.
In/I today/J 's/P markets/N ,/, specialists/N -LRB-/N on/I the/D New/N York/N Stock/N Exchange/N -RRB-/N and/C ``/N upstairs/N ''/' market/N makers/N -LRB-/N in/I the/D over-the-counter/J market/N -RRB-/N are/V the/D only/J market/N participants/N allowed/V to/T play/V a/D direct/J role/N in/I the/D _OOV_/J process/N ./.
When/W they/P halt/V trading/N ,/, all/D market/N liquidity/N is/V gone/V ./.
And/I when/T any/D component/N of/I the/D market/N --/: cash/N ,/, futures/N or/C options/N --/: loses/V liquidity/N ,/, the/D price/N discovery/N system/N -LRB-/N the/D way/N prices/N are/V determined/V -RRB-/N becomes/V flawed/I or/C is/V lost/V entirely/R for/I a/D time/N ./.
Last/J Friday/N the/D 13th/N -LRB-/N as/I well/R as/I two/C years/N ago/I this/D week/N -RRB-/N the/D markets/N became/V _OOV_/N ./.
When/W that/I happened/V ,/, ``/N seismic/N ''/' tremors/N of/I fear/N --/T much/J like/I the/D shock/N waves/P created/V by/I an/D earthquake/N --/: _OOV_/N through/I the/D market/N and/C increased/V the/D market/N 's/P volatility/N ./.
_OOV_/N of/I important/J ,/, needed/V information/N can/M cause/V fear/N ./.
_OOV_/N is/V the/D father/N of/I panic/N ./.
_OOV_/` frequently/I results/N in/I irrational/J behavior/N ./.
And/I in/I financial/J markets/N ,/, irrational/J behavior/N is/V sometimes/R translated/V into/I catastrophe/N ./.
When/D market/N tremors/J start/N ,/, it/P is/V crucial/J that/W as/I much/R information/N about/I transaction/N prices/N and/C the/D _OOV_/J curve/N -LRB-/N buy/V and/J sell/J orders/N at/I various/J prices/N -RRB-/N be/V made/V available/I to/T all/R ,/, not/R just/R to/T market/N makers/N ./.
Because/D of/I a/D lack/N of/I information/N and/C access/N ,/, many/J investors/N --/: including/V the/D very/J ones/N whose/W buying/V power/N could/M restore/V stability/N and/C damp/J volatility/N --/: are/V forced/V to/T stand/V on/I the/D sidelines/N when/W they/P are/V most/I needed/V ,/, because/I of/I their/P ignorance/N of/I important/J market/N information/N ./.
To/T add/V _OOV_/J power/N to/T America/N 's/P markets/N ,/, a/D modern/J ,/, electronic/J trading/N system/N should/M be/V implemented/V that/W permits/V equal/J access/N to/T the/D trading/N arena/N -LRB-/N and/C the/D information/N that/W would/M automatically/R accompany/V such/J access/N -RRB-/N by/I investors/N --/: particularly/V institutional/J investors/N ./.
_OOV_/N to/T some/D opinions/N ,/, the/D trading/N activities/N of/I specialists/N and/C other/J market/N makers/N do/V not/R provide/V liquidity/N to/T the/D market/N as/I a/D whole/P ./.
What/P market/N makers/N provide/V is/V immediacy/N ,/, a/D very/R valuable/J service/N ./.
_OOV_/N is/V not/R a/D service/N ./.
It/P is/V a/D market/N attribute/R --/: the/D ability/N to/T absorb/V selling/V orders/N without/I causing/V significant/J price/N changes/N in/I the/D absence/C of/I news/N ./.
Market/V makers/N buy/V what/J investors/N wish/N to/T sell/V ;/: their/P business/N is/V _OOV_/N these/I unwanted/J positions/N as/I quickly/R as/I possible/J to/T other/J investors/N ,/, and/C at/I a/D profit/N ./.
As/I a/D result/N ,/, while/I any/D one/C customer/N may/M purchase/N immediacy/N by/I selling/V to/T a/D market/N maker/N -LRB-/N which/W is/V _OOV_/N for/I the/D investor/N -RRB-/N ,/, the/D market/N as/I a/D whole/P remains/V in/I the/D same/J circumstances/N it/P was/V before/I the/D transaction/N :/: The/D unwanted/J position/N is/V still/R an/D unwanted/J position/N ;/: only/I the/D identity/N of/I the/D seller/N has/V changed/V ./.
In/I fact/V it/P can/M be/V argued/V that/D increasing/J capital/N commitments/N by/I market/N makers/N -LRB-/C a/D result/N of/I some/D _OOV_/J crash/N studies/N -RRB-/N also/R increases/J market/N volatility/N ,/, since/I the/D more/J securities/N are/V held/V by/I market/N makers/N at/I any/J given/V time/N ,/, the/D more/J selling/V pressure/N is/V overhanging/V the/D market/N ./.
In/I an/D open/J electronic/N system/N ,/, any/D investor/N wishing/V to/T pay/V for/I real-time/N access/N to/T the/D trading/N arena/N through/I a/D registered/V broker-dealer/N would/M be/V able/J to/T see/V the/D entire/D _OOV_/C curve/N -LRB-/N buy/V and/J sell/J orders/N at/I each/D price/N -RRB-/N entered/V by/I dealers/V and/C investors/N alike/C ,/, and/C to/T enter/V and/C execute/V orders/N ./.
Current/N quotations/N would/M reflect/V the/D combined/J financial/J judgment/N of/I all/D market/N participants/N --/: not/P just/R those/D of/I intermediaries/C who/W become/V extremely/V _OOV_/N during/I times/N of/I crisis/N ./.
Investors/N and/C professionals/N alike/C would/V compete/N on/I the/D level/N playing/V field/N Congress/N sought/V and/C called/V a/D ``/N national/J market/N system/N ''/' -LRB-/N not/R yet/R achieved/V -RRB-/N almost/R 15/J years/N ago/I when/T it/P passed/V the/D Securities/N Reform/N Act/N of/I _OOV_/N ./.
Last/J Friday/N 's/P market/N _OOV_/N did/M not/R result/V in/I severe/V ``/J aftershocks/N ./. ''/'
Were/R we/P smart/J or/C just/R lucky/V ?/.
I/P 'm/V not/R certain/J ./.
But/C I/P am/V sure/R we/P need/V to/T maximize/V our/P ``/J earthquake/N ''/' protection/N by/I making/V certain/J that/W our/D market/N structures/N let/P investors/N add/V their/P mighty/J _OOV_/J power/N to/T our/P nation/N 's/P markets/N ./.
Mr./N _OOV_/N is/V chairman/N of/I his/P own/J consulting/N company/N in/I _OOV_/N ,/, N.J/N ./.
NOW/N YOU/. _OOV_/N IT/N ,/, now/R you/P do/V n't/R ./.
The/D recession/N ,/, that/W is/V ./.
The/D economy/N 's/P _OOV_/J steps/N leave/V investors/N wondering/V whether/R things/N are/V slowing/V down/I or/C speeding/V up/I ./.
So/I often/I are/V government/N statistics/N revised/V that/I they/P seem/I to/T resemble/V a/D spinning/N weather/N vane/N ./.
For/I the/D past/J seven/C years/N ,/, investors/N have/V had/V the/D wind/N at/I their/P backs/N ,/, in/I the/D form/N of/I a/D generally/J growing/J economy/N ./.
Some/I may/M have/V forgotten/V --/: and/C some/D younger/J ones/N may/M never/R have/V experienced/J --/' what/W it/P 's/P like/I to/T invest/V during/I a/D recession/N ./.
_OOV_/J tactics/N are/V called/V for/I ,/, as/I losing/V money/N becomes/V easier/J and/C making/V money/N becomes/V tougher/V ./.
For/I those/D investors/N who/W believe/V --/' or/C fear/N --/: that/I 1990/N will/M be/V a/D recession/N year/N ,/, many/J economists/N and/C money/N managers/N agree/V on/I steps/N that/I can/M be/V taken/V to/T lower/I the/D risks/N in/I a/D portfolio/N ./.
In/I a/D nutshell/N ,/, pros/N advise/V investors/N who/W expect/V a/D slowdown/N to/T hold/V fewer/J stocks/N than/I usual/J and/C to/T favor/V shares/N of/I big/J companies/N in/I ``/J defensive/N ''/' industries/N ./.
A/D heavy/J dose/N of/I cash/N is/V prescribed/V ,/, along/I with/I a/D _OOV_/J allotment/N to/T bonds/N --/: preferably/J government/N bonds/N ./.
It/P 's/P tempting/R to/T think/V these/D defensive/N steps/N can/M be/V delayed/V until/I a/D recession/N is/V clearly/R at/I hand/N ./.
But/D that/W may/M not/R be/V possible/J ,/, because/I recessions/N often/R take/V investors/N by/I surprise/V ./.
``/` They/P always/R seem/I to/T come/V a/D bit/N later/J than/I you/P expect/V ./.
When/W they/P do/V hit/V ,/, they/P hit/V fast/R ,/, ''/' says/V David/N A./N _OOV_/N ,/, chief/J financial/J economist/N at/I the/D Data/N Resources/N division/N of/I McGraw-Hill/N Inc/N ./.
Though/V he/P himself/P does/V n't/R expect/V a/D recession/N soon/R ,/, Mr./N _OOV_/N advises/V people/N who/W do/V that/I ``/N the/D best/P thing/N to/T be/V in/I is/V long/I that/D is/V ,/, _OOV_/N to/T 30-year/N Treasury/N bonds/N ./. ''/'
The/D reason/N is/V simple/J ,/, Mr./N _OOV_/N says/V :/P ``/N Interest/J rates/N almost/R always/D decline/N during/I recession/N ./. ''/'
As/I surely/V as/I a/D _OOV_/N tilts/N ,/, falling/V interest/N rates/N force/N up/I the/D price/N of/I previously/R issued/V bonds/N ./.
They/P are/V worth/J more/J because/I they/P pay/V higher/J interest/N than/I newly/N issued/V bonds/N do/V ./.
That/J effect/N holds/V true/J for/I both/J short-term/N and/C long-term/J bonds/N ./.
But/D short-term/J bonds/N ca/M n't/R rise/N too/R much/R ,/, because/I everyone/N knows/V they/P will/M be/V redeemed/V at/I a/D preset/J price/N fairly/V soon/R ./.
_OOV_/J bonds/N ,/, with/I many/J years/N left/V before/I maturity/J ,/, swing/V more/V widely/R in/I price/N ./.
But/C not/R just/R any/D bonds/N will/M do/V ./.
Corporate/J bonds/N ``/N are/V usually/R not/R a/D good/J bet/N in/I a/D recession/N ,/, ''/' Mr./N _OOV_/N says/V ./.
As/I times/N get/V tougher/V ,/, investors/N fret/N about/I whether/R companies/N will/M have/V enough/V money/N to/T pay/V their/P debts/N ./.
This/D hurts/J the/D price/N of/I corporate/J bonds/N ./.
Also/I ,/, he/P notes/N ,/, ``/N most/I corporate/J bonds/N are/V _OOV_/N ./. ''/'
That/J means/N that/I a/D corporation/N ,/, after/I a/D specified/J amount/N of/I time/N has/V passed/V ,/, can/M buy/V back/I its/P bonds/N by/I paying/V investors/N the/D face/N value/N -LRB-/C plus/N ,/, in/I some/D cases/N ,/, a/D sweetener/N -RRB-/N ./.
When/I interest/N rates/N have/V dropped/V ,/, it/P makes/V sense/N for/I corporations/N to/T do/V just/R that/I ;/D they/P then/I save/N on/I interest/N costs/N ./.
But/C the/D investors/N are/V left/V stranded/V with/I money/N to/T _OOV_/N at/I a/D time/N when/T interest/N rates/N are/V _OOV_/N ./.
If/I corporate/J bonds/N are/V bad/J in/I recessions/N ,/, junk/N bonds/N are/V likely/J to/T be/V the/D worst/J of/I all/C ./.
It/P 's/V an/D ``/C absolute/C necessity/N ''/' to/T get/V out/I of/I junk/N bonds/N when/W a/D recession/N is/V in/I the/D _OOV_/N ,/, says/V _OOV_/N _OOV_/N ,/, professor/N of/I finance/N at/I Cornell/N University/N ./.
``/N Such/N bonds/N are/V very/R sensitive/J to/T the/D downside/N ,/, and/C this/I could/M be/V a/D disaster/N ./. ''/'
Municipal/J bonds/N are/V generally/W a/D bit/J safer/J than/I corporate/J bonds/N in/I a/D recession/N ,/, but/R not/R as/I safe/J as/I bonds/N issued/V by/I the/D federal/J government/N ./.
During/I an/D economic/J slump/N ,/, local/J tax/N revenues/N often/R go/V down/R ,/, raising/V the/D risks/N associated/V with/I at/I least/J some/D _OOV_/N ./.
And/R ,/, like/I corporates/N ,/, many/J municipal/J bonds/N are/V _OOV_/N ./.
But/C a/D few/J experts/N ,/, going/V against/I the/D consensus/J ,/, do/V n't/R think/V bonds/N would/M help/V investors/N even/R if/I a/D recession/N is/V in/I the/D _OOV_/N ./.
One/C of/I these/D is/V Jeffrey/N L./N Beach/N ,/, director/N of/I research/N for/I _OOV_/N _OOV_/N &/C Co./N ,/, a/D brokerage/N house/N in/I Houston/N ,/, who/W thinks/V that/I ``/` we/P 're/N either/D in/I a/D recession/N or/C about/I to/T go/V into/I one/C ./. ''/'
What/P 's/P more/R ,/, he/P thinks/V this/R could/M be/V a/D _OOV_/J recession/N than/I usual/J :/: ``/N Once/M the/D downturn/N comes/V ,/, it/P 's/P going/V to/T be/V very/R hard/J to/T reverse/V ./. ''/'
Investors/N ,/, he/P advises/V ,/, ``/N should/M be/V cautious/I ,/, ''/' holding/V fewer/J stocks/N than/I usual/J and/C also/R shunning/V bonds/N ./.
Because/D he/P sees/V ``/N 5/N %/N to/T 6/C %/N base/N rate/N of/I inflation/N in/I the/D economy/N ,/, ''/' he/P doubts/N that/W interest/V rates/N will/M fall/V much/R any/R time/V soon/P ./.
Instead/R ,/, Mr./N Beach/N says/V ,/, investors/N ``/N probably/R should/M be/V carrying/V a/D very/R high/J level/N of/I cash/N ,/, ''/' by/I which/W he/P means/N such/V so-called/N cash/N equivalents/N as/I _OOV_/J funds/N and/C Treasury/J bills/N ./.
_OOV_/N _OOV_/N ,/, president/N of/I _OOV_/N Financial/N Inc./N in/I _OOV_/N ,/, Pa./N ,/, also/R recommends/V that/D investors/N go/V heavily/I for/I cash/N ./.
He/P is/V n't/R sure/R a/D recession/N is/V coming/V ,/, but/R says/V the/D other/J likely/M alternative/V --/: _OOV_/J inflation/N --/: is/V just/R as/I bad/J ./.
``/N This/, late/N in/I an/D expansion/N ,/, ''/' the/D economy/N tends/V to/T veer/V off/I either/C into/I damaging/V inflation/N or/C into/I a/D recession/N ,/, Mr./N _OOV_/N says/V ./.
The/D Federal/N Reserve/N Board/N 's/P plan/N for/I a/D ``/N soft/N landing/V ,/, ''/' he/P says/V ,/, requires/V the/D Fed/N to/T navigate/N ``/N an/D _OOV_/N corridor/N ./. ''/'
A/D soft/N landing/V is/V n't/R something/N that/I can/M be/V achieved/V once/R and/C for/I all/C ,/, Mr./N _OOV_/N adds/V ./.
It/P has/V to/T be/V engineered/V over/I and/C over/I again/P ,/, month/N after/I month/N ./.
He/P believes/V that/I the/D task/N facing/V Fed/N Chairman/N Alan/N Greenspan/N is/V so/R difficult/P that/I it/P resembles/V ``/N juggling/V a/D _OOV_/N ax/N and/C a/D buzz/N saw/V ./. ''/'
And/R ,/, in/I a/D sense/N ,/, that/D 's/P the/D kind/N of/I task/N individuals/N face/N in/I deciding/V what/W to/T do/V about/I stocks/N --/: the/D mainstay/J of/I most/J serious/J investors/N '/P portfolios/N ./.
It/P comes/V down/R to/T a/D question/N of/I whether/R to/T try/V to/T ``/C time/N ''/' the/D market/N ./.
For/I people/N who/W can/M ride/V out/I market/N waves/N through/I good/J times/N and/C bad/J ,/, stocks/N have/V been/V rewarding/I long-term/J investments/N ./.
Most/D studies/N show/V that/D _OOV_/J investors/N historically/V have/V earned/V an/D annual/J return/N from/I stocks/N of/I 9/C %/N to/T 10/C %/N ,/, including/V both/I dividends/N and/C price/N appreciation/N ./.
That/J 's/P well/R above/I what/W bonds/N or/C bank/N certificates/N have/V paid/V ./.
Moreover/N ,/, because/I no/D one/C knows/V for/I sure/J just/R when/W a/D recession/N is/V coming/V ,/, some/D analysts/N think/V investors/N should/M n't/R even/R worry/V too/R much/R about/R timing/I ./.
``/N _OOV_/N to/T time/V the/D economy/N is/V a/D mistake/N ,/, ''/' says/V David/N Katz/N ,/, chief/J investment/N officer/N of/I Value/N Matrix/N Management/N Inc./N in/I New/N York/N ./.
Mr./N Katz/N notes/N that/I some/D economists/N have/V been/V predicting/I a/D recession/N for/I at/I least/J two/C years/N ./.
Investors/N who/W listened/V ,/, and/C lightened/V up/I on/I stocks/N ,/, ``/N have/V just/R hurt/V themselves/P ,/, ''/' he/P says/V ./.
Mr./N Katz/N adds/V that/W people/N who/W jump/N in/I and/C out/I of/I the/D stock/N market/N need/N to/T be/V right/N about/I 70/C %/N of/I the/D time/N to/T beat/V a/D _OOV_/J strategy/N ./.
_OOV_/J trading/N runs/V up/I high/J commission/N costs/N ./.
And/I the/D _OOV_/N might/M miss/I the/D sudden/N _OOV_/N that/I account/N for/I much/J of/I the/D stock/N market/N 's/P gains/V over/I time/N ./.
Still/R ,/, few/J investors/N are/V able/J to/T sit/V tight/V when/T they/P are/V convinced/V a/D recession/N is/V coming/V ./.
After/N all/R ,/, in/I all/C five/C recessions/N since/I _OOV_/N ,/, stocks/N declined/V ./.
According/N to/T _OOV_/N Davis/N ,/, president/N of/I _OOV_/N Davis/N Research/N Inc./N in/I _OOV_/N ,/, _OOV_/N ,/, the/D average/N drop/V in/I the/D Dow/N Jones/N Industrial/N Average/N was/V about/R 21/C %/N ,/, and/C the/D decrease/J began/V an/D average/N of/I six/C months/N before/I a/D recession/N officially/N started/V ./.
By/I the/D time/N a/D recession/N is/V ``/N official/N ''/' -LRB-/C two/C consecutive/J quarters/N of/I declining/N gross/V national/J product/N -RRB-/N ,/, much/R of/I the/D damage/N to/T stocks/N has/V already/R been/V _OOV_/N ,/, in/I the/D typical/J case/N ,/, the/D recession/N is/V already/I half/R over/I ./.
About/N six/C months/N before/I a/D recession/N ends/N ,/, stocks/N typically/R begin/V to/T rise/V again/P ,/, as/I investors/N anticipate/V a/D recovery/N ./.
The/D average/J recession/N lasts/N about/I a/D year/N ./.
Unfortunately/R ,/, though/R ,/, recessions/N vary/V enough/V in/I length/J so/W that/I the/D average/N ca/M n't/R reliably/R be/V used/V to/T guide/V investors/N in/I timing/I stock/N sales/N or/C purchases/N ./.
But/C whatever/I their/P advice/N about/R timing/I ,/, none/R of/I these/D experts/N recommend/V _OOV_/J stocks/N entirely/R during/I a/D recession/N ./.
For/I the/D portion/N of/I an/D investor/N 's/P portfolio/N that/I stays/V in/I stocks/N ,/, professionals/N have/V a/D number/N of/I suggestions/N ./.
Mr./N Katz/N advocates/N issues/N with/I low/J _OOV_/J ratios/N --/: that/I is/V ,/, low/J prices/N in/I relation/N to/T the/D company/N 's/P earnings/N per/I share/N ./.
``/N _OOV_/N _OOV_/N ''/' stocks/N ,/, he/P says/V ,/, vastly/V outperform/V others/J ``/N during/I a/D recession/N or/C bear/N market/N ./. ''/'
In/I good/J times/N ,/, he/P says/V ,/, they/P lag/V a/D bit/N ,/, but/R overall/I they/P provide/V superior/J performance/N ./.
Prof./N _OOV_/N urges/N investors/N to/T discard/V stocks/N in/I small/J companies/N ./.
_OOV_/J shares/N typically/R fall/V more/J than/I _OOV_/J stocks/N in/I a/D recession/N ,/, he/P says/V ./.
And/I in/I any/D case/N ,/, he/P argues/V ,/, stocks/N of/I small/J companies/N are/V ``/N almost/R as/I overpriced/N as/I they/P were/V Sept./N 30/N ,/, 1987/N ,/, just/R before/I the/D crash/N ./. ''/'
For/I example/N ,/, Mr./N _OOV_/N says/V ,/, stocks/N of/I small/J companies/N are/V selling/V for/I about/R 19/N times/V cash/N flow/N ./.
_OOV_/J flow/N ,/, basically/J earnings/N plus/J depreciation/N ,/, is/V one/C common/J gauge/N of/I a/D company/N 's/P financial/J health/N ./P -RRB-/N
That/J ratio/N is/V dangerously/I close/J to/T the/D ratio/N of/I _OOV_/N that/I prevailed/V before/I the/D 1987/N _OOV_/N crash/N ,/, Mr./N _OOV_/N says/V ./.
And/I it/P 's/P way/N above/I the/D ratio/N -LRB-/N _OOV_/N times/V cash/N flow/N -RRB-/- that/I bigger/J companies/N are/V selling/V for/I ./.
Another/D major/J trick/N in/I making/V a/D portfolio/N _OOV_/N is/V choosing/V stocks/N in/I ``/J defensive/N ''/' industries/N ./.
Food/N ,/, tobacco/N ,/, drugs/N and/C utilities/N are/V the/D classic/J examples/N ./.
Recession/N or/C not/R ,/, people/N still/R eat/V ,/, smoke/N ,/, and/C take/V medicine/N when/W they/P 're/V sick/P ./.
George/N _OOV_/N III/N ,/, editor/N of/I _OOV_/N Letter/N in/I Boston/N ,/, offers/N one/C final/J tip/N for/I _OOV_/J investors/N ./.
``/N Keep/R some/D money/N available/V for/I opportunities/N ,/, ''/' he/P says/V ./.
``/N If/I the/D recession/N does/J hit/N ,/, there/R will/M be/V some/D great/J investment/N opportunities/N just/R when/W things/N seem/I the/D blackest/N ./. ''/'
Mr./N Dorfman/N covers/V investing/V issues/N from/I The/D Wall/N Street/N Journal/N 's/P New/N York/N bureau/N ./.
Some/D industry/N groups/N consistently/I weather/N the/D storm/R better/J than/I others/N ./.
The/D following/I shows/V the/D number/N of/I times/N these/D industries/N outperformed/V the/D Standard/N &/C Poor/N 's/P _OOV_/N Index/N during/I the/D first/J six/C months/N of/I the/D past/J seven/C recessions/N ./.
Bond/J prices/N posted/V strong/J gains/N as/I investors/N went/V on/I a/D bargain/N hunt/N ./.
But/C while/I the/D overall/J market/N improved/V ,/, the/D _OOV_/N junk-bond/N market/N continued/V to/T count/V casualties/N ,/, even/R as/I junk-bond/J prices/N rose/V ./.
Yesterday/N ,/, Prudential-Bache/N Securities/N Inc./N said/V it/P postponed/V a/D $/$ _OOV_/C million/C senior/N subordinated/V _OOV_/J offering/N by/I York/N International/N Corp/N ./.
And/I Donaldson/N ,/, Lufkin/N &/C Jenrette/N Securities/N Corp./N scrambled/V to/T restructure/V and/C improve/V the/D potential/N returns/V on/I a/D $/$ _OOV_/C million/C _OOV_/N offering/N by/I Chicago/N &/C North/N Western/N Acquisition/N Corp./N that/I was/V still/R being/V negotiated/V late/V last/J night/N ./.
The/D issue/N by/I Chicago/N &/C North/N Western/N is/V one/C of/I the/D so-called/N good/J junk-bond/N offerings/N on/I the/D _OOV_/J calendar/N ./.
Some/I analysts/N said/V the/D restructuring/N of/I the/D railroad/N concern/N 's/P issue/N shows/V how/M tough/J it/P is/V for/I underwriters/N to/T sell/V even/V the/D junk/N bonds/N of/I a/D company/N considered/V to/T be/V a/D relatively/N good/J credit/N risk/N ./.
Since/I last/J week/N 's/P junk-bond/N market/N debacle/V ,/, many/J new/J issues/N of/I high-yield/N ,/, high-risk/N corporate/J bonds/N have/V either/D been/V scaled/V back/R ,/, delayed/V or/C dropped/V ./.
On/R Wednesday/N ,/, Drexel/N Burnham/N Lambert/N Inc./N had/V to/T slash/I the/D size/N of/I Continental/N Airlines/N '/P junk-bond/J offering/N to/T $/$ 71/C million/C from/I $/$ 150/C million/C ./.
Salomon/N Brothers/N Inc./N has/V delayed/V Grand/N Union/N Co./N 's/P $/$ _OOV_/C billion/N junk-bond/N offering/N while/I it/P _OOV_/N the/D transaction/N ./.
Last/J week/N ,/, the/D Grand/N Union/N offering/V was/V sweetened/J to/T include/V warrants/N that/I allow/V _OOV_/N to/T acquire/V common/J stock/N ./.
Prudential-Bache/N said/V the/D York/J issue/N was/V delayed/V because/I of/I market/N conditions/N ./.
``/N Everything/N is/V going/J through/I _OOV_/C right/N now/R ,/, and/C -LCB-/N Chicago/N &/C North/N Western/N -RCB-/N is/V no/D exception/N ,/, ''/' said/V _OOV_/N _OOV_/N ,/, vice/J president/N ,/, high-yield/N research/N ,/, at/I _OOV_/N ./.
_OOV_/J managers/N say/V sweeteners/N like/I equity/N kickers/N and/C stricter/J protective/J covenants/D may/M increasingly/R be/V required/V to/T sell/V junk-bond/N deals/V ./.
Dan/N _OOV_/N ,/, managing/N director/N of/I high-yield/J investments/N at/I Chancellor/N Capital/N Management/N ,/, said/V the/D Chicago/N &/C North/N Western/N offering/N was/I restructured/N in/I part/N because/I ``/J several/J large/J insurance/N buyers/N right/N now/R are/V demanding/V equity/N as/I part/V of/I the/D package/N ./.
If/I you/P 're/V going/V to/T take/V the/D risk/N in/I this/D market/N ,/, you/P want/V something/N extra/R ./. ''/'
Mr./N _OOV_/N likes/I the/D offering/N ./.
But/D several/J mutual-fund/J managers/N ,/, nervous/N about/I the/D deteriorating/J quality/N of/I their/P junk-bond/N portfolios/N and/C shy/J about/I buying/V new/J issues/N ,/, said/V they/P 're/V staying/V away/R from/I any/D junk/N security/N that/W is/V n't/R considered/V first/J rate/N for/I its/P class/N ./.
While/I they/P consider/V the/D Chicago/N &/C North/N Western/N issue/N to/T be/V good/J ,/, they/P do/V n't/R view/V it/P as/I the/D best/N ./.
To/P lure/V buyers/N to/T the/D Chicago/N &/C North/N Western/N bonds/N ,/, portfolio/N managers/N said/V Donaldson/N Lufkin/N sweetened/N the/D transaction/N by/I offering/V the/D bonds/N with/I a/D _OOV_/J interest/N rate/N and/C a/D 10/N %/N equity/N kicker/N ./.
The/D bonds/N are/V expected/V to/T have/V a/D 14/N %/N coupon/N rate/N ./.
The/D equity/N arrangement/V apparently/R would/M allow/V _OOV_/N to/T buy/V a/D total/N of/I 10/C %/N of/I the/D stock/N of/I _OOV_/N Corp./N ,/, Chicago/N &/C North/N Western/N 's/P parent/N company/N ./.
Donaldson/N Lufkin/N declined/V to/T comment/V on/I the/D restructuring/N ./.
According/N to/T some/D analysts/N familiar/J with/I the/D negotiations/N ,/, the/D 10/N %/N of/I equity/N would/M come/V directly/R from/I Donaldson/N Lufkin/N and/C a/D fund/N affiliated/N with/I the/D investment/N bank/N _OOV_/N Group/N ,/, which/W would/M reduce/V their/P _OOV_/N equity/N holdings/N by/I 5/C %/N each/D ./.
That/J would/M leave/V the/D _OOV_/J fund/N with/I a/D 60/N %/N stake/N and/C Donaldson/N Lufkin/N with/I 15/C %/N ./.
Despite/I the/D problems/N with/I new/J issues/N ,/, high-yield/J bonds/N showed/V gains/N in/I the/D secondary/N ,/, or/C resell/N ,/, market/N ./.
_OOV_/J bonds/N ended/V about/R one-half/J point/N higher/R with/I so-called/N high-quality/N issues/N from/I RJR/N Capital/N Holdings/N Corp./N and/C _OOV_/N Gas/N Service/N Limited/N _OOV_/N rising/V one/C point/N ./.
In/I the/D Treasury/J market/N ,/, the/D benchmark/J 30-year/N bond/N rose/V _OOV_/J point/N ,/, or/C $/$ 8.75/N for/I each/D $/$ 1,000/J face/N amount/N ./.
The/D gain/N reflects/V fresh/J economic/J evidence/N that/I inflation/N is/V moderating/V while/I the/D economy/N slows/V ./.
That/J raised/V hopes/V that/D interest/N rates/N will/M continue/V to/T move/V lower/J ./.
The/D Labor/N Department/N reported/V that/D consumer/J prices/N rose/V just/R 0.2/` %/N last/J month/N ,/, slightly/I lower/J than/I some/D economists/N had/V expected/V ./.
But/D there/E were/V also/R rumors/V yesterday/N that/I several/J Japanese/J institutional/J investors/N were/V shifting/V their/P portfolios/N and/C buying/V long-term/J bonds/N while/I selling/V _OOV_/N Treasurys/N ./.
Short-term/N Treasury/N securities/N ended/V narrowly/I mixed/V ,/, with/I two-year/J notes/N posting/V slight/C declines/N while/I three-year/J notes/N were/V slightly/I higher/R ./.
Yesterday/N ,/, the/D Fed/N executed/V four-day/N matched/V sales/N ,/, a/D technical/J trading/N operation/N designed/V to/T drain/V reserves/N from/I the/D banking/N system/N ./.
The/D move/N was/V interpreted/V by/I some/D economists/N as/I a/D sign/N that/I the/D Fed/N does/V n't/R want/V the/D federal/N funds/N rate/N to/T move/V any/D lower/J than/I the/D 8/N %/N at/I which/W it/P has/V been/V hovering/V around/J during/I the/D past/J week/N ./.
The/D closely/N watched/V funds/N rate/N is/V what/J banks/N charge/V each/D other/J on/I overnight/V loans/N ./.
It/P is/V considered/V an/D early/J signal/N of/I Fed/J credit/N policy/N changes/N ./.
``/` The/D fact/N that/I they/P did/V four-day/N matched/V sales/N means/N they/P are/V not/R in/I a/D mood/N to/T ease/J aggressively/N ./.
They/P are/V telling/V us/R that/W -LCB-/N 8/N %/N -RCB-/N is/V as/I low/J as/I they/P want/V to/T see/V the/D fed/V funds/N rate/N ,/, ''/' said/V Robert/N _OOV_/N at/I _OOV_/N Bank/N PLC/N ./.
The/D benchmark/J 30-year/N bond/N was/V quoted/V late/N at/I a/D price/N of/I 101/N to/T yield/V _OOV_/C %/N ,/, compared/V with/I 100/N to/T yield/V _OOV_/C %/N Wednesday/N ./.
The/D latest/J 10-year/J notes/N were/V quoted/V late/N at/I 100/N to/T yield/V _OOV_/C %/N ,/, compared/V with/I 99/N to/T yield/V _OOV_/C %/N ./.
Short-term/J rates/N rose/V yesterday/N ./.
The/D discount/N rate/N on/I three-month/N Treasury/N bills/N rose/V to/T _OOV_/C %/N from/I _OOV_/C %/N Wednesday/N ,/, while/I the/D rate/N on/I six-month/J bills/N rose/V to/T _OOV_/C %/N from/I _OOV_/C %/N ./.
Meanwhile/I ,/, the/D Treasury/N sold/V $/$ _OOV_/C billion/N of/I _OOV_/J bills/N yesterday/N ./.
The/D average/N yield/V on/I the/D bills/N was/V _OOV_/C %/N ,/, down/R from/I _OOV_/C %/N at/I the/D previous/J _OOV_/J bill/N auction/N Sept./N 21/N ./.
Yesterday/N 's/P yield/V was/V the/D lowest/J since/I _OOV_/C %/N on/I July/N 27/N ./.
Here/N are/V details/N of/I the/D auction/N :/:
Rates/N are/V determined/V by/I the/D difference/N between/I the/D purchase/N price/N and/C face/N value/N ./.
Thus/R ,/, higher/J bidding/N narrows/V the/D investor/N 's/P return/N while/I lower/J bidding/N widens/V it/P ./.
The/D percentage/N rates/N are/V calculated/V on/I a/D 360-day/J year/N ,/, while/I the/D coupon-equivalent/N yield/V is/V based/V on/I a/D 365-day/J year/N ./.
_OOV_/N bond/N price/N climbed/V yesterday/N despite/V skittishness/N in/I the/D _OOV_/J market/N for/I high-yield/J securities/N ./.
Dealers/N said/V junk/V bond/N issues/N on/I average/N were/V up/I by/I to/T point/N with/I so-called/N quality/N issues/N from/I RJR/N Capital/N Holdings/N Corp./N and/C _OOV_/N Gas/N Service/N Limited/N _OOV_/N posting/N _OOV_/N gains/N ./.
_OOV_/N Gas/N Service/N 's/P 13/N %/N debentures/N traded/V at/I 102/N ,/, after/I trading/N around/R par/J earlier/R this/D week/N ,/, and/C RJR/N 's/P 13/N %/N subordinated/V debentures/N of/I 2001/N were/V at/I 101/N after/I trading/N at/I below/I par/J earlier/R this/D week/N ./.
Investment-grade/J bonds/N were/V unchanged/J ./.
Activity/N was/V brisk/J in/I the/D _OOV_/N general/J obligation/N market/N ,/, as/I a/D series/N of/I sell/J lists/N hit/V the/D Street/N and/C capped/V upward/J price/N movement/N in/I the/D sector/N ./.
Traders/N estimated/V that/I more/J than/I $/$ 140/C million/C of/I _OOV_/J bonds/N was/V put/V up/I for/I sale/N via/I _OOV_/J lists/N circulated/V by/I a/D handful/N of/I major/J brokers/N ./.
There/E was/V speculation/V that/I the/D supply/N was/V coming/V from/I a/D commercial/J bank/N 's/P portfolios/N ./.
According/N to/T market/N participants/N ,/, the/D bonds/N were/V met/V with/I decent/J bids/N ,/, but/C the/D volume/N of/I paper/N left/V high/J grades/N in/I the/D 10-year/N and/C under/I maturity/J range/N unchanged/J to/T _OOV_/J percentage/N point/N higher/R in/I yield/V ./.
_OOV_/N from/I the/D general/J obligation/N sector/N ,/, activity/N was/V modest/J ./.
Long/J dollar/N bonds/N were/V flat/N to/T up/I point/N ./.
New/N Jersey/N _OOV_/N Authority/N 's/P 7.20/N %/N issue/N of/I _OOV_/N was/V up/R at/I 98/J bid/N to/T yield/V about/R 7.32/C %/N ,/, down/R _OOV_/J percentage/N point/N ./.
The/D debt/N of/I some/D California/N issuers/N pulled/V off/I lows/V reached/V after/J Tuesday/N 's/P massive/I earthquake/N ,/, although/V traders/N said/V market/N participants/N remained/V cautious/I ./.
California/N expects/V to/T rely/V on/I federal/N emergency/N funds/N and/C its/P $/$ _OOV_/C billion/N in/I general/J fund/N reserves/N to/T meet/V the/D estimated/V $/$ 500/C million/C to/T $/$ 1/C billion/N in/I damages/N resulting/V from/I the/D quake/N ,/, according/V to/T a/D state/N official/N ./.
It/P 's/P also/R unclear/V precisely/W how/W the/D state/N will/M rebuild/V its/P reserve/N ,/, said/V _OOV_/N Katz/N ,/, assistant/N director/N of/I California/N 's/P department/N of/I finance/N ,/, although/V she/P noted/V that/I a/D bond/J offering/N for/I that/D purpose/N is/V n't/R anticipated/V ./.
Meanwhile/I ,/, new/J issuance/J was/I slow/J ./.
The/D largest/J sale/N in/I the/D competitive/J arena/N was/V a/D $/$ _OOV_/C million/C issue/N of/I school/N financing/N bonds/N from/I the/D _OOV_/N Public/N School/N Authority/N ./.
A/D balance/N of/I $/$ _OOV_/C million/C remained/V in/I late/N _OOV_/N ,/, according/V to/T the/D lead/J manager/N ./.
Mortgage/N securities/N generally/R ended/V to/T point/N higher/R ,/, but/R lagged/V gains/N in/I the/D Treasury/J market/N because/I of/I a/D shift/N in/I the/D shape/N of/I the/D Treasury/N yield/V curve/N and/C rumored/D mortgage/N sales/N by/I thrifts/N ./.
Premium/N Government/N National/N Mortgage/N Association/N securities/N with/I coupon/N rates/N of/I 13/C %/N and/C higher/I actually/R declined/V amid/R concerns/N about/R increased/V prepayments/N because/I of/I a/D plan/N being/V considered/V by/I Congress/N to/T speed/N the/D refinancing/N of/I _OOV_/J mortgages/N ./.
Ginnie/N Mae/N 13/N %/N securities/N were/V down/R about/R at/I _OOV_/N ./.
If/I the/D refinancing/N plan/N clears/J Congress/N ,/, there/V could/M be/V fairly/V heavy/J prepayments/N on/I the/D premium/N securities/N ,/, hurting/J any/D investor/N paying/V much/R above/R par/J for/I them/P ./.
In/I the/D _OOV_/J sector/N ,/, a/D shift/N in/I the/D Treasury/N yield/V curve/N resulting/V from/I the/D better/J performance/N of/I _OOV_/J issues/N over/I _OOV_/J securities/N hurt/V major/J coupons/N because/I it/P will/M become/V more/J difficult/P to/T structure/V new/J derivative/N securities/N offerings/N ./.
Ginnie/N Mae/N 9/N %/N securities/N ended/V at/I 98/N ,/, up/R 9/N ,/, 9/C %/N
%/N to/T a/D 12-year/J average/N life/N assumption/N ,/, as/I the/D spread/V above/I the/D Treasury/N 10-year/N note/N widened/V _OOV_/J percentage/N point/N to/T _OOV_/N ./.
While/I Remic/J issuance/N may/M slow/J in/I the/D coming/V days/N because/I of/I the/D shift/N in/I the/D Treasury/N yield/V curve/N ,/, underwriters/N continued/V to/T crank/N out/I new/I real/J estate/N mortgage/N investment/N conduits/N structured/I when/T the/D yield/V curve/N was/V more/R favorable/V ./.
Two/N new/I _OOV_/N totaling/N $/$ 900/C million/C were/V announced/V by/I Freddie/N Mac/N yesterday/N ./.
British/J government/N bonds/N ended/V little/R changed/V as/I investors/N awaited/V an/D economic/J policy/N address/N last/J night/N by/I Chancellor/N of/I the/D _OOV_/N Nigel/N _OOV_/N ./.
The/D Treasury/N 11/N %/N bond/N due/V was/V down/R at/I 111/N to/T yield/V _OOV_/C %/N ,/, while/I the/D 11/N %/N notes/N due/V 1991/N were/V unchanged/J at/I 98/N to/T yield/V _OOV_/C %/N ./.
In/I Japan/N ,/, the/D bellwether/N No./J 111/N 4.6/N %/N bond/N of/I 1998/N ended/V off/I _OOV_/N at/I _OOV_/N ,/, to/T yield/V _OOV_/C %/N ,/, and/C in/I West/N Germany/N ,/, the/D 7/N %/N benchmark/J issue/N due/V October/N 1999/N ended/V _OOV_/C point/V lower/V at/I _OOV_/N to/T yield/V _OOV_/C %/N ./.
