``/N We/N 're/V strongly/N _OOV_/N that/V anyone/V who/V has/I eaten/N in/I the/D _OOV_/N this/D month/N have/V the/D shot/N ,/, ''/N Mr./N _OOV_/N added/N ,/, ``/N and/N that/V means/N virtually/V everyone/V who/V works/N here/V ./.
I/N was/I _OOV_/N to/T read/V the/D _OOV_/N of/I facts/N in/I your/P Oct./N 13/N editorial/N ``/N _OOV_/N 's/. _OOV_/N _OOV_/N ./. ''/N
It/N is/V the/D _OOV_/N _OOV_/N who/V are/V _OOV_/N with/I the/D drug/N traffickers/N ,/, not/V the/D left/V wing/V ./.
This/N information/N was/I _OOV_/N from/I your/P own/D news/N stories/V on/I the/D region/N ./.
_OOV_/N _OOV_/N government/N _OOV_/N of/I the/D ``/N _OOV_/N ''/N was/I due/V to/V the/D drug/N _OOV_/N '/N history/N of/I _OOV_/N out/V _OOV_/N in/I the/D _OOV_/N ./.
Mary/N _OOV_/N Palo/N Alto/N ,/, Calif/N ./.
I/N suggest/V that/D The/N Wall/N Street/N Journal/N -LRB-/N as/I well/V as/I other/I U.S./N news/N publications/N of/I like/N mind/V -RRB-/N should/V put/T its/D money/N where/V its/I mouth/N is/V :/, _OOV_/N computer/N equipment/N to/T replace/V that/V damaged/N at/D El/N _OOV_/N ,/, buy/N ad/N space/N ,/, publish/N stories/V under/N the/D _OOV_/N of/I El/N _OOV_/N journalists/N ./.
Perhaps/N an/D arrangement/I could/V be/D worked/N out/V to/T ``/N sponsor/N ''/N El/N _OOV_/N journalists/N and/I staff/N by/I paying/N for/I added/N security/N in/I exchange/N for/I exclusive/N stories/V ./.
_OOV_/N El/N _OOV_/N 's/, courage/V with/I real/D support/N ./.
Douglas/N B./N Evans/N
_OOV_/N Co/N ./. -LRB-/N Atlanta/N -RRB-/N --/, _OOV_/N _OOV_/N and/N George/N _OOV_/N were/I elected/V vice/N _OOV_/N of/I this/D _OOV_/N company/N ./.
Mr./N _OOV_/N ,/, 46/N years/N old/V ,/, is/V the/D company/N 's/. director/N of/I quality/N assurance/N ;/, most/I recently/N ,/, he/P served/N as/D vice/N president/N ,/, operations/N ,/, for/N Coca-Cola/N _OOV_/N ./.
Mr./N _OOV_/N ,/, 48/N ,/, is/V manager/N for/N corporate/N manufacturing/N operations/N ;/, he/V was/I assistant/N vice/N president/N at/I the/D company/N ./.
In/N the/D wake/N of/I a/I slide/N in/I sterling/N ,/, a/D tailspin/N in/I the/D stock/N market/N ,/, and/N a/D string/N of/I _OOV_/N economic/N _OOV_/N ,/, British/N Chancellor/N of/I the/D _OOV_/N Nigel/N _OOV_/N promised/V gradual/N improvement/N in/I the/D U.K./N economy/N ./.
In/N a/D speech/N prepared/N for/I delivery/N to/T London/N 's/. financial/N community/N ,/, Mr./N _OOV_/N _OOV_/N up/V current/N economic/N policy/N as/I a/D battle/V to/T _OOV_/N inflation/N out/V of/I the/D British/N economy/N ,/, using/N high/N interest/N rates/N as/D ``/N the/D essential/N _OOV_/N ''/N to/T carry/V out/V the/D campaign/N ./.
Two/N weeks/V after/V _OOV_/N base/N rates/N to/T 15/N %/N ,/, he/P _OOV_/N that/D ``/N rates/N will/V have/V to/V remain/T high/N for/N some/V time/V to/V come/V ./. ''/.
Mr./N _OOV_/N also/N made/V it/V clear/V that/V he/V would/V be/V watching/N exchange/N rates/N carefully/V ./.
A/N sinking/N pound/N makes/V imports/N more/V expensive/N and/N increases/N businesses/N '/N expectations/I of/I future/N inflation/N ,/, he/P argued/I ./.
In/N an/I apparent/I warning/V to/V currency/N traders/N who/V have/V lately/V been/V selling/N the/D British/N currency/N ,/, he/P stated/V that/I the/D exchange/N rates/N will/V have/V a/D ``/N major/I role/I in/I the/D assessment/N of/I monetary/N conditions/N ./. ''/N
In/N _OOV_/N the/D current/N monetary/N policy/N of/I using/N high/N interest/N rates/N to/V fight/V inflation/N and/N shore/N up/V the/D pound/N ,/, Mr./N _OOV_/N _OOV_/N other/N approaches/N to/T managing/N the/D economy/N ./.
He/N said/V he/P _OOV_/N the/D _OOV_/N figures/N ,/, but/V does/V n't/, give/V them/V _OOV_/N importance/V ,/, as/I some/V private/N and/N government/N economists/N have/V suggested/N ./.
Mr./N _OOV_/N also/N _OOV_/N the/D possibility/N of/I imposing/I direct/N credit/N controls/N on/I Britain/N 's/. financial/N system/N ./.
Mr./N _OOV_/N 's/. speech/N ,/, delivered/V at/I the/D Lord/N Mayor/N of/I London/N 's/, annual/N dinner/V at/I _OOV_/N House/N ,/, came/V on/I the/D heels/N of/I a/D _OOV_/N period/N for/I the/D U.K./N economy/N ./.
Two/N weeks/V ago/N ,/, in/I a/D campaign/N to/T _OOV_/N inflation/N at/I home/N and/N arrest/N a/D world-wide/N plunge/N in/I the/D pound/N ,/, he/V raised/V base/N rates/N a/D full/I percentage/N point/V to/V 15/N %/N ./.
Despite/N the/D increase/N ,/, the/D British/N currency/N slid/N below/N a/D perceived/N _OOV_/N of/I three/N marks/N early/N last/N week/N ./.
It/N was/V quoted/N at/I _OOV_/N marks/N in/I late/N New/N York/N trading/N Wednesday/N ./.
_OOV_/N up/V to/V the/D speech/N was/V a/D _OOV_/N of/I economic/N statistics/N suggesting/V that/I the/D British/N war/N on/I inflation/N will/V be/V more/V _OOV_/N than/V previously/I assumed/I ./.
_OOV_/N in/I September/N dropped/N to/T _OOV_/N ,/, the/D lowest/N level/N since/N 1980/N ./.
While/N lower/D _OOV_/N is/V generally/V good/V news/N ,/, the/D hefty/N drop/V last/N month/N indicates/N that/I the/D economy/N is/V n't/, slowing/N down/V as/I much/V as/I hoped/N --/, despite/I a/D _OOV_/N of/I interest/N rates/N over/I the/D last/N 16/N months/N ./.
Meanwhile/N ,/, average/N earnings/N in/I Britain/N were/V up/V 8.75/N %/N in/I August/N over/I the/D previous/D year/N ./.
Another/N _OOV_/N sign/N came/I in/I a/D surge/N in/I _OOV_/N lending/N to/V a/D record/N #/N _OOV_/N billion/N -LRB-/N $/N _OOV_/N billion/N -RRB-/N last/N month/N ,/, a/D much/V higher/V level/N than/V economists/N had/V predicted/N ./.
In/N a/D separate/I speech/N prepared/N for/I delivery/N at/I the/D dinner/N ,/, Robin/N _OOV_/N ,/, Bank/N of/D England/N governor/N ,/, conceded/N that/D ``/N demand/N pressures/N were/V even/V more/V buoyant/N than/V had/V been/V appreciated/N ''/N when/V the/D British/N economy/N was/I heating/N up/V last/N year/N ./.
He/N added/N that/D ``/N there/V 's/, no/I _OOV_/N solution/N ''/N to/T the/D economic/N woes/N ,/, and/N said/V ``/N tight/I monetary/N policy/N is/V the/I right/V approach/N ./. ''/N
_OOV_/N the/D recent/N slide/I in/I stock/N prices/N ,/, the/D central/N bank/N governor/N stated/N that/D ``/N the/D markets/N now/V appear/V to/V have/V _OOV_/N ''/N after/I the/D ``/N nasty/N jolt/N ''/N of/I the/D _OOV_/N plunge/N in/I the/D Dow/N Jones/N Industrial/N Average/N a/D week/N ago/N ./.
Although/N the/D New/N York/N market/N plunge/N prompted/N a/D _OOV_/N drop/V in/I the/D London/N Financial/N Times-Stock/N Exchange/N 100/N Share/N Index/N ,/, Mr./N _OOV_/N declared/N ``/N that/I the/D experience/N owed/N nothing/V to/V the/D particular/D problems/N of/I the/D British/N economy/N ./. ''/N
_OOV_/N ,/, he/V pointed/D out/V that/V compared/I with/I the/D U.S./N market/N ,/, the/D U.K./N has/N far/V fewer/V highly/N leveraged/N junk-bond/N _OOV_/N ./.
_OOV_/N future/N monetary/N arrangements/N ,/, Mr./N _OOV_/N repeated/I the/D Thatcher/N government/N 's/. commitment/N to/V join/V the/D exchange/N rate/N mechanism/N of/I the/D European/N _OOV_/N System/N ,/, but/V he/V did/V n't/, indicate/V when/V ./.
C./N Olivetti/N &/N Co./N ,/, claiming/V it/V has/I won/N the/D race/N in/I Europe/N to/V introduce/I computers/N based/N on/I a/D powerful/I new/I microprocessor/N chip/N ,/, unveiled/N its/I _OOV_/N computer/N yesterday/N ./.
The/N product/N is/V the/D first/N from/I a/D European/N company/N based/N on/I Intel/N Corp./N 's/, new/I _OOV_/N _OOV_/N microprocessor/N ,/, which/D works/N several/D times/N faster/D than/V previously/I available/N chips/N ./.
Hewlett-Packard/N Co./N became/I the/D first/J company/N world-wide/N to/V announce/N a/D product/N based/N on/I the/D chip/N earlier/N this/D month/N ,/, but/V it/V wo/, n't/, start/V shipping/N the/D computers/N until/N early/V next/N year/N ./.
An/N Olivetti/N spokesman/N said/V the/D company/N 's/. _OOV_/N are/V already/V beginning/N to/V produce/V the/D machine/N ,/, and/N that/V it/V should/V be/D available/N in/I Europe/N by/I December/N ./.
``/N What/N this/D means/V is/V that/D _OOV_/N will/V have/V these/D machines/N in/I their/V offices/N before/V Americans/N do/P ,/, ''/N the/D spokesman/N said/V ./.
The/N new/I chip/N ``/N is/V a/I very/V big/V step/I in/I computing/N ,/, and/N it/V is/V important/N that/D Olivetti/N be/V one/N of/I the/D first/N out/V on/I the/D market/N with/I this/D product/N ,/, ''/, said/V _OOV_/N _OOV_/N Davis/N ,/, an/D analyst/N at/I James/N _OOV_/N &/N Co./N in/I London/N ./.
Executives/N at/I Olivetti/N ,/, whose/D earnings/N have/V been/V steadily/N sliding/N over/I the/D past/V couple/V of/I years/N ,/, have/V acknowledged/V that/I in/I the/D past/V they/V have/V _OOV_/N at/I getting/V new/I technology/N to/T market/N ./.
Ms./N Davis/N said/V the/D new/I machines/N could/V steal/V some/V sales/N away/V from/I Olivetti/N 's/. own/D _OOV_/N ,/, but/V would/V bring/V new/I sales/N among/I professionals/N such/N as/D engineers/N ,/, _OOV_/N and/N medical/N doctors/N ./.
Although/N Olivetti/N 's/P profits/N tumbled/N 40/N %/N in/I the/D first/N half/N of/I this/D year/N ,/, she/V believes/V Olivetti/N 's/. restructuring/N last/N fall/V and/N its/N introduction/N of/I new/N products/N will/V begin/V to/V bear/N fruit/N with/D an/D earnings/N rebound/N next/V year/N ,/, especially/V if/V it/V can/V _OOV_/N its/N promise/V to/T deliver/V the/D new/I machines/N by/I December/N ./.
``/N We/N think/V the/D worst/V is/V over/I ''/N in/I the/D European/N _OOV_/N market/N ,/, she/P said/V ./.
Depending/N on/I the/D type/N of/I software/N and/N _OOV_/N used/N ,/, the/D machines/N can/V serve/V either/V as/I the/D main/N computer/N in/I a/D network/N of/I many/J _OOV_/N -LRB-/N a/D role/I usually/V filled/V by/I a/D _OOV_/N -RRB-/N ,/, as/I a/D technical/N workstation/N or/V as/I a/D very/V fast/V personal/N computer/N ./.
``/N It/N 's/, the/D missing/N link/N ''/N in/I Olivetti/N 's/. product/N line/I between/I small/N personal/N computers/N and/N _OOV_/N _OOV_/N ,/, the/D Olivetti/N spokesman/N said/V ./.
He/N added/N that/D Olivetti/N will/V continue/V making/I its/I _OOV_/N _OOV_/N line/I ./.
The/I machines/N will/V cost/N around/N $/N _OOV_/N on/I average/N in/I Europe/N ./.
The/N Intel/N _OOV_/N chip/N can/V process/N 15/N million/N instructions/N per/N second/N ,/, or/V _OOV_/N ,/, while/I Intel/N 's/. previous/D _OOV_/N chip/N could/T handle/V only/D 3/N to/T 6/N _OOV_/N ./.
Olivetti/N also/N plans/N to/T sell/N the/D _OOV_/N computer/N in/I the/D U.S./N starting/I next/N year/N through/I Olivetti/N USA/N and/N through/V its/I _OOV_/N unit/N ,/, which/D _OOV_/N in/I _OOV_/N _OOV_/N networks/N ./.
_OOV_/N Inc./N said/V it/V received/N approval/N from/I the/D French/N government/N for/N its/N proposed/N $/N _OOV_/N million/N acquisition/N of/I _OOV_/N _OOV_/N ./.
The/N approval/N _OOV_/N the/D remaining/I conditions/N of/I the/D purchase/N ,/, which/D is/V expected/N to/V close/I within/D two/N weeks/N ./.
_OOV_/N ,/, the/D second-largest/N maker/N of/I food/, cans/N in/I France/N ,/, had/V 1988/N sales/N of/I $/N 150/N million/N ./.
_OOV_/N has/I _OOV_/N workers/N at/I four/N canning/N manufacturing/N plants/N and/I one/N plastic/N _OOV_/N facility/N ./.
_OOV_/N makes/V flexible/N packaging/N films/N and/N machinery/N ,/, and/N materials/N for/N the/D food/, and/N pharmaceutical/N industries/N ./.
Social/N Security/N benefits/N will/V rise/I _OOV_/N %/N next/V year/N to/T keep/V pace/I with/D inflation/N ,/, _OOV_/N the/D average/N monthly/N benefit/N to/T $/N _OOV_/N from/I $/N _OOV_/N ,/, the/D Department/N of/I Health/N and/N _OOV_/N Services/N announced/N ./.
The/N higher/N payments/N will/V start/V with/D Social/N Security/N checks/N received/N on/I Jan./N 3/N ,/, 1990/N ./.
_OOV_/N Security/N Income/N payments/N to/V the/D _OOV_/N also/N will/V rise/I _OOV_/N %/N ,/, starting/N with/I checks/N received/N on/I Dec./N 29/N ,/, 1988/N ,/, increasing/N the/D maximum/N _OOV_/N payment/N to/T $/N _OOV_/N from/I $/N _OOV_/N a/D month/N ./.
The/N inflation/N adjustment/N also/N means/V that/I the/D maximum/N annual/I level/N of/I earnings/N subject/N to/V the/D wage/N tax/N that/D _OOV_/N revenue/N for/I the/D Social/N Security/N trust/N fund/N will/V rise/I to/T $/N _OOV_/N in/I 1990/N from/I $/N _OOV_/N this/D year/N ./.
As/N mandated/N by/D law/N ,/, the/D tax/N rate/N will/V rise/I to/T _OOV_/N %/N in/I 1990/N from/I _OOV_/N %/N and/N wo/V n't/, rise/I any/V further/N in/I the/D future/N ./.
This/N means/V that/I the/D maximum/N yearly/N Social/N Security/N tax/N paid/V by/I workers/N and/I employers/N each/V will/V rise/I $/N _OOV_/N next/V year/N to/T $/N _OOV_/N ./.
_OOV_/N aged/N 65/N through/I 69/N will/P be/V able/V to/T earn/V $/N _OOV_/N without/V losing/I any/D Social/N Security/N benefits/N in/I 1990/N ,/, up/V from/I $/N _OOV_/N this/D year/N ./.
The/N _OOV_/N amount/N for/I _OOV_/N under/N 65/N will/V rise/I to/T $/N _OOV_/N from/I $/N _OOV_/N ./.
The/N _OOV_/N reflect/I the/D increase/N in/I the/D consumer/N price/N index/N for/I urban/N wage/N _OOV_/N and/N _OOV_/N workers/N from/I the/D third/N quarter/N of/I last/N year/N to/V the/D third/N quarter/N of/I this/D year/N ./.
_OOV_/N companies/N should/V get/P _OOV_/N in/I the/D third/N quarter/N ./.
_OOV_/N houses/N are/N expected/V to/D report/N earnings/N increases/N of/I about/N 15/N %/N on/I average/N for/I the/D third/N quarter/N ,/, despite/I sales/N increases/N of/I less/V than/V 10/N %/N ,/, analysts/N say/V ./.
To/N offset/N sluggish/N sales/N growth/N ,/, companies/N have/V been/V cutting/V staff/N ,/, mostly/N through/V _OOV_/N ,/, and/N slowing/N the/D growth/N in/I research/N and/N development/N spending/N ./.
Sales/N growth/N in/I the/D quarter/N was/I slowed/N by/D mounting/N pressure/N from/I groups/N of/I buyers/N ,/, such/N as/I hospitals/N ,/, to/V hold/T down/V prices/N ./.
_OOV_/N were/I also/N hurt/V by/I the/D stronger/D U.S./N dollar/N ,/, which/V makes/V sales/N abroad/N more/V difficult/V ./.
In/N some/V cases/N ,/, competition/N has/I squeezed/N margins/N ./.
_OOV_/N ,/, _OOV_/N &/, Co./N ,/, for/I example/N ,/, faces/I stiff/N competition/N from/I a/D Japanese/N supplier/N in/I the/D important/N _OOV_/N market/N ./.
The/N Franklin/N _OOV_/N ,/, N.J./N ,/, company/N is/V expected/N to/D report/N sales/N growth/N of/I only/D 5/N %/N to/T 6/N %/N ,/, but/V should/V still/V maintain/N earnings/N growth/N of/I 10/N %/N ,/, says/V _OOV_/N E./N _OOV_/N ,/, an/D analyst/N with/D Duff/N &/N Phelps/N Inc/N ./.
Among/N the/D first/N of/I the/D group/N to/V post/N results/N ,/, Abbott/N Laboratories/N said/V third-quarter/N net/N income/N jumped/V 14/N %/N to/T $/N _OOV_/N million/N ,/, or/V 88/N cents/N a/D share/N ,/, from/I $/N _OOV_/N million/N ,/, or/V _OOV_/N cents/N a/D share/N ,/, a/D year/N earlier/N ./.
Sales/N for/I the/D company/N ,/, based/N in/I Abbott/N _OOV_/N ,/, Ill./N ,/, rose/V _OOV_/N %/N to/T $/N 1.31/N billion/N from/I $/N _OOV_/N billion/N ./.
_OOV_/N International/N Inc./N yesterday/N reported/N net/N climbed/V 20/N %/N in/I the/D third/N period/N to/T $/N 102/N million/N ,/, or/V 34/N cents/N a/D share/N ,/, from/I $/N 85/N million/N ,/, or/V 28/N cents/N a/D share/N ,/, a/D year/N earlier/N ./.
Sales/N for/I the/D _OOV_/N ,/, Ill./N ,/, company/N rose/V 5.8/N %/N to/T $/N _OOV_/N billion/N from/I $/N 1.71/N billion/N ./.
But/N not/V every/D company/N expects/N to/D report/N increased/N earnings/N ./.
C.R./N Bard/N Inc./N yesterday/V said/V third-quarter/N net/N plunged/N 51/N %/N to/T $/N _OOV_/N million/N ,/, or/V 18/N cents/N a/D share/N ,/, from/I $/N 20/N million/N ,/, or/V 35/N cents/N a/D share/N ,/, a/D year/N earlier/N ./.
Sales/N fell/V 1.2/N %/N to/T $/N _OOV_/N million/N from/I $/N _OOV_/N million/N ./.
The/N Murray/N Hill/N ,/, N.J./N ,/, company/N said/V full-year/N earnings/N may/V be/V off/V 33/N cents/N a/D share/N because/V the/D company/N removed/V a/D _OOV_/N from/I the/D market/N ./.
In/N 1988/N ,/, the/D company/N earned/N $/N _OOV_/N a/D share/N ./.
The/N Food/N and/N Drug/N Administration/N had/V raised/T questions/V about/N the/D device/N 's/, design/N ./.
Some/N analysts/N add/V that/I _OOV_/N pressures/N to/T reduce/N health/N costs/N will/V continue/V to/T _OOV_/N companies/N '/, bottom/V lines/I ./.
Takeover/N speculation/N ,/, which/D has/V been/V _OOV_/N stocks/N of/I supply/N houses/N ,/, may/V also/I ease/N ,/, says/V Peter/N _OOV_/N ,/, an/D analyst/N with/D Drexel/N Burnham/N Lambert/N Inc/N ./.
``/N As/N that/D _OOV_/N ,/, you/P 're/V going/V to/V see/N the/D stocks/N probably/N _OOV_/N as/I well/N ,/, ''/N he/P says/V ./.
_OOV_/N companies/N ,/, meanwhile/N ,/, are/V reporting/N improved/N earnings/N ./.
_OOV_/N by/I strong/N performances/V by/I its/I _OOV_/N hospitals/N ,/, National/N Medical/N _OOV_/N Inc./N ,/, Los/N Angeles/N ,/, reported/N net/N income/N of/I $/N 50/N million/N ,/, or/V 65/N cents/N a/D share/N ,/, for/I the/D first/N quarter/N ended/I Aug./N 31/N ,/, up/V from/I $/N 41/N million/N ,/, or/V 56/N cents/N a/D share/N ,/, a/D year/N earlier/N ./.
_OOV_/N Inc./N ,/, Louisville/N ,/, Ky./N ,/, also/N reported/N favorable/N results/N ,/, with/D net/N income/N of/I $/N 66.7/N million/N ,/, or/V 66/N cents/N ,/, in/I the/D fourth/N quarter/N ended/I Aug./N 31/N ,/, up/V from/I $/N _OOV_/N million/N ,/, or/V 59/N cents/N ,/, a/D year/N earlier/N ./.
Analysts/N say/V the/D handful/N of/I hospital/N companies/N that/V are/V still/V publicly/N traded/N are/V benefiting/N from/I several/D trends/N ./.
Most/N important/N ,/, hospital/, admission/N rates/N are/V stabilizing/N after/I several/D years/N of/D decline/N ./.
Moreover/N ,/, companies/N have/V sold/N off/N many/V of/I their/V smaller/V ,/, less-profitable/N hospitals/N and/N have/V completed/N painful/N _OOV_/N ./.
_OOV_/N 's/. revenues/N ,/, for/I example/N ,/, are/V being/D boosted/N by/I large/N increases/N in/I _OOV_/N in/I the/D company/N 's/. health/N maintenance/N organizations/N ./.
_OOV_/N _OOV_/N _OOV_/N ,/, an/D analyst/N with/D _OOV_/N _OOV_/N _OOV_/N :/, ``/N The/N shakeout/N in/I the/D publicly/N traded/N companies/N is/V over/I ./.
Initial/N claims/N for/I regular/D state/N unemployment/N benefits/N rose/V to/T a/D seasonally/N adjusted/N _OOV_/N during/V the/D week/N ended/I Oct./N 7/N from/I _OOV_/N the/D previous/N week/N ,/, the/D Labor/N Department/N said/V ./.
The/N number/N of/I people/N receiving/I regular/D state/N benefits/N in/I the/D week/N ended/I Sept./N 30/N decreased/N to/V a/D seasonally/N adjusted/N _OOV_/N ,/, or/V 2.2/N %/N of/I those/V covered/N by/D unemployment/N insurance/N ,/, from/I _OOV_/N the/D previous/N week/N ,/, when/V the/D insured/N unemployment/N rate/N also/N was/I 2.2/N %/N ./.
_OOV_/N all/D state/N and/N federal/N benefit/N programs/N ,/, the/D number/N of/I people/N receiving/I unemployment/N benefits/N in/I the/D week/N ended/I Sept./N 30/N fell/V to/T _OOV_/N from/I _OOV_/N a/D week/N earlier/N ./.
These/N figures/I are/V n't/, seasonally/N adjusted/N ./.
A/N Labor/N Department/N spokesman/N said/V the/D unusually/N high/N number/N of/I initial/N claims/N for/I state/N unemployment/N benefits/N reflects/N the/D impact/N of/I Hurricane/N Hugo/N on/I southern/N states/N ,/, particularly/N North/N Carolina/N and/N South/N Carolina/N ./.
The/N figure/I also/N may/V reflect/V initial/N claims/N filed/N by/D striking/N _OOV_/N Corp./N workers/N who/V have/V become/I eligible/V for/N unemployment/N benefits/N ,/, the/D official/N said/V ./.
Digital/N Equipment/N Corp./N reported/N a/D 32/N %/N decline/N in/I net/N income/N on/I a/D modest/N revenue/N gain/N in/I its/I fiscal/N first/N quarter/N ,/, causing/N some/V analysts/N to/T predict/N weaker/N results/N ahead/I than/V they/V had/V expected/N ./.
Although/N the/D second-largest/N computer/N maker/N had/V prepared/N Wall/N Street/N for/N a/D poor/N quarter/N ,/, analysts/N said/V they/V were/I troubled/V by/I signs/I of/I flat/V U.S./N orders/D and/I a/D slowdown/N in/I the/D rate/N of/I gain/N in/I foreign/N orders/T ./.
The/N Maynard/N ,/, Mass./N ,/, company/N is/V in/I a/D transition/N in/I which/I it/V is/V trying/V to/T reduce/N its/I reliance/N on/I _OOV_/N machines/N and/N establish/N a/D presence/N in/D workstations/N and/N _OOV_/N ./.
Net/N for/I the/D quarter/N ended/I Sept./N 30/N fell/V to/T $/N _OOV_/N million/N ,/, or/N $/N _OOV_/N a/D share/N ,/, from/I $/N _OOV_/N million/N ,/, or/N $/N 1.71/N a/D share/N ,/, a/D year/N ago/N ./.
Revenue/N rose/V 6.4/N %/N to/T $/N _OOV_/N billion/N from/I $/N _OOV_/N billion/N ./.
Digital/N said/V a/D shift/N in/I its/I product/N mix/N toward/D _OOV_/N products/N and/N strong/N growth/N in/I workstation/N sales/N _OOV_/N lower/D gross/N margins/N ./.
A/N spokesman/N also/N said/V margins/N for/N the/D company/N 's/. service/N business/N _OOV_/N somewhat/V because/V of/I heavy/N investments/N made/I in/I that/D sector/N ./.
The/N lack/N of/I a/D strong/N product/N at/I the/D high/N end/I of/D Digital/N 's/. line/D was/I a/D significant/V drag/N on/I sales/N ./.
Digital/N hopes/V to/T address/V that/V with/I the/D debut/N of/I its/I first/N _OOV_/N computers/N next/V Tuesday/N ./.
The/N new/I line/N is/I aimed/N directly/V at/I International/N Business/N Machines/N Corp/N ./.
``/N Until/N the/D new/N _OOV_/N products/N kick/V in/I ,/, there/V wo/, n't/, be/V a/D lot/V of/D revenue/N contribution/N at/I the/D high/N end/V ,/, and/N that/V 's/, hurt/V us/N ,/, ''/, said/V Mark/N _OOV_/N ,/, Digital/N 's/. director/N of/I investor/N relations/N ./.
He/N said/V unfavorable/N currency/N _OOV_/N were/I also/I a/D factor/N in/I the/D quarter/N ./.
_OOV_/N shares/N rose/N $/N 1.375/N to/T $/N _OOV_/N apiece/N in/I consolidated/N New/N York/N Stock/N Exchange/N trading/N yesterday/V ./.
But/N analysts/N said/V that/V against/V the/D backdrop/N of/I a/I nearly/N _OOV_/N rise/N in/I the/D Dow/N Jones/N Industrial/N Average/N ,/, that/V should/V n't/, necessarily/V be/V taken/V as/I a/D sign/N of/I great/I strength/I ./.
Some/N cut/V their/V earnings/N estimates/N for/I the/D stock/N this/D year/N and/N predicted/N more/I efforts/N to/T control/N costs/N ahead/V ./.
``/N I/N think/V the/D next/N few/V quarters/N will/V be/V difficult/V ,/, ''/, said/V Steven/N _OOV_/N of/I First/N Boston/N ./.
``/N _OOV_/N will/V remain/V under/N pressure/N ,/, and/N when/V the/D new/N _OOV_/N does/V ship/N ,/, I/N 'm/, not/V sure/V it/V will/V be/V a/D big/V winner/N ./.
''/V Mr./N _OOV_/N said/V he/V was/V revising/N his/V estimate/N for/I _OOV_/N 's/, current/N year/N from/I $/N 8.20/N a/D share/N to/T ``/N well/V below/N $/N 8/N ,/, ''/N although/V he/V has/V n't/, settled/V on/I a/D final/N number/N ./.
One/N troubling/N aspect/V of/D _OOV_/N 's/, results/N ,/, analysts/N said/V ,/, was/V its/I performance/N in/I Europe/N ./.
_OOV_/N said/V its/I overseas/N business/N ,/, which/D now/V accounts/N for/I more/V than/V half/N of/I sales/N ,/, improved/N in/I the/D quarter/N ./.
It/N even/V took/I the/D unusually/N _OOV_/N step/D of/I telling/V analysts/N in/I a/D morning/V conference/N call/V that/V orders/V in/I Europe/N were/V up/V in/I ``/N double/N _OOV_/N ''/N in/I foreign-currency/N terms/N ./.
That/N gain/V probably/N _OOV_/N into/V about/N 5/N %/N to/T 7/N %/N in/I dollar/N terms/N ,/, well/V below/N recent/N quarters/N '/N gains/N of/I above/N 20/N %/N ,/, reckons/N Jay/N _OOV_/N of/I _OOV_/N _OOV_/N _OOV_/N ./.
``/N That/N was/V a/D _OOV_/N ''/N and/I a/D sign/N of/I overall/N _OOV_/N _OOV_/N in/I Europe/N ,/, Mr./N _OOV_/N said/V ./.
Marc/N _OOV_/N ,/, with/D _OOV_/N Securities/N in/I New/N York/N ,/, dropped/N his/V estimate/N of/I _OOV_/N 's/. full-year/N net/N to/T $/N _OOV_/N a/D share/N from/I $/N 8/N ./.
Although/N overall/N revenues/N were/I stronger/V ,/, Mr./N _OOV_/N said/V ,/, _OOV_/N ``/N _OOV_/N down/V its/I European/N _OOV_/N ''/N and/N had/V flat/V world-wide/N orders/D overall/I ./.
``/N The/N bottom/V line/I is/V that/V it/V 's/, more/V hand/I to/T mouth/V than/V it/V has/I been/V before/V ,/, ''/N he/P said/V ./.
Mr./N _OOV_/N said/V he/P believes/V that/I the/D _OOV_/N of/I _OOV_/N 's/, new/I _OOV_/N will/T ``/N occur/V somewhat/I more/D _OOV_/N ''/N than/V many/V of/I his/V investment/N colleagues/N expect/V ./.
He/N said/V current/N expectations/N are/V for/I an/I entry/N level/N machine/N to/V be/D shipped/N in/I December/N ,/, with/I all/I of/I the/I more/J sophisticated/N versions/N out/V by/D June/N ./.
For/N reasons/N he/V would/V n't/, elaborate/I on/I ,/, he/P said/V he/V 's/, sure/V that/D schedule/N wo/, n't/, be/V met/N ,/, meaning/V less/V profit/N impact/N from/I the/D product/N for/I _OOV_/N in/I the/D next/N few/V quarters/N ./.
John/N R./N _OOV_/N contributed/N to/V this/D article/N ./.
Colgate/N _OOV_/N Co./N reported/N third-quarter/N net/N income/N rose/V 27/N %/N ,/, _OOV_/N by/I strong/N sales/N in/I its/N Latin/N American/N business/N and/N surprisingly/N healthy/N profits/N from/I U.S./N operations/N ./.
Colgate/N said/V net/N income/N for/I the/D quarter/N rose/V to/T $/N _OOV_/N million/N ,/, or/N $/N _OOV_/N a/D share/N ,/, on/I sales/N that/D increased/N 6/N %/N to/T $/N 1.3/N billion/N ./.
In/N the/D year-earlier/N period/N ,/, Colgate/N posted/N net/N income/N of/I $/N _OOV_/N million/N ,/, or/V 88/N cents/N a/D share/N ./.
Last/N year/N 's/, results/N included/I earnings/N from/I discontinued/N operations/N of/I $/N 13.1/N million/N ,/, or/V 19/N cents/N a/D share/N ./.
_OOV_/N Mark/N ,/, chairman/N and/I chief/N executive/N officer/N of/D Colgate/N ,/, said/V earnings/N growth/N was/I fueled/N by/I strong/N sales/N in/I Latin/N America/N ,/, the/D Far/N East/N and/N Europe/N ./.
Results/N were/I also/I _OOV_/N by/I ``/N a/I very/V _OOV_/N increase/N in/I operating/N profit/N at/I Colgate/N 's/. U.S./N business/N ,/, ''/N he/P said/V ./.
Operating/N profit/N at/I Colgate/N 's/. U.S./N household/N products/N and/N personal/N care/N businesses/N ,/, which/D include/I such/N well-known/N brands/N as/I Colgate/N toothpaste/N and/N _OOV_/N laundry/N _OOV_/N ,/, jumped/V more/V than/V 40/N %/N ,/, the/D company/N said/V ./.
Mr./N Mark/N attributed/N the/D improvement/N to/T cost/N savings/N achieved/I by/D consolidating/N manufacturing/N operations/N ,/, _OOV_/N together/V two/N sales/N organizations/N and/N more/V carefully/V focusing/N the/D company/N 's/. promotional/N activities/N ./.
``/N We/N 've/, done/V a/I lot/V to/T improve/N -LRB-/N U.S/N ./. -RRB-/N results/N and/I a/D lot/V more/V will/V be/V done/N ,/, ''/N Mr./N Mark/N said/V ./.
``/N _OOV_/N profitability/N of/I U.S./N operations/N is/V an/I extremely/N high/N priority/N in/I the/D company/N ./. ''/N
Colgate/N 's/, results/N were/I at/I the/D high/N end/I of/I the/D range/N of/I analysts/N '/N forecasts/N ./.
The/N scope/N of/I the/D improvement/N in/I the/D U.S./N business/N caught/N some/V analysts/N by/I surprise/V ./.
The/D company/N 's/, domestic/N business/N ,/, especially/N its/V household/N products/N division/V ,/, has/V performed/N poorly/N for/N years/N ./.
Analysts/N say/V the/D earnings/N improvement/N came/V from/I cutting/N costs/N rather/V than/V increasing/N sales/N ./.
For/N the/D nine/N months/N ,/, net/N increased/N 14/N %/N to/T $/N _OOV_/N million/N ,/, or/N $/N _OOV_/N a/D share/N ./.
Sales/N rose/V 7/N %/N to/T $/N 3.8/N billion/N ./.
The/D company/N earned/N $/N _OOV_/N million/N ,/, or/N $/N 2.79/N a/D share/N ,/, in/I the/D year-earlier/N period/N ./.
Colgate/N 's/. 1988/N net/N income/N included/I $/N _OOV_/N million/N ,/, or/V 59/N cents/N a/D share/N ,/, from/I discontinued/N operations/N ./.
Colgate/D sold/N its/N hospital/, supply/N and/V home/N health/N care/, business/N last/N year/N ./.
Separately/N ,/, Colgate/N Wednesday/N _OOV_/N an/I agreement/N with/D _OOV_/N Corp./N ,/, a/D tiny/N _OOV_/N products/N and/N pharmaceutical/N concern/N based/N in/I _OOV_/N ,/, Mass./N ,/, to/T market/N in/I the/D U.S./N four/N of/I _OOV_/N 's/. _OOV_/N _OOV_/N products/N ./.
The/N products/N --/, _OOV_/N and/N _OOV_/N materials/N used/N by/I _OOV_/N --/, all/D contain/V _OOV_/N that/V is/V released/N over/I time/N ./.
The/N move/D is/V part/I of/I a/D drive/N to/V increase/N Colgate/N 's/. business/N with/D _OOV_/N ,/, a/D company/N spokeswoman/N said/V ./.
Terms/N of/I the/D agreement/N were/V n't/, given/I ./.
_OOV_/N Limited/N _OOV_/N said/V it/D completed/V the/D sale/N of/I its/N _OOV_/N restaurant/N franchise/N system/N to/V a/D subsidiary/N of/I _OOV_/N Co./N for/N $/N 71/N million/N in/I cash/N ./.
_OOV_/N ,/, which/D is/V nearly/N _OOV_/N by/D Sam/N and/N Charles/N _OOV_/N of/I Dallas/N ,/, said/V it/V will/T distribute/N proceeds/N from/I the/D sale/N to/T unit/N holders/V as/I a/D _OOV_/N dividend/N as/I soon/V as/I possible/D ./.
The/N _OOV_/N franchise/N system/N ,/, which/D _OOV_/N about/N $/N 600/N million/N in/I sales/N annually/N ,/, represented/D substantially/N all/I of/I the/D partnership/N 's/. assets/N ./.
The/N sale/N of/I the/D system/N has/I been/V challenged/I in/I a/D class-action/N suit/N on/I behalf/N of/D unit/N holders/N filed/N last/N week/N in/I a/D Delaware/N court/N ,/, _OOV_/N said/V ./.
The/D company/N said/V it/V believes/V the/D suit/N is/V without/V merit/N ./.
American/N Telephone/N &/N Telegraph/N Co./N unveiled/N a/D sweetened/N pension/N and/N _OOV_/N program/N for/I management/N that/V it/V hopes/V will/T enable/N it/V to/V save/V $/N _OOV_/N million/N in/I the/I next/N year/N ./.
AT&T/N also/N said/V net/N income/N rose/V 19/N %/N in/I the/D third/N quarter/N ./.
AT&T/N said/V its/D amended/N pension/N program/N will/V nearly/V double/N to/V _OOV_/N the/D number/N of/I managers/N eligible/V to/V retire/N with/I immediate/N pension/N payments/N ./.
AT&T/N said/V that/D based/N on/I studies/N of/I other/N companies/N that/V have/V offered/N retirement/I plans/N ,/, it/D expects/N about/N one-third/N of/I its/I eligible/V managers/N to/T retire/N under/N the/D new/I program/N ./.
AT&T/N said/V third-quarter/N net/N income/N grew/V ,/, despite/I stiff/N competition/N in/I all/I of/I the/D company/N 's/. markets/N ./.
Net/N income/N rose/V to/T $/N _OOV_/N million/N ,/, or/V 65/N cents/N a/D share/N ,/, from/I the/D year-earlier/N $/N _OOV_/N million/N or/N 55/N cents/N a/D share/N ./.
Revenue/N edged/N up/V to/T $/N 8.9/N billion/N from/I $/N _OOV_/N billion/N ./.
The/N latest/N period/N 's/. net/N was/V reduced/N $/N 102/N million/N ,/, or/V nine/N cents/N a/D share/N ,/, for/I a/D change/N in/I depreciation/N method/N and/N _OOV_/N changes/N in/I estimates/N of/I _OOV_/N lives/V and/N net/N _OOV_/N for/I certain/N telecommunications/N equipment/N ./.
The/N results/N roughly/N matched/D estimates/N of/I securities/N analysts/N ,/, who/V were/D encouraged/N by/D AT&T/N increasing/N its/D operating/N margin/V to/V 13/N %/N from/I 11/N %/N a/D year/N ago/N ,/, because/V of/I continued/I _OOV_/N efforts/N ./.
Sales/N of/D long-distance/N services/N ,/, an/I extremely/N competitive/J market/N ,/, rose/V 6.4/N %/N ./.
But/N the/D growth/N was/V partly/I offset/N by/I lower/V equipment/N sales/N and/N _OOV_/N and/N price/N cuts/N on/I some/V products/N ./.
Under/N the/D amended/N pension/N program/N ,/, AT&T/N managers/N who/V have/V at/I least/V five/N years/N of/D service/N will/V have/V five/N years/N added/N to/V their/V age/N and/V length/N of/I service/N for/I pension/N purposes/N ./.
Managers/N who/V retire/N Dec./N 30/N will/V have/V an/I additional/N 15/N %/N added/N to/V their/V monthly/N pension/N for/N as/I long/V as/D five/N years/N or/V age/N 65/N ,/, whichever/V comes/N earlier/N ./.
An/N AT&T/N spokeswoman/N said/V the/D company/N would/V likely/V replace/N about/N one-third/N of/I its/I managers/N who/V choose/V to/V retire/N with/I new/I employees/N ./.
Analysts/N _OOV_/N the/D sweetened/N pension/N package/N ,/, which/I they/P said/V had/V been/V the/D subject/N of/D rumors/N for/N several/I months/N ./.
``/N This/N tells/V you/V AT&T/N is/V serious/N about/V continuing/V to/V manage/N their/V cost/N structure/N and/N is/V committed/N to/T _OOV_/N earnings/N growth/N ,/, ''/, said/V Jack/N _OOV_/N ,/, an/D analyst/N with/D PaineWebber/N Inc/N ./.
But/N other/J analysts/N expressed/N _OOV_/N that/V the/D _OOV_/N move/D wo/, n't/, result/V in/I even/V greater/I earnings/N growth/N ./.
``/N This/N is/V a/I good/V move/D ,/, but/V it/V only/I gets/V you/V to/V where/V people/N 's/P expectations/N already/V are/V ,/, ''/N in/I terms/N of/I earnings/N growth/N ,/, said/V Joel/N D./N _OOV_/N ,/, an/D analyst/N with/D Donaldson/N ,/, Lufkin/N &/, Jenrette/N ./.
Mr./N _OOV_/N said/V he/V had/V hoped/V that/I a/D cost/N savings/N of/I $/N _OOV_/N million/N would/V result/V in/I even/V greater/I growth/N than/V the/D 20/N %/N annual/N earnings/N increase/N AT&T/N has/V told/V analysts/N it/D expects/N in/I the/D future/N ./.
AT&T/N said/V the/D special/N retirement/N option/V will/V increase/N fourth-quarter/N expenses/N ./.
But/N the/D company/N said/V the/D amount/N ca/N n't/, be/V determined/D until/N it/V knows/V how/V many/I managers/N opt/V to/V retire/N ./.
AT&T/N said/V the/D expense/N increase/N will/V be/V largely/I offset/N by/I a/D gain/N from/I its/I previously/I announced/N plan/N to/T _OOV_/N its/I holdings/N in/I Ing/N ./. C./N Olivetti/N &/N Co./N for/I shares/N in/I Cie/N ./. _OOV_/N _OOV_/N ,/, an/D Italian/N holding/D company/N ./.
For/N the/D nine/N months/N ,/, AT&T/N said/V net/N income/N was/V $/N _OOV_/N billion/N ,/, or/N $/N 1.85/N a/D share/N ,/, up/V 19/N %/N from/I $/N _OOV_/N billion/N ,/, or/N $/N 1.56/N a/D share/N ./.
Revenue/N gained/I 3.1/N %/N to/T $/N _OOV_/N billion/N from/I $/N 26/N billion/N ./.
In/N composite/N trading/N yesterday/V on/I the/D New/N York/N Stock/N Exchange/N ,/, AT&T/N shares/N closed/V at/N $/N _OOV_/N ,/, up/V 87.5/N cents/N ./.
When/N it/V comes/N to/T buying/N and/I selling/N shares/N ,/, _OOV_/N Capital/N Management/N Inc./N takes/I a/D back/V seat/V to/V no/I one/N ./.
Every/N dollar/N 's/, worth/N of/I stock/N in/I the/D Los/N Angeles/N money/N manager/N 's/. portfolio/N is/V traded/N seven/N or/N eight/N times/N a/D year/N ,/, the/D firm/N estimates/N ./.
That/N makes/V it/V the/D most/I active/N trader/N among/V all/I the/D nation/N 's/. investment/N advisers/N ,/, according/V to/V Securities/N and/N Exchange/N Commission/N filings/N ./.
But/N wait/V a/D second/N ./.
_OOV_/N Capital/N is/V an/D index/N fund/N --/, the/D type/N of/I _OOV_/N long-term/N investor/N whose/I goal/D is/V to/V be/V nothing/V more/V than/V average/N ./.
_OOV_/N Capital/N 's/. _OOV_/N trading/N reflects/N the/D changes/N sweeping/N through/I the/D previously/I _OOV_/N world/N of/D indexing/N ./.
_OOV_/N for/I the/D most/I part/I has/I involved/N simply/D buying/N and/N then/V holding/D stocks/N in/I the/D correct/J mix/N to/V mirror/V a/D stock/N market/N _OOV_/N ,/, such/N as/D Standard/N &/N Poor/N 's/. 500-stock/N index/N ,/, and/V match/N its/I performance/N ./.
_OOV_/N investors/N have/V poured/N $/N 210/N billion/N into/I stock/N and/N bond/N indexing/N as/I a/D cheap/N and/N easy/V form/N of/D investment/N management/N that/V promises/V to/T post/V average/N market/N returns/V ./.
These/V big/N investors/N have/V _OOV_/N to/T indexing/N because/V relatively/N few/V ``/N active/N ''/N stock/N _OOV_/N have/V been/V able/V to/T consistently/I match/I the/D returns/V of/I the/D S&P/N 500/N or/N other/I _OOV_/N ,/, much/V less/V beat/V it/V ./.
And/N the/D fees/N investors/N pay/N for/I indexing/N run/I a/I few/J pennies/N for/N each/D $/N 100/N of/D assets/N --/, a/D fraction/N of/I the/D cost/N of/I active/N managers/N ./.
That/N 's/, because/D computers/N do/V most/V of/I the/D work/N ,/, and/N low/N trading/N activity/N keeps/V a/D lid/N on/I commission/N costs/N ./.
But/N today/N ,/, indexing/N is/V moving/V from/I a/D passive/N investment/N strategy/V to/V an/I increasingly/N active/N one/N ./.
Because/N _OOV_/N managers/N are/V no/V longer/V satisfied/V with/I merely/I being/D average/N ,/, they/P have/V developed/N ``/N enhanced/N ''/N indexing/N strategies/N that/V are/V intended/N to/V _OOV_/N the/D market/N as/I much/V as/D three/N percentage/N points/N ./.
``/N _OOV_/N has/N been/V the/D most/I single/I successful/N investment/N concept/I in/I the/D last/N decade/N ,/, but/V the/D index/N money/N has/V been/V just/V sort/V of/I sitting/V there/V ,/, ''/N says/V _OOV_/N M./N _OOV_/N ,/, president/N of/I _OOV_/N _OOV_/N Investors/N Inc./N ,/, an/D _OOV_/N based/N in/I _OOV_/N ,/, _OOV_/N ./.
``/N Now/N the/D interest/N is/V in/I what/V else/V can/V I/N do/V with/I that/D money/N ./. ''/.
Among/N the/D _OOV_/N indexing/N strategies/N :/, _OOV_/N portfolios/N can/V be/V built/N around/N thousands/N of/I stocks/N ,/, or/V just/V a/D few/V dozen/N ,/, rather/V than/V being/D restricted/N to/V the/D S&P/N 500/N companies/N ./.
They/N can/V ignore/V the/D S&P/N 500/N stocks/N altogether/N and/N focus/N on/I particular/I types/N of/I stocks/N ,/, such/N as/I smaller/D companies/N ,/, those/V paying/N high/N dividends/N or/N companies/N in/I a/D particular/D industry/N ,/, state/N or/N country/N ./.
With/N today/N 's/. _OOV_/N program/N trading/N techniques/N ,/, index/N funds/N can/V trade/N back/V and/N forth/I between/D stock-index/N futures/N and/N the/D actual/D stocks/N making/V up/V _OOV_/N such/N as/I the/D S&P/N 500/N ./.
Futures/N and/I options/N also/N make/V it/V possible/V to/V build/V ``/N synthetic/N ''/N index/N funds/N that/V do/V n't/, actually/V own/V a/I single/N share/N of/I stock/N ,/, but/V can/V produce/V returns/V that/V match/N or/N exceed/V the/D broad/I stock/N market/N ./.
One/N reason/V for/I these/D _OOV_/N is/V that/D indexing/N 's/, rapid/N growth/N is/V slowing/N ,/, particularly/V for/N those/V ``/N plain/V vanilla/N ''/N funds/N that/V mirror/V the/D 500/N ./.
``/N There/N is/V n't/, a/D _OOV_/N -LCB-/N of/I big/N investors/N -RCB-/N out/V there/V still/V waiting/V to/T get/P into/D indexing/N ,/, ''/N says/V P./N James/N _OOV_/N ,/, vice/N president/N of/I _OOV_/N Investment/N Management/N Co./N ,/, Chicago/N ,/, which/D offers/N both/D indexing/N and/N active/N management/N services/N ./.
After/N _OOV_/N in/I size/N in/I the/I past/N five/N years/N ,/, index/N funds/N now/V hold/I about/N 20/N %/N of/I the/D stock/N owned/N by/I pension/N funds/N ./.
A/N further/N problem/N is/V _OOV_/N profits/N ./.
_OOV_/N funds/N have/V become/V so/V _OOV_/N that/D fees/N they/P can/V charge/N have/V plunged/V to/T almost/V nothing/V ,/, and/N in/I some/V cases/N are/V just/V that/V ./.
To/N land/N customers/N for/N their/V _OOV_/N stock/N _OOV_/N business/N ,/, big/V banks/N sometimes/V will/P throw/V in/I basic/N indexing/N services/N for/I free/N ./.
``/N It/N 's/. like/N getting/V a/D free/N _OOV_/N when/V you/V open/I an/I account/N ,/, ''/N says/V _OOV_/N _OOV_/N 's/. Mr./N _OOV_/N ./.
As/N a/D result/V ,/, _OOV_/N have/V been/V looking/V for/N ways/V to/V give/V investors/N something/V more/V than/V the/D average/N for/N their/V money/N ./.
And/N many/V have/V been/V successful/N ,/, as/I in/I the/D case/N of/I the/D index/N fund/N operated/N by/I _OOV_/N _OOV_/N Capital/N ./.
_OOV_/N Capital/N has/I used/N enhanced/N indexing/N techniques/N to/V beat/V the/D S&P/N 500/N 's/. returns/V by/D 2.5/N to/T 3/N percentage/N points/N over/I the/D past/J four/N years/N ,/, with/I the/D same/D risk/N level/V as/I holding/T the/D S&P/N 500/N stocks/N ,/, according/V to/V James/N _OOV_/N ,/, the/D firm/N 's/. president/N ./.
_OOV_/N vary/V for/N _OOV_/N Capital/N ,/, which/D has/V $/N 300/N million/N under/N management/N ./.
The/N firm/N sometimes/N buys/N S&P/N 500/N futures/N when/V they/T are/V selling/N at/I a/D discount/N to/V the/D actual/D stocks/N ,/, and/N will/V switch/V back/V and/N forth/I between/I stocks/N and/N stock-index/N futures/N to/V take/T advantages/N of/I any/D _OOV_/N price/N _OOV_/N ./.
Mr./N _OOV_/N also/N goes/V through/N periods/V when/V he/P buys/N stocks/N in/I conjunction/N with/D options/N to/V boost/N returns/V and/N protect/V against/D declines/N ./.
And/N in/I some/V months/V ,/, he/P buys/N stock-index/N futures/N and/N not/V stocks/N at/I all/I ./.
``/N By/N their/V nature/N ,/, our/V trades/N are/V very/V short-term/N and/N are/V going/V to/T create/I high/N turnover/N ,/, ''/N Mr./N _OOV_/N adds/N ./.
``/N The/N more/V turnover/N ,/, the/D better/V for/N our/V clients/N ./. ''/N
Big/N _OOV_/N Bankers/N Trust/N Co./N also/I uses/N futures/N in/I a/D strategy/V that/I on/D average/N has/I added/N one/N percentage/N point/N to/V its/I enhanced/N fund/N 's/. returns/V ./.
J./N Thomas/N _OOV_/N ,/, president/N of/I _OOV_/N Advanced/N Investment/N Management/N Inc./N ,/, agrees/N it/V 's/, a/I good/V idea/V to/V jump/V between/I the/D S&P/N 500/N stocks/N and/N futures/N ./.
``/N You/N 're/V buying/N the/D S&P/N ,/, and/N you/V always/V want/V to/V hold/T the/D _OOV_/N form/N of/I it/V ,/, ''/N he/P says/V ./.
But/N some/V _OOV_/N make/V little/V or/V no/I use/N of/I futures/N ,/, saying/V that/V these/D instruments/N present/V added/I risks/N for/I investors/N ./.
``/N If/N the/D futures/N markets/N have/V a/D problem/N ,/, then/V those/T products/N could/V have/V a/D problem/N ,/, ''/N says/V John/N _OOV_/N ,/, managing/N director/N of/I Prudential/N Insurance/N Co./N of/I America/N 's/. Investment/N Index/N Technologies/N Inc./N unit/N ./.
Prudential/N currently/N is/V seeking/N approval/N to/T offer/V a/I new/N fund/N offering/V a/I return/V equal/V to/V the/D S&P/N 500/N index/N plus/N of/I a/D percentage/N point/N ./.
An/N added/I feature/N is/V that/V the/D _OOV_/N improved/N return/V would/V be/V guaranteed/V by/I Prudential/N ./.
There/N are/V many/V other/I strategies/N to/T bolster/N the/D returns/V of/I index/N funds/N ./.
They/N include/N :/,
_OOV_/N _OOV_/N FUNDS/N :/, These/N guarantee/N protection/N against/I stock/N market/N declines/N while/V still/V passing/V along/N most/V gains/N ./.
Here/N a/D fund/N may/V promise/V to/T pay/V back/V ,/, say/V ,/, $/N 95/N of/I every/J $/N 100/N invested/N for/I a/D year/N ,/, even/V if/V the/D market/N goes/V much/V lower/V ./.
The/N fund/N could/T invest/N $/N 87/N for/I one/N year/N in/I Treasury/N bills/V yielding/N 8/N %/N to/V return/V the/D guaranteed/N $/N 95/N ./.
That/N leaves/N $/N 13/N ,/, which/V could/V be/V used/N to/V buy/N S&P/N 500/N options/N that/V will/V nearly/V match/N any/V gain/N in/I the/D S&P/N index/N ./.
_OOV_/N _OOV_/N FUNDS/N :/, _OOV_/N a/D big/N investor/N is/V interested/N in/I growth/N stocks/N ./.
Instead/N of/D hiring/N one/N of/I the/D many/V active/N managers/N specializing/N in/I growth/N stocks/N ,/, _OOV_/N can/V design/N a/D portfolio/N around/I the/D same/D stocks/N ;/, the/D portfolio/N will/V be/V _OOV_/N by/D computer/N ,/, reducing/N both/D fees/N and/N ,/, in/I theory/N ,/, risk/N -LRB-/V because/V of/I the/D large/N number/N of/I stocks/N -RRB-/N ./.
``/N We/N see/N a/I lot/V of/I interest/N in/I those/V kind/V of/I things/V ,/, ''/N says/V Frank/N _OOV_/N ,/, a/D vice/N president/N of/I Bankers/N Trust/N ./.
``/N People/N comfortable/V with/I the/D passive/N approach/N are/V using/N them/V for/I other/N strategies/N ./. ''/.
_OOV_/N FUNDS/N :/, This/N is/V an/D index/N fund/N with/I a/D bet/V ./.
Instead/N of/D _OOV_/N the/D S&P/N 500/N or/V some/V other/I index/N exactly/N ,/, some/V stocks/N are/V _OOV_/N or/N _OOV_/N in/I the/D portfolio/N ./.
One/N simple/V approach/N is/V to/V exclude/N S&P/N 500/N companies/N considered/D bankruptcy/N candidates/N ;/, this/V can/V avoid/V weak/V sisters/V ,/, but/I also/N can/V hurt/V when/V a/D company/N like/N Chrysler/N Corp./N _OOV_/N ./.
Another/N approach/N :/, An/N investor/N with/I $/N 100/N million/N might/V use/N $/N 75/N million/N to/T buy/V the/D S&P/N 500/N index/N and/N spend/V the/D other/N $/N 25/N million/N on/I a/D favorite/N group/N of/I stocks/N ./.
_OOV_/N FUNDS/N :/, _OOV_/N can/V be/V _OOV_/N to/T serve/V social/N goals/V ,/, such/N as/I eliminating/N the/D stocks/N of/I companies/N doing/V business/N in/I South/N Africa/N ./.
Other/N funds/N have/V been/V designed/N to/V concentrate/N on/I stocks/N in/I a/D _OOV_/N area/N in/I order/V to/V encourage/N local/N investment/N ./.
Pennsylvania/N State/N Employees/N Retirement/N System/N ,/, for/I example/N ,/, has/V about/N $/N 130/N million/N invested/N in/I a/D fund/N of/I _OOV_/N companies/N that/I are/V either/T Pennsylvania-based/N or/V have/V 25/N %/N of/I their/V work/N forces/N in/I the/D state/N ./.
Short/N interest/N on/I the/D New/N York/N Stock/N Exchange/N declined/N for/N the/D second/N consecutive/N month/N ,/, this/I time/D 4.2/N %/N ,/, while/V the/D American/N Stock/N Exchange/N reported/N its/I third/N consecutive/N record/N month/N of/I short/N interest/N ./.
The/N Big/N Board/N reported/N that/V short/N interest/N dropped/N to/T _OOV_/N shares/N as/I of/D Oct./N 13/N from/I _OOV_/N shares/N in/I mid-September/N ./.
_OOV_/V short/N interest/N climbed/V 3/N %/N to/T _OOV_/N shares/N from/I _OOV_/N shares/N ./.
For/N the/D year-earlier/N month/N ,/, the/D Big/N Board/N reported/N _OOV_/N shares/N ,/, indicating/V a/D 13.5/N %/N _OOV_/N rise/N ,/, while/V the/D _OOV_/N reported/N _OOV_/N shares/N ,/, a/D 48/N %/N _OOV_/N ./.
_OOV_/V short/N interest/N has/V been/V heading/V upward/N since/N _OOV_/N ,/, with/D increases/N in/I each/D month/N since/N then/V except/V at/I _OOV_/N ./.
Traders/N who/V sell/N short/V borrow/V stock/N and/N sell/N it/V ,/, _OOV_/N that/I the/D stock/N 's/. price/N will/V decline/N and/N that/V they/V can/V buy/V the/D shares/N back/V later/V at/I a/I lower/N price/N for/N return/V to/V the/D lender/N ./.
Short/N interest/N is/V the/D number/N of/I shares/N that/V have/V n't/, yet/V been/I purchased/N for/N return/V to/T lenders/N ./.
Although/N a/D substantial/N short/V position/D reflects/N heavy/N speculation/V that/I a/D stock/N 's/. price/N will/P decline/N ,/, some/V investors/N consider/V an/D increase/N in/I short/N interest/N bullish/N because/V the/D borrowed/N shares/N eventually/V must/V be/V bought/N back/V ./.
_OOV_/N in/I short/N interest/N of/I certain/N stocks/N also/N may/V be/V caused/N partly/I by/D _OOV_/N ./.
The/N figures/I occasionally/V include/N _OOV_/N transactions/N in/I restricted/N stock/N ./.
The/N level/N of/I negative/N sentiment/V measured/N by/I the/D Big/N Board/N short/N interest/N ratio/N slipped/N to/T _OOV_/N from/I last/N month/N 's/. _OOV_/N ./.
The/N ratio/N is/V the/D number/N of/I trading/N days/N ,/, at/I the/D exchange/N 's/. average/N trading/N volume/N ,/, that/V would/V be/V required/N to/T convert/V the/D total/N short/N interest/N position/I ./.
Some/N analysts/N suggest/N ,/, however/V ,/, that/V the/D ratio/N has/I weakened/N in/I value/N as/I an/D _OOV_/N because/D options/N and/I other/N products/N can/V be/V used/N to/T _OOV_/N short/V positions/V ./.
_OOV_/N Corp./N led/I the/D Big/N Board/N list/N of/I largest/N short/N volumes/N with/D _OOV_/N shares/N ./.
_OOV_/N has/I proposed/N to/V acquire/N _OOV_/N Corp./N ,/, consisting/N of/I the/D auto/N parts/N division/V and/N some/V debt/N of/I _OOV_/N Corp./N ,/, for/N $/N _OOV_/N million/N of/I cash/N and/N securities/N ./.
Chemical/N Waste/N Management/N posted/N the/D biggest/N increase/N in/I short/N volume/N on/I the/D New/N York/N exchange/N ,/, up/V _OOV_/N shares/N to/T _OOV_/N ./.
Bristol-Myers/N Squibb/N Co./N ,/, the/D entity/N formed/N from/I the/D recent/N acquisition/N of/I Squibb/N Corp./N by/D Bristol-Myers/N Co./N ,/, logged/N the/D largest/N volume/N decline/N ,/, _OOV_/N shares/N ,/, to/T _OOV_/N ./.
Short/N interest/N in/I International/N Business/N Machines/N Corp./N plunged/N to/T _OOV_/N shares/N from/I _OOV_/N shares/N a/D month/N earlier/N ./.
Also/N closely/N watched/V is/V Exxon/N Corp./N ,/, where/V short/N interest/N slid/N to/T _OOV_/N shares/N from/I _OOV_/N ./.
On/N a/D percentage/N basis/N ,/, Germany/N Fund/N Inc./N led/I the/D gainers/N ,/, _OOV_/N to/T _OOV_/N shares/N from/I three/N shares/N ./.
_OOV_/N _OOV_/N Ltd./N led/I the/D percentage/N _OOV_/N ,/, dropping/V to/V 59/N shares/N from/I _OOV_/N ./.
The/N _OOV_/N short/N interest/N volume/N leader/N again/V was/I Texas/N Air/N Corp./N ,/, rising/N to/T _OOV_/N shares/N from/I _OOV_/N ./.
_OOV_/N _OOV_/N Co./N posted/N the/D largest/N volume/N increase/N ,/, _OOV_/N shares/N ,/, to/T _OOV_/N ./.
The/D company/N is/V under/N an/D investigation/N concerning/N procedures/N to/V gain/V Food/N and/N Drug/N Administration/N approval/N of/I generic/N drugs/N ./.
_OOV_/N has/I denied/N any/D _OOV_/N ./.
The/N largest/N volume/N drop/N --/, down/V _OOV_/N shares/N to/T _OOV_/N --/, came/I in/I shares/N represented/I by/I _OOV_/N Industries/N PLC/N 's/. American/N depositary/N receipts/N ./.
The/D company/N is/V facing/I a/D takeover/N proposal/N from/I the/D financier/N Sir/N James/N _OOV_/N ./.
First/N _OOV_/N Fund/N led/I the/D percentage/N increases/N ,/, rising/N to/T _OOV_/N shares/N from/I _OOV_/N ./.
Nelson/N Holdings/N International/N Ltd./N dropped/N the/D most/I on/I a/D percentage/N basis/N ,/, to/T 1,000/N shares/N from/I _OOV_/N ./.
The/N _OOV_/N tables/N show/N the/D Big/N Board/N and/N _OOV_/N issues/N in/I which/I a/D short/N interest/N position/I of/I at/I least/V 100,000/N shares/N existed/I as/I of/D mid-October/N or/N in/I which/I there/V was/V a/D short/V position/I change/N of/I at/I least/V 50,000/N shares/N since/N mid-September/N ./.
Your/N Oct./N 12/N editorial/N ``/N _OOV_/N ,/, _OOV_/N _OOV_/N ?/, ''/N correctly/D states/N that/D I/N was/V critical/N of/I the/D Bush/N administration/N 's/P failure/N to/V have/V any/V plan/N in/I place/I to/T respond/N in/I a/D timely/N fashion/N to/V the/D opportunities/N to/T oust/N Manuel/N Noriega/N presented/I by/I the/D attempted/I military/N coup/N on/I Oct./N 3/N ./.
You/N are/V absolutely/V wrong/V ,/, however/V ,/, in/I _OOV_/N that/V this/I position/V is/V some/V kind/V of/D ``/N _OOV_/N ,/, ''/N something/P newly/N arrived/N at/I as/I a/D result/V of/I reading/N the/D opinion/N polls/N ./.
My/N position/V is/I one/N founded/N on/I both/I the/D facts/N and/N the/D law/N ./.
Although/N you/V may/V have/V forgotten/V ,/, public/N opinion/N about/N Gen./N Noriega/N is/V where/V it/V is/V in/I large/N measure/N because/V of/I my/V investigation/N of/I his/V years/N of/D involvement/N in/I _OOV_/N _OOV_/N -LRB-/N and/N simultaneous/N work/N as/I a/D U.S./N operative/N -RRB-/N ./.
The/N public/N made/I up/V its/N mind/V about/N Gen./N Noriega/N largely/I as/I a/D result/V of/I the/D hearings/N I/N chaired/N in/I the/D _OOV_/N on/I _OOV_/N and/N _OOV_/N of/I the/D Foreign/N _OOV_/N Committee/N on/I Feb./N 8/N ,/, 9/N ,/, 10/N and/N 11/N ,/, 1988/N ,/, and/N again/V on/D April/N 4/N ,/, 1988/N ./.
It/N was/V during/V those/T hearings/N that/I the/D nation/N first/N learned/V the/D _OOV_/N and/N depth/N of/I Gen./N Noriega/N 's/. _OOV_/N ,/, and/N of/I his/V _OOV_/N relationships/N with/I a/D variety/N of/I U.S./N government/N agencies/N ./.
Those/N hearings/N also/N _OOV_/N how/V Gen./N Noriega/N was/V able/V to/T use/N his/V relationships/N with/I these/D agencies/N to/V delay/N U.S./N action/N against/V him/P ,/, and/N to/V exploit/N the/D administration/N 's/, obsession/N with/D _OOV_/N the/D _OOV_/N to/V protect/V his/V own/D _OOV_/N ./.
As/I former/N _OOV_/N to/T Costa/N _OOV_/N Francis/N J./N _OOV_/N testified/N before/V the/D _OOV_/N ,/, the/D Reagan/N administration/N knew/V that/D Gen./N Noriega/N was/I involved/N with/D _OOV_/N ,/, but/V made/I a/D decision/N in/I the/D summer/N of/I 1986/N ``/N to/V put/T Gen./N Noriega/N on/I the/D shelf/N until/N _OOV_/N was/V settled/V ./. ''/N
As/N the/D report/N issued/N by/I the/D _OOV_/N concluded/N ,/, ``/N Our/N government/N did/V nothing/P regarding/N Gen./N Noriega/N 's/. drug/N business/N and/N substantial/N criminal/N involvement/N because/V the/D first/N priority/N was/V the/D _OOV_/N war/N ./.
This/N decision/N resulted/N in/I at/I least/V some/V drugs/N entering/V the/D United/N States/N as/I a/D hidden/V cost/N of/I the/D war/N ./. ''/.
Unfortunately/N ,/, this/D problem/N continued/I even/V after/I Gen./N Noriega/N 's/. indictment/N ./.
_OOV_/N 1988/N and/N this/D year/N ,/, I/N and/N others/N in/I Congress/N have/V pressed/V the/D U.S./N to/T develop/N a/D plan/N for/N pushing/N this/D ``/N _OOV_/N ''/N out/V of/D Panama/N ./.
_OOV_/N ,/, two/N _OOV_/N in/I a/I row/N have/V been/V unwilling/N and/N unable/V to/T develop/N any/V plan/N ,/, military/N or/N economic/N ,/, for/I supporting/N the/D Panamanian/N people/N in/I their/V attempts/I to/T restore/N democracy/N ./.
Sen./N John/N _OOV_/N -LRB-/N D./N ,/, _OOV_/N ./. -RRB-/N
For/N _OOV_/N ,/, these/V are/V tricky/N ,/, often/V _OOV_/N ,/, times/N ./.
After/N years/N of/D hesitation/N ,/, economic/N and/N political/N reform/N was/I embraced/N at/I the/D end/I of/I 1986/N ,/, but/V ringing/V _OOV_/N have/V yet/V to/V be/V _OOV_/N into/V much/V action/N ./.
Vietnam/N is/V finding/V that/V turning/V a/D stagnant/N _OOV_/N order/V into/V a/D dynamic/N free/N market/N does/V n't/, come/V easy/V ./.
Here/N is/V how/V three/N _OOV_/N are/V coping/N with/I change/N :/,
The/N Tire/N King/N
_OOV_/N Van/N _OOV_/N is/V living/N proof/V that/V old/V ways/V die/N hard/N ./.
Mr./N _OOV_/N used/N to/V be/V an/D _OOV_/N in/I _OOV_/N :/, a/D private/N entrepreneur/N ./.
His/N business/N success/N made/I him/P an/D official/N target/N in/I _OOV_/N days/N ./.
Mr./N _OOV_/N ,/, now/V 64/N years/N old/V ,/, invented/N a/D fountain/N pen/N he/V and/N his/V family/N produced/N from/I plastic/N waste/, ./.
Later/N ,/, he/P marketed/N glue/N ./.
Both/N products/N were/I immensely/V popular/I ./.
For/N his/V troubles/V ,/, Mr./N _OOV_/N was/I _OOV_/N three/N times/N between/I _OOV_/N and/N 1974/N ./.
Though/N his/V operation/N was/I registered/N and/I used/N only/D scrap/N ,/, he/V was/I accused/N of/I conducting/N illegal/N business/N and/N possessing/V illegal/N materials/N ./.
Once/N he/V was/V held/I for/N three/N months/N without/V being/I charged/N ./.
Things/N were/V supposed/V to/V change/V when/V Vietnam/N 's/. economic/N reforms/N gathered/I pace/N ,/, and/N for/I _OOV_/N they/V did/V ./.
After/N years/N of/D _OOV_/N ,/, Mr./N _OOV_/N produced/N a/D heavy-duty/N _OOV_/N tire/N that/D _OOV_/N its/I _OOV_/N rival/N ./.
By/N 1982/N ,/, he/V was/I selling/N thousands/N of/D tires/N ./.
_OOV_/N published/N articles/N about/N him/P ,/, and/N he/V was/I _OOV_/N as/D ``/N the/D tire/N king/N ./. ''/N
His/I efforts/N earned/I a/D gold/N _OOV_/N at/I a/D national/N exhibition/N --/, and/N attracted/N renewed/I attention/N from/I local/N authorities/N ./.
District/N police/N in/I 1983/N _OOV_/N on/I his/V suburban/N home/N ,/, which/V he/V and/N his/V large/N family/N used/N as/I both/D residence/N and/N factory/N ,/, and/N demanded/V proof/N the/D house/N and/N equipment/N were/V his/V ./.
He/D produced/N it/V ./.
``/N That/N was/V the/D first/N time/N they/V lost/V and/N I/N won/N ,/, ''/N he/P says/V ./.
He/N was/V further/N questioned/N to/T determine/V if/V he/V was/I ``/N a/D real/D working/N man/V or/V an/D _OOV_/N ./. ''/N
_OOV_/N Mr./N _OOV_/N :/, ``/N When/N I/N showed/V it/D was/V from/I my/V own/V brain/N ,/, they/V lost/I for/I the/D second/N time/N ./. ''/N
But/N a/D few/V days/N later/V the/D police/N accused/N him/P of/D _OOV_/N electricity/N ,/, acquiring/N rubber/N without/V permission/V and/N buying/N stolen/V property/N ./.
_OOV_/N he/V was/V to/V be/V _OOV_/N again/V ,/, he/P _OOV_/N to/V the/D countryside/N ./.
His/N family/N was/I given/D three/N hours/N to/V leave/P before/V the/D house/N and/N contents/V were/I _OOV_/N ./.
With/N only/I the/D clothes/N they/V were/V wearing/N ,/, family/N members/N moved/N to/V a/D home/N owned/N by/I one/N of/I Mr./N _OOV_/N 's/, sons/V ./.
After/N six/N months/N on/I the/D run/N ,/, Mr./N _OOV_/N learned/V the/D order/D for/N his/V arrest/N had/V been/V canceled/N ./.
He/N _OOV_/N his/V family/N in/I January/N 1984/N and/N began/V the/I long/N struggle/I for/I justice/N ,/, pressing/N everyone/P from/I _OOV_/N municipal/N officials/N to/T National/N _OOV_/N _OOV_/N for/N _OOV_/N of/I his/V rights/N ./.
He/N and/N his/V family/N kept/P _OOV_/N by/D _OOV_/N _OOV_/N ,/, selling/N fruit/N and/N doing/V odd/D jobs/N ./.
Mr./N _OOV_/N achieved/I a/D breakthrough/N in/I 1987/N --/, and/N became/I a/D minor/D _OOV_/N again/V --/, when/V his/V story/V was/V published/N in/I a/D weekly/N newspaper/N ./.
In/N 1988/N ,/, 18/N months/V after/V the/D sixth/N _OOV_/N formally/N endorsed/N family-run/N private/N enterprise/N ,/, district/N authorities/N allowed/T Mr./N _OOV_/N to/T resume/V work/N ./.
By/N late/N last/N year/N he/V was/V invited/V back/V as/D ``/N the/D tire/N king/N ''/N to/T display/N his/V products/N at/I a/D national/N exhibition/N ./.
National/N leaders/N stopped/V by/I his/V stand/V to/V _OOV_/N his/V achievements/N ./.
Mr./N _OOV_/N now/V produces/N 1,000/N _OOV_/N and/N _OOV_/N tires/N a/D month/N and/N 1,000/N tins/N of/I _OOV_/N glue/N in/I the/D son/V 's/. small/V house/N ./.
_OOV_/N people/N pack/I the/D house/N 's/P two/N rooms/N --/, the/D _OOV_/N ,/, four/N of/I their/V 10/N children/N with/D _OOV_/N ,/, and/N eight/N of/I 22/N grandchildren/N ./.
Most/N sleep/N on/I the/D floor/N ./.
_OOV_/N _OOV_/N ,/, eight/N family/N members/I and/N two/N other/N workers/N _OOV_/N a/D sheet/N of/I raw/N rubber/N that/D covers/I the/D floor/N of/I the/D house/N and/N _OOV_/N out/V onto/V the/D street/N ./.
The/N primitive/D operations/N also/N _OOV_/N out/V the/D back/V door/V into/I a/D small/N _OOV_/N ,/, where/V an/D ancient/N press/N _OOV_/N rubber/N solution/N into/I a/D flat/V strip/N and/N newly/N made/I tires/N are/V cooled/N in/I a/D _OOV_/N filled/N with/D water/N ./.
Mr./N _OOV_/N talks/N _OOV_/N of/I expanding/N ,/, maybe/V even/V moving/V into/I the/D _OOV_/N field/V ./.
First/N ,/, however/V ,/, he/V has/I _OOV_/N business/N ./.
When/N district/N authorities/N allowed/V him/P to/T resume/V manufacturing/N ,/, they/P released/N only/D one/N of/I his/V machines/N ./.
They/N did/V n't/, return/V the/D rubber/N stocks/N that/V represent/V his/V capital/N ./.
_OOV_/N did/V they/V return/V his/V house/V and/N contents/N ,/, which/V he/V values/V at/I about/N $/N _OOV_/N ./.
He/N wants/V to/T recover/V more/V than/V just/V his/V property/N ,/, though/V ./.
``/N I/N want/P my/V dignity/N back/V ,/, ''/N he/P says/V ./.
_OOV_/N _OOV_/N seemed/V an/I obvious/V choice/I when/V the/D _OOV_/N _OOV_/N Association/N was/V looking/V for/I a/D new/I editor/V to/V reform/N its/I weekly/N newspaper/N ,/, Van/N _OOV_/N ./.
After/N the/D sixth/N _OOV_/N ,/, journalists/N _OOV_/N the/D opportunity/N provided/N by/I the/D _OOV_/N to/V probe/N previously/I _OOV_/N subjects/N ./.
Mr./N _OOV_/N ,/, 57/N years/N old/V ,/, had/V solid/N _OOV_/N credentials/N :/, He/N had/V lost/V his/V official/N position/I in/I the/D association/N in/I he/V early/N 1980s/N because/V he/V questioned/V the/D intrusion/N of/I politics/N into/I literature/N ./.
_OOV_/N editor/V in/I chief/N in/I July/N 1987/N ,/, Mr./N _OOV_/N rapidly/N turned/V the/D _OOV_/N Van/N _OOV_/N into/D Vietnam/N 's/, hottest/N paper/N ./.
_OOV_/N soared/N as/I the/D weekly/N went/V way/V beyond/D standard/N literary/N themes/N to/V cover/V _OOV_/N society/N and/N its/I _OOV_/N ./.
_OOV_/N were/I _OOV_/N by/I the/D paper/N 's/, _OOV_/N and/N _OOV_/N by/I the/D dark/V side/I of/I life/V it/D uncovered/N ./.
One/N article/N _OOV_/N a/D decade-long/N struggle/I by/I a/D _OOV_/N soldier/V to/V prove/V ,/, officially/N ,/, he/V was/V alive/V ./.
Another/N described/I how/V _OOV_/N officials/N in/I _OOV_/N _OOV_/N _OOV_/N one/N night/V _OOV_/N through/N homes/N and/I _OOV_/N rice/N from/I starving/N _OOV_/N ./.
The/N newspaper/N also/I ran/N a/D series/N of/I controversial/N short/N stories/V by/D _OOV_/N _OOV_/N _OOV_/N ,/, a/D former/N history/N teacher/N ,/, who/P _OOV_/N debate/N over/I his/V interpretation/I of/D _OOV_/N culture/N and/N took/I a/D _OOV_/N _OOV_/N swipe/N at/I writers/N who/V had/V blocked/V his/V entry/V into/I their/V official/N association/N ./.
Van/N _OOV_/N quickly/N made/D influential/N _OOV_/N ./.
``/N Those/N who/V manage/N _OOV_/N and/I a/D large/N number/N of/I writers/N reacted/N badly/V ''/, to/V the/D _OOV_/N paper/N ,/, says/V _OOV_/N _OOV_/N An/N ,/, a/D literary/N critic/N ./.
After/N months/N of/D internal/N _OOV_/N ,/, Mr./N _OOV_/N was/I fired/N last/N December/N ./.
His/N _OOV_/N triggered/N a/D furor/N among/I intellectuals/N that/V continues/I today/N ./.
``/N Under/N Mr./N _OOV_/N ,/, Van/N _OOV_/N protected/N the/D people/N instead/D of/I the/D government/N ,/, ''/N says/V _OOV_/N _OOV_/N ,/, a/D _OOV_/N who/V is/V the/D paper/N 's/, bureau/N chief/N for/N southern/N Vietnam/N ./.
``/N The/N paper/N reflected/N the/D truth/V ./.
For/N the/D leadership/N ,/, that/D was/V too/V painful/V to/T bear/V ./. ''/N
The/N `/N _OOV_/N '/,
_OOV_/N _OOV_/N _OOV_/N is/V Vietnam/N 's/. entrepreneur/N of/I the/D 1980s/N ./.
Her/N challenge/V is/V to/V keep/V her/P fledgling/N empire/N on/I top/N in/I the/D 1990s/N ./.
Mrs./N _OOV_/N did/V n't/, wait/V for/I the/D reforms/N to/V get/P her/V start/V ./.
She/N charged/N ahead/V of/I the/D government/N and/N the/D law/N to/T establish/N _OOV_/N City/N Food/N Co./N as/I the/D biggest/N rice/N dealer/V in/I the/D country/N ./.
Her/N success/N ,/, which/D included/D alleviating/N an/D urban/N food/, shortage/N in/I the/D early/N 1980s/N ,/, helped/N persuade/V _OOV_/N to/V take/V the/D reform/N path/I ./.
Her/N story/V is/V becoming/N part/I of/I local/N folklore/N ./.
A/N lifelong/N revolutionary/N with/I little/N education/N who/V fought/I both/D the/D French/N and/N the/D _OOV_/N _OOV_/N _OOV_/N ,/, she/P switched/N _OOV_/N to/T commerce/N after/I the/D war/N ./.
Her/N _OOV_/N were/I _OOV_/N ,/, despite/V her/V background/I ./.
As/N she/V rode/V over/I regulations/N ,/, only/D her/P friendship/N with/D party/N leaders/N ,/, including/N _OOV_/N Van/N _OOV_/N ,/, then/V Ho/N Chi/N Minh/N City/N party/N secretary/N ,/, kept/P her/V out/V of/D jail/N ./.
Following/N Mr./N _OOV_/N 's/. appointment/N as/D _OOV_/N of/I the/D party/N at/I the/D sixth/N _OOV_/N ,/, Mrs./N _OOV_/N has/V become/I the/D darling/N of/D ``/N _OOV_/N moi/N ''/N ,/, the/D _OOV_/N version/N of/I perestroika/N ./.
The/N authorities/N have/V _OOV_/N foreign/N reporters/N to/V her/V office/N to/V see/N an/I example/N of/I ``/N the/D new/N way/V of/I thinking/N ./. ''/.
Foreign/N publications/N have/V responded/N with/D articles/N _OOV_/N her/V Vietnam/N 's/. richest/N woman/N ./.
``/N Some/N people/N call/V me/V the/D communist/N _OOV_/N ,/, ''/N she/V has/V told/V visitors/N ./.
Actually/N ,/, 67-year-old/N Mrs./N _OOV_/N is/V about/N as/D poor/V as/I almost/V everyone/V else/V in/I this/D _OOV_/N land/N ./.
She/N has/V indeed/V turned/V _OOV_/N City/N Food/N into/I a/D budding/N conglomerate/N ,/, but/V the/D company/N itself/I remains/V state-owned/N ./.
She/N manages/N it/V with/I the/D title/N of/I _OOV_/N ./.
The/N heart/N of/I the/D business/N is/V the/D purchase/N of/I rice/N and/I other/N commodities/N ,/, such/N as/D corn/N and/N coffee/N ,/, from/V farmers/N in/I the/D south/N ,/, paying/N with/D _OOV_/N ,/, farm/N tools/N and/I other/N items/V ./.
Last/N year/N ,/, _OOV_/N City/N Food/N says/V it/V bought/N two/N million/N metric/N tons/N of/I _OOV_/N rice/N ,/, more/V than/V 10/N %/N of/I the/D country/N 's/, output/N ./.
The/D company/N operates/N a/D fleet/N of/I trucks/N and/N boats/N to/T transport/N the/D commodities/N to/V its/D warehouses/N ./.
A/N subsidiary/N company/N processes/N commodities/N into/I foods/, such/N as/I instant/D noodles/N that/V are/V sold/N with/I the/D rice/N through/I a/D vast/N retail/N network/N ./.
In/N recent/N years/N ,/, Mrs./N _OOV_/N has/I started/V to/V diversify/N the/D company/N ,/, taking/V a/D 20/N %/N stake/N in/I newly/N established/N ,/, partly/I private/N Industrial/N and/N Commercial/N Bank/N ,/, and/N setting/D up/V _OOV_/N _OOV_/N ,/, which/D owns/N and/N operates/N Vietnam/N 's/. first/N oil/N refinery/N ./.
Mrs./N _OOV_/N says/V _OOV_/N City/N Food/N last/N year/N increased/N pretax/N profit/N 60/N %/N to/V the/D equivalent/N of/I about/N $/N 2.7/N million/N on/I sales/N of/I $/N 150/N million/N ./.
She/N expects/N both/D revenue/N and/N profit/N to/T gain/V this/D year/N ./.
She/N is/V almost/D _OOV_/N about/N the/D possibility/N Vietnam/N 's/. reforms/N will/T create/I rivals/N on/I her/V home/N _OOV_/N ./.
``/N I/N do/P n't/, mind/V the/D competition/N inside/N the/D country/N ,/, ''/N she/P says/V ./.
``/N I/N am/V only/D afraid/V that/I with/D Vietnam/N 's/. _OOV_/N products/N we/V ca/N n't/, compete/N with/D _OOV_/N countries/N ./.
The/N earthquake/N that/V hit/V the/D San/N Francisco/N Bay/N area/N is/V n't/, likely/V to/V result/V in/I wholesale/N _OOV_/N of/D bond/N ratings/N ,/, officials/N at/I the/D two/N major/N rating/N agencies/N said/V ./.
Standard/N &/N Poor/N 's/. Corp./N is/V reviewing/N debt/N issued/N by/I 12/N California/N _OOV_/N ,/, and/N ``/N there/V are/V potential/N isolated/N problems/N ,/, ''/, said/V _OOV_/N _OOV_/N ,/, a/D managing/N director/N ./.
The/N agency/N is/V preparing/N a/D report/N ,/, to/P be/V issued/N today/N ,/, on/I the/D earthquake/N 's/, impact/N on/I the/D and/N _OOV_/N industry/N ./.
The/N only/D securities/N so/V far/V to/V be/V singled/N out/V are/V those/V issued/N by/I Bay/N View/N Federal/N Savings/N &/N Loan/N ./.
Moody/N 's/. Investors/N Service/N Inc./N said/V it/V is/V reviewing/N ,/, with/I an/D eye/N toward/I a/D possible/D _OOV_/N ,/, the/D ratings/N on/I Bay/N View/N Federal/N bonds/N ,/, long-term/N deposits/N and/I the/D _OOV_/N rating/N of/I its/N parent/N company/N ,/, Bay/N View/N Capital/N Corp/N ./.
As/N for/I property/N and/N casualty/N insurers/N ,/, Moody/N 's/, said/V ``/N preliminary/N estimates/N suggest/N that/D losses/N should/V not/V have/V a/D significant/N impact/N on/I most/I insurers/N '/N financial/N condition/N ,/, ''/, but/V it/D ``/N raises/V concerns/N about/N potentially/V substantial/N risks/N ''/N longer-term/N ./.
``/N _OOV_/N from/I the/D earthquake/N are/N expected/V to/V be/V of/I similar/N magnitude/N to/V those/V of/D Hurricane/N Hugo/N ,/, ''/N according/I to/T Moody/N 's/, ./.
Your/N Oct./N 5/N editorial/N ``/N A/N Democratic/N _OOV_/N _OOV_/N ''/N contained/N an/I error/N ./.
In/N the/D third/N paragraph/N it/V referred/V to/V the/D senators/N seeking/N _OOV_/N suggestions/N from/I lobbyists/N for/I various/N sectors/N of/I the/D economy/N ./.
Among/N them/V ,/, ``/N _OOV_/N farmers/N ./. ''/N
The/N only/D significant/V commercial/N _OOV_/N farmers/N in/I the/D U.S./N are/V in/I Hawaii/N ./.
The/N Hawaii/N _OOV_/N Industry/N Association/N ,/, to/V which/D nearly/V all/I of/I them/V belong/V ,/, has/V no/V lobbyist/N ./.
Thomas/N _OOV_/N Reese/N _OOV_/N ./.
_OOV_/N _OOV_/N Co/N ./.
Western/N Digital/N Corp./N reported/N a/D net/N loss/N of/I $/N 2.7/N million/N ,/, or/V nine/N cents/N a/D share/N ,/, for/N its/I first/N quarter/N ended/I Sept./N 30/N ,/, citing/N factors/N as/I varied/I as/D _OOV_/N damage/N ,/, an/I advance/I in/I graphics/N technology/N and/N the/D _OOV_/N dollar/N ./.
In/N the/D year-ago/N period/N ,/, the/D company/N earned/N $/N 12.9/N million/N ,/, or/V 45/N cents/N a/D share/N ,/, on/I sales/N of/I $/N 247/N million/N ./.
Sales/N for/I the/D _OOV_/N period/N fell/V to/T about/N $/N 225/N million/N ,/, the/D maker/N of/D computer/N parts/N said/V ./.
_OOV_/N ,/, Chairman/N _OOV_/N W./N Johnson/N said/V he/P expects/N the/D company/N to/V be/V profitable/N in/I the/D current/N quarter/N ./.
``/N We/N are/V _OOV_/N to/V come/V through/N ,/, ''/N he/P said/V ,/, noting/N that/I the/D company/N 's/. _OOV_/N was/V up/V from/I the/D previous/I quarter/N ./.
In/N its/I second/N quarter/N last/N year/N ,/, Western/N Digital/N earned/N $/N _OOV_/N million/N ,/, or/V 44/N cents/N a/D share/N ,/, on/I sales/N of/I $/N _OOV_/N million/N ./.
Mr./N Johnson/N said/V Western/N Digital/N 's/, plant/N in/I Puerto/N Rico/N was/I affected/V by/D Hurricane/N Hugo/N ,/, losing/D three/N days/N '/N production/N because/V of/I the/D storm/N ,/, which/D wrecked/N much/V of/I the/D Caribbean/N island/N 's/. infrastructure/N ./.
Although/N the/D plant/N itself/D was/V n't/, damaged/N ,/, Mr./N Johnson/N said/V millions/N of/D dollars/N in/I first-quarter/N revenue/N were/I lost/I ./.
The/N revenue/N will/V be/V _OOV_/N in/I the/D current/N period/N ,/, he/P added/N ./.
There/N are/V no/V plans/N to/T _OOV_/N a/D common/N stock/N dividend/N ,/, Mr./N Johnson/N said/V ,/, explaining/I that/I the/D board/N continues/V to/V believe/V shareholders/N are/V best/N served/N by/D _OOV_/N excess/N cash/N ./.
Mr./N Johnson/N said/V the/D first-quarter/N loss/N also/I heavily/N reflected/N a/D rapid/N change/N in/I graphics/N technology/N that/V left/V reseller/N channels/N with/I too/V many/V of/I the/D old/V computer/N graphics/N boards/N and/N too/V few/V new/I _OOV_/N compatible/N with/I the/D new/I graphics/N boards/N ./.
Western/N Digital/N does/V n't/, make/V the/D _OOV_/N ./.
An/N accelerating/N move/D by/D personal/N computer/N manufacturers/N '/N to/T include/I advanced/N graphics/N capabilities/N as/I standard/N equipment/N further/N _OOV_/N reseller/N purchases/N of/I Western/N Digital/N 's/, equipment/N ./.
``/N The/N other/N areas/N of/I the/D business/N --/, storage/N and/N _OOV_/N --/, were/V very/V good/V ,/, ''/N Mr./N Johnson/N said/V ./.
He/N said/V Western/N Digital/N has/I reacted/N _OOV_/N to/V the/D movement/N to/V video/N graphics/N array/N ,/, _OOV_/N ,/, graphics/N technology/N from/I the/D old/V enhanced/N graphics/N _OOV_/N ,/, _OOV_/N ,/, which/D has/V a/I lower/N resolution/N standard/N ,/, technology/N and/N now/V is/V one/N of/I the/D leading/N producers/N of/I these/D newer/N units/N ./.
Other/N makers/N of/I video/N _OOV_/N equipment/N also/N were/V caught/N in/I the/D _OOV_/N shift/N ,/, he/P said/V ,/, ``/N but/V we/V were/V able/V to/T respond/N much/V more/V quickly/N ./. ''/.
Still/N ,/, Mr./N Johnson/N said/V ,/, ``/N our/V stock/N is/V _OOV_/N _OOV_/N ./. ''/N
He/N said/V the/D company/N has/I cut/V operating/N expenses/N by/I about/N 10/N %/N over/I the/D last/N few/V quarters/N ,/, while/I maintaining/N research/N and/N development/N at/I about/N 8/N %/N to/T 9/N %/N of/I sales/N ./.
As/N part/I of/I its/N reorganization/N this/D week/N ,/, Western/N Digital/N has/V divided/I its/I business/N into/D two/N segments/N --/N storage/N products/N ,/, including/N _OOV_/N and/I disk/N drives/N ;/, and/N _OOV_/N products/N ,/, which/D include/I graphics/N ,/, communications/N and/N _OOV_/N control/N chips/N ./.
Graphics/N ,/, communications/N and/N _OOV_/N control/N chips/N were/I combined/N because/V ,/, increasingly/N ,/, multiple/I functions/N are/V being/D governed/N by/I a/D single/J chip/N ./.
_OOV_/N ,/, which/D includes/N computer/N _OOV_/N and/N _OOV_/N disk/N drives/N ,/, represents/I nearly/N two-thirds/N of/I the/D company/N 's/. business/N ./.
_OOV_/I drives/N ,/, which/D allow/V a/D computer/N to/V access/N its/I memory/N ,/, generated/N 38/N %/N more/I revenue/N in/I the/D most/I recent/N period/N compared/I with/I the/D fiscal/N first/N quarter/N a/D year/N earlier/N ./.
Computer/N parts/N are/V getting/V ever/I smaller/V ,/, Mr./N Johnson/N said/V ,/, a/D shrinking/N that/V has/I _OOV_/N _OOV_/N into/I position/D as/I the/D _OOV_/N segment/I of/I the/D computer/N business/N ./.
As/N smaller/V and/N more/V powerful/D computers/N continue/V to/V be/V the/D focus/N of/I the/D industry/N ,/, he/P said/V ,/, Western/N Digital/N is/V _OOV_/N development/N of/I laptop/N parts/N ./.
_OOV_/N year/N Western/N Digital/N plans/N to/T _OOV_/N its/I operations/N from/I 11/N buildings/N in/I _OOV_/N into/I two/N buildings/N in/I the/D same/D _OOV_/N new/N headquarters/N and/N ,/, a/D block/N away/V ,/, a/D modern/J $/N 100/N million/N silicon/N _OOV_/N _OOV_/N plant/N ./.
The/N plan/N will/P help/V the/D company/N in/I its/I existing/N joint/N manufacturing/N agreement/N with/D AT&T/N ./.
About/N half/N of/D Western/N Digital/N 's/. business/N is/I overseas/N ,/, and/N Mr./N Johnson/N expects/N that/D proportion/V to/V continue/V ./.
_OOV_/N to/T _OOV_/N many/V of/I the/D trade/N barriers/N within/D Europe/N in/I 1992/N creates/I significant/N opportunities/N for/I the/D company/N ,/, he/P said/V ,/, particularly/N since/I Western/N Digital/N already/V manufactures/N there/V ./.
Capitalizing/N on/I that/D presence/V ,/, Western/N Digital/N is/V launching/N a/D major/N effort/N to/T develop/N the/D _OOV_/N reseller/N market/N in/I Europe/N ./.
_OOV_/N of/D state-owned/N Banca/N _OOV_/N del/N _OOV_/N approved/N a/D _OOV_/N _OOV_/N transaction/N and/I a/D change/N in/I the/D bank/N 's/. rules/V that/V will/V help/, it/D operate/N more/V like/N a/D private-sector/N institution/N ./.
Until/N now/N ,/, _OOV_/N 's/. top/D managers/N and/N its/I directors/N have/V been/V appointed/V by/I a/D Treasury/N decree/N ./.
But/N under/N the/D bank/N 's/, proposed/N _OOV_/N ,/, an/D assembly/N of/I shareholders/N must/V approve/N board/N members/N ./.
The/N bank/N 's/. chairman/N and/N director/N general/N ,/, who/P also/N sit/V on/I the/D board/N ,/, still/V would/V be/V appointed/V by/I the/D Treasury/N ./.
_OOV_/N ,/, which/D is/V controlled/N by/I the/D Italian/N Treasury/N ,/, was/I _OOV_/N by/I the/D disclosure/N last/N month/N that/I its/D Atlanta/N branch/N extended/I more/V than/J $/N 3/N billion/N in/I unauthorized/N credits/N to/V _OOV_/N ./.
The/N _OOV_/N scandal/N ,/, in/I which/I the/D bank/N 's/. management/N resigned/N ,/, has/I helped/N renew/N calls/V for/N _OOV_/N ,/, or/V at/I least/V an/D overhaul/N ,/, of/D Italy/N 's/. banking/N system/N ,/, which/D is/V about/N 80/N %/N _OOV_/N ./.
In/N a/D related/N move/D ,/, the/D bank/N also/N proposed/N that/I board/N representation/N be/V linked/N more/V closely/N to/V the/D bank/N 's/, new/I shareholding/N structure/N ./.
_OOV_/N called/I a/D shareholders/N '/N assembly/N meeting/N in/I December/N to/V vote/V on/I the/D proposals/N ./.
_OOV_/N has/V about/N 75,000/N _OOV_/N shares/N that/V are/V listed/N on/I the/D Milan/N Stock/N Exchange/N ./.
The/N shares/N were/I suspended/N from/I trading/N following/N disclosure/N of/I the/D Atlanta/N scandal/N ;/, _OOV_/N ,/, the/D stock/N exchange/N regulatory/N body/V ,/, reportedly/N will/P decide/V soon/P whether/V to/T end/I the/D trading/N suspension/N ./.
Switzerland/N 's/P wholesale/N price/N index/N increased/N 0.3/N %/N in/I September/N from/I August/N ,/, and/N was/V up/V 3.9/N %/N from/I a/D year/N ago/N ,/, _OOV_/N the/D first/N time/N this/D year/N that/I the/D index/N has/V fallen/V below/N 4/N %/N on/I a/D _OOV_/N basis/N ,/, the/D government/N reported/N ./.
The/N government/N attributed/N the/D 0.3/N %/N _OOV_/N rise/I in/I the/D index/N largely/N to/T higher/V energy/N prices/N ./.
In/N August/N ,/, the/D index/N was/V up/V 0.2/N %/N from/I the/D previous/D month/N ,/, and/N was/V up/V 4.5/N %/N on/I a/D _OOV_/N basis/N ./.
The/N wholesale/N price/N index/N ,/, based/N on/I 1963/N as/I 100/N ,/, was/I _OOV_/N in/I September/N ./.
American/N Express/N Co./N posted/N a/D 21/N %/N increase/N in/I third/N quarter/N net/N income/N despite/I a/D sharp/N rise/I in/I reserves/N for/I Third/N World/N loans/N at/I its/I banking/N unit/N ./.
Aided/N by/I a/D sharp/I gain/V in/I its/I travel/N business/N ,/, American/N Express/N said/V net/N rose/V to/T $/N _OOV_/N million/N ,/, or/V 77/N cents/N a/D share/N ,/, from/I $/N _OOV_/N million/N ,/, or/V 64/N cents/N a/D share/N ./.
The/N year-earlier/N figures/I included/N $/N _OOV_/N million/N ,/, or/V three/N cents/N a/D share/N ,/, in/I income/N from/I discontinued/N operations/N ./.
Income/N from/I continuing/I operations/N was/V up/V 26/N %/N ./.
Revenue/N rose/V 24/N %/N to/T $/N 6.5/N billion/N from/I $/N _OOV_/N billion/N ./.
The/N travel/N ,/, investment/N services/N ,/, insurance/N and/N banking/N concern/N added/N $/N 110/N million/N to/T reserves/N for/I credit/N losses/N at/I its/I American/N Express/N Bank/N unit/N ,/, _OOV_/N the/D reserve/N to/T $/N _OOV_/N million/N as/I of/D Sept./N 30/N ./.
The/N bank/N 's/. Third/N World/N debt/N portfolio/N _OOV_/N $/N _OOV_/N million/N ,/, down/V from/I $/N 2.2/N billion/N at/I the/D end/I of/I 1986/N ./.
The/N bank/N charged/N off/V $/N 53/N million/N in/I loans/N during/V the/D quarter/N ./.
At/N the/D American/N Express/N Travel/N _OOV_/N Services/N Co./N unit/N ,/, net/N rose/V 17/N %/N to/V a/D record/N $/N _OOV_/N million/N on/I a/D 19/N %/N revenue/N increase/N ./.
The/N figures/I exclude/N businesses/N now/V organized/N as/D American/N Express/N Information/N Services/N Co/N ./.
American/N Express/N card/V charge/N volume/N rose/N 12/N %/N ./.
Travel/I sales/N rose/V 11/N %/N ,/, led/I by/I gains/N in/I the/D U.S/N ./.
At/N _OOV_/N Financial/N Services/N ,/, the/D financial/N planning/N and/N mutual/N fund/N unit/N ,/, net/N rose/V 19/N %/N to/V a/D record/N $/N _OOV_/N million/N on/I a/D 33/N %/N revenue/N gain/V ./.
_OOV_/N owned/N or/N managed/V rose/V 20/N %/N to/T $/N 45/N billion/N ,/, and/N mutual/N fund/N sales/N rose/V 45/N %/N in/I the/D quarter/N to/V $/N _OOV_/N million/N ./.
American/N Express/N Bank/N earnings/N fell/V 50/N %/N to/T $/N _OOV_/N million/N from/I $/N _OOV_/N million/N despite/I a/D 29/N %/N revenue/N gain/V ./.
The/N results/N include/N $/N 106/N million/N of/I tax/N benefits/N associated/V with/I previous/D years/N '/, Third/N World/N loan/N activity/N ,/, compared/V with/I $/N 15/N million/N a/D year/N earlier/N ./.
Profit/N rose/V 38/N %/N at/I American/N Express/N Information/N Services/N to/T $/N _OOV_/N million/N ./.
Shearson/N Lehman/N Hutton/N Holdings/N Inc./N ,/, as/I previously/D reported/N ,/, had/V net/N of/I $/N _OOV_/N million/N ,/, _OOV_/N a/D $/N 3.5/N million/N loss/N a/D year/N earlier/N ;/, its/I latest/N results/N include/N a/D $/N 37/N million/N gain/V from/I the/D sale/N of/I an/D institutional/N money/N management/N business/N ./.
American/N Express/N 's/, share/N of/I Shearson/N 's/. earnings/N was/V $/N 41/N million/N ,/, after/V preferred/I stock/N dividends/N ;/, it/V owns/N about/N 68/N %/N of/I Shearson/N 's/P common/N ./.
For/N the/D nine/N months/N ,/, American/N Express/N said/V net/N rose/V 11/N %/N to/T $/N _OOV_/N million/N ,/, or/N $/N _OOV_/N a/D share/N ,/, from/I $/N _OOV_/N million/N ,/, or/N $/N _OOV_/N a/D share/N ./.
Revenue/N rose/V 24/N %/N to/T $/N _OOV_/N billion/N from/I $/N _OOV_/N billion/N ./.
_OOV_/N Inc./N ,/, hampered/N by/I a/D slowdown/N in/I its/I defense/N sales/N ,/, reported/N an/D 8/N %/N decline/N in/I per-share/N earnings/N on/I nearly/N flat/V revenue/N for/N its/I third/N quarter/N ./.
The/N aerospace/N and/N financial/N services/N concern/N said/V net/N income/N fell/V 5/N %/N to/T $/N _OOV_/N million/N from/I $/N 62.8/N million/N ./.
Revenue/N of/I $/N _OOV_/N billion/N was/V almost/D unchanged/N from/V last/N year/N 's/. $/N _OOV_/N billion/N ./.
Per-share/N net/N of/I 66/N cents/N ,/, down/V from/I 72/N cents/N ,/, fell/V by/I more/V than/V overall/N net/N because/V of/I more/V shares/N outstanding/N ./.
The/D company/N said/V that/D improved/N results/N in/I its/N financial-services/N sector/N were/I _OOV_/N by/I increased/N costs/N in/I its/I government/N contract/N business/N ,/, lower/D operating/N earnings/N in/I its/N _OOV_/N sector/N and/N soft/N automotive/N markets/N ./.
Net/N was/I aided/N by/I a/I lower/N income/N tax/N rate/N ./.
Profit/N before/V taxes/N fell/V 17/N %/N to/T $/N _OOV_/N million/N from/I $/N _OOV_/N million/N ./.
For/N the/D nine/N months/N ,/, _OOV_/N reported/N net/N of/I $/N _OOV_/N million/N ,/, or/N $/N 2.06/N a/D share/N ,/, on/I revenue/N of/I $/N _OOV_/N billion/N ./.
A/N year/N ago/N ,/, net/N was/V $/N _OOV_/N million/N ,/, or/N $/N _OOV_/N a/D share/N ,/, on/I revenue/N of/I $/N 5.3/N billion/N ./.
The/N _OOV_/N results/N included/I a/D $/N 9.5/N million/N special/N charge/N in/I 1989/N for/N an/D _OOV_/N settlement/N related/N to/V past/V export/N sales/N ,/, and/N $/N _OOV_/N million/N in/I extraordinary/D charges/N in/I 1988/N related/N to/V a/D former/N line/I of/I business/N and/N early/N redemption/N of/I debt/N ./.
_OOV_/N said/V that/D _OOV_/N '/N results/N do/V n't/, include/N earnings/N of/I _OOV_/N PLC/N ,/, a/D British/N maker/N of/I industrial/N _OOV_/N ,/, but/V do/V include/N interest/N costs/N of/I $/N _OOV_/N million/N on/I borrowings/N related/N to/V the/D proposed/N purchase/N of/I _OOV_/N ./.
A/N federal/N judge/N has/I issued/N a/D preliminary/N _OOV_/N against/I the/D purchase/N because/V of/D Federal/N Trade/N Commission/N concerns/N that/I the/D transaction/N would/V reduce/N competition/N in/I the/D production/N of/I two/N kinds/N of/D _OOV_/N ./.
For/N the/D quarter/N ,/, _OOV_/N said/V aerospace/N revenue/N ,/, including/N _OOV_/N _OOV_/N and/N _OOV_/N _OOV_/N ,/, declined/N _OOV_/N %/N to/T $/N _OOV_/N million/N from/I $/N _OOV_/N million/N ,/, an/D indication/N of/I slowing/N government/N defense/N work/N ./.
As/N the/D _OOV_/N brothers/N '/V personal/N bankruptcy/N cases/N _OOV_/N into/V their/V second/N year/N ,/, _OOV_/N S.A./N has/N proposed/N a/D deal/N to/V settle/V its/I huge/N claim/V against/I the/D troubled/N Texas/N oil/N men/V ./.
But/N the/D plan/N only/D threatens/N to/T _OOV_/N the/D tension/N and/N confusion/V already/V surrounding/V the/D cases/N that/I were/D filed/N in/I September/N 1988/N ./.
The/N _OOV_/N _OOV_/N concern/N 's/. $/N _OOV_/N million/N claim/N stems/V from/I 1988/N jury/V award/N in/I a/I case/N stemming/N from/I the/D brothers/N '/, alleged/N attempts/N to/V corner/I the/D _OOV_/N silver/N market/N ./.
_OOV_/N now/V says/N it/V is/V willing/V to/P settle/V for/I up/V to/T $/N _OOV_/N million/N from/I each/D brother/V ,/, although/V the/D actual/D amount/N would/V probably/V be/V much/V less/V ./.
Although/N the/D proposal/N must/V be/V approved/N by/D federal/N Judge/N Harold/N C./N _OOV_/N ,/, W./N Herbert/N _OOV_/N has/N agreed/N to/V the/D _OOV_/N _OOV_/N concern/N 's/. proposal/N ./.
Nelson/N _OOV_/N _OOV_/N is/V considering/V it/V ,/, although/V his/V attorney/N says/V he/V wo/, n't/, do/P it/V if/V the/D proposal/N _OOV_/N a/D _OOV_/N settlement/N he/V has/I reached/N with/I the/D Internal/N Revenue/N Service/N ,/, which/D claims/N the/D brothers/N owe/V $/N 1/N billion/N in/I back/V taxes/N and/N is/V by/I far/V the/D biggest/N creditor/N in/I both/D cases/N ./.
The/N _OOV_/N agreement/N between/I the/D _OOV_/N and/N Nelson/N _OOV_/N _OOV_/N is/V awaiting/V U.S./N Justice/N Department/N approval/N ./.
Under/N it/V ,/, the/D former/N _OOV_/N 's/. assets/N would/V be/V liquidated/N with/I the/D _OOV_/N getting/V 80/N %/N of/I the/D proceeds/N and/N the/D rest/V being/I divided/D among/I other/I creditors/N ,/, including/N _OOV_/N and/N Manufacturers/N _OOV_/N Trust/N Co./N ,/, which/D is/V seeking/N _OOV_/N of/I a/D $/N 36/N million/N loan/N ./.
A/N _OOV_/N proposal/N has/N been/V made/I in/I the/D W./N Herbert/N _OOV_/N case/N although/V he/V and/I the/D _OOV_/N are/V at/I odds/D over/I the/D size/N of/I the/D _OOV_/N debt/N he/V would/V have/V to/T pay/N to/V the/D government/N from/V future/I earnings/N ./.
In/N both/D cases/N ,/, _OOV_/N and/N Manufacturers/N _OOV_/N have/V been/V fighting/N ferociously/N over/I their/V shares/N of/I the/D pie/N ./.
With/N support/N from/I the/D _OOV_/N ,/, Manufacturers/N _OOV_/N has/I filed/N suit/N asking/V Judge/N _OOV_/N to/T _OOV_/N _OOV_/N 's/, claim/V to/T those/V of/D _OOV_/N _OOV_/N and/N the/D _OOV_/N ./.
_OOV_/N has/I threatened/N a/D ``/N volcano/N ''/N of/I litigation/N if/V the/D Manufacturers/N _OOV_/N Corp./N unit/N attempts/I to/T force/N such/N a/D plan/N through/V the/D court/N ./.
_OOV_/N said/V it/V would/V n't/, pursue/N such/I litigation/N if/V its/I settlement/N plan/N in/I the/D W./N Herbert/N _OOV_/N case/N is/V approved/N by/D Judge/N _OOV_/N ,/, who/V will/T consider/V the/D proposal/N at/I a/D hearing/N next/V week/N ./.
_OOV_/N attorney/N Thomas/N _OOV_/N _OOV_/N the/D plan/N as/D one/N step/I toward/I an/I overall/N settlement/N of/I the/D W./N Herbert/N _OOV_/N case/N but/D Hugh/N Ray/N ,/, attorney/N for/I Manufacturers/N _OOV_/N ,/, called/N it/D ``/N silly/V ''/N and/N said/V he/V would/V fight/V it/V in/I court/N ./.
``/N The/N thing/V is/V so/V fluid/N right/T now/V that/V there/V 's/, really/P no/V way/V to/V say/V what/V will/V happen/V ,/, ''/N says/V Justice/N Department/N attorney/N _OOV_/N _OOV_/N III/N ,/, who/V represents/I the/D _OOV_/N in/I the/D case/N ./.
``/N Developments/N like/N this/I are/V hard/N to/T predict/N ./.
_OOV_/N One/N Corp./N said/V it/V agreed/N in/I principle/N to/V buy/N five/N branch/N offices/N from/I _OOV_/N Inc./N ,/, Toledo/N ,/, Ohio/N ,/, following/I the/D planned/N merger/N of/D _OOV_/N into/I _OOV_/N Corp./N ,/, Cleveland/N ./.
The/N five/N offices/N in/I Erie/N and/N _OOV_/N _OOV_/N in/I northern/N Ohio/N have/V total/N assets/N of/I about/N $/N 88/N million/N ,/, _OOV_/N One/N said/V ./.
The/N purchase/N price/N will/V be/V established/N after/I _OOV_/N One/N has/I an/I opportunity/V to/T study/V the/D quality/N of/I the/D assets/N ,/, _OOV_/N One/N said/V ./.
_OOV_/N Corp./N already/V has/I branches/N in/I the/D area/N ,/, and/I selling/N the/D _OOV_/N offices/N could/V avoid/V a/D problem/N with/D regulators/N over/I excessive/N concentration/N of/D banking/N in/I the/D two/N _OOV_/N after/I the/D merger/N of/I _OOV_/N into/D _OOV_/N ,/, according/I to/D industry/N sources/N ./.
The/N merger/N is/V scheduled/N to/V take/P place/I in/I the/D 1990/N first/N quarter/N ./.
_OOV_/N fears/N and/I relatively/N more/V attractive/N interest/N rates/N pushed/I _OOV_/N mutual/N fund/N assets/N up/V $/N _OOV_/N billion/N in/I the/D latest/N week/N ,/, the/D _OOV_/N increase/N in/I almost/D two/N years/N ./.
The/N _OOV_/N funds/N tracked/N by/I the/D Investment/N Company/N Institute/N ,/, a/D _OOV_/N trade/N group/N ,/, rose/V to/T $/N _OOV_/N billion/N ,/, a/D record/N ./.
The/N $/N _OOV_/N billion/N increase/N was/V the/D _OOV_/N weekly/N inflow/N since/N January/N 1988/N ./.
The/N increase/N was/I spread/V fairly/V _OOV_/N among/I all/D three/N types/N of/I funds/N ./.
Individual/N investors/N ,/, represented/I in/I the/D _OOV_/N and/N broker-dealer/I fund/N categories/N ,/, pulled/V money/N from/I the/D stock/N market/N after/V its/I big/N drop/V last/N Friday/N and/N put/V the/D money/N into/D funds/N ,/, said/V _OOV_/N _OOV_/N ,/, vice/N president/N and/I chief/N economist/N of/I the/D Institute/N ./.
``/N _OOV_/N investors/N ,/, on/I the/D other/N hand/V ,/, reacted/N to/T the/D steep/N decline/N in/I yields/N on/I direct/N _OOV_/N instruments/N following/I the/D _OOV_/N decline/N last/N Friday/N ,/, ''/N Mr./N _OOV_/N said/V ./.
Yields/N on/I money/N funds/N dropped/N in/I the/D week/N ended/I Tuesday/N ,/, according/V to/V _OOV_/N 's/. Money/N Fund/N Report/N ,/, a/D _OOV_/N ,/, Mass./N ,/, newsletter/N ./.
The/N average/N _OOV_/N compounded/N yield/N fell/V to/T _OOV_/N %/N from/I 8.60/N %/N the/D week/N earlier/N ,/, _OOV_/N 's/, said/V ./.
At/N the/D auction/N of/I six-month/N U.S./N Treasury/N bills/V on/I Monday/N ,/, the/D average/N yield/N fell/V to/T _OOV_/N %/N from/I _OOV_/N %/N ./.
_OOV_/N ,/, certificates/N of/I deposit/N on/I average/N posted/N lower/I yields/N in/I the/D week/N ended/I Tuesday/N ./.
The/N _OOV_/N _OOV_/N money/N funds/N rose/V $/N _OOV_/N billion/N to/T $/N _OOV_/N billion/N ./.
The/N _OOV_/N _OOV_/N funds/N increased/N $/N _OOV_/N billion/N to/T $/N _OOV_/N billion/N ,/, while/I 96/N broker-dealer/N funds/N increased/N $/N 1.3/N billion/N to/T $/N _OOV_/N billion/N ./.
_OOV_/N lending/N for/I real/I estate/N and/I property/N development/N was/V the/D source/N of/I Bank/N _OOV_/N Malaysia/N _OOV_/N 's/, most/V recent/N _OOV_/N of/I financial/N troubles/V ,/, the/D institution/N 's/P executive/N chairman/N ,/, _OOV_/N _OOV_/N _OOV_/N ,/, said/V ./.
_OOV_/N to/T reporters/N this/D week/V after/N Bank/N _OOV_/N 's/. shareholders/N approved/N a/D rescue/N plan/N ,/, _OOV_/N _OOV_/N _OOV_/N said/V heavy/N lending/N to/V the/D property/N sector/N _OOV_/N the/D bank/N when/V property/N prices/N in/I Malaysia/N plummeted/N in/I _OOV_/N ./.
He/N said/V the/D bank/N could/V n't/, wait/V any/V longer/V for/I prices/N to/T recover/V and/I for/N _OOV_/N to/T service/N their/V loans/N ./.
So/N the/D bank/N 's/P board/N decided/V to/V make/V 1.23/N billion/N _OOV_/N dollars/N -LRB-/N US$/N _OOV_/N million/N -RRB-/N in/I provisions/N for/N interest/N payments/N from/I loans/N previously/I recorded/N as/D revenue/N but/V never/V actually/V received/N by/I the/D bank/N ,/, and/N to/V submit/V a/D bailout/N package/N to/T _OOV_/N the/D bank/N 's/. _OOV_/N capital/N ./.
The/N _OOV_/N ,/, he/P added/N ,/, was/I similar/V to/V the/D Hong/N Kong/N _OOV_/N _OOV_/N collapse/N ,/, which/D exposed/V the/D involvement/N of/I Bank/N _OOV_/N 's/P former/N subsidiary/N in/I the/D colony/N in/I the/D largest/N banking/N scandal/N in/I Malaysia/N 's/, history/N ./.
The/N subsidiary/N ,/, _OOV_/N Malaysia/N Finance/N Ltd./N ,/, was/V left/V with/D _OOV_/N _OOV_/N billion/N in/I bad/N loans/N made/I to/T Hong/N Kong/N property/N speculators/N ./.
Both/N episodes/N wiped/N out/V Bank/N _OOV_/N 's/. shareholders/N '/N funds/N ./.
Each/N time/N ,/, the/D bank/N 's/. 90/N %/N shareholder/N --/, _OOV_/N _OOV_/N _OOV_/N ,/, or/V _OOV_/N ,/, the/D national/N oil/N company/N --/, has/I been/V called/V upon/V to/T rescue/N the/D institution/N ./.
In/N five/N years/N ,/, _OOV_/N ,/, which/D became/I the/D dominant/N shareholder/N in/I a/D 1984/N rescue/N exercise/N ,/, has/V spent/N about/V _OOV_/N 3.5/N billion/N to/T _OOV_/N up/V the/D troubled/N bank/N ./.
_OOV_/N _OOV_/N _OOV_/N said/V the/D capital/N restructuring/N plan/N has/V been/V approved/N by/D Malaysia/N 's/. Capital/N _OOV_/N Committee/N and/N central/N bank/N ./.
Malaysia/N 's/. _OOV_/N Court/N is/V expected/N to/T approve/N the/D plan/N ./.
Once/N the/D plan/N is/V approved/N ,/, _OOV_/N _OOV_/N _OOV_/N said/V ,/, most/V of/I Bank/N _OOV_/N 's/. _OOV_/N loans/N will/V have/V been/V fully/D provided/N for/N and/N the/D bank/N will/V be/V on/I track/N to/V report/N a/D pretax/N profit/N of/I between/I _OOV_/N 160/N million/N and/N _OOV_/N 170/N million/N for/I the/D fiscal/N year/N ending/V March/N 31/N ./.
For/N the/D previous/D financial/N year/N ,/, the/D bank/N would/V have/V reported/N a/D pretax/N profit/N of/I _OOV_/N _OOV_/N million/N if/V it/V had/V n't/, made/I provisions/N for/N the/D _OOV_/N loans/N ,/, he/P said/V ./.
Malaysia/N 's/. Banking/N _OOV_/N Act/N prohibited/N the/D bank/N from/I identifying/N _OOV_/N _OOV_/N ,/, said/V _OOV_/N _OOV_/N _OOV_/N ./.
But/N public/N documents/N indicate/V 10/N %/N or/V more/V of/I the/D bank/N 's/. provisions/N were/I made/D for/I _OOV_/N interest/N on/I a/D _OOV_/N 200/N million/N loan/N to/T Malaysia/N 's/. dominant/N political/N party/N ,/, the/D United/N _OOV_/N National/N Organization/N ,/, to/T build/V its/I convention/N and/N headquarters/N complex/N in/I _OOV_/N _OOV_/N ./.
The/N loan/N to/T _OOV_/N was/V made/I in/I September/N 1983/N ./.
``/N We/N _OOV_/N a/D lot/V of/I money/N all/V over/I the/D place/I ,/, ''/, said/V _OOV_/N _OOV_/N _OOV_/N ,/, who/V refused/V to/T discuss/V the/D bank/N 's/, outstanding/N loans/N to/T
As/N well/V as/I the/D _OOV_/N 1.23/N billion/N in/I provisions/N announced/N on/I Oct./N 6/N ,/, the/D restructuring/N package/N covers/I an/I additional/N _OOV_/N _OOV_/N million/N in/I provisions/N made/I in/I earlier/N years/N but/V never/V reflected/N in/I a/D reduction/N of/I the/D bank/N 's/. _OOV_/N capital/N ./.
At/N the/D end/I of/I the/D exercise/N ,/, the/D cash/N _OOV_/N from/I _OOV_/N will/V increase/N the/D bank/N 's/. _OOV_/N capital/N to/T _OOV_/N 1.15/N billion/N after/V virtually/V being/D wiped/N out/V by/I the/D new/N provisions/N ./.
_OOV_/N _OOV_/N might/V have/V stepped/N from/I a/D recruiting/N poster/N for/N young/N Republicans/N ./.
White/N ,/, 24/N years/N old/V ,/, a/D singer/N in/I her/V church/V choir/N ,/, she/P _OOV_/N a/D generation/N that/V gave/I its/I heart/N and/V its/I vote/N to/T Ronald/N Reagan/N ./.
``/N I/N felt/V kind/V of/I safe/N ,/, ''/N she/P says/V ./.
No/N longer/V ./.
When/N the/D Supreme/N Court/N opened/N the/D door/V this/D year/N to/V new/I restrictions/N on/I _OOV_/N ,/, Ms./N _OOV_/N opened/N her/P mind/V to/V Democratic/N politics/N ./.
Then/N a/D political/N _OOV_/N ,/, she/P stepped/N into/I a/D _OOV_/N of/I ``/N _OOV_/N ''/N _OOV_/N ,/, house/N parties/N and/N _OOV_/N ./.
Now/N she/V leads/V a/D _OOV_/N _OOV_/N campaign/N in/I _OOV_/N County/N for/N _OOV_/N Democratic/N _OOV_/N candidate/V James/N _OOV_/N ./.
``/N This/N is/V one/N where/V I/N cross/N party/N lines/V ,/, ''/N she/P says/V ,/, rejecting/N the/D _OOV_/N stance/N of/I Rep./N _OOV_/N 's/, opponent/V ,/, _OOV_/N Rep./N James/N _OOV_/N ./.
``/N People/N my/V age/N thought/V it/I was/V n't/, going/V to/V be/V an/I issue/N ./.
Now/N it/V has/I --/, especially/N for/N people/N my/V age/N ./. ''/.
_OOV_/N bear/N out/V this/V warning/N ,/, but/I after/V a/D decade/N of/I increased/N Republican/N influence/V here/N ,/, the/D new/N politics/N of/I _OOV_/N have/V contributed/N to/V a/D world/N turned/V upside/N down/V for/I Mr./N _OOV_/N ./.
Unless/N he/V closes/N the/D gap/I ,/, Republicans/N risk/V losing/V not/V only/I the/D _OOV_/N but/D also/I the/D assembly/N next/N month/N ./.
Going/N into/I the/D 1990s/N ,/, the/D _OOV_/N is/V paying/N a/D price/N for/I the/D same/D conservative/J social/N agenda/N that/V it/V used/N to/T _OOV_/N Democrats/N in/I the/D past/N ./.
This/N change/V comes/N less/V from/I a/D shift/N in/I public/N opinion/N ,/, which/D has/V n't/, changed/I much/V on/I _OOV_/N over/I the/D past/V decade/N ,/, than/V in/I the/D boundaries/D of/I the/D debate/N ./.
New/N Jersey/N 's/. own/D highest/N court/N remains/V a/D liberal/N _OOV_/N against/I major/I restrictions/N on/I _OOV_/N ,/, but/V the/D U.S./N Supreme/N Court/N ruling/N ,/, Webster/N vs./N Missouri/N ,/, has/I engaged/N voters/N across/I the/D nation/N who/V had/V been/V insulated/N from/I the/D issue/N ./.
Before/N July/N ,/, _OOV_/N voters/N could/T safely/V make/V political/N decisions/V without/V focusing/N narrowly/N on/I _OOV_/N ./.
Now/N ,/, the/D threat/N of/I further/N restrictions/N adds/N a/D new/I dimension/N ,/, bringing/I an/D _OOV_/N in/I political/N activity/N by/D _OOV_/N forces/N ./.
A/N recent/N _OOV_/N rally/N in/I _OOV_/N _OOV_/N thousands/N ,/, and/N in/I a/I major/N reversal/N ,/, Congress/N is/V _OOV_/N a/D presidential/N veto/N and/N demanding/N that/D _OOV_/N _OOV_/N be/V permitted/N in/I cases/N of/I rape/N and/I incest/N ./.
``/N If/N Webster/N had/V n't/, happened/V ,/, you/. would/V n't/, be/V here/N ,/, ''/N _OOV_/N _OOV_/N tells/V a/D reporter/N in/I the/D _OOV_/N office/N of/I the/D National/N Organization/N for/N _OOV_/N ./.
``/N We/N could/V have/V _OOV_/N from/I the/D _OOV_/N about/N _OOV_/N and/N no/I one/N would/V have/V heard/V us/N ./. ''/N
New/N Jersey/N is/V a/I proving/N ground/N for/I this/D aggressive/N _OOV_/N movement/N this/D year/N ./.
The/N infusion/N of/I _OOV_/N can/V bring/V a/D clash/N of/I _OOV_/N ./.
In/N _OOV_/N Hill/N ,/, the/D National/N _OOV_/N _OOV_/N _OOV_/N League/N ,/, whose/I goal/D is/V to/V sign/V up/V 50,000/N _OOV_/N voters/N ,/, _OOV_/N a/D union/N breakfast/N to/T build/N labor/N support/N for/N its/N cause/V ./.
The/N league/V _OOV_/N seem/V more/V a/D fit/V with/I a/D convention/N next/V door/N of/I young/N _OOV_/N _OOV_/N in/I _OOV_/N than/V the/D _OOV_/N union/N leaders/N ;/, ``/N I/N wish/P I/N could/V go/V work/N out/V ,/, ''/N says/V a/D slim/N activist/N ./.
A/N labor/N chief/N speaks/V _OOV_/N of/I having/V to/V ``/N man/V and/N woman/N ''/N Election/N _OOV_/N phones/N ./.
No/N age/N group/N is/V more/V sensitive/N than/V younger/N voters/N ,/, like/N Ms./N _OOV_/N ./.
A/N year/N ago/N this/D fall/V ,/, New/N Jersey/N voters/N under/N 30/N favored/N George/N Bush/N by/D 56/N %/N to/T 39/N %/N over/I Michael/N _OOV_/N ,/, according/V to/V a/D survey/N then/V by/D _OOV_/N University/N 's/. _OOV_/N Institute/N ./.
A/N matching/D _OOV_/N _OOV_/N _OOV_/N poll/N last/N month/N showed/V a/D complete/J reversal/N ./.
_OOV_/N in/I the/D same/D age/N group/N backed/N Democrat/N _OOV_/N 55/N %/N to/T 29/N %/N over/I Republican/N _OOV_/N ./.
_OOV_/N alone/V ca/N n't/, explain/V this/I shift/N ,/, but/D New/N Jersey/N is/V a/D model/N of/I how/V so/V personal/N an/I issue/N can/V become/I a/D _OOV_/N of/I sorts/V in/I judging/I a/D candidate/V ./.
By/N a/D _OOV_/N ratio/N ,/, voters/N appear/V more/V at/I ease/N with/D Mr./N _OOV_/N 's/, stance/I on/I _OOV_/N ,/, and/N polls/N indicate/V his/V lead/N widens/N when/V the/D candidates/V are/V specifically/N linked/N to/V the/D issue/N ./.
``/N The/N times/N are/V my/V times/N ,/, ''/N says/V Mr./N _OOV_/N ./.
The/N _OOV_/N County/N _OOV_/N still/V carries/N himself/V with/I a/D trademark/N ``/N _OOV_/N ''/N _OOV_/N ,/, but/V at/I a/D pause/V in/I _OOV_/N 's/. Columbus/N _OOV_/N _OOV_/N recently/N ,/, he/V was/V dancing/V with/I his/V wife/V in/I the/D middle/I of/I the/D avenue/N in/I the/D city/N 's/, old/V _OOV_/N _OOV_/N ./.
After/I losing/D by/I fewer/V than/J 1,800/N votes/N in/I the/D 1981/N governor/N 's/, race/N ,/, he/V has/V prepared/N himself/V _OOV_/N for/N this/I moment/V ,/, including/N deciding/I in/I recent/N years/N he/V could/T no/V longer/D support/N _OOV_/N on/I federal/N funding/N for/I _OOV_/N _OOV_/N ./.
``/N If/N you/P 're/V going/V to/V be/V consistent/I and/N say/V it/V is/V a/D _OOV_/N protected/N right/T ,/, ''/N he/P asks/V ,/, ``/N how/V are/V you/P going/V to/V say/V an/D upscale/N woman/N who/P can/V drive/N to/V the/D hospital/N or/N _OOV_/N in/I a/D nice/V car/N has/I a/D _OOV_/N right/T and/N someone/V who/V is/V not/V in/I great/V shape/I financially/N does/V not/V ?/, ''/N
Mr./N _OOV_/N ,/, by/I comparison/N ,/, seems/P a/D shadow/V of/I the/D confident/D _OOV_/N who/V defended/N Oliver/N North/N before/V national/N cameras/N at/I Iran-Contra/N hearings/N two/N years/N ago/N ./.
_OOV_/N back/V ,/, he/P says/V he/P _OOV_/N by/I stating/N his/V ``/N personal/N ''/N opposition/N to/T _OOV_/N instead/D of/D _OOV_/N voters/N that/V he/V would/V n't/, _OOV_/N his/V views/I on/D ``/N policy/N ''/N as/D governor/N ./.
It/N is/V a/D distinction/V that/D _OOV_/N neither/V side/I in/I the/D debate/N ./.
``/N He/N does/V n't/, know/V himself/V ,/, ''/N _OOV_/N _OOV_/N of/I the/D _OOV_/N _OOV_/N League/N says/V of/D Mr./N _OOV_/N 's/. position/I ./.
Even/N _OOV_/N _OOV_/N ,/, however/V angry/V with/D Mr./N _OOV_/N ,/, ca/N n't/, hide/V their/V frustration/V with/I the/D Republican/N 's/. _OOV_/N ./.
``/N He/N does/V n't/, want/V to/T lead/V the/D people/N ,/, ''/N says/V Richard/N _OOV_/N ,/, president/N of/I New/N Jersey/N Right/N to/T Life/N ./.
Moreover/N ,/, by/D stepping/N outside/I the/D state/N 's/. _OOV_/N tradition/I ,/, Mr./N _OOV_/N _OOV_/N fears/N that/V he/V is/V too/V conservative/V as/I well/V on/I more/V pressing/N concerns/N such/I as/D auto/N insurance/N rates/N and/N the/D environment/N ./.
He/N hurt/V himself/V further/N this/I summer/V by/I bringing/I _OOV_/N issues/N into/I the/D debate/N ;/, and/N by/D _OOV_/N on/I this/I issue/N and/N _OOV_/N ,/, he/V has/I weakened/N his/V credibility/N in/I what/V is/V already/V a/D _OOV_/N campaign/N on/I both/I sides/I ./.
_OOV_/N to/T Congress/N in/I 1978/N ,/, the/D _OOV_/N Mr./N _OOV_/N is/V part/I of/I a/D generation/N of/I young/N _OOV_/N who/V were/V once/V very/V much/V in/I the/D lead/N of/I the/D _OOV_/N shift/N under/N Mr./N Reagan/N ./.
Like/N many/V of/I his/V colleagues/N ,/, he/V did/V n't/, serve/N in/I Vietnam/N in/I the/D 1960s/N yet/V embraced/N a/D _OOV_/N defense/N and/N foreign/N policy/N --/, even/V voting/N against/I a/D 1984/N resolution/N critical/N of/I the/D U.S./N mining/N of/I _OOV_/N _OOV_/N ./.
Jack/N Kemp/N and/N the/D writers/N _OOV_/N Kristol/N and/N George/N _OOV_/N were/I _OOV_/N ,/, and/N Mr./N _OOV_/N 's/, own/I conservative/V credentials/N proved/N useful/N to/V the/D current/N New/N Jersey/N _OOV_/N governor/N ,/, Thomas/N _OOV_/N ,/, in/I the/D 1981/N Republican/N primary/N here/N ./.
The/N same/D partnership/N is/V now/N crucial/I to/T Mr./N _OOV_/N 's/. _OOV_/N ,/, but/V the/D _OOV_/N issue/N is/V only/I a/D reminder/N of/I the/D gap/I between/I his/V record/N and/N that/V of/I the/I more/J moderate/N ,/, _OOV_/N Gov./N _OOV_/N ./.
While/N the/D _OOV_/N County/N _OOV_/N pursued/N an/D _OOV_/N ,/, _OOV_/N agenda/N in/I Washington/N ,/, Gov./N _OOV_/N was/I _OOV_/N increased/N income/N and/I sales/N taxes/N at/I home/N and/N _OOV_/N a/D near/N _OOV_/N in/I the/D size/N of/I New/N Jersey/N 's/, budget/N in/I his/V eight/N years/N in/I office/N ./.
_OOV_/N forces/N play/V down/V any/V differences/V with/D Mr./N _OOV_/N ,/, but/V this/I history/N makes/V it/V harder/V for/I the/D conservative/V to/V run/I against/I government/N ./.
Mr./N _OOV_/N 's/. free-market/N plan/N to/T bring/P down/V auto/N insurance/N rates/N met/N criticism/N from/I Gov./N _OOV_/N 's/, own/D insurance/N commissioner/N ./.
Mr./N _OOV_/N is/V further/N _OOV_/N by/I a/D record/N of/I votes/N opposed/N to/T government/N regulation/N on/I behalf/N of/D consumers/N ./.
_OOV_/N in/I _OOV_/N from/V his/V days/N in/I the/D _OOV_/N _OOV_/N ,/, Mr./N _OOV_/N actively/N courts/N minority/N voters/N but/V seems/V _OOV_/N over/V his/V head/N ./.
He/N is/V warm/N and/N _OOV_/N before/V a/D Puerto/N _OOV_/N Congress/N in/I _OOV_/N _OOV_/N ./.
Yet/N minutes/N after/I promising/N to/V appoint/V _OOV_/N to/T high/N posts/N in/I state/N government/N ,/, he/P is/V unable/V to/T say/V whether/V he/V has/I ever/I employed/N any/V in/I his/V congressional/N office/N ./.
``/N I/N do/P n't/, think/V we/V do/P now/V ,/, ''/N he/P says/V ./.
``/N I/N think/V we/V did/V ./. ''/N
Asked/N the/D same/D question/V after/I his/V appearance/V ,/, Democrat/N _OOV_/N _OOV_/N a/D staff/N member/N by/I name/N and/N explains/N her/V _OOV_/N today/N ./.
When/N he/V is/V presented/I with/I a/D poster/N celebrating/N the/D organization/N 's/. 20th/N anniversary/N ,/, he/P recognizes/N a/D photograph/N of/I one/N of/I the/D _OOV_/N and/N recalls/N time/N spent/V together/V in/I _OOV_/N ./.
Details/N and/N _OOV_/N are/V essential/N _OOV_/N ./.
_OOV_/N to/T Congress/N as/I a/D ``/N Watergate/N baby/N ''/N in/I 1974/N ,/, he/P ran/V for/N governor/N three/N years/N later/V ./.
In/N the/D opinion/N of/I many/N ,/, he/P has/V n't/, stopped/V running/I since/N ,/, even/V though/V he/V declined/N a/D _OOV_/N with/D Gov./N _OOV_/N in/I 1985/N ./.
His/I base/N in/I South/N Jersey/N and/N on/I the/D House/N Energy/N and/N Commerce/N Committee/N helped/N him/P sustain/N a/D network/N of/I _OOV_/N committees/N to/T preserve/N his/V edge/I ./.
With/N limited/N _OOV_/N for/I television/N in/I a/D high-priced/N market/N ,/, Mr./N _OOV_/N 's/, higher/N recognition/N than/V his/V rival/N is/V a/D major/V advantage/N ./.
More/N than/V ever/N ,/, his/V _OOV_/N and/N _OOV_/N record/N is/V in/I _OOV_/N with/I the/D state/N ./.
Auto/N insurance/N rates/N are/V soaring/N ./.
A/N _OOV_/N fire/N destroyed/V part/I of/I an/D interstate/N highway/N this/I summer/N ./.
In/N _OOV_/N ,/, an/I important/V swing/N area/N ,/, Republican/N _OOV_/N now/V run/I on/I a/D _OOV_/N promising/N to/T keep/V the/D county/N ``/N clean/N and/V green/N ./. ''/N
Mr./N _OOV_/N _OOV_/N this/D _OOV_/N ,/, but/I at/I age/N 52/N ,/, the/D _OOV_/N is/V also/N a/D product/N of/I his/V times/N and/N losses/N ./.
He/N speaks/V for/I the/D death/V penalty/V as/I if/V reading/N from/I _OOV_/N 21/N ;/, to/T increase/N state/N revenue/N he/V focuses/N not/V on/D ``/N taxes/N ''/N but/I on/D ``/N _OOV_/N ''/N to/T cut/V waste/N ./.
_OOV_/N consultants/N match/N ads/N with/D Mr./N _OOV_/N 's/. team/V ,/, and/N Mr./N _OOV_/N _OOV_/N himself/V as/I the/D lean/N ,/, mean/V Democratic/N fighting/N machine/N of/I the/D 1990s/N ./.
_OOV_/N to/V a/D young/V audience/V ,/, he/P _OOV_/N an/I old/V reference/N to/V _OOV_/N and/N _OOV_/N and/N instead/D quotes/V the/D _OOV_/N _OOV_/N ./.
The/N _OOV_/N chosen/I --/, ``/N long/V strange/V night/V ''/N --/, may/V be/V an/D apt/N _OOV_/N to/T television/N spots/N by/I both/I candidates/V intended/N to/V portray/N each/D other/V as/I a/D liar/N ./.
The/N Democratic/N lawmaker/N fits/I a/D pattern/N of/I younger/N _OOV_/N arising/N out/V of/I old/V machines/N ,/, but/V his/V ties/N to/T _OOV_/N remain/V a/D sore/V point/V because/V of/I the/D county/N 's/, past/V _OOV_/N ./.
His/N campaign/N _OOV_/N is/V chosen/I from/N elsewhere/N in/I the/D state/N ,/, and/N faced/V with/D criticism/N of/I a/D _OOV_/N bank/N investment/N ,/, he/V has/V so/V far/V _OOV_/N the/D issue/N by/I donating/N the/D bulk/N of/I his/V profits/N to/V his/V _OOV_/N _OOV_/N ,/, _OOV_/N State/N _OOV_/N ./.
Mr./N _OOV_/N 's/. _OOV_/N on/I the/D _OOV_/N issue/N after/I the/D Webster/N ruling/N _OOV_/N some/V of/I his/V old/V constituency/N ./.
_OOV_/N _OOV_/N ,/, an/I unlikely/V but/I enthusiastic/V pipe/N major/N in/I an/D _OOV_/N County/N Irish/N _OOV_/N band/N ,/, speaks/V sadly/V of/D Mr./N _OOV_/N ./.
``/N I/N am/V a/D _OOV_/N _OOV_/N ,/, ''/N says/V Mr./N _OOV_/N ,/, a/D 40-year-old/N health/N officer/N ./.
``/N I/N ca/N n't/, support/N him/P because/V of/D _OOV_/N ./. ''/N
Bill/N _OOV_/N _OOV_/N ,/, 72/N ,/, is/V _OOV_/N too/V ,/, but/D _OOV_/N by/D Mr./N _OOV_/N 's/. stand/I on/D _OOV_/N ./.
A/N security/N guard/V at/I a/D cargo/N terminal/N ,/, he/P _OOV_/N a/D Sons/N of/I Italy/N jacket/N and/N cap/N celebrating/N ``/N The/N _OOV_/N 1/N _OOV_/N ./. ''/N
``/N I/N still/V think/V the/D woman/N has/I the/I right/V to/V do/V with/I her/V body/V as/I she/P pleases/N ,/, ''/N he/P says/V ./.
``/N If/N you/V want/V more/V opinions/N ask/P my/V wife/N ./.
She/N has/I lots/, of/I opinions/N ./.
Consumer/N prices/N rose/V a/D surprisingly/I moderate/N 0.2/N %/N in/I September/N ,/, pushed/V up/V mostly/N by/I a/D jump/V in/I clothing/N costs/N ,/, the/D Labor/N Department/N reported/N ./.
Energy/N costs/N ,/, which/D drove/N wholesale/N prices/N up/V sharply/N during/V the/D month/N ,/, continued/I to/T decline/N at/I the/D retail/N level/N ,/, pulling/V down/V transportation/N and/N helping/N to/T ease/N housing/N costs/N ./.
The/N report/N was/V the/D brightest/N news/N the/D financial/N markets/N had/V seen/D since/I before/V the/D stock/N market/N plunged/V more/V than/V 190/N points/V last/N Friday/N ./.
The/N Dow/N Jones/N Industrial/N Average/N rallied/N on/I the/D news/N ,/, closing/D _OOV_/N points/V higher/N at/I _OOV_/N ./.
Bond/N prices/N also/N jumped/V as/I traders/N appeared/N to/T read/V the/D data/N as/I a/D sign/N that/D interest/N rates/N may/V fall/V ./.
But/N many/V economists/N were/V not/V nearly/V as/I _OOV_/N ./.
The/N climb/N in/I wholesale/N energy/N prices/N is/V certain/V to/V push/V up/V retail/N energy/N prices/N in/I the/D next/N few/V months/V ,/, they/P warned/N ./.
They/N also/N said/V the/D dollar/N is/V _OOV_/N off/N after/V a/D rise/I this/D summer/V that/D helped/V to/V reduce/N the/D prices/N of/I imported/N goods/N ./.
``/N I/N think/V inflation/N is/V going/V to/V pick/V up/V through/V the/D fall/N ,/, ''/, said/V Joel/N _OOV_/N ,/, a/D specialist/N on/I inflation/N who/V runs/I an/I economic/N consulting/N firm/N here/N ./.
``/N It/N has/N been/V in/I what/V I/N would/V describe/V as/I a/D _OOV_/N for/N the/D past/V several/I months/N ./. ''/N
``/N We/N 've/, had/V _OOV_/N declines/N in/I consumer/N energy/N prices/N in/I each/D of/I the/I past/N three/N months/N ,/, and/I at/I the/D wholesale/N level/N those/V are/V fully/V behind/D us/N now/N ,/, ''/, said/V Jay/N _OOV_/N ,/, chief/N domestic/N economist/N at/I Bankers/N Trust/N Co./N in/I New/N York/N ./.
Because/N wholesale/N energy/N prices/N shot/V up/V by/I a/D steep/N 6.5/N %/N last/N month/N ,/, many/V analysts/N expected/N energy/N prices/N to/V rise/I at/I the/D consumer/N level/N too/V ./.
As/N a/D result/N ,/, many/V economists/N were/V expecting/V the/D consumer/N price/N index/N to/T increase/N significantly/N more/V than/V it/V did/V ./.
But/N retail/N energy/N prices/N declined/N 0.9/N %/N in/I September/N ./.
Though/N analysts/N say/V competition/N will/P probably/V hold/T down/V increases/N in/I retail/N energy/N prices/N ,/, many/V expect/V some/V of/I the/D wholesale/N rise/V to/V be/V passed/V along/N to/V the/D consumer/N before/V the/D end/I of/I the/D year/N ./.
Still/N ,/, some/V analysts/N insisted/N that/I the/D worst/V of/I the/D inflation/N is/V behind/I ./.
``/N It/N increasingly/N appears/V that/D _OOV_/N was/V a/D temporary/N inflation/N _OOV_/N and/N not/V the/D beginning/N of/I a/D cyclical/N inflation/N problem/N ,/, ''/N argued/I Edward/N _OOV_/N ,/, chief/N economist/N at/I Prudential-Bache/N Securities/N Inc./N in/I New/N York/N ./.
In/N both/D 1987/N and/N 1988/N ,/, consumer/N prices/N rose/V _OOV_/N %/N ./.
A/N run-up/N in/I world/N oil/N prices/N last/N winter/V sent/V consumer/N prices/N soaring/N at/I a/D _OOV_/N %/N annual/N rate/N in/I the/D first/N five/N months/N of/I this/D year/N ,/, but/I the/D subsequent/N decline/N in/I energy/N prices/N has/V pulled/V the/D annual/N rate/N back/V down/V to/T _OOV_/N %/N ./.
Mr./N _OOV_/N predicted/N that/I world/I business/N competition/N will/V continue/V to/T _OOV_/N prices/N ./.
``/N The/N bottom/V line/I is/N ,/, it/V seems/V to/V me/V that/I the/D economic/N environment/N has/I become/V very/V ,/, very/V _OOV_/N for/N a/D lot/V of/I businesses/N ,/, ''/N he/P said/V ./.
``/N Back/N in/I _OOV_/N ,/, business/N was/I operating/N at/I fairly/V tight/I capacity/N ,/, so/D businesses/N felt/V they/V could/T raise/V prices/N ./. ''/N
Now/N ,/, he/P said/V ,/, a/D slowdown/N in/I economic/N activity/N has/I _OOV_/N demand/N ./.
The/N mild/N inflation/N figures/I renewed/N investors/N '/N hopes/V that/I the/D Federal/N Reserve/N will/T ease/N its/I interest-rate/N stance/I ./.
The/N steep/N climb/N in/I producer/N prices/N reported/N last/I Friday/N fostered/N _OOV_/N about/N lower/D interest/N rates/N and/N contributed/N to/V the/D stock/N market/N 's/. 6.9/N %/N plunge/N that/D day/N ./.
In/N the/D past/V several/I days/N ,/, however/V ,/, the/D U.S./N 's/, central/N bank/N has/V allowed/V a/I key/N interest/N rate/N to/V fall/V slightly/V to/V try/V to/T stabilize/N the/D markets/N ./.
Analysts/N say/V Fed/N policy/N makers/N have/V been/V wary/N of/I relaxing/N credit/N too/V much/V because/V they/V were/I still/D uncertain/N about/N the/D level/N of/I inflation/N in/I the/D economy/N ./.
Excluding/N the/D volatile/N categories/N of/I energy/N and/N food/N --/, leaving/V what/V some/V economists/N call/V the/D core/N inflation/N rate/N --/, consumer/N prices/N still/V rose/V only/D 0.2/N %/N in/I September/N ./.
Transportation/N costs/N actually/V fell/V 0.5/N %/N ,/, and/N housing/N costs/N gained/I only/D 0.1/N %/N ./.
Apparel/N prices/N _OOV_/N up/V 1.7/N %/N ,/, but/V that/I was/I after/I three/N months/N of/D declines/N ./.
Medical/N costs/N continued/I their/V steep/N _OOV_/N ,/, rising/N _OOV_/N %/N after/I four/N consecutive/N months/N of/D 0.7/N %/N increases/N ./.
Car/N prices/N ,/, another/D area/N that/D contributed/N to/V the/D steep/N rise/N in/I the/D wholesale/N index/N last/N month/N ,/, still/V showed/V declines/N at/I the/D consumer/N level/N ./.
They/V dropped/N _OOV_/N %/N as/D dealers/N continued/I to/T offer/N _OOV_/N to/T attract/N customers/N ./.
Food/N prices/N rose/V 0.2/N %/N for/I the/D second/N month/N in/I a/I row/N ,/, far/V slower/N than/V the/D monthly/N rises/N earlier/N in/I the/D year/N ./.
Separately/N ,/, the/D Labor/N Department/N reported/N that/D average/N weekly/N earnings/N rose/V 0.3/N %/N in/I September/N ,/, after/I _OOV_/N for/I inflation/N ,/, following/I a/D 0.7/N %/N decline/N in/I August/N ./.
All/N the/D numbers/N are/V adjusted/N for/N seasonal/N fluctuations/N ./.
Here/N are/V the/D seasonally/N adjusted/N changes/N in/I the/D components/N of/I the/D Labor/N Department/N 's/. consumer/N price/N index/N for/I September/N ./.
After/N watching/N interest/N in/I the/D sport/I _OOV_/N for/N years/N ,/, the/D ski/N industry/N is/V trying/V to/P give/V itself/I a/D lift/N ./.
_OOV_/N the/D country/N ,/, resorts/N are/V using/N everything/V from/I fireworks/N to/T _OOV_/N _OOV_/N to/T attract/N new/I customers/N ./.
Some/N have/V built/N health/N _OOV_/N ,/, business/N centers/N and/N shopping/N _OOV_/N so/V visitors/N have/V more/V to/V do/P than/V ski/N ./.
And/N this/D week/N ,/, the/D industry/N 's/. efforts/N will/V go/V national/N for/I the/D first/N time/N when/V it/D _OOV_/N a/D $/N 7/N million/N advertising/N campaign/N ./.
Such/I efforts/N --/, unheard/V of/I only/I a/D few/V years/N ago/N --/, are/V the/D latest/N attempts/N to/T _OOV_/N the/D sagging/N $/N 1.76/N billion/N U.S./N ski/N industry/N ./.
Since/N the/D start/V of/I the/D decade/N ,/, _OOV_/N sales/N have/V grown/V only/D 3/N %/N a/D year/N on/I average/N ,/, compared/V with/D 16/N %/N annual/N growth/N rates/N in/I the/D _OOV_/N and/N _OOV_/N ./.
Last/V season/N ,/, _OOV_/N sales/N fell/V for/I the/D first/N time/N in/I seven/N years/N ./.
By/N some/V estimates/N ,/, nearly/V a/D fourth/N of/I all/D U.S./N ski/N areas/N have/V been/V forced/V to/T shut/V down/V since/I the/D early/N _OOV_/N ./.
Competition/N and/N mounting/N insurance/N and/N equipment/N costs/N have/V been/V the/D _OOV_/N of/I many/J resorts/N ./.
But/N another/I big/N problem/N has/I been/V the/D aging/N of/I baby/N boomers/N ./.
_OOV_/N ,/, after/V all/D ,/, has/I mainly/N been/V for/I the/D young/V and/N _OOV_/N and/N many/V baby/N boomers/N have/V _OOV_/N skiing/N or/N have/V too/V many/V family/N responsibilities/N to/T stick/V with/I the/D sport/I ./.
In/N its/I new/I ad/N campaign/N ,/, created/I by/I _OOV_/N _OOV_/N _OOV_/N &/N _OOV_/N Inc./N ,/, Chicago/N ,/, the/D ski/N industry/N is/V trying/V to/T change/V its/I image/N as/I a/D sport/I primarily/N for/N young/V white/N people/N ./.
One/N _OOV_/N TV/N spot/V features/N a/D diverse/N group/N of/I _OOV_/N _OOV_/N _OOV_/N down/V _OOV_/N _OOV_/N :/, senior/N citizens/N ,/, minorities/N ,/, families/N with/D children/N --/, even/V a/D blind/N _OOV_/N ./.
``/N _OOV_/N school/N is/V great/V ,/, ''/N cries/V out/V a/D _OOV_/N ,/, _OOV_/N in/I a/D _OOV_/N as/V he/V _OOV_/N down/V a/D _OOV_/N _OOV_/N ./.
``/N You/N 'll/, never/V _OOV_/N you/V try/V ,/, ''/N says/V a/D black/N _OOV_/N ./.
``/N We/N used/N to/V show/V some/V _OOV_/N _OOV_/N in/I his/V _OOV_/N or/V _OOV_/N going/V over/I the/D edge/I of/I a/D _OOV_/N ,/, ''/N says/V _OOV_/N _OOV_/N ,/, a/D spokeswoman/N for/N the/D United/N _OOV_/N Industries/N Association/N ,/, the/D trade/N group/N _OOV_/N the/D campaign/N ./.
_OOV_/N promotions/N have/V traditionally/N avoided/V the/D touchy/N issue/N of/I safety/N ./.
But/N the/D new/N commercials/N deal/N with/I it/V indirectly/N by/I showing/I a/D woman/N smiling/V as/I she/P tries/N to/V get/P up/V from/I a/D fall/N ./.
``/N We/N wanted/V to/T show/V it/V 's/, okay/, if/V you/V fall/N ,/, ''/N says/V Ms./N _OOV_/N ./.
``/N Most/N people/N think/V if/V you/P slip/N ,/, you/P 'll/, wind/N up/V in/I a/D body/V cast/V ./. ''/.
The/N ad/N campaign/N represents/I an/I unusual/N spirit/V of/D cooperation/N among/I resorts/N and/N ski/N equipment/N makers/N ;/, normally/V ,/, they/P only/I run/D ads/N hyping/N their/V own/D products/N and/N facilities/N ./.
But/N in/I these/D crunch/N times/N for/I the/D ski/N industry/N ,/, some/V resorts/N ,/, such/N as/I the/D _OOV_/N _OOV_/N ,/, Red/N River/N and/N _OOV_/N ski/N areas/N in/I New/N Mexico/N ,/, have/V even/V started/V _OOV_/N _OOV_/N to/V each/D other/N 's/. _OOV_/N and/I next/V year/N plan/N to/T sell/N tickets/N good/V for/N all/D local/N _OOV_/N ./.
Many/N resorts/N also/N are/V focusing/N more/V on/I the/D service/N side/I of/I their/V business/N ./.
Since/N 40/N %/N of/I _OOV_/N are/V parents/, ,/, many/V _OOV_/N are/V building/N nurseries/N ,/, expanding/V ski/N schools/N and/N adding/J entertainment/N for/N kids/N ./.
_OOV_/N ,/, Colo./N ,/, now/N has/I a/D _OOV_/N that/V looks/V like/N an/I old/N mining/N town/N ;/, kids/N can/V ski/N through/N and/N _OOV_/N for/N fool/N 's/P gold/N ./.
For/N $/N 15/N ,/, they/P can/V enjoy/V their/V own/D nightly/N entertainment/N ,/, with/I dinner/, ,/, without/T mom/V and/N dad/N ./.
A/N few/V years/N ago/N ,/, parents/, usually/V had/V to/T hire/V a/D _OOV_/N or/V take/P turns/V skiing/N while/I one/N spouse/N stayed/V with/I the/D children/N ./.
``/N Most/N parents/, who/V had/V to/T go/V through/V that/V never/V came/V back/V ,/, ''/N says/V Michael/N _OOV_/N ,/, president/N of/I _OOV_/N Associates/N Inc./N ,/, which/D owns/N and/N operates/N the/D _OOV_/N and/N nearby/N Beaver/N _OOV_/N resorts/N ./.
To/N make/V skiing/N more/V convenient/V for/N _OOV_/N visitors/N ,/, several/I resorts/N are/V buying/N or/V starting/N their/V own/V travel/N agencies/N ./.
In/N one/N phone/N call/N ,/, ski/N _OOV_/N can/V make/V hotel/N and/N restaurant/N _OOV_/N ,/, buy/, lift/N tickets/N ,/, rent/N ski/N equipment/N and/N sign/V up/V for/N lessons/N ./.
And/N resorts/N are/V adding/V other/N _OOV_/N ,/, such/N as/D pricey/N restaurants/N ,/, health/N _OOV_/N and/N vacation/N packages/N with/I a/D twist/N ./.
During/N _OOV_/N Carnival/N week/N ,/, for/I example/N ,/, visitors/N at/I Sunday/N River/N in/I Maine/N can/V take/V a/D _OOV_/N _OOV_/N ride/N ./.
``/N People/N these/V days/N want/P something/P else/V to/V do/P _OOV_/N ski/N and/N sit/V in/I the/D bar/N ,/, ''/N says/V Don/N _OOV_/N ,/, executive/N director/N of/I _OOV_/N _OOV_/N ,/, _OOV_/N 's/. Chamber/N of/D Commerce/N ./.
The/N ski/N industry/N hopes/V to/T increase/N the/D number/N of/I _OOV_/N by/D 3.5/N million/N to/V about/N _OOV_/N million/N in/I the/I next/N five/N years/N with/I its/I latest/N ads/N and/I promotions/N ./.
But/N some/V think/V that/V 's/, being/D overly/V optimistic/N ./.
For/N one/N thing/V ,/, it/V may/V be/V tough/V to/T attract/N people/N because/V skiing/N is/V still/V expensive/N :/, a/I lift/N ticket/V can/V cost/N up/V to/T $/N 35/N a/D day/N and/N equipment/N prices/N are/V rising/N ./.
And/N most/I _OOV_/N still/V prefer/V a/D warm/N climate/N for/N their/V winter/N excursions/N ./.
An/N American/N Express/N Co./N survey/N of/I its/N travel/N agents/N revealed/V that/V only/D 34/N %/N believe/V their/V clients/N will/V pick/V a/D trip/N this/D winter/V based/N on/I the/D availability/N of/I winter/N sports/I ,/, as/I opposed/N to/T 69/N %/N who/V think/V that/D _OOV_/N sports/V will/V be/V the/D deciding/D factor/N ./.
``/N Even/N if/V they/V could/T bring/V in/I that/I many/V new/I _OOV_/N ,/, I/N do/P n't/, know/V if/T -LCB-/N the/D industry/N -RCB-/N could/T handle/V that/V kind/V of/I an/I increase/N ,/, ''/N says/V _OOV_/N William/N Berry/N ,/, editor/V and/N publisher/N of/I the/D _OOV_/N Industry/N _OOV_/N in/I _OOV_/N ,/, _OOV_/N ./.
``/N Most/N people/N will/P come/V on/I the/D weekend/V ,/, the/D _OOV_/N will/V be/V _OOV_/N and/N then/V these/D -LCB-/N new/I _OOV_/N -RCB-/N wo/, n't/, come/V back/V ./.
They/N did/V n't/, play/V the/D third/V game/N of/I the/D World/N Series/N on/I Tuesday/N night/V as/I scheduled/N ,/, and/N they/V did/V n't/, play/V it/V on/I Wednesday/N or/N Thursday/N either/V ./.
But/N you/V knew/V that/D ,/, did/V n't/, you/V ?/.
They/N are/V supposed/V to/V play/V the/D game/V next/N Tuesday/N ,/, in/I _OOV_/N _OOV_/N here/N ./.
The/N theory/N is/V that/V the/D stadium/N ,/, damaged/N by/D Tuesday/N 's/. earthquake/N ,/, will/P be/V _OOV_/N by/I then/V ,/, and/N that/D people/V will/P be/V able/V to/T get/P there/V ./.
Like/N just/V about/N everything/P else/V ,/, that/V remains/V to/V be/V seen/D ./.
_OOV_/N could/T _OOV_/N ./.
But/N ,/, at/I least/V ,/, the/D law/N of/I _OOV_/N should/V have/V _OOV_/N to/V the/D favorable/N side/I ./.
It/N may/V seem/V trivial/V to/V worry/V about/N the/D World/N Series/N amid/N the/D destruction/V to/V the/D Bay/N Area/N _OOV_/N by/D Tuesday/N 's/. quake/N ,/, but/V the/D name/N of/I this/D column/N is/V ``/N On/N Sports/N ,/, ''/, so/I I/N feel/V obliged/V to/T do/P so/V ./.
You/N might/V be/V interested/N to/T know/V that/V baseball/N ,/, not/P _OOV_/N ,/, appeared/V to/V be/V the/D first/N thought/V of/I most/I of/I the/D crowd/V of/D _OOV_/N that/V had/V gathered/D at/D _OOV_/N at/I _OOV_/N p.m./N Tuesday/N ,/, a/D half-hour/N before/V game/V time/N ,/, when/V the/D quake/N struck/V ./.
As/N soon/V as/I the/D _OOV_/N passed/V ,/, many/V people/N _OOV_/N _OOV_/N and/N cheered/N ,/, as/I though/V it/V had/V been/V a/D novel/V kind/V of/I _OOV_/N show/N ./.
One/N fan/N ,/, seated/N several/I _OOV_/N in/I front/N of/I the/D open/N ,/, _OOV_/N auxiliary/N press/N section/N where/I I/N was/V stationed/N ,/, faced/V the/D _OOV_/N _OOV_/N and/N _OOV_/N _OOV_/N ,/, ``/N We/N arranged/V that/V just/V for/N you/. guys/V ''/N I/N thought/V and/N ,/, I/N 'm/, sure/P ,/, others/V did/V :/, ``/N You/N should/V n't/, have/V bothered/N ./. ''/N
I/N 'd/V slept/V through/V my/V only/I previous/D _OOV_/N with/D natural/N disaster/N ,/, a/D _OOV_/N 15/N or/V so/V summers/N ago/N near/V _OOV_/N City/N ,/, Mich./N ,/, so/V I/N was/I _OOV_/N for/N one/N reaction/N to/T such/V things/V :/, the/I urge/V to/T talk/N about/N them/V ./.
Perhaps/N primed/N by/I the/D daily/N diet/N of/D radio/N and/N TV/N reporters/N _OOV_/N _OOV_/N into/I people/N 's/. faces/D and/N asking/V how/V they/T ``/N feel/V ''/N about/N one/N _OOV_/N or/V another/D ,/, fellow/N reporters/N and/N civilians/N who/V _OOV_/N my/V press/N _OOV_/N were/I eager/N to/V chat/N ./.
``/N It/N felt/V like/N I/N was/V on/I a/D station/N platform/N and/N a/D train/N went/V by/I ,/, ''/, said/V one/N man/V ,/, describing/N my/V own/D reaction/N ./.
A/N women/N said/V she/V saw/V the/D park/N 's/, light/N standards/N _OOV_/N ./.
A/N man/V said/V he/V saw/V the/D upper/N rim/N _OOV_/N ./.
I/N saw/V neither/V ./.
_OOV_/N of/I good/V sense/V to/V the/D contrary/V not/V _OOV_/N ,/, the/D general/N inclination/I was/V to/V believe/V that/V the/D _OOV_/N would/V be/V brief/N and/N that/V ball/V would/V be/V played/V ./.
``/N I/N was/V near/V the/D top/N of/I the/D stadium/N ,/, and/N saw/V a/D steel/N _OOV_/N bow/N six/N feet/N from/V where/I I/N sat/N ,/, but/D I/N stayed/V put/T for/I 10/N or/N 15/N minutes/N ,/, ''/N _OOV_/N a/D friend/N ./.
``/N I/N guess/V I/N thought/V ,/, `/N This/N is/V the/D World/N Series/N and/N I/N 'm/, not/V gon/N na/N _OOV_/N out/V '/, ''/N
Here/N in/I the/D Global/N _OOV_/N ,/, though/V ,/, folks/V do/P not/V stay/P _OOV_/N for/N long/V ./.
_OOV_/N power/N was/V out/V in/I _OOV_/N _OOV_/N _OOV_/N ,/, but/D _OOV_/N _OOV_/N and/N television/N sets/N were/I plentiful/N ./.
Within/N a/D few/V minutes/N ,/, the/D true/V extent/V of/I the/D catastrophe/N was/I becoming/V clear/I ./.
Its/N _OOV_/N _OOV_/N measurement/N was/I reported/N as/D 6.5/N ,/, then/V 6.9/N ,/, then/V _OOV_/N ./.
A/N section/N of/I the/D Bay/N Bridge/N had/V collapsed/V ,/, as/I had/V a/D part/I of/I Interstate/N Highway/N 880/N in/I _OOV_/N ./.
People/N had/V died/V ./.
At/N _OOV_/N p.m./N ,/, scheduled/N game/V time/N having/V passed/V ,/, some/V fans/D _OOV_/N ``/N Let/N 's/. _OOV_/N Ball/N ./. ''/N
No/N longer/V innocent/V ,/, they/T qualified/N as/D _OOV_/N ./.
The/N stadium/N was/V ordered/T _OOV_/N soon/V afterward/N ;/, the/D announcement/N ,/, made/I over/I police/N _OOV_/N ,/, cited/N the/D power/N outage/N ,/, but/V it/D later/V was/V revealed/V that/V there/V also/N had/V been/V damage/V of/I the/D sort/V reported/N by/I my/V friend/N ./.
_OOV_/N ,/, I/N spotted/N two/N young/N men/V _OOV_/N blocks/N of/I concrete/N ./.
``/N _OOV_/N of/I _OOV_/N ,/, ''/N they/P said/V ./.
The/N crowd/V remained/N good/V _OOV_/N ,/, even/V bemused/N ./.
TV/N reporters/N interviewed/N fans/I in/I the/D parking/N lots/V while/V ,/, a/D few/V feet/V away/V ,/, others/N watched/V the/D interviews/N on/I their/V portable/N TVs/N ./.
The/N only/D _OOV_/N I/N saw/I was/I commercial/N :/, _OOV_/N selling/N World/N Series/N _OOV_/N _OOV_/N and/N dated/N _OOV_/N were/I besieged/N by/D fledgling/N speculators/N who/V saw/V future/I profit/N in/I the/D items/V ./.
The/N traffic/N _OOV_/N out/V of/I the/D park/N was/I monumental/N ./.
It/N took/V me/V a/D half-hour/N to/V move/D 10/N feet/V from/I my/V parking/N spot/V in/I an/D _OOV_/N lot/V to/T an/D _OOV_/N ,/, and/N an/D additional/N hour/N to/V reach/I an/D inner/N roadway/N a/D _OOV_/N away/V ./.
The/N _OOV_/N trip/N to/T my/V airport/N hotel/N that/V had/V taken/D 20/N minutes/N earlier/N in/I the/D day/N took/I more/V than/V three/N hours/N ./.
At/N my/V hotel/N ,/, the/D _OOV_/N ,/, power/N was/V out/V ,/, some/V _OOV_/N _OOV_/N had/V broken/V loose/V and/N there/V had/V been/V water/N damage/V ,/, but/V little/V else/V ./.
With/N _OOV_/N _OOV_/N ,/, a/D hotel/N across/N the/D street/N ,/, the/D _OOV_/N ,/, had/V been/V hit/V harder/V :/, A/N large/N sheet/N of/I its/I concrete/N facade/I and/N several/I window/N _OOV_/N were/I _OOV_/N away/V ./.
The/N _OOV_/N staff/N had/V ,/, kindly/V ,/, set/I out/I _OOV_/N candles/V in/I the/D _OOV_/N ,/, prepared/, a/D _OOV_/N buffet/N and/N passed/V around/N pillows/N and/N _OOV_/N ./.
I/N fell/V asleep/V on/I the/D _OOV_/N floor/N ,/, next/V to/V a/D man/V wearing/N a/D Chicago/N _OOV_/N jacket/N ./.
I/N expected/N him/P to/T say/V ,/, ``/N I/N told/V you/. so/V ,/, ''/, but/V he/V already/V was/I snoring/N ./.
The/N _OOV_/N consensus/N was/V that/I the/D earthquake/N made/I the/D World/N Series/N seem/P unimportant/N ./.
My/N response/N was/V that/D sports/I rarely/V are/V important/N ,/, only/D _OOV_/N ,/, and/N the/D quake/N merely/D _OOV_/N that/V fact/V ./.
Should/N the/D rest/V of/I the/D Series/N be/V played/V at/N all/I ?/.
The/N quake/N and/I baseball/N were/I n't/, related/N ,/, unlike/I the/D _OOV_/N of/I _OOV_/N that/D attended/V the/D 1972/N _OOV_/N ./.
That/N heavily/N _OOV_/N event/N learned/V nothing/P from/I the/D _OOV_/N experience/N ,/, and/N seems/V doomed/N to/V repeat/V it/V ./.
Two/N _OOV_/N _OOV_/N ./.
This/N has/I been/V widely/N dubbed/N the/D BART/N Series/N ,/, after/V the/D local/N subway/N line/I ,/, and/N the/D Bay/N Bridge/N Series/N ./.
_OOV_/N fly/N at/I _OOV_/N for/N the/D death/V of/D _OOV_/N _OOV_/N ,/, the/D late/N baseball/N commissioner/N ,/, and/N now/V the/D Bay/N Bridge/N lies/V in/I _OOV_/N ./.
A/N Series/N that/I was/I shaping/N up/V as/I the/D _OOV_/N since/N the/D _OOV_/N _OOV_/N _OOV_/N go/V of/D 1984/N has/V become/I memorable/V in/I the/D least/V fortunate/V way/V ./.
Still/N ,/, its/V edge/N is/V lost/N ./.
It/N now/V will/V be/V played/V mostly/N for/I the/D record/N ,/, and/N should/V be/V _OOV_/N up/V as/I quickly/V as/I possible/D ,/, without/T ``/N off/N ''/N days/N ./.
And/N I/N will/V never/V again/V complain/V about/V a/D _OOV_/N ./.
The/N disarray/N in/I the/D junk-bond/N market/N that/I began/V last/N month/N with/I a/D credit/N crunch/N at/I Campeau/N Corp./N has/I offered/N commercial/N banks/N a/I golden/N opportunity/V to/V play/I a/D greater/I role/I in/I financing/N _OOV_/N takeovers/N ./.
But/N two/N big/N New/N York/N banks/N seem/V to/V have/V kicked/V those/V chances/V away/V ,/, for/I the/D moment/V ,/, with/I the/D embarrassing/V failure/N of/I _OOV_/N and/N Chase/N Manhattan/N Corp./N to/T deliver/N $/N 7.2/N billion/N in/I bank/N financing/N for/I a/D leveraged/N buy-out/N of/I United/N Airlines/N parent/N UAL/N Corp/N ./.
For/N more/V than/V a/D decade/N ,/, banks/N have/V been/V pressing/N Congress/N and/N banking/N regulators/N for/N expanded/N powers/V to/V act/N like/N securities/N firms/N in/I playing/N Wall/N Street/N 's/, lucrative/N takeover/N game/N ,/, from/V giving/D mergers/N advice/N all/I the/D way/V to/V selling/N and/N trading/N high-yield/N junk/N bonds/N ./.
Those/N expanded/N powers/V reached/N their/V _OOV_/N in/I July/N when/V Bankers/N Trust/N New/N York/N Corp./N provided/N mergers/N advice/N ,/, an/D equity/N investment/N and/N bank/N loans/N for/I the/D $/N _OOV_/N billion/N leveraged/N buy-out/N of/I _OOV_/N Airlines/N parent/N _OOV_/N Inc/N ./.
One/N of/I the/D major/N selling/N points/V used/N by/I Los/N Angeles/N financier/N Alfred/N _OOV_/N in/I getting/V the/D takeover/N approved/N was/V that/I the/D deal/N did/V n't/, include/N any/I junk/N bonds/N ./.
That/N was/V seen/I as/I an/I advantage/N in/I lobbying/N airline/N employees/N and/N Washington/N regulators/N for/N approval/N of/I the/D _OOV_/N takeover/N ./.
All/N $/N _OOV_/N billion/N in/I debt/N for/I the/D deal/N was/I supplied/N by/I banks/N ./.
Charles/N _OOV_/N ,/, _OOV_/N of/D mergers/N and/N acquisitions/N at/I Salomon/N Brothers/N Inc./N ,/, says/V it/V is/I natural/N for/N banks/N to/V try/V to/T expand/V beyond/I their/V _OOV_/N business/N of/I providing/N senior/N debt/N for/I _OOV_/N ./.
But/N the/D UAL/N collapse/N ,/, he/P says/V ,/, ``/N may/V tell/V you/V it/V 's/, not/V going/V to/T work/N that/V easily/V ./. ''/.
David/N _OOV_/N ,/, a/D mergers/N adviser/N in/I La/N _OOV_/N ,/, Calif./N ,/, who/P aided/N Los/N Angeles/N investor/N Marvin/N Davis/N on/I the/D bids/N which/I put/V both/D UAL/N and/N _OOV_/N in/I play/I as/D takeover/N candidates/V this/I year/N ,/, says/V that/D banks/N have/V been/V ``/N preparing/N to/V play/V a/D larger/V and/N larger/D role/I in/I acquisition/N financing/N ./. ''/N
Mr./N _OOV_/N says/V that/V in/I the/D past/N ,/, banks/N would/V normally/V have/V _OOV_/N 65/N %/N of/I a/D total/N buy-out/N price/N ,/, with/I the/D loans/N secured/I by/I the/D target/N company/N 's/. assets/N ./.
Another/N 20/N %/N of/I the/D borrowed/N funds/N would/V come/V from/I the/D sale/N to/T investors/N of/I junk/N bonds/N ,/, which/D offer/N less/V security/N and/I typically/V carry/N higher/V yields/N than/V bank/N loans/N ./.
Mr./N _OOV_/N 's/. purchase/N of/I _OOV_/N ,/, Mr./N _OOV_/N notes/N ,/, ``/N was/V probably/V the/D most/I aggressive/N to/T date/N ,/, ''/N with/D bank/N debt/N at/I 85/N %/N of/I the/D purchase/N price/N ./.
But/N Mr./N _OOV_/N says/V that/D _OOV_/N 's/. ``/N failure/N to/T deliver/N ''/N on/I its/N promise/V to/T raise/V the/D UAL/N bank/N debt/N for/I a/D labor-management/N buy-out/N group/N ``/N is/V very/V _OOV_/N to/T potential/N users/N of/I a/D `/N _OOV_/N '/, letter/N from/I commercial/N banks/N ./. ''/N
His/N client/N ,/, Mr./N Davis/N ,/, used/N just/V such/I a/D letter/N from/I _OOV_/N in/I pursuing/N UAL/N ;/, _OOV_/N later/N agreed/V to/V work/N with/I a/D competing/N UAL/N buy-out/N group/N ./.
Executives/N of/D _OOV_/N and/N Chase/N Manhattan/N declined/N to/T comment/V on/N either/V the/D UAL/N situation/N ,/, or/V on/I the/D changing/I nature/N of/I banks/N '/N role/I in/I financing/N takeovers/N ./.
In/N the/D wake/N of/D Campeau/N 's/. problems/N ,/, prices/N of/I junk/N bonds/N tumbled/N ,/, throwing/V into/I doubt/V the/D ability/V of/I corporate/N _OOV_/N to/D finance/N large/N takeovers/N with/I the/D help/N of/D junk/N bond/N sales/N ./.
Mark/N _OOV_/N ,/, senior/N managing/N director/N at/I Manufacturers/N _OOV_/N Trust/N Co./N ,/, says/V the/D _OOV_/N in/I junk/N bonds/N may/V yet/V open/I new/I business/N opportunities/N to/T banks/N in/I _OOV_/N takeovers/N ./.
But/N he/V warns/N that/D banks/N will/V have/V ``/N to/V have/V enough/V discipline/N ''/N not/V to/V make/V loans/N that/D are/V too/V risky/N ./.
In/N fact/V ,/, Manufacturers/N _OOV_/N said/V in/I its/I third-quarter/N earnings/N report/N that/D fees/N from/I _OOV_/N loans/N to/T other/I banks/N dropped/I 48/N %/N ,/, to/T $/N 21/N million/N ./.
``/N We/N did/V n't/, take/V part/I in/I a/D lot/V of/D deals/V because/V their/V credit/N quality/N was/I poor/V ,/, ''/N says/V a/D bank/N spokesman/N ./.
James/N B./N Lee/N ,/, head/N of/D _OOV_/N and/N private/N _OOV_/N at/I Chemical/N Banking/N Corp./N ,/, said/V he/V believes/V banks/N can/V still/V make/V a/D _OOV_/N offer/N of/I _OOV_/N shopping/N for/N takeover/N finance/N ./.
As/N evidence/N ,/, he/P cites/N yesterday/N 's/. arrangement/D for/N the/D final/N financing/N of/I a/D $/N 3/N billion/N bid/N for/I American/N Medical/N International/N Inc./N in/I which/D Chemical/N served/N as/I both/D the/D lead/N bank/N and/N an/D equity/N investor/N ./.
Beyond/N the/D current/N weakness/N in/I the/D junk/N bond/N market/N ,/, banks/N have/V another/D advantage/V over/I investment/N banks/N in/I financing/N _OOV_/N takeovers/N ./.
Arthur/N _OOV_/N Jr./N ,/, a/D takeover/N lawyer/N at/I Fried/N Frank/N Harris/N _OOV_/N &/N _OOV_/N ,/, notes/N that/D ``/N a/D political/N and/N emotional/N bias/N ''/N has/I developed/N against/I junk/N bonds/N ./.
One/N hostile/N _OOV_/N who/V deliberately/I avoided/V using/N junk/N bonds/N was/I Paramount/N Communications/N Inc./N in/I its/N initial/N offer/N to/V acquire/N Time/N Inc./N for/N $/N _OOV_/N billion/N ,/, or/N $/N 175/N a/D share/N ./.
A/N Paramount/N spokesman/N says/V that/V decision/N was/I based/N on/I the/D financial/N ,/, not/V political/N ,/, drawbacks/N of/I junk/N bonds/N ./.
But/N some/V observers/N believe/V Paramount/N Chairman/N Martin/N Davis/N wanted/V to/T avoid/V the/D possible/D _OOV_/N of/I being/D perceived/N as/I a/D corporate/N raider/N in/I his/V controversial/N bid/N for/N Time/N ./.
In/N the/D end/N ,/, Mr./N Davis/N used/N junk/N bonds/N so/V that/V he/V could/T raise/V Paramount/N 's/. bid/N to/T $/N 200/N a/D share/N ./.
Some/N _OOV_/N _OOV_/N said/V the/D initial/N lower/I bid/N ,/, without/T junk/N bonds/N ,/, was/V a/D factor/N in/I his/V losing/D the/D company/N ./.
Time/N _OOV_/N Paramount/N by/D acquiring/N Warner/N Communications/N Inc/N ./.
The/N success/N of/I the/D _OOV_/N financing/N ,/, and/N the/D failure/N of/I the/D UAL/N deal/N ,/, also/N seem/V to/V highlight/D the/D important/N new/I role/I in/I takeover/N financing/N being/I played/V by/I Japanese/N banks/N ./.
Japanese/N banks/N accounted/N for/I 50/N %/N of/I the/D _OOV_/N bank/N debt/N ,/, according/V to/V a/D report/N by/D Transportation/N Secretary/N Samuel/N _OOV_/N ./.
But/N it/V was/I _OOV_/N rejection/N by/D Japanese/N banks/N that/I helped/N seal/N the/D fate/V of/I the/D attempt/V to/V buy/N UAL/N ./.
_OOV_/N and/N Chase/N are/V attempting/V to/V put/V together/V a/D new/N ,/, lower/D bid/N ./.
_OOV_/N _OOV_/N ,/, chief/N economist/N of/I the/D Institute/N for/N Financial/N Affairs/N Inc./N ,/, a/D Tokyo/N research/N center/N on/I finance/N and/N economics/N ,/, says/V ,/, ``/N The/N junk/N bond/N market/N became/V very/V _OOV_/N ,/, and/N there/V 's/. a/D fear/V of/I a/D coming/V recession/N and/N the/D possible/D bankruptcy/N of/I _OOV_/N companies/N ./.
_OOV_/N Inc./N filed/N suit/N in/I federal/N court/N here/N ,/, _OOV_/N that/I a/D group/N that/I holds/D _OOV_/N %/N of/I its/I stock/N made/I ``/N false/V ,/, _OOV_/N and/N misleading/N ''/N statements/V in/I recent/N regulatory/N filings/N and/N public/N announcements/N ./.
_OOV_/N 's/P complaint/N claims/N that/I the/D group/N ,/, led/I by/D investor/N Malcolm/N _OOV_/N _OOV_/N ,/, violated/N securities/N laws/N by/I failing/N to/T disclose/N plans/N to/T purchase/N 15/N %/N of/I the/D company/N 's/. shares/N outstanding/N and/N that/V when/V the/D required/N Hart-Scott-Rodino/N filing/N eventually/I was/V made/I ,/, it/V did/V n't/, disclose/N the/D group/N 's/. alleged/N earlier/I violation/N of/I the/D so-called/N _OOV_/N requirements/N of/I the/D law/N ./.
Mr./N _OOV_/N could/V n't/, immediately/V be/V reached/N to/T comment/V ./.
But/N when/V _OOV_/N last/N week/N publicly/N questioned/N the/D legality/N of/I the/D group/N 's/P filing/N procedures/N ,/, the/D Rochester/N ,/, N.Y./N ,/, investor/N said/V ``/N we/V _OOV_/N with/I every/D law/N ,/, ''/N and/N he/V denied/V any/D _OOV_/N ./.
The/N _OOV_/N group/N said/V in/I a/D Securities/N and/N Exchange/N Commission/N filing/N in/I early/N October/N that/V it/V may/V seek/V a/D controlling/N interest/N in/I _OOV_/N ,/, or/V seek/V representation/I on/I the/D company/N 's/P board/N ./.
_OOV_/N has/V said/V it/V does/V n't/, intend/V to/V be/D acquired/N by/I the/D _OOV_/N group/N or/V any/D other/V party/N ./.
Inland/N Steel/N Industries/N Inc./N ,/, battered/N by/I lower/D volume/N and/N higher/N costs/N ,/, posted/N a/D 75/N %/N drop/V in/I third-quarter/N earnings/N ./.
The/N nation/N 's/. _OOV_/N steelmaker/N earned/N $/N _OOV_/N million/N ,/, or/V 43/N cents/N a/D share/N ,/, compared/V with/I $/N 61/N million/N ,/, or/N $/N _OOV_/N a/D share/N ,/, a/D year/N earlier/N ,/, when/V the/D industry/N was/V enjoying/V peak/N demand/N and/N strong/N pricing/N ./.
Sales/N fell/V to/T $/N _OOV_/N million/N from/I $/N 1.02/N billion/N ./.
The/N earnings/N also/I mark/N a/I significant/N drop/V from/I the/D second/N quarter/N 's/, $/N _OOV_/N million/N or/N $/N 1.25/N a/D share/N ./.
Moreover/N ,/, the/D earnings/N were/I well/V below/N analysts/N '/N expectations/I of/I about/N $/N _OOV_/N a/D share/N ./.
In/N composite/N trading/N on/I the/D New/N York/N Stock/N Exchange/N ,/, Inland/N closed/V yesterday/N at/I $/N _OOV_/N a/D share/N ,/, down/V $/N 1/N ./.
The/D company/N attributed/N the/D earnings/N drop/V to/V lower/D volume/N related/N to/T seasonal/N demand/N and/N the/D soft/N consumer/N durable/N market/N ,/, especially/N in/I the/D automotive/N sector/N ./.
However/N ,/, the/D company/N also/I lost/V orders/V because/V of/D prolonged/N labor/N talks/N in/I the/D second/N quarter/N ./.
Third-quarter/N shipments/N slipped/N 7/N %/N from/I the/D year-ago/N period/N ,/, and/N 17/N %/N from/I this/D year/N 's/. second/N quarter/N ./.
Profit/N of/D steel/N shipped/N for/I the/D company/N 's/. steel/N segment/I slid/N to/V $/N 26/N a/D ton/N ,/, from/I $/N 66/N a/D ton/N a/D year/N earlier/N and/N $/N 57/N a/D ton/N a/D quarter/N earlier/N ./.
Analysts/N noted/V that/I the/D disappointing/N results/N do/V n't/, reflect/V lower/I prices/N for/I steel/N products/N ./.
Charles/N Bradford/N ,/, an/D analyst/N with/D Merrill/N Lynch/N Capital/N Markets/N ,/, said/V higher/N prices/N for/I _OOV_/N and/N _OOV_/N products/N offset/N lower/D prices/N for/V bar/N ,/, _OOV_/N and/N structural/N steel/N ./.
_OOV_/N steel/N ,/, which/D primarily/N serves/N the/D construction/N market/N ,/, was/I especially/V hurt/V by/I a/D 15/N %/N price/N drop/V ,/, Mr./N Bradford/N said/V ./.
The/D company/N said/V its/I integrated/N steel/N sector/N was/I also/N hurt/V by/I higher/N raw/N material/N ,/, repair/N and/N maintenance/N ,/, and/N labor/N costs/N ./.
The/N increased/N labor/N costs/N became/I effective/N Aug./N 1/N under/N terms/N of/I the/D four-year/N labor/N agreement/N with/I the/D United/N _OOV_/N union/N ./.
Meanwhile/N ,/, the/D company/N 's/. service/N center/N segment/N ,/, which/I saw/I operating/N profit/N drop/V to/V $/N 11.5/N million/N from/I $/N _OOV_/N million/N a/D year/N ago/N ,/, experienced/V much/V of/I the/D same/D demand/N and/N cost/N problems/N ,/, as/I well/V as/D start-up/N costs/N associated/V with/I a/D _OOV_/N processing/N facility/N in/I Chicago/N and/N an/D _OOV_/N computer/N information/N system/N ./.
Inland/N Chairman/N Frank/N W./N _OOV_/N said/V the/D company/N 's/. short-term/N outlook/N is/V ``/N _OOV_/N by/I uncertainties/N in/I the/D economy/N and/N financial/N markets/N ./. ''/N
However/N ,/, he/V noted/V that/D steel/N mill/N bookings/N are/V up/V from/I early/N summer/N levels/N ,/, and/N that/V he/V expects/N the/D company/N to/T improve/N its/I cost/N performance/N in/I the/D fourth/N quarter/N ./.
In/N the/D first/N nine/N months/N ,/, profit/N was/V $/N 113/N million/N ,/, or/N $/N _OOV_/N a/D share/N ,/, on/I sales/N of/I $/N _OOV_/N billion/N ,/, compared/V with/I $/N _OOV_/N million/N ,/, or/N $/N _OOV_/N a/D share/N ,/, on/I sales/N of/I $/N _OOV_/N billion/N ,/, a/D year/N earlier/N ./.
The/N ``/N _OOV_/N ''/N activity/N of/I a/D financial/N market/N bears/I a/D _OOV_/N to/V the/D _OOV_/N activity/N of/I the/D earth/I ./.
When/N things/V are/V quiet/V -LRB-/N low/N volatility/N -RRB-/N ,/, the/D structures/N on/I which/D markets/N stand/V can/V be/V relatively/N inefficient/N and/N still/V perform/N their/V functions/N _OOV_/N ./.
However/N ,/, when/V powerful/D forces/N start/V _OOV_/N the/D market/N 's/. structure/N ,/, the/D more/V ``/N _OOV_/N ''/N it/V is/V ,/, the/D better/V its/V chance/V for/I _OOV_/N ./.
America/N 's/. financial/N markets/N do/P not/V yet/V have/V all/I the/D required/N modern/I features/N required/N to/V make/V them/V fully/D ``/N _OOV_/N ./. ''/N
Investors/N lack/N equal/V access/N to/V the/D markets/N '/N trading/N _OOV_/N and/N its/I information/N ./.
That/N structural/N lack/N is/V crucial/V because/I investors/N are/V the/D only/D source/N of/I market/N liquidity/N ./.
And/N liquidity/N is/V what/V markets/N need/V to/T damp/V _OOV_/N and/N _OOV_/N ./.
In/N today/N 's/. markets/N ,/, specialists/N -LRB-/N on/I the/D New/N York/N Stock/N Exchange/N -RRB-/N and/N ``/N upstairs/N ''/N market/N makers/N -LRB-/N in/I the/D over-the-counter/N market/N -RRB-/N are/V the/D only/D market/N participants/N allowed/V to/V play/V a/D direct/N role/I in/I the/D _OOV_/N process/N ./.
When/N they/T _OOV_/N trading/N ,/, all/D market/N liquidity/N is/V gone/V ./.
And/N when/V any/T component/N of/I the/D market/N --/, cash/N ,/, futures/N or/N options/N --/, loses/N liquidity/N ,/, the/D price/N discovery/N system/N -LRB-/N the/D way/D prices/N are/V determined/D -RRB-/N becomes/V flawed/I or/V is/V lost/V entirely/D for/I a/I time/N ./.
Last/N Friday/N the/D 13th/N -LRB-/N as/I well/V as/D two/N years/N ago/N this/D week/V -RRB-/N the/D markets/N became/I _OOV_/N ./.
When/N that/V happened/V ,/, ``/N _OOV_/N ''/N _OOV_/N of/I fear/N --/, much/V like/N the/D shock/N waves/N created/I by/I an/D earthquake/N --/, _OOV_/N through/V the/D market/N and/N increased/N the/D market/N 's/. volatility/N ./.
_OOV_/N of/I important/N ,/, needed/V information/N can/V cause/V fear/V ./.
_OOV_/N is/V the/D father/V of/I panic/N ./.
_OOV_/N frequently/N results/N in/I _OOV_/N behavior/N ./.
And/N in/I financial/N markets/N ,/, _OOV_/N behavior/N is/V sometimes/N _OOV_/N into/D catastrophe/N ./.
When/D market/N _OOV_/N start/V ,/, it/V is/V crucial/I that/I as/I much/V information/N about/N transaction/N prices/N and/N the/D _OOV_/N curve/N -LRB-/N buy/N and/N sell/N orders/T at/I various/N prices/N -RRB-/N be/V made/D available/N to/V all/D ,/, not/P just/V to/T market/N makers/N ./.
Because/N of/I a/D lack/N of/D information/N and/N access/N ,/, many/V investors/N --/, including/N the/I very/V ones/N whose/D buying/N power/V could/T restore/N stability/N and/N damp/V volatility/N --/, are/V forced/V to/T stand/I on/I the/D _OOV_/N when/V they/T are/V most/I needed/N ,/, because/V of/I their/V ignorance/V of/I important/N market/N information/N ./.
To/N add/V _OOV_/N power/N to/T America/N 's/. markets/N ,/, a/D modern/N ,/, electronic/N trading/N system/N should/V be/V implemented/N that/D permits/N equal/J access/N to/V the/D trading/N _OOV_/N -LRB-/N and/N the/D information/N that/V would/V automatically/V accompany/V such/N access/N -RRB-/N by/D investors/N --/, particularly/N institutional/N investors/N ./.
_OOV_/N to/V some/V opinions/N ,/, the/D trading/N activities/N of/I specialists/N and/N other/I market/N makers/N do/P not/V provide/N liquidity/N to/V the/D market/N as/I a/D whole/V ./.
What/D market/N makers/N provide/N is/V _OOV_/N ,/, a/D very/V valuable/N service/N ./.
_OOV_/N is/V not/V a/D service/N ./.
It/N is/V a/D market/N _OOV_/N --/, the/D ability/V to/V absorb/N selling/N orders/V without/V causing/N significant/I price/N changes/N in/I the/D absence/N of/D news/N ./.
Market/N makers/N buy/, what/V investors/N wish/V to/T sell/N ;/, their/V business/N is/V _OOV_/N these/D unwanted/N positions/V as/I quickly/V as/I possible/V to/V other/I investors/N ,/, and/I at/I a/D profit/N ./.
As/N a/D result/N ,/, while/V any/D one/N customer/N may/V purchase/N _OOV_/N by/D selling/N to/V a/D market/N maker/N -LRB-/N which/I is/V _OOV_/N for/N the/D investor/N -RRB-/N ,/, the/D market/N as/I a/D whole/V remains/V in/I the/D same/D circumstances/V it/V was/V before/V the/D transaction/N :/, The/N unwanted/N position/V is/V still/V an/I unwanted/N position/D ;/, only/I the/D identity/N of/I the/D seller/N has/I changed/I ./.
In/N fact/V it/V can/V be/V argued/I that/D increasing/N capital/N commitments/N by/I market/N makers/N -LRB-/N a/D result/V of/I some/V _OOV_/N crash/N studies/N -RRB-/N also/N increases/N market/N volatility/N ,/, since/V the/I more/J securities/N are/V held/I by/I market/N makers/N at/I any/V given/I time/N ,/, the/D more/I selling/N pressure/N is/V overhanging/N the/D market/N ./.
In/N an/I open/I electronic/N system/N ,/, any/T investor/N wishing/V to/V pay/N for/I real-time/N access/N to/V the/D trading/N _OOV_/N through/V a/D registered/N broker-dealer/N would/V be/V able/V to/T see/N the/I entire/D _OOV_/N curve/N -LRB-/N buy/N and/N sell/N orders/T at/I each/D price/N -RRB-/N entered/N by/D dealers/N and/N investors/N alike/I ,/, and/N to/V enter/V and/N _OOV_/N orders/T ./.
_OOV_/N quotations/N would/V reflect/I the/D combined/N financial/N judgment/N of/I all/D market/N participants/N --/, not/V just/V those/V of/D intermediaries/N who/V become/I extremely/N _OOV_/N during/V times/N of/I crisis/N ./.
Investors/N and/N professionals/N alike/V would/V compete/I on/I the/D level/V playing/N field/V Congress/N sought/N and/V called/N a/D ``/N national/N market/N system/N ''/N -LRB-/N not/V yet/V achieved/I -RRB-/N almost/D 15/N years/N ago/N when/V it/V passed/V the/D Securities/N Reform/N Act/N of/I _OOV_/N ./.
Last/N Friday/N 's/P market/N _OOV_/N did/V not/V result/V in/I severe/N ``/N _OOV_/N ./. ''/N
_OOV_/N we/V smart/V or/N just/V lucky/N ?/.
I/N 'm/, not/V certain/V ./.
But/N I/N am/V sure/P we/V need/V to/V maximize/N our/V ``/N earthquake/N ''/N protection/N by/I making/I certain/V that/V our/V market/N structures/N let/V investors/N add/V their/V _OOV_/N _OOV_/N power/N to/V our/V nation/N 's/. markets/N ./.
Mr./N _OOV_/N is/V chairman/N of/I his/V own/D consulting/N company/N in/I _OOV_/N ,/, N.J/N ./.
_OOV_/N _OOV_/N _OOV_/N _OOV_/N ,/, now/V you/V do/P n't/, ./.
The/N recession/N ,/, that/V is/V ./.
The/N economy/N 's/. _OOV_/N steps/I leave/P investors/N wondering/V whether/V things/P are/V slowing/N down/V or/V _OOV_/N up/V ./.
So/N often/V are/V government/N statistics/N revised/N that/V they/V seem/V to/T _OOV_/N a/D _OOV_/N weather/N _OOV_/N ./.
For/N the/D past/J seven/N years/N ,/, investors/N have/V had/V the/D wind/N at/I their/V _OOV_/N ,/, in/I the/D form/N of/I a/D generally/I growing/N economy/N ./.
Some/N may/V have/V forgotten/N --/, and/N some/V younger/V ones/N may/V never/V have/V experienced/V --/, what/V it/V 's/. like/N to/T invest/N during/V a/D recession/N ./.
_OOV_/N tactics/V are/V called/I for/N ,/, as/I losing/D money/N becomes/V easier/V and/N making/I money/N becomes/V tougher/N ./.
For/N those/V investors/N who/V believe/V --/, or/N fear/V --/, that/D 1990/N will/V be/V a/D recession/N year/N ,/, many/V economists/N and/N money/N managers/N agree/N on/I steps/I that/V can/V be/V taken/V to/T lower/I the/D risks/N in/I a/D portfolio/N ./.
In/N a/D _OOV_/N ,/, _OOV_/N advise/N investors/N who/V expect/V a/D slowdown/N to/V hold/T fewer/V stocks/N than/V usual/I and/N to/V favor/D shares/N of/I big/N companies/N in/I ``/N defensive/N ''/N industries/N ./.
A/N heavy/N dose/N of/I cash/N is/V _OOV_/N ,/, along/V with/I a/D _OOV_/N _OOV_/N to/T bonds/N --/, preferably/N government/N bonds/N ./.
It/N 's/, tempting/V to/V think/V these/D defensive/N steps/D can/V be/V delayed/N until/N a/D recession/N is/V clearly/I at/I hand/I ./.
But/N that/V may/V not/V be/V possible/V ,/, because/V _OOV_/N often/V take/T investors/N by/I surprise/V ./.
``/N They/N always/V seem/V to/V come/V a/D bit/N later/N than/V you/V expect/V ./.
When/N they/V do/V hit/V ,/, they/P hit/V fast/N ,/, ''/N says/V David/N A./N _OOV_/N ,/, chief/N financial/N economist/N at/I the/D Data/N Resources/N division/V of/I McGraw-Hill/N Inc/N ./.
Though/N he/V himself/V does/V n't/, expect/V a/D recession/N soon/V ,/, Mr./N _OOV_/N advises/N people/N who/P do/V that/D ``/N the/D best/N thing/V to/V be/V in/I is/V long/V that/V is/V ,/, _OOV_/N to/T 30-year/N Treasury/N bonds/N ./. ''/N
The/N reason/V is/V simple/N ,/, Mr./N _OOV_/N says/N :/, ``/N Interest/N rates/N almost/V always/D decline/N during/V recession/N ./. ''/.
As/N surely/V as/I a/D _OOV_/N _OOV_/N ,/, falling/V interest/N rates/N force/N up/V the/D price/N of/I previously/I issued/N bonds/N ./.
They/N are/V worth/V more/V because/V they/T pay/N higher/N interest/N than/V newly/N issued/N bonds/N do/V ./.
That/N effect/N holds/I true/V for/I both/D short-term/N and/N long-term/N bonds/N ./.
But/N short-term/N bonds/N ca/N n't/, rise/N too/V much/V ,/, because/V everyone/P knows/V they/V will/P be/V redeemed/N at/I a/D _OOV_/N price/N fairly/V soon/V ./.
_OOV_/N bonds/N ,/, with/I many/V years/N left/V before/V maturity/N ,/, swing/I more/V widely/N in/I price/N ./.
But/N not/V just/V any/D bonds/N will/P do/V ./.
Corporate/N bonds/N ``/N are/V usually/V not/V a/D good/V bet/V in/I a/D recession/N ,/, ''/N Mr./N _OOV_/N says/V ./.
As/N times/N get/V tougher/N ,/, investors/N _OOV_/N about/N whether/I companies/N will/V have/V enough/V money/N to/T pay/V their/V debts/N ./.
This/N hurts/V the/D price/N of/I corporate/N bonds/N ./.
Also/N ,/, he/P notes/N ,/, ``/N most/I corporate/N bonds/N are/V _OOV_/N ./. ''/.
That/N means/V that/I a/D corporation/N ,/, after/V a/D specified/N amount/N of/I time/N has/I passed/V ,/, can/V buy/, back/V its/I bonds/N by/I paying/N investors/N the/D face/V value/N -LRB-/N plus/N ,/, in/I some/V cases/N ,/, a/D _OOV_/N -RRB-/N ./.
When/N interest/N rates/N have/V dropped/N ,/, it/V makes/V sense/V for/I corporations/N to/V do/P just/V that/D ;/, they/P then/V save/V on/I interest/N costs/N ./.
But/N the/D investors/N are/V left/V stranded/N with/D money/N to/T _OOV_/N at/I a/I time/N when/V interest/N rates/N are/V _OOV_/N ./.
If/N corporate/N bonds/N are/V bad/V in/I _OOV_/N ,/, junk/N bonds/N are/V likely/V to/V be/V the/D worst/V of/I all/I ./.
It/N 's/P an/D ``/N absolute/J necessity/N ''/N to/V get/V out/V of/D junk/N bonds/N when/V a/D recession/N is/V in/I the/D _OOV_/N ,/, says/V _OOV_/N _OOV_/N ,/, professor/N of/I finance/N at/I Cornell/N University/N ./.
``/N Such/N bonds/N are/V very/V sensitive/V to/V the/D downside/N ,/, and/N this/V could/V be/V a/D disaster/N ./. ''/N
Municipal/N bonds/N are/V generally/V a/D bit/N safer/N than/D corporate/N bonds/N in/I a/D recession/N ,/, but/V not/V as/I safe/V as/D bonds/N issued/N by/I the/D federal/N government/N ./.
During/N an/D economic/N slump/N ,/, local/N tax/N revenues/N often/V go/V down/V ,/, raising/N the/D risks/N associated/V with/D at/I least/V some/V _OOV_/N ./.
And/N ,/, like/N corporates/N ,/, many/V municipal/N bonds/N are/V _OOV_/N ./.
But/N a/D few/V experts/N ,/, going/V against/I the/D consensus/N ,/, do/P n't/, think/V bonds/N would/V help/N investors/N even/V if/V a/D recession/N is/V in/I the/D _OOV_/N ./.
One/N of/I these/V is/V Jeffrey/N L./N _OOV_/N ,/, director/N of/I research/N for/I _OOV_/N _OOV_/N &/N Co./N ,/, a/D brokerage/N house/N in/I Houston/N ,/, who/P thinks/V that/D ``/N we/V 're/V either/V in/I a/D recession/N or/N about/V to/V go/V into/D one/N ./. ''/N
What/N 's/, more/V ,/, he/P thinks/V this/V could/V be/V a/D _OOV_/N recession/N than/V usual/D :/, ``/N Once/N the/D downturn/N comes/N ,/, it/V 's/, going/V to/V be/V very/V hard/N to/T reverse/V ./. ''/.
Investors/N ,/, he/P advises/N ,/, ``/N should/P be/V cautious/N ,/, ''/N holding/D fewer/V stocks/N than/V usual/I and/N also/N _OOV_/N bonds/N ./.
Because/N he/V sees/D ``/N 5/N %/N to/T 6/N %/N base/N rate/N of/I inflation/N in/I the/D economy/N ,/, ''/N he/P doubts/N that/D interest/N rates/N will/V fall/V much/V any/V time/N soon/V ./.
Instead/N ,/, Mr./N _OOV_/N says/V ,/, investors/N ``/N probably/N should/V be/V carrying/V a/D very/V high/N level/N of/I cash/N ,/, ''/N by/I which/I he/P means/V such/N so-called/N cash/N _OOV_/N as/D _OOV_/N funds/N and/N Treasury/N bills/V ./.
_OOV_/N _OOV_/N ,/, president/N of/I _OOV_/N Financial/N Inc./N in/I _OOV_/N ,/, Pa./N ,/, also/N _OOV_/N that/D investors/N go/V heavily/N for/I cash/N ./.
He/N is/V n't/, sure/V a/D recession/N is/V coming/V ,/, but/V says/V the/D other/N likely/V alternative/N --/, _OOV_/N inflation/N --/, is/V just/V as/I bad/V ./.
``/N This/N late/N in/I an/I expansion/N ,/, ''/N the/D economy/N tends/V to/T _OOV_/N off/V either/V into/V damaging/V inflation/N or/V into/V a/D recession/N ,/, Mr./N _OOV_/N says/V ./.
The/N Federal/N Reserve/N Board/N 's/, plan/N for/I a/D ``/N soft/N landing/N ,/, ''/N he/P says/V ,/, requires/N the/D Fed/N to/T _OOV_/N ``/N an/D _OOV_/N corridor/N ./. ''/N
A/N soft/N landing/N is/V n't/, something/V that/V can/V be/V achieved/V once/I and/I for/N all/I ,/, Mr./N _OOV_/N adds/N ./.
It/N has/V to/V be/V engineered/N over/I and/N over/V again/V ,/, month/N after/I month/N ./.
He/N believes/V that/I the/D task/N facing/D Fed/N Chairman/N Alan/N Greenspan/N is/V so/V difficult/V that/V it/D resembles/N ``/N _OOV_/N a/D _OOV_/N _OOV_/N and/N a/D _OOV_/N saw/V ./. ''/N
And/N ,/, in/I a/D sense/V ,/, that/V 's/, the/D kind/V of/D task/N individuals/N face/V in/I deciding/V what/V to/V do/P about/N stocks/N --/, the/D mainstay/N of/I most/I serious/N investors/N '/, portfolios/N ./.
It/N comes/V down/V to/V a/D question/V of/I whether/V to/V try/V to/T ``/N time/N ''/N the/D market/N ./.
For/N people/N who/P can/V ride/V out/V market/N waves/N through/V good/V times/N and/N bad/N ,/, stocks/N have/V been/V rewarding/V long-term/N investments/N ./.
Most/N studies/N show/V that/D _OOV_/N investors/N historically/N have/V earned/I an/I annual/N return/V from/I stocks/N of/I 9/N %/N to/T 10/N %/N ,/, including/N both/D dividends/N and/N price/N appreciation/N ./.
That/N 's/P well/V above/N what/V bonds/N or/N bank/N certificates/N have/V paid/V ./.
Moreover/N ,/, because/V no/V one/N knows/V for/N sure/V just/V when/V a/D recession/N is/V coming/V ,/, some/V analysts/N think/V investors/N should/V n't/, even/V worry/V too/V much/V about/N timing/D ./.
``/N _OOV_/N to/V time/I the/D economy/N is/V a/D mistake/V ,/, ''/N says/V David/N Katz/N ,/, chief/N investment/N officer/N of/I Value/N _OOV_/N Management/N Inc./N in/I New/N York/N ./.
Mr./N Katz/N notes/N that/V some/V economists/N have/V been/V predicting/N a/D recession/N for/N at/I least/V two/N years/N ./.
Investors/N who/V listened/V ,/, and/N _OOV_/N up/V on/I stocks/N ,/, ``/N have/V just/V hurt/V themselves/V ,/, ''/N he/P says/V ./.
Mr./N Katz/N adds/N that/D people/V who/P jump/D in/I and/N out/V of/I the/D stock/N market/N need/V to/V be/V right/T about/N 70/N %/N of/I the/D time/N to/V beat/V a/D _OOV_/N strategy/V ./.
_OOV_/N trading/N runs/I up/V high/N commission/N costs/N ./.
And/N the/D _OOV_/N might/V miss/V the/D sudden/N _OOV_/N that/D account/V for/N much/V of/I the/D stock/N market/N 's/, gains/N over/I time/N ./.
Still/N ,/, few/V investors/N are/V able/V to/T sit/T tight/I when/V they/T are/V convinced/V a/D recession/N is/V coming/V ./.
After/N all/D ,/, in/I all/D five/N _OOV_/N since/N _OOV_/N ,/, stocks/N declined/N ./.
According/N to/T _OOV_/N Davis/N ,/, president/N of/I _OOV_/N Davis/N Research/N Inc./N in/I _OOV_/N ,/, _OOV_/N ,/, the/D average/N drop/V in/I the/D Dow/N Jones/N Industrial/N Average/N was/V about/N 21/N %/N ,/, and/N the/D decrease/N began/V an/I average/N of/I six/N months/N before/V a/D recession/N officially/N started/V ./.
By/N the/D time/N a/D recession/N is/V ``/N official/N ''/N -LRB-/N two/N consecutive/N quarters/N of/I declining/N gross/N national/N product/N -RRB-/N ,/, much/V of/I the/D damage/N to/T stocks/N has/N already/V been/V _OOV_/N ,/, in/I the/D typical/N case/N ,/, the/D recession/N is/V already/V half/N over/I ./.
About/N six/N months/N before/V a/D recession/N ends/V ,/, stocks/N typically/V begin/N to/V rise/I again/V ,/, as/D investors/N anticipate/V a/D recovery/N ./.
The/N average/N recession/N lasts/N about/V a/D year/N ./.
Unfortunately/N ,/, though/V ,/, _OOV_/N vary/V enough/V in/I length/N so/V that/V the/D average/N ca/N n't/, reliably/N be/V used/N to/V guide/N investors/N in/I timing/D stock/N sales/N or/N purchases/N ./.
But/N whatever/V their/V advice/N about/V timing/V ,/, none/V of/I these/D experts/N recommend/N _OOV_/N stocks/N entirely/D during/V a/D recession/N ./.
For/N the/D portion/N of/I an/D investor/N 's/. portfolio/N that/V stays/I in/I stocks/N ,/, professionals/N have/V a/D number/N of/I suggestions/N ./.
Mr./N Katz/N _OOV_/N issues/N with/I low/N _OOV_/N ratios/N --/, that/V is/V ,/, low/N prices/N in/I relation/V to/V the/D company/N 's/. earnings/N per/N share/N ./.
``/N _OOV_/N _OOV_/N ''/N stocks/N ,/, he/P says/V ,/, _OOV_/N _OOV_/N others/N ``/N during/V a/D recession/N or/V bear/N market/N ./. ''/N
In/N good/V times/N ,/, he/P says/V ,/, they/P lag/N a/D bit/N ,/, but/I overall/V they/V provide/N superior/V performance/N ./.
_OOV_/N _OOV_/N _OOV_/N investors/N to/V discard/D stocks/N in/I small/N companies/N ./.
_OOV_/N shares/N typically/V fall/N more/V than/V _OOV_/N stocks/N in/I a/D recession/N ,/, he/P says/V ./.
And/N in/I any/V case/N ,/, he/P argues/N ,/, stocks/N of/I small/N companies/N are/V ``/N almost/I as/D overpriced/N as/I they/T were/D Sept./N 30/N ,/, 1987/N ,/, just/V before/V the/D crash/N ./. ''/N
For/N example/N ,/, Mr./N _OOV_/N says/N ,/, stocks/N of/I small/N companies/N are/V selling/N for/N about/N 19/N times/N cash/N flow/N ./.
_OOV_/N flow/N ,/, basically/V earnings/N plus/N depreciation/N ,/, is/V one/N common/N _OOV_/N of/I a/D company/N 's/. financial/N health/N ./. -RRB-/N
That/N ratio/N is/V _OOV_/N close/V to/V the/D ratio/N of/I _OOV_/N that/D prevailed/N before/V the/D 1987/N _OOV_/N crash/N ,/, Mr./N _OOV_/N says/V ./.
And/N it/V 's/, way/V above/V the/D ratio/N -LRB-/N _OOV_/N times/N cash/N flow/N -RRB-/N that/V bigger/D companies/N are/V selling/N for/N ./.
Another/N major/N trick/V in/I making/I a/D portfolio/N _OOV_/N is/V choosing/D stocks/N in/I ``/N defensive/N ''/N industries/N ./.
Food/N ,/, tobacco/N ,/, drugs/N and/I utilities/N are/V the/D classic/N examples/N ./.
Recession/N or/V not/V ,/, people/N still/V eat/, ,/, smoke/N ,/, and/N take/T medicine/N when/V they/T 're/V sick/, ./.
George/N _OOV_/N III/N ,/, editor/V of/I _OOV_/N _OOV_/N in/I Boston/N ,/, offers/N one/N final/N tip/N for/N _OOV_/N investors/N ./.
``/N _OOV_/N some/V money/N available/N for/N opportunities/N ,/, ''/N he/P says/V ./.
``/N If/N the/D recession/N does/V hit/V ,/, there/V will/V be/V some/V great/I investment/N opportunities/N just/V when/V things/P seem/V the/D _OOV_/N ./. ''/N
Mr./N Dorfman/N covers/N investing/N issues/N from/I The/N Wall/N Street/N Journal/N 's/. New/N York/N bureau/N ./.
Some/N industry/N groups/N consistently/I weather/N the/D storm/N better/V than/V others/N ./.
The/N following/I shows/I the/D number/N of/I times/N these/D industries/N outperformed/N the/D Standard/N &/N Poor/N 's/. _OOV_/N Index/N during/V the/D first/N six/N months/N of/I the/I past/N seven/N _OOV_/N ./.
Bond/N prices/N posted/N strong/N gains/V as/I investors/N went/V on/I a/D bargain/, hunt/V ./.
But/N while/I the/D overall/N market/N improved/N ,/, the/D _OOV_/N junk-bond/N market/N continued/I to/T count/V _OOV_/N ,/, even/V as/D junk-bond/N prices/N rose/V ./.
Yesterday/N ,/, Prudential-Bache/N Securities/N Inc./N said/V it/D _OOV_/N a/D $/N _OOV_/N million/N senior/N subordinated/N _OOV_/N offering/N by/I York/N International/N Corp/N ./.
And/N Donaldson/N ,/, Lufkin/N &/, Jenrette/N Securities/N Corp./N _OOV_/N to/T restructure/N and/N improve/N the/D potential/N returns/V on/I a/D $/N _OOV_/N million/N _OOV_/N offering/N by/I Chicago/N &/N North/N Western/N Acquisition/N Corp./N that/D was/V still/V being/D negotiated/N late/N last/N night/V ./.
The/N issue/N by/I Chicago/N &/N North/N Western/N is/V one/N of/I the/D so-called/N good/V junk-bond/N offerings/V on/I the/D _OOV_/N calendar/N ./.
Some/N analysts/N said/V the/D restructuring/N of/I the/D railroad/N concern/N 's/. issue/I shows/N how/V tough/N it/V is/V for/N underwriters/N to/T sell/N even/V the/D junk/N bonds/N of/I a/D company/N considered/V to/V be/V a/D relatively/N good/V credit/N risk/N ./.
Since/N last/N week/V 's/, junk-bond/N market/N _OOV_/N ,/, many/V new/I issues/N of/I high-yield/N ,/, high-risk/N corporate/N bonds/N have/V either/V been/V scaled/N back/V ,/, delayed/N or/V dropped/N ./.
On/N Wednesday/N ,/, Drexel/N Burnham/N Lambert/N Inc./N had/V to/T _OOV_/N the/D size/N of/I Continental/N Airlines/N '/N junk-bond/N offering/N to/V $/N 71/N million/N from/I $/N 150/N million/N ./.
Salomon/N Brothers/N Inc./N has/I delayed/N Grand/N Union/N Co./N 's/. $/N _OOV_/N billion/N junk-bond/N offering/N while/V it/D _OOV_/N the/D transaction/N ./.
Last/N week/N ,/, the/D Grand/N Union/N offering/N was/I sweetened/N to/T include/N warrants/N that/D allow/V _OOV_/N to/T acquire/V common/N stock/N ./.
Prudential-Bache/N said/V the/D York/N issue/N was/V delayed/N because/V of/I market/N conditions/N ./.
``/N _OOV_/N is/V going/V through/V _OOV_/N right/T now/N ,/, and/N -LCB-/N Chicago/N &/N North/N Western/N -RCB-/N is/V no/V exception/I ,/, ''/, said/V _OOV_/N _OOV_/N ,/, vice/N president/N ,/, high-yield/N research/N ,/, at/I _OOV_/N ./.
_OOV_/I managers/N say/V _OOV_/N like/N equity/N _OOV_/N and/N _OOV_/N protective/N _OOV_/N may/V increasingly/N be/V required/N to/T sell/N junk-bond/N deals/N ./.
Dan/N _OOV_/N ,/, managing/N director/N of/I high-yield/N investments/N at/I Chancellor/N Capital/N Management/N ,/, said/V the/D Chicago/N &/N North/N Western/N offering/N was/I restructured/N in/I part/I because/V ``/N several/I large/N insurance/N buyers/N right/T now/V are/V demanding/N equity/N as/I part/I of/I the/D package/N ./.
If/N you/V 're/V going/V to/V take/V the/D risk/N in/I this/D market/N ,/, you/V want/P something/V extra/D ./. ''/N
Mr./N _OOV_/N likes/N the/D offering/N ./.
But/N several/I mutual-fund/N managers/N ,/, nervous/N about/V the/D deteriorating/N quality/N of/I their/V junk-bond/N portfolios/N and/N shy/N about/N buying/N new/I issues/N ,/, said/V they/P 're/V staying/P away/V from/I any/D junk/N security/N that/V is/V n't/, considered/D first/V rate/N for/N its/I class/N ./.
While/N they/V consider/V the/D Chicago/N &/N North/N Western/N issue/N to/V be/V good/V ,/, they/P do/V n't/, view/I it/V as/I the/D best/N ./.
To/N lure/N buyers/N to/V the/D Chicago/N &/N North/N Western/N bonds/N ,/, portfolio/N managers/N said/V Donaldson/N Lufkin/N sweetened/N the/D transaction/N by/I offering/N the/D bonds/N with/I a/D _OOV_/N interest/N rate/N and/I a/D 10/N %/N equity/N _OOV_/N ./.
The/N bonds/N are/V expected/N to/V have/V a/D 14/N %/N coupon/N rate/N ./.
The/N equity/N arrangement/I apparently/V would/V allow/V _OOV_/N to/T buy/V a/D total/N of/I 10/N %/N of/I the/D stock/N of/I _OOV_/N Corp./N ,/, Chicago/N &/, North/N Western/N 's/, parent/N company/N ./.
Donaldson/N Lufkin/N declined/N to/T comment/V on/I the/D restructuring/N ./.
According/N to/V some/V analysts/N familiar/V with/I the/D negotiations/N ,/, the/D 10/N %/N of/I equity/N would/V come/V directly/N from/I Donaldson/N Lufkin/N and/N a/D fund/N affiliated/N with/I the/D investment/N bank/N _OOV_/N Group/N ,/, which/V would/V reduce/N their/V _OOV_/N equity/N holdings/N by/D 5/N %/N each/D ./.
That/N would/V leave/P the/D _OOV_/N fund/N with/I a/D 60/N %/N stake/N and/N Donaldson/N Lufkin/N with/D 15/N %/N ./.
Despite/N the/D problems/N with/I new/I issues/N ,/, high-yield/N bonds/N showed/N gains/N in/I the/D secondary/N ,/, or/N resell/N ,/, market/N ./.
_OOV_/N bonds/N ended/N about/N one-half/N point/N higher/N with/I so-called/N high-quality/N issues/N from/I RJR/N Capital/N Holdings/N Corp./N and/N _OOV_/N Gas/N Service/N Limited/N _OOV_/N rising/N one/N point/N ./.
In/N the/D Treasury/N market/N ,/, the/D benchmark/N 30-year/N bond/N rose/V _OOV_/N point/N ,/, or/N $/N 8.75/N for/I each/D $/N 1,000/N face/V amount/N ./.
The/N gain/V reflects/N fresh/N economic/N evidence/N that/D inflation/N is/V _OOV_/N while/I the/D economy/N _OOV_/N ./.
That/N raised/V hopes/V that/D interest/N rates/N will/V continue/V to/V move/D lower/V ./.
The/N Labor/N Department/N reported/N that/D consumer/N prices/N rose/V just/V 0.2/N %/N last/N month/N ,/, slightly/V lower/V than/V some/V economists/N had/V expected/N ./.
But/N there/V were/I also/I rumors/N yesterday/V that/I several/D Japanese/N institutional/N investors/N were/I shifting/N their/V portfolios/N and/N buying/N long-term/N bonds/N while/I selling/N _OOV_/N Treasurys/N ./.
Short-term/N Treasury/N securities/N ended/I narrowly/N mixed/N ,/, with/D two-year/N notes/N posting/N slight/N declines/N while/V three-year/N notes/N were/I slightly/I higher/N ./.
Yesterday/N ,/, the/D Fed/N executed/V four-day/N matched/D sales/N ,/, a/D technical/N trading/N operation/N designed/N to/V drain/N reserves/N from/I the/D banking/N system/N ./.
The/N move/D was/V interpreted/V by/I some/V economists/N as/I a/D sign/N that/I the/D Fed/N does/V n't/, want/V the/D federal/N funds/N rate/N to/V move/D any/V lower/V than/V the/D 8/N %/N at/I which/I it/V has/I been/V _OOV_/N around/N during/V the/D past/N week/V ./.
The/N closely/N watched/V funds/N rate/N is/V what/V banks/N charge/N each/D other/N on/I overnight/N loans/N ./.
It/N is/V considered/I an/I early/N signal/N of/I Fed/N credit/N policy/N changes/N ./.
``/N The/N fact/V that/V they/V did/V four-day/N matched/D sales/N means/N they/T are/V not/V in/I a/D mood/N to/T ease/N aggressively/N ./.
They/N are/V telling/V us/N that/V -LCB-/N 8/N %/N -RCB-/N is/V as/I low/N as/I they/P want/V to/T see/N the/D fed/N funds/N rate/N ,/, ''/, said/V Robert/N _OOV_/N at/I _OOV_/N Bank/N PLC/N ./.
The/N benchmark/N 30-year/N bond/N was/V quoted/N late/N at/I a/D price/N of/I 101/N to/T yield/N _OOV_/N %/N ,/, compared/V with/D 100/N to/T yield/N _OOV_/N %/N Wednesday/N ./.
The/N latest/N 10-year/N notes/N were/I quoted/N late/N at/I 100/N to/T yield/N _OOV_/N %/N ,/, compared/V with/D 99/N to/T yield/N _OOV_/N %/N ./.
Short-term/N rates/N rose/V yesterday/V ./.
The/N discount/N rate/N on/I three-month/N Treasury/N bills/V rose/V to/T _OOV_/N %/N from/I _OOV_/N %/N Wednesday/N ,/, while/V the/D rate/N on/I six-month/N bills/V rose/V to/T _OOV_/N %/N from/I _OOV_/N %/N ./.
Meanwhile/N ,/, the/D Treasury/N sold/N $/N _OOV_/N billion/N of/I _OOV_/N bills/V yesterday/N ./.
The/N average/N yield/N on/I the/D bills/V was/I _OOV_/N %/N ,/, down/V from/I _OOV_/N %/N at/I the/D previous/D _OOV_/N bill/N auction/N Sept./N 21/N ./.
Yesterday/N 's/. yield/N was/V the/D lowest/N since/I _OOV_/N %/N on/I July/N 27/N ./.
Here/N are/V details/N of/I the/D auction/N :/,
Rates/N are/V determined/I by/I the/D difference/N between/I the/D purchase/N price/N and/N face/V value/N ./.
Thus/N ,/, higher/V bidding/N narrows/N the/D investor/N 's/, return/V while/V lower/D bidding/N widens/N it/V ./.
The/N percentage/N rates/N are/V calculated/N on/I a/D 360-day/N year/N ,/, while/V the/D coupon-equivalent/N yield/N is/V based/N on/I a/D 365-day/N year/N ./.
_OOV_/N bond/N price/N climbed/V yesterday/N despite/I skittishness/N in/I the/D _OOV_/N market/N for/I high-yield/N securities/N ./.
Dealers/N said/V junk/N bond/N issues/N on/I average/N were/V up/V by/I to/V point/I with/I so-called/N quality/N issues/N from/I RJR/N Capital/N Holdings/N Corp./N and/N _OOV_/N Gas/N Service/N Limited/N _OOV_/N posting/N _OOV_/N gains/N ./.
_OOV_/N Gas/N Service/N 's/. 13/N %/N debentures/N traded/N at/I 102/N ,/, after/I trading/N around/I par/N earlier/N this/D week/N ,/, and/N RJR/N 's/. 13/N %/N subordinated/N debentures/N of/I 2001/N were/I at/D 101/N after/I trading/N at/I below/N par/N earlier/N this/D week/N ./.
Investment-grade/N bonds/N were/I unchanged/N ./.
Activity/N was/I brisk/N in/I the/D _OOV_/N general/N obligation/N market/N ,/, as/I a/D series/N of/I sell/N lists/V hit/N the/D Street/N and/N capped/N upward/N price/N movement/N in/I the/D sector/N ./.
Traders/N estimated/N that/V more/V than/J $/N 140/N million/N of/I _OOV_/N bonds/N was/V put/V up/V for/I sale/N via/N _OOV_/N lists/I circulated/N by/I a/D handful/N of/I major/N brokers/N ./.
There/N was/I speculation/V that/I the/D supply/N was/V coming/V from/I a/D commercial/N bank/N 's/. portfolios/N ./.
According/N to/T market/N participants/N ,/, the/D bonds/N were/I met/V with/I decent/D bids/N ,/, but/V the/D volume/N of/I paper/N left/V high/N _OOV_/N in/I the/D 10-year/N and/N under/N maturity/N range/N unchanged/N to/T _OOV_/N percentage/N point/J higher/N in/I yield/N ./.
_OOV_/N from/I the/D general/N obligation/N sector/N ,/, activity/N was/I modest/N ./.
Long/N dollar/N bonds/N were/V flat/V to/V up/V point/I ./.
New/N Jersey/N _OOV_/N Authority/N 's/. 7.20/N %/N issue/N of/I _OOV_/N was/V up/V at/I 98/N bid/N to/T yield/N about/N 7.32/N %/N ,/, down/V _OOV_/N percentage/N point/N ./.
The/N debt/N of/I some/V California/N issuers/N pulled/V off/N lows/N reached/N after/I Tuesday/N 's/, massive/N earthquake/N ,/, although/V traders/N said/V market/N participants/N remained/N cautious/N ./.
California/N expects/N to/T rely/N on/I federal/N emergency/N funds/N and/N its/N $/N _OOV_/N billion/N in/I general/N fund/N reserves/N to/V meet/V the/D estimated/N $/N 500/N million/N to/T $/N 1/N billion/N in/I damages/N resulting/N from/I the/D quake/N ,/, according/V to/V a/D state/N official/N ./.
It/N 's/P also/N unclear/V precisely/V how/V the/D state/N will/T _OOV_/N its/I reserve/N ,/, said/V _OOV_/N Katz/N ,/, assistant/N director/N of/I California/N 's/. department/N of/I finance/N ,/, although/V she/V noted/V that/I a/D bond/N offering/N for/N that/I purpose/N is/V n't/, anticipated/N ./.
Meanwhile/N ,/, new/I issuance/N was/I slow/N ./.
The/N largest/N sale/N in/I the/D competitive/N _OOV_/N was/V a/D $/N _OOV_/N million/N issue/N of/I school/N financing/N bonds/N from/I the/D _OOV_/N Public/N School/N Authority/N ./.
A/N balance/N of/I $/N _OOV_/N million/N remained/N in/I late/N _OOV_/N ,/, according/V to/V the/D lead/N manager/N ./.
Mortgage/N securities/N generally/I ended/V to/V point/I higher/N ,/, but/D _OOV_/N gains/N in/I the/D Treasury/N market/N because/V of/I a/D shift/N in/I the/D shape/V of/I the/D Treasury/N yield/N curve/N and/N rumored/N mortgage/N sales/N by/D thrifts/N ./.
_OOV_/N Government/N National/N Mortgage/N Association/N securities/N with/D coupon/N rates/N of/I 13/N %/N and/N higher/N actually/V declined/N amid/N concerns/N about/N increased/N prepayments/N because/V of/I a/D plan/N being/V considered/I by/D Congress/N to/T speed/I the/D refinancing/N of/I _OOV_/N mortgages/N ./.
Ginnie/N Mae/N 13/N %/N securities/N were/V down/V about/V at/I _OOV_/N ./.
If/N the/D refinancing/N plan/N clears/N Congress/N ,/, there/V could/V be/V fairly/V heavy/N prepayments/N on/I the/D premium/N securities/N ,/, hurting/N any/D investor/N paying/N much/V above/N par/N for/N them/V ./.
In/N the/D _OOV_/N sector/N ,/, a/D shift/N in/I the/D Treasury/N yield/N curve/N resulting/N from/I the/D better/V performance/N of/I _OOV_/N issues/N over/I _OOV_/N securities/N hurt/V major/I _OOV_/N because/V it/V will/V become/V more/V difficult/V to/T structure/N new/I derivative/N securities/N offerings/V ./.
Ginnie/N Mae/N 9/N %/N securities/N ended/I at/I 98/N ,/, up/V 9/N ,/, 9/N %/N
%/N to/V a/D 12-year/N average/N life/V assumption/V ,/, as/I the/D spread/V above/V the/D Treasury/N 10-year/N note/N widened/N _OOV_/N percentage/N point/V to/V _OOV_/N ./.
While/N Remic/N issuance/N may/V slow/N in/I the/D coming/V days/N because/V of/I the/D shift/N in/I the/D Treasury/N yield/N curve/N ,/, underwriters/N continued/I to/T _OOV_/N out/V new/I real/I estate/N mortgage/N investment/N conduits/N structured/N when/V the/D yield/N curve/N was/V more/V favorable/N ./.
Two/N new/I _OOV_/N _OOV_/N $/N 900/N million/N were/I announced/V by/I Freddie/N Mac/N yesterday/N ./.
British/N government/N bonds/N ended/N little/V changed/I as/I investors/N awaited/N an/D economic/N policy/N address/V last/N night/V by/D Chancellor/N of/I the/D _OOV_/N Nigel/N _OOV_/N ./.
The/N Treasury/N 11/N %/N bond/N due/N was/V down/V at/I 111/N to/T yield/N _OOV_/N %/N ,/, while/V the/D 11/N %/N notes/N due/N 1991/N were/I unchanged/N at/I 98/N to/T yield/N _OOV_/N %/N ./.
In/N Japan/N ,/, the/D bellwether/N No./N 111/N 4.6/N %/N bond/N of/D 1998/N ended/I off/N _OOV_/N at/I _OOV_/N ,/, to/T yield/N _OOV_/N %/N ,/, and/N in/I West/N Germany/N ,/, the/D 7/N %/N benchmark/N issue/N due/N October/N 1999/N ended/I _OOV_/N point/V lower/N at/I _OOV_/N to/T yield/N _OOV_/N %/N ./.
