``/N We/P 're/V strongly/R recommending/V that/J anyone/V who/R has/V eaten/V in/I the/D cafeteria/N this/D month/N have/V the/D shot/N ,/, ''/N Mr./N _OOV_/N added/V ,/, ``/N and/C that/I means/N virtually/I everyone/N who/I works/N here/C ./.
I/P was/V appalled/V to/T read/V the/D _OOV_/N of/I facts/N in/I your/P Oct./N 13/N editorial/N ``/N _OOV_/N 's/P _OOV_/N _OOV_/N ./. ''/R
It/P is/V the/D _OOV_/N guerrillas/N who/R are/V aligned/V with/I the/D drug/N traffickers/V ,/, not/R the/D left/V wing/N ./.
This/D information/N was/V gleaned/V from/I your/P own/J news/N stories/N on/I the/D region/N ./.
Past/V _OOV_/N government/N tolerance/N of/I the/D ``/N _OOV_/N ''/N was/V due/V to/T the/D drug/N lords/N '/P history/N of/I wiping/V out/I leftists/N in/I the/D hinterlands/N ./.
Mary/N _OOV_/N Palo/N Alto/N ,/, Calif/N ./.
I/P suggest/V that/R The/D Wall/N Street/N Journal/N -LRB-/N as/I well/C as/I other/J U.S./N news/N publications/N of/I like/J mind/V -RRB-/N should/V put/V its/P money/N where/I its/P mouth/N is/V :/V _OOV_/N computer/N equipment/N to/T replace/V that/I damaged/V at/I El/N _OOV_/N ,/, buy/V ad/N space/N ,/, publish/V stories/N under/I the/D _OOV_/N of/I El/N _OOV_/N journalists/N ./.
Perhaps/I an/D arrangement/N could/P be/V worked/V out/I to/P ``/N sponsor/N ''/N El/N _OOV_/N journalists/N and/C staff/N by/I paying/V for/I added/V security/N in/I exchange/N for/I exclusive/J stories/N ./.
_OOV_/N El/N _OOV_/N 's/P courage/N with/I real/J support/N ./.
Douglas/N B./N Evans/N
_OOV_/N Co/N ./. -LRB-/N Atlanta/N -RRB-/C --/N _OOV_/N _OOV_/N and/C George/N _OOV_/N were/V elected/V vice/N presidents/N of/I this/D _OOV_/N company/N ./.
Mr./N _OOV_/N ,/, 46/N years/N old/C ,/, is/V the/D company/N 's/P director/N of/I quality/N assurance/N ;/N most/R recently/N ,/, he/P served/V as/I vice/N president/N ,/, operations/N ,/, for/I Coca-Cola/N _OOV_/N ./.
Mr./N _OOV_/N ,/, 48/N ,/, is/V manager/N for/I corporate/N manufacturing/N operations/N ;/C he/P was/V assistant/N vice/N president/N at/I the/D company/N ./.
In/I the/D wake/V of/I a/D slide/V in/I sterling/N ,/, a/D tailspin/N in/I the/D stock/N market/N ,/, and/C a/D string/N of/I problematic/J economic/N indicators/N ,/, British/N Chancellor/N of/I the/D _OOV_/N Nigel/N _OOV_/N promised/V gradual/V improvement/N in/I the/D U.K./N economy/N ./.
In/I a/D speech/N prepared/V for/I delivery/N to/P London/N 's/P financial/N community/N ,/, Mr./N _OOV_/N summed/V up/R current/J economic/N policy/N as/I a/D battle/N to/P _OOV_/N inflation/N out/I of/I the/D British/N economy/N ,/, using/V high/J interest/N rates/N as/I ``/N the/D essential/J instrument/N ''/N to/T carry/V out/I the/D campaign/N ./.
Two/N weeks/N after/I boosting/V base/N rates/N to/P 15/N %/N ,/, he/P pledged/V that/I ``/N rates/N will/P have/V to/T remain/V high/J for/I some/D time/N to/T come/V ./. ''/R
Mr./N _OOV_/N also/R made/V it/P clear/J that/I he/P would/R be/V watching/V exchange/N rates/N carefully/C ./.
A/D sinking/N pound/N makes/V imports/V more/J expensive/J and/I increases/J businesses/N '/P expectations/N of/I future/N inflation/N ,/, he/P argued/V ./.
In/I an/D apparent/J warning/N to/P currency/N traders/N who/R have/V lately/V been/V selling/V the/D British/N currency/N ,/, he/P stated/V that/I the/D exchange/N rates/N will/P have/V a/D ``/N major/J role/N in/I the/D assessment/N of/I monetary/N conditions/N ./. ''/R
In/I reaffirming/N the/D current/J monetary/N policy/N of/I using/V high/J interest/N rates/N to/P fight/V inflation/N and/C shore/N up/I the/D pound/N ,/, Mr./N _OOV_/N dismissed/V other/J approaches/N to/T managing/N the/D economy/N ./.
He/P said/V he/P monitors/N the/D _OOV_/N figures/N ,/, but/R does/V n't/R give/V them/P paramount/J importance/N ,/, as/I some/D private/N and/J government/N economists/N have/V suggested/V ./.
Mr./N _OOV_/N also/R dismissed/V the/D possibility/N of/I imposing/V direct/J credit/N controls/V on/I Britain/N 's/P financial/N system/N ./.
Mr./N _OOV_/N 's/P speech/N ,/, delivered/V at/I the/D Lord/N Mayor/N of/I London/N 's/P annual/J dinner/N at/I _OOV_/N House/N ,/, came/V on/I the/D heels/N of/I a/D grueling/N period/N for/I the/D U.K./N economy/N ./.
Two/N weeks/N ago/I ,/, in/I a/D campaign/N to/T blunt/J inflation/N at/I home/N and/C arrest/N a/D world-wide/N plunge/N in/I the/D pound/N ,/, he/P raised/V base/N rates/V a/D full/J percentage/N point/N to/P 15/N %/N ./.
Despite/V the/D increase/N ,/, the/D British/N currency/N slid/V below/I a/D perceived/V threshold/N of/I three/C marks/N early/N last/J week/N ./.
It/P was/V quoted/V at/I _OOV_/N marks/N in/I late/J New/N York/N trading/N Wednesday/N ./.
_OOV_/N up/R to/T the/D speech/N was/V a/D _OOV_/N of/I economic/N statistics/N suggesting/V that/D the/D British/N war/N on/I inflation/N will/P be/V more/J bruising/N than/I previously/I assumed/V ./.
_OOV_/N in/I September/N dropped/V to/T _OOV_/N ,/, the/D lowest/J level/N since/I 1980/N ./.
While/I lower/I _OOV_/N is/V generally/R good/J news/N ,/, the/D hefty/N drop/V last/J month/N indicates/V that/D the/D economy/N is/V n't/R slowing/V down/I as/I much/R as/I hoped/V --/R despite/V a/D doubling/N of/I interest/N rates/N over/I the/D last/J 16/N months/N ./.
Meanwhile/N ,/, average/J earnings/N in/I Britain/N were/V up/R 8.75/N %/N in/I August/N over/I the/D previous/J year/N ./.
Another/V inflationary/N sign/N came/V in/I a/D surge/N in/I _OOV_/N lending/N to/T a/D record/N #/N _OOV_/C billion/C -LRB-/N $/P _OOV_/C billion/C -RRB-/N last/J month/N ,/, a/D much/R higher/J level/N than/I economists/N had/V predicted/V ./.
In/I a/D separate/J speech/N prepared/V for/I delivery/N at/I the/D dinner/N ,/, Robin/N _OOV_/N ,/, Bank/N of/I England/N governor/N ,/, conceded/V that/I ``/N demand/N pressures/N were/V even/R more/J buoyant/V than/I had/V been/V appreciated/V ''/N when/I the/D British/N economy/N was/V heating/N up/I last/J year/N ./.
He/P added/V that/I ``/N there/V 's/P no/D _OOV_/N solution/N ''/, to/T the/D economic/N woes/N ,/, and/C said/V ``/C tight/N monetary/N policy/N is/V the/D right/J approach/N ./. ''/R
_OOV_/N the/D recent/J slide/V in/I stock/N prices/N ,/, the/D central/J bank/N governor/N stated/V that/I ``/N the/D markets/N now/R appear/V to/T have/V _OOV_/N ''/N after/I the/D ``/N nasty/J jolt/N ''/N of/I the/D _OOV_/N plunge/N in/I the/D Dow/N Jones/N Industrial/N Average/N a/D week/N ago/I ./.
Although/I the/D New/N York/N market/N plunge/N prompted/V a/D _OOV_/N drop/V in/I the/D London/N Financial/N Times-Stock/N Exchange/N 100/N Share/N Index/N ,/, Mr./N _OOV_/N declared/V ``/C that/I the/D experience/N owed/V nothing/P to/T the/D particular/J problems/N of/I the/D British/N economy/N ./. ''/R
Specifically/C ,/, he/P pointed/V out/R that/D compared/V with/I the/D U.S./N market/N ,/, the/D U.K./N has/V far/R fewer/J highly/C leveraged/N junk-bond/N _OOV_/N ./.
_OOV_/N future/N monetary/N arrangements/N ,/, Mr./N _OOV_/N repeated/V the/D Thatcher/N government/N 's/P commitment/N to/P join/V the/D exchange/N rate/N mechanism/N of/I the/D European/N _OOV_/N System/N ,/, but/C he/P did/V n't/R indicate/V when/R ./.
C./N Olivetti/N &/N Co./N ,/, claiming/V it/P has/V won/V the/D race/N in/I Europe/N to/T introduce/V computers/N based/V on/I a/D powerful/J new/J microprocessor/N chip/N ,/, unveiled/V its/P _OOV_/N computer/N yesterday/N ./.
The/D product/N is/V the/D first/J from/I a/D European/J company/N based/V on/I Intel/N Corp./N 's/P new/J _OOV_/N _OOV_/N microprocessor/N ,/, which/J works/N several/J times/N faster/I than/I previously/R available/V chips/N ./.
Hewlett-Packard/N Co./N became/V the/D first/J company/N world-wide/N to/T announce/V a/D product/N based/V on/I the/D chip/N earlier/R this/D month/N ,/, but/C it/P wo/R n't/R start/V shipping/N the/D computers/N until/I early/R next/J year/N ./.
An/D Olivetti/N spokesman/N said/V the/D company/N 's/P factories/N are/V already/R beginning/V to/T produce/V the/D machine/N ,/, and/C that/I it/P should/R be/V available/V in/I Europe/N by/I December/N ./.
``/N What/R this/D means/N is/V that/R _OOV_/N will/P have/V these/J machines/N in/I their/P offices/N before/I Americans/N do/V ,/, ''/R the/D spokesman/N said/V ./.
The/D new/J chip/N ``/N is/V a/D very/R big/J step/N in/I computing/N ,/, and/C it/P is/V important/V that/J Olivetti/N be/V one/C of/I the/D first/J out/I on/I the/D market/N with/I this/D product/N ,/, ''/N said/V _OOV_/N _OOV_/N Davis/N ,/, an/D analyst/N at/I James/N _OOV_/N &/N Co./N in/I London/N ./.
Executives/N at/I Olivetti/N ,/, whose/D earnings/N have/V been/V steadily/N sliding/N over/I the/D past/J couple/N of/I years/N ,/, have/V acknowledged/V that/I in/I the/D past/J they/P have/V lagged/V at/I getting/V new/J technology/N to/T market/N ./.
Ms./N Davis/N said/V the/D new/J machines/N could/P steal/V some/D sales/N away/R from/I Olivetti/N 's/P own/J minicomputers/N ,/, but/I would/V bring/V new/J sales/N among/I professionals/N such/J as/I engineers/N ,/, _OOV_/N and/C medical/J doctors/N ./.
Although/V Olivetti/N 's/P profits/N tumbled/N 40/N %/N in/I the/D first/J half/J of/I this/D year/N ,/, she/P believes/V Olivetti/N 's/P restructuring/V last/J fall/V and/C its/P introduction/N of/I new/J products/N will/P begin/V to/T bear/N fruit/N with/I an/D earnings/N rebound/V next/J year/N ,/, especially/V if/I it/P can/R fulfill/V its/P promise/N to/T deliver/V the/D new/J machines/N by/I December/N ./.
``/N We/P think/V the/D worst/J is/V over/I ''/N in/I the/D European/N _OOV_/N market/N ,/, she/P said/V ./.
Depending/N on/I the/D type/N of/I software/N and/C peripherals/N used/V ,/, the/D machines/N can/P serve/V either/I as/I the/D main/J computer/N in/I a/D network/N of/I many/J terminals/N -LRB-/N a/D role/N usually/J filled/V by/I a/D minicomputer/N -RRB-/N ,/, as/I a/D technical/J workstation/N or/C as/I a/D very/R fast/J personal/J computer/N ./.
``/N It/P 's/P the/D missing/J link/N ''/N in/I Olivetti/N 's/P product/N line/N between/I small/J personal/J computers/N and/C _OOV_/C minicomputers/N ,/, the/D Olivetti/N spokesman/N said/V ./.
He/P added/V that/I Olivetti/N will/V continue/V making/V its/P _OOV_/N minicomputer/N line/N ./.
The/D machines/N will/P cost/V around/I $/$ _OOV_/C on/I average/N in/I Europe/N ./.
The/D Intel/N _OOV_/N chip/N can/I process/N 15/C million/C instructions/N per/I second/J ,/, or/C _OOV_/N ,/, while/I Intel/N 's/P previous/J _OOV_/N chip/N could/P handle/V only/R 3/N to/P 6/N _OOV_/N ./.
Olivetti/N also/R plans/N to/T sell/V the/D _OOV_/N computer/N in/I the/D U.S./N starting/V next/J year/N through/I Olivetti/N USA/N and/C through/I its/P _OOV_/N unit/N ,/, which/J specializes/N in/I automating/V _OOV_/N networks/N ./.
_OOV_/N Inc./N said/V it/P received/V approval/N from/I the/D French/N government/N for/I its/P proposed/V $/N _OOV_/C million/C acquisition/N of/I _OOV_/N _OOV_/N ./.
The/D approval/N satisfies/V the/D remaining/D conditions/N of/I the/D purchase/N ,/, which/R is/V expected/V to/T close/J within/I two/C weeks/N ./.
_OOV_/N ,/, the/D second-largest/N maker/N of/I food/N cans/N in/I France/N ,/, had/V 1988/N sales/N of/I $/N 150/C million/C ./.
_OOV_/N has/V _OOV_/N workers/N at/I four/C canning/N manufacturing/N plants/N and/C one/C plastic/N container/N facility/N ./.
_OOV_/N makes/V flexible/J packaging/N films/N and/C machinery/N ,/, and/C materials/N for/I the/D food/N and/C pharmaceutical/J industries/N ./.
Social/N Security/N benefits/N will/P rise/N _OOV_/N %/N next/J year/N to/P keep/V pace/N with/I inflation/N ,/, boosting/V the/D average/J monthly/N benefit/N to/T $/$ _OOV_/C from/I $/$ _OOV_/C ,/, the/D Department/N of/I Health/N and/C Human/N Services/N announced/V ./.
The/D higher/J payments/N will/P start/V with/I Social/N Security/N checks/N received/V on/I Jan./N 3/N ,/, 1990/N ./.
_OOV_/N Security/N Income/N payments/N to/T the/D disabled/V also/R will/V rise/N _OOV_/N %/N ,/, starting/V with/I checks/N received/V on/I Dec./N 29/N ,/, 1988/N ,/, increasing/V the/D maximum/N _OOV_/N payment/N to/T $/$ _OOV_/C from/I $/T _OOV_/C a/D month/N ./.
The/D inflation/N adjustment/N also/R means/N that/I the/D maximum/N annual/N level/N of/I earnings/N subject/V to/P the/D wage/N tax/N that/I generates/V revenue/N for/I the/D Social/N Security/N trust/N fund/N will/P rise/N to/P $/$ _OOV_/C in/I 1990/N from/I $/$ _OOV_/C this/D year/N ./.
As/I mandated/V by/I law/N ,/, the/D tax/N rate/N will/P rise/N to/P _OOV_/N %/N in/I 1990/N from/I _OOV_/N %/N and/C wo/V n't/R rise/N any/D further/N in/I the/D future/N ./.
This/D means/N that/I the/D maximum/N yearly/N Social/N Security/N tax/N paid/V by/I workers/N and/C employers/N each/D will/V rise/N $/N _OOV_/C next/J year/N to/T $/$ _OOV_/C ./.
_OOV_/N aged/V 65/N through/I 69/N will/P be/V able/V to/T earn/V $/T _OOV_/C without/I losing/V any/D Social/N Security/N benefits/N in/I 1990/N ,/, up/R from/I $/$ _OOV_/C this/D year/N ./.
The/D exempt/J amount/N for/I beneficiaries/N under/I 65/N will/V rise/N to/P $/$ _OOV_/C from/I $/$ _OOV_/C ./.
The/D adjustments/N reflect/V the/D increase/N in/I the/D consumer/N price/N index/N for/I urban/J wage/N earners/N and/C clerical/I workers/N from/I the/D third/J quarter/N of/I last/J year/N to/T the/D third/J quarter/N of/I this/D year/N ./.
_OOV_/N companies/N should/P get/V healthier/N in/I the/D third/J quarter/N ./.
_OOV_/N houses/N are/V expected/V to/T report/N earnings/N increases/V of/I about/R 15/N %/N on/I average/N for/I the/D third/J quarter/N ,/, despite/V sales/N increases/V of/I less/J than/I 10/C %/N ,/, analysts/N say/V ./.
To/N offset/V sluggish/J sales/N growth/N ,/, companies/N have/V been/V cutting/V staff/N ,/, mostly/R through/I attrition/N ,/, and/C slowing/V the/D growth/N in/I research/N and/C development/N spending/N ./.
Sales/N growth/N in/I the/D quarter/N was/V slowed/V by/I mounting/N pressure/N from/I groups/N of/I buyers/N ,/, such/J as/I hospitals/N ,/, to/T hold/V down/I prices/N ./.
_OOV_/N were/V also/R hurt/V by/I the/D stronger/J U.S./N dollar/N ,/, which/R makes/V sales/N abroad/C more/R difficult/J ./.
In/I some/D cases/N ,/, competition/N has/V squeezed/V margins/N ./.
_OOV_/N ,/, _OOV_/N &/N Co./N ,/, for/I example/N ,/, faces/N stiff/J competition/N from/I a/D Japanese/J supplier/N in/I the/D important/J syringe/N market/N ./.
The/D Franklin/N Lakes/N ,/, N.J./N ,/, company/N is/V expected/V to/T report/N sales/N growth/N of/I only/R 5/N %/N to/P 6/N %/N ,/, but/I should/V still/R maintain/V earnings/N growth/N of/I 10/N %/N ,/, says/V _OOV_/N E./N _OOV_/N ,/, an/D analyst/N with/I Duff/N &/N Phelps/N Inc/N ./.
Among/V the/D first/J of/I the/D group/N to/T post/J results/N ,/, Abbott/N Laboratories/N said/V third-quarter/N net/J income/N jumped/V 14/C %/N to/T $/$ _OOV_/C million/C ,/, or/C 88/N cents/N a/D share/N ,/, from/I $/T _OOV_/C million/C ,/, or/C _OOV_/N cents/N a/D share/N ,/, a/D year/N earlier/R ./.
Sales/N for/I the/D company/N ,/, based/V in/I Abbott/N Park/N ,/, Ill./N ,/, rose/V _OOV_/C %/N to/T $/$ 1.31/C billion/C from/I $/$ _OOV_/C billion/C ./.
_OOV_/N International/N Inc./N yesterday/N reported/V net/N climbed/V 20/N %/N in/I the/D third/J period/N to/T $/$ 102/C million/C ,/, or/C 34/N cents/N a/D share/N ,/, from/I $/T 85/C million/C ,/, or/C 28/N cents/N a/D share/N ,/, a/D year/N earlier/R ./.
Sales/N for/I the/D _OOV_/N ,/, Ill./N ,/, company/N rose/V 5.8/C %/N to/T $/$ _OOV_/C billion/C from/I $/$ 1.71/C billion/C ./.
But/C not/R every/D company/N expects/V to/T report/N increased/V earnings/N ./.
C.R./N Bard/N Inc./N yesterday/N said/V third-quarter/N net/N plunged/V 51/C %/N to/T $/$ _OOV_/C million/C ,/, or/C 18/N cents/N a/D share/N ,/, from/I $/T 20/C million/C ,/, or/C 35/N cents/N a/D share/N ,/, a/D year/N earlier/R ./.
Sales/N fell/V 1.2/C %/N to/T $/$ _OOV_/C million/C from/I $/$ _OOV_/C million/C ./.
The/D Murray/N Hill/N ,/, N.J./N ,/, company/N said/V full-year/N earnings/N may/V be/V off/R 33/N cents/N a/D share/N because/I the/D company/N removed/V a/D catheter/N from/I the/D market/N ./.
In/I 1988/N ,/, the/D company/N earned/V $/T _OOV_/C a/D share/N ./.
The/D Food/N and/C Drug/N Administration/N had/V raised/V questions/N about/I the/D device/N 's/P design/N ./.
Some/D analysts/N add/V that/I _OOV_/N pressures/N to/T reduce/V health/N costs/N will/P continue/V to/T _OOV_/J companies/N '/P bottom/N lines/N ./.
Takeover/N speculation/N ,/, which/R has/V been/V _OOV_/N stocks/N of/I supply/N houses/N ,/, may/R also/R ease/N ,/, says/V Peter/N _OOV_/N ,/, an/D analyst/N with/I Drexel/N Burnham/N Lambert/N Inc/N ./.
``/N As/I that/I _OOV_/N ,/, you/P 're/V going/V to/T see/V the/D stocks/N probably/N wane/V as/I well/C ,/, ''/R he/P says/V ./.
_OOV_/N companies/N ,/, meanwhile/V ,/, are/V reporting/N improved/V earnings/N ./.
_OOV_/N by/I strong/J performances/N by/I its/P psychiatric/J hospitals/N ,/, National/N Medical/N _OOV_/N Inc./N ,/, Los/N Angeles/N ,/, reported/V net/J income/N of/I $/N 50/C million/C ,/, or/C 65/N cents/N a/D share/N ,/, for/I the/D first/J quarter/N ended/V Aug./N 31/N ,/, up/R from/I $/$ 41/C million/C ,/, or/C 56/N cents/N a/D share/N ,/, a/D year/N earlier/R ./.
_OOV_/N Inc./N ,/, Louisville/N ,/, Ky./N ,/, also/R reported/V favorable/J results/N ,/, with/I net/J income/N of/I $/N 66.7/C million/C ,/, or/C 66/N cents/N ,/, in/I the/D fourth/J quarter/N ended/V Aug./N 31/N ,/, up/R from/I $/$ _OOV_/C million/C ,/, or/C 59/N cents/N ,/, a/D year/N earlier/R ./.
Analysts/N say/V the/D handful/N of/I hospital/N companies/N that/I are/V still/R publicly/V traded/V are/V benefiting/N from/I several/J trends/N ./.
Most/R important/J ,/, hospital/N admission/N rates/N are/V stabilizing/V after/I several/J years/N of/I decline/N ./.
Moreover/N ,/, companies/N have/V sold/V off/R many/D of/I their/P smaller/J ,/, less-profitable/N hospitals/N and/C have/V completed/V painful/V _OOV_/N ./.
_OOV_/N 's/P revenues/N ,/, for/I example/N ,/, are/V being/V boosted/V by/I large/J increases/V in/I enrollments/N in/I the/D company/N 's/P health/N maintenance/N organizations/N ./.
_OOV_/N _OOV_/N _OOV_/N ,/, an/D analyst/N with/I _OOV_/N _OOV_/N _OOV_/N :/, ``/N The/D shakeout/N in/I the/D publicly/N traded/V companies/N is/V over/I ./.
Initial/N claims/N for/I regular/J state/N unemployment/N benefits/N rose/V to/T a/D seasonally/V adjusted/V _OOV_/N during/I the/D week/N ended/V Oct./N 7/N from/I _OOV_/N the/D previous/J week/N ,/, the/D Labor/N Department/N said/V ./.
The/D number/N of/I people/N receiving/V regular/J state/N benefits/N in/I the/D week/N ended/V Sept./N 30/N decreased/V to/T a/D seasonally/N adjusted/V _OOV_/N ,/, or/C 2.2/N %/N of/I those/P covered/V by/I unemployment/N insurance/N ,/, from/I _OOV_/N the/D previous/J week/N ,/, when/R the/D insured/J unemployment/N rate/N also/R was/V 2.2/C %/N ./.
_OOV_/N all/D state/N and/C federal/J benefit/N programs/N ,/, the/D number/N of/I people/N receiving/V unemployment/N benefits/N in/I the/D week/N ended/V Sept./N 30/N fell/V to/T _OOV_/N from/I _OOV_/N a/D week/N earlier/J ./.
These/D figures/N are/V n't/R seasonally/V adjusted/V ./.
A/D Labor/N Department/N spokesman/N said/V the/D unusually/N high/J number/N of/I initial/V claims/N for/I state/N unemployment/N benefits/N reflects/V the/D impact/N of/I Hurricane/N Hugo/N on/I southern/J states/N ,/, particularly/V North/N Carolina/N and/C South/N Carolina/N ./.
The/D figure/N also/R may/V reflect/V initial/V claims/N filed/N by/I striking/D _OOV_/N Corp./N workers/N who/R have/V become/V eligible/V for/I unemployment/N benefits/N ,/, the/D official/J said/V ./.
Digital/N Equipment/N Corp./N reported/V a/D 32/N %/N decline/N in/I net/J income/N on/I a/D modest/J revenue/N gain/V in/I its/P fiscal/V first/J quarter/N ,/, causing/V some/D analysts/N to/T predict/V weaker/J results/N ahead/I than/I they/P had/V expected/V ./.
Although/I the/D second-largest/N computer/N maker/N had/V prepared/V Wall/C Street/N for/I a/D poor/J quarter/N ,/, analysts/N said/V they/P were/V troubled/V by/I signs/N of/I flat/N U.S./N orders/N and/C a/D slowdown/N in/I the/D rate/N of/I gain/V in/I foreign/J orders/N ./.
The/D Maynard/N ,/, Mass./N ,/, company/N is/V in/I a/D transition/N in/I which/J it/P is/V trying/V to/T reduce/V its/P reliance/N on/I _OOV_/N machines/N and/C establish/V a/D presence/N in/I workstations/N and/C mainframes/N ./.
Net/N for/I the/D quarter/N ended/V Sept./N 30/N fell/V to/T $/$ _OOV_/C million/C ,/, or/C $/$ _OOV_/C a/D share/N ,/, from/I $/T _OOV_/C million/C ,/, or/C $/$ 1.71/C a/D share/N ,/, a/D year/N ago/I ./.
Revenue/N rose/V 6.4/C %/N to/T $/$ _OOV_/C billion/C from/I $/$ _OOV_/C billion/C ./.
Digital/N said/V a/D shift/N in/I its/P product/N mix/N toward/I _OOV_/N products/N and/C strong/J growth/N in/I workstation/N sales/N yielded/V lower/J gross/N margins/N ./.
A/D spokesman/N also/R said/V margins/N for/I the/D company/N 's/P service/N business/N narrowed/V somewhat/R because/I of/I heavy/J investments/N made/V in/I that/D sector/N ./.
The/D lack/N of/I a/D strong/J product/N at/I the/D high/J end/N of/I Digital/N 's/P line/V was/V a/D significant/J drag/N on/I sales/N ./.
Digital/N hopes/N to/T address/N that/I with/I the/D debut/N of/I its/P first/J _OOV_/N computers/N next/J Tuesday/N ./.
The/D new/J line/N is/V aimed/V directly/J at/I International/N Business/N Machines/N Corp/N ./.
``/N Until/V the/D new/J mainframe/N products/N kick/N in/I ,/, there/V wo/V n't/R be/V a/D lot/N of/I revenue/N contribution/N at/I the/D high/J end/N ,/, and/C that/I 's/P hurt/V us/N ,/, ''/N said/V Mark/N _OOV_/N ,/, Digital/N 's/P director/N of/I investor/N relations/N ./.
He/P said/V unfavorable/J currency/N translations/N were/V also/R a/D factor/N in/I the/D quarter/N ./.
_OOV_/N shares/N rose/V $/T 1.375/C to/P $/$ _OOV_/C apiece/N in/I consolidated/V New/N York/N Stock/N Exchange/N trading/N yesterday/N ./.
But/C analysts/N said/V that/I against/I the/D backdrop/N of/I a/D nearly/J _OOV_/C rise/N in/I the/D Dow/N Jones/N Industrial/N Average/N ,/, that/R should/V n't/R necessarily/N be/V taken/V as/I a/D sign/N of/I great/J strength/N ./.
Some/D cut/V their/P earnings/N estimates/N for/I the/D stock/N this/D year/N and/C predicted/V more/J efforts/N to/T control/N costs/N ahead/N ./.
``/N I/P think/V the/D next/J few/J quarters/N will/P be/V difficult/J ,/, ''/N said/V Steven/N _OOV_/N of/I First/N Boston/N ./.
``/N _OOV_/N will/P remain/V under/I pressure/N ,/, and/C when/I the/D new/J mainframe/N does/V ship/N ,/, I/P 'm/V not/R sure/J it/P will/P be/V a/D big/J winner/N ./.
''/N Mr./N _OOV_/N said/V he/P was/V revising/V his/P estimate/V for/I _OOV_/N 's/P current/J year/N from/I $/T 8.20/C a/D share/N to/P ``/N well/C below/I $/N 8/C ,/, ''/N although/I he/P has/V n't/R settled/V on/I a/D final/J number/N ./.
One/V troubling/J aspect/N of/I _OOV_/N 's/P results/N ,/, analysts/N said/V ,/, was/V its/P performance/N in/I Europe/N ./.
_OOV_/N said/V its/P overseas/J business/N ,/, which/R now/R accounts/N for/I more/J than/I half/C of/I sales/N ,/, improved/V in/I the/D quarter/N ./.
It/P even/V took/V the/D unusually/N frank/N step/N of/I telling/V analysts/N in/I a/D morning/N conference/N call/V that/I orders/N in/I Europe/N were/V up/R in/I ``/N double/J digits/N ''/N in/I foreign-currency/N terms/N ./.
That/D gain/V probably/R translated/V into/I about/I 5/C %/N to/P 7/N %/N in/I dollar/N terms/N ,/, well/C below/I recent/J quarters/N '/P gains/N of/I above/I 20/N %/N ,/, reckons/N Jay/N _OOV_/N of/I _OOV_/N _OOV_/N _OOV_/N ./.
``/N That/D was/V a/D disappointment/N ''/N and/C a/D sign/N of/I overall/N _OOV_/N softness/N in/I Europe/N ,/, Mr./N _OOV_/N said/V ./.
Marc/N _OOV_/N ,/, with/I _OOV_/N Securities/N in/I New/N York/N ,/, dropped/V his/P estimate/V of/I _OOV_/N 's/P full-year/N net/N to/P $/$ _OOV_/C a/D share/N from/I $/$ 8/C ./.
Although/I overall/J revenues/N were/V stronger/J ,/, Mr./N _OOV_/N said/V ,/, _OOV_/N ``/N drew/V down/I its/P European/N backlog/N ''/N and/C had/V flat/N world-wide/N orders/N overall/N ./.
``/N The/D bottom/N line/N is/V that/I it/P 's/P more/J hand/N to/P mouth/N than/I it/P has/V been/V before/I ,/, ''/N he/P said/V ./.
Mr./N _OOV_/N said/V he/P believes/V that/I the/D _OOV_/N of/I _OOV_/N 's/P new/J mainframe/N will/V ``/N occur/V somewhat/R more/R leisurely/V ''/N than/I many/D of/I his/P investment/N colleagues/N expect/V ./.
He/P said/V current/J expectations/N are/V for/I an/D entry/N level/N machine/N to/P be/V shipped/V in/I December/N ,/, with/I all/D of/I the/D more/J sophisticated/J versions/N out/I by/I June/N ./.
For/I reasons/N he/P would/R n't/R elaborate/R on/I ,/, he/P said/V he/P 's/P sure/R that/D schedule/N wo/V n't/R be/V met/V ,/, meaning/N less/J profit/N impact/N from/I the/D product/N for/I _OOV_/N in/I the/D next/J few/J quarters/N ./.
John/N R./N _OOV_/N contributed/V to/T this/D article/N ./.
Colgate/N _OOV_/N Co./N reported/V third-quarter/N net/J income/N rose/V 27/C %/N ,/, bolstered/V by/I strong/J sales/N in/I its/P Latin/N American/N business/N and/C surprisingly/I healthy/J profits/N from/I U.S./N operations/N ./.
Colgate/N said/V net/J income/N for/I the/D quarter/N rose/V to/T $/$ _OOV_/C million/C ,/, or/C $/$ _OOV_/C a/D share/N ,/, on/I sales/N that/I increased/V 6/N %/N to/T $/$ 1.3/C billion/C ./.
In/I the/D year-earlier/N period/N ,/, Colgate/N posted/V net/J income/N of/I $/N _OOV_/C million/C ,/, or/C 88/N cents/N a/D share/N ./.
Last/J year/N 's/P results/N included/V earnings/N from/I discontinued/V operations/N of/I $/N 13.1/C million/C ,/, or/C 19/N cents/N a/D share/N ./.
_OOV_/N Mark/N ,/, chairman/N and/C chief/J executive/N officer/N of/I Colgate/N ,/, said/V earnings/N growth/N was/V fueled/V by/I strong/J sales/N in/I Latin/N America/N ,/, the/D Far/N East/N and/C Europe/N ./.
Results/N were/V also/R bolstered/V by/I ``/N a/D very/R meaningful/J increase/V in/I operating/V profit/N at/I Colgate/N 's/P U.S./N business/N ,/, ''/R he/P said/V ./.
Operating/N profit/N at/I Colgate/N 's/P U.S./C household/N products/N and/C personal/C care/N businesses/N ,/, which/R include/V such/J well-known/N brands/N as/I Colgate/N toothpaste/N and/C _OOV_/N laundry/V detergent/N ,/, jumped/V more/R than/I 40/C %/N ,/, the/D company/N said/V ./.
Mr./N Mark/N attributed/V the/D improvement/N to/T cost/N savings/N achieved/V by/I consolidating/V manufacturing/N operations/N ,/, blending/V together/R two/C sales/N organizations/N and/C more/R carefully/J focusing/V the/D company/N 's/P promotional/N activities/N ./.
``/N We/P 've/V done/V a/D lot/R to/T improve/V -LRB-/N U.S/N ./. -RRB-/C results/N and/C a/D lot/R more/R will/V be/V done/V ,/, ''/N Mr./N Mark/N said/V ./.
``/N _OOV_/N profitability/N of/I U.S./N operations/N is/V an/D extremely/R high/J priority/N in/I the/D company/N ./. ''/R
Colgate/N 's/P results/N were/V at/I the/D high/J end/N of/I the/D range/N of/I analysts/N '/P forecasts/N ./.
The/D scope/N of/I the/D improvement/N in/I the/D U.S./N business/N caught/V some/D analysts/N by/I surprise/N ./.
The/D company/N 's/P domestic/J business/N ,/, especially/V its/P household/N products/N division/N ,/, has/V performed/V poorly/I for/I years/N ./.
Analysts/N say/V the/D earnings/N improvement/N came/V from/I cutting/V costs/N rather/C than/I increasing/J sales/N ./.
For/I the/D nine/C months/N ,/, net/J increased/V 14/N %/N to/T $/$ _OOV_/C million/C ,/, or/C $/$ _OOV_/C a/D share/N ./.
Sales/N rose/V 7/C %/N to/T $/$ 3.8/C billion/C ./.
The/D company/N earned/V $/T _OOV_/C million/C ,/, or/C $/$ 2.79/C a/D share/N ,/, in/I the/D year-earlier/N period/N ./.
Colgate/N 's/P 1988/N net/J income/N included/V $/T _OOV_/C million/C ,/, or/C 59/N cents/N a/D share/N ,/, from/I discontinued/V operations/N ./.
Colgate/N sold/V its/P hospital/N supply/N and/C home/N health/N care/N business/N last/J year/N ./.
Separately/N ,/, Colgate/N Wednesday/N finalized/V an/D agreement/N with/I _OOV_/N Corp./N ,/, a/D tiny/J dental/N products/N and/C pharmaceutical/J concern/N based/V in/I _OOV_/N ,/, Mass./N ,/, to/T market/N in/I the/D U.S./N four/C of/I _OOV_/N 's/P _OOV_/N dental/N products/N ./.
The/D products/N --/N _OOV_/C and/C bonding/N materials/N used/V by/I dentists/N --/N all/D contain/V fluoride/N that/D is/V released/V over/I time/N ./.
The/D move/V is/V part/N of/I a/D drive/N to/T increase/V Colgate/N 's/P business/N with/I dentists/N ,/, a/D company/N spokeswoman/N said/V ./.
Terms/N of/I the/D agreement/N were/V n't/R given/V ./.
_OOV_/N Limited/N _OOV_/N said/V it/P completed/V the/D sale/N of/I its/P _OOV_/N restaurant/N franchise/N system/N to/T a/D subsidiary/N of/I _OOV_/N Co./N for/I $/$ 71/C million/C in/I cash/N ./.
_OOV_/N ,/, which/R is/V nearly/R _OOV_/N by/I Sam/N and/C Charles/N _OOV_/N of/I Dallas/N ,/, said/V it/P will/T distribute/V proceeds/V from/I the/D sale/N to/T unit/N holders/N as/I a/D _OOV_/N dividend/N as/I soon/C as/I possible/J ./.
The/D _OOV_/N franchise/N system/N ,/, which/R generates/V about/R $/N 600/C million/C in/I sales/N annually/N ,/, represented/V substantially/C all/C of/I the/D partnership/N 's/P assets/N ./.
The/D sale/N of/I the/D system/N has/V been/V challenged/V in/I a/D class-action/N suit/N on/I behalf/N of/I unit/N holders/N filed/V last/J week/N in/I a/D Delaware/N court/N ,/, _OOV_/N said/V ./.
The/D company/N said/V it/P believes/V the/D suit/N is/V without/I merit/N ./.
American/N Telephone/N &/N Telegraph/N Co./N unveiled/V a/D sweetened/N pension/N and/C _OOV_/N program/N for/I management/N that/I it/P hopes/N will/V enable/V it/P to/T save/V $/T _OOV_/C million/C in/I the/D next/J year/N ./.
AT&T/N also/R said/V net/J income/N rose/V 19/C %/N in/I the/D third/J quarter/N ./.
AT&T/N said/V its/P amended/J pension/N program/N will/P nearly/R double/J to/T _OOV_/N the/D number/N of/I managers/N eligible/V to/P retire/V with/I immediate/J pension/N payments/N ./.
AT&T/N said/V that/D based/V on/I studies/N of/I other/J companies/N that/I have/V offered/V retirement/N plans/N ,/, it/P expects/V about/I one-third/N of/I its/P eligible/J managers/N to/P retire/V under/I the/D new/J program/N ./.
AT&T/N said/V third-quarter/N net/J income/N grew/V ,/, despite/V stiff/J competition/N in/I all/D of/I the/D company/N 's/P markets/N ./.
Net/N income/N rose/V to/T $/$ _OOV_/C million/C ,/, or/C 65/N cents/N a/D share/N ,/, from/I the/D year-earlier/N $/N _OOV_/C million/C or/C 55/N cents/N a/D share/N ./.
Revenue/N edged/N up/I to/T $/$ 8.9/C billion/C from/I $/$ _OOV_/C billion/C ./.
The/D latest/J period/N 's/P net/V was/V reduced/V $/$ 102/C million/C ,/, or/C nine/C cents/N a/D share/N ,/, for/I a/D change/N in/I depreciation/N method/N and/C concurrent/J changes/N in/I estimates/N of/I _OOV_/N lives/N and/C net/J salvage/V for/I certain/J telecommunications/N equipment/N ./.
The/D results/N roughly/I matched/V estimates/N of/I securities/N analysts/N ,/, who/R were/V encouraged/V by/I AT&T/N increasing/V its/P operating/V margin/N to/P 13/N %/N from/I 11/N %/N a/D year/N ago/I ,/, because/I of/I continued/V _OOV_/N efforts/N ./.
Sales/N of/I long-distance/N services/N ,/, an/D extremely/R competitive/J market/N ,/, rose/V 6.4/C %/N ./.
But/C the/D growth/N was/V partly/V offset/N by/I lower/J equipment/N sales/N and/C rentals/N and/C price/N cuts/N on/I some/D products/N ./.
Under/N the/D amended/J pension/N program/N ,/, AT&T/N managers/N who/R have/V at/I least/J five/C years/N of/I service/N will/P have/V five/C years/N added/V to/T their/P age/V and/C length/N of/I service/N for/I pension/N purposes/N ./.
Managers/N who/W retire/V Dec./N 30/N will/P have/V an/D additional/V 15/N %/N added/V to/T their/P monthly/N pension/N for/I as/I long/J as/I five/C years/N or/C age/V 65/N ,/, whichever/N comes/V earlier/R ./.
An/D AT&T/N spokeswoman/N said/V the/D company/N would/V likely/R replace/V about/I one-third/N of/I its/P managers/N who/W choose/V to/T retire/V with/I new/J employees/N ./.
Analysts/N hailed/V the/D sweetened/N pension/N package/N ,/, which/R they/P said/V had/V been/V the/D subject/N of/I rumors/N for/I several/J months/N ./.
``/N This/D tells/V you/N AT&T/N is/V serious/J about/I continuing/V to/P manage/V their/P cost/N structure/N and/C is/V committed/V to/T _OOV_/J earnings/N growth/N ,/, ''/N said/V Jack/N _OOV_/N ,/, an/D analyst/N with/I PaineWebber/N Inc/N ./.
But/C other/J analysts/N expressed/V disappointment/N that/I the/D _OOV_/N move/V wo/V n't/R result/V in/I even/R greater/J earnings/N growth/N ./.
``/N This/D is/V a/D good/J move/N ,/, but/C it/P only/D gets/V you/P to/T where/I people/N 's/P expectations/N already/I are/V ,/, ''/N in/I terms/N of/I earnings/N growth/N ,/, said/V Joel/N D./N _OOV_/N ,/, an/D analyst/N with/I Donaldson/N ,/, Lufkin/N &/N Jenrette/N ./.
Mr./N _OOV_/N said/V he/P had/V hoped/V that/I a/D cost/N savings/N of/I $/N _OOV_/C million/C would/P result/V in/I even/R greater/J growth/N than/I the/D 20/N %/N annual/N earnings/N increase/N AT&T/C has/V told/V analysts/N it/P expects/V in/I the/D future/N ./.
AT&T/N said/V the/D special/J retirement/N option/N will/P increase/V fourth-quarter/N expenses/N ./.
But/C the/D company/N said/V the/D amount/N ca/P n't/R be/V determined/V until/I it/P knows/V how/R many/J managers/N opt/N to/T retire/V ./.
AT&T/N said/V the/D expense/N increase/N will/P be/V largely/D offset/N by/I a/D gain/V from/I its/P previously/R announced/V plan/N to/T swap/V its/P holdings/N in/I Ing/N ./. C./C Olivetti/N &/N Co./N for/I shares/N in/I Cie/N ./. _OOV_/C _OOV_/N ,/, an/D Italian/N holding/V company/N ./.
For/I the/D nine/C months/N ,/, AT&T/N said/V net/J income/N was/V $/T _OOV_/C billion/C ,/, or/C $/$ 1.85/C a/D share/N ,/, up/R 19/N %/N from/I $/T _OOV_/C billion/C ,/, or/C $/$ 1.56/C a/D share/N ./.
Revenue/N gained/V 3.1/C %/N to/T $/$ _OOV_/C billion/C from/I $/$ 26/C billion/C ./.
In/I composite/N trading/N yesterday/N on/I the/D New/N York/N Stock/N Exchange/N ,/, AT&T/N shares/N closed/V at/I $/$ _OOV_/C ,/, up/R 87.5/N cents/N ./.
When/I it/P comes/V to/T buying/V and/C selling/N shares/N ,/, _OOV_/N Capital/N Management/N Inc./N takes/V a/D back/R seat/N to/P no/D one/C ./.
Every/N dollar/N 's/P worth/V of/I stock/N in/I the/D Los/N Angeles/N money/N manager/N 's/P portfolio/N is/V traded/V seven/C or/C eight/C times/N a/D year/N ,/, the/D firm/N estimates/N ./.
That/D makes/V it/P the/D most/J active/J trader/N among/I all/D the/D nation/N 's/P investment/N advisers/N ,/, according/V to/T Securities/N and/C Exchange/N Commission/N filings/N ./.
But/C wait/V a/D second/J ./.
_OOV_/N Capital/N is/V an/D index/N fund/N --/N the/D type/N of/I _OOV_/N long-term/J investor/N whose/I goal/N is/V to/T be/V nothing/P more/J than/I average/N ./.
_OOV_/N Capital/N 's/P frenetic/V trading/N reflects/V the/D changes/N sweeping/V through/I the/D previously/R sleepy/J world/N of/I indexing/N ./.
_OOV_/N for/I the/D most/J part/N has/V involved/V simply/D buying/N and/C then/R holding/V stocks/N in/I the/D correct/J mix/V to/T mirror/V a/D stock/N market/N barometer/N ,/, such/J as/I Standard/N &/N Poor/N 's/P 500-stock/N index/N ,/, and/C match/N its/P performance/N ./.
_OOV_/N investors/N have/V poured/V $/T 210/C billion/C into/I stock/N and/C bond/N indexing/N as/I a/D cheap/N and/C easy/J form/N of/I investment/N management/N that/I promises/N to/T post/J average/J market/N returns/V ./.
These/D big/J investors/N have/V flocked/V to/T indexing/N because/I relatively/R few/J ``/N active/V ''/N stock/N pickers/N have/V been/V able/V to/T consistently/J match/N the/D returns/V of/I the/D S&P/N 500/N or/C other/J _OOV_/N ,/, much/R less/J beat/V it/P ./.
And/C the/D fees/N investors/N pay/V for/I indexing/N run/V a/D few/J pennies/N for/I each/D $/N 100/C of/I assets/N --/N a/D fraction/N of/I the/D cost/N of/I active/J managers/N ./.
That/D 's/P because/I computers/N do/V most/R of/I the/D work/N ,/, and/C low/J trading/N activity/N keeps/V a/D lid/N on/I commission/N costs/N ./.
But/C today/R ,/, indexing/N is/V moving/V from/I a/D passive/J investment/N strategy/N to/P an/D increasingly/J active/J one/C ./.
Because/I _OOV_/N managers/N are/V no/R longer/V satisfied/V with/I merely/J being/V average/N ,/, they/P have/V developed/V ``/N enhanced/V ''/N indexing/N strategies/N that/I are/V intended/V to/T outperform/V the/D market/N as/I much/R as/I three/C percentage/N points/N ./.
``/N _OOV_/N has/V been/V the/D most/R single/J successful/J investment/N concept/N in/I the/D last/J decade/N ,/, but/R the/D index/N money/N has/V been/V just/R sort/N of/I sitting/N there/V ,/, ''/N says/V _OOV_/N M./N _OOV_/N ,/, president/N of/I _OOV_/N _OOV_/N Investors/N Inc./N ,/, an/D _OOV_/N based/V in/I _OOV_/N ,/, _OOV_/N ./.
``/N Now/I the/D interest/N is/V in/I what/R else/V can/V I/P do/V with/I that/D money/N ./. ''/R
Among/V the/D _OOV_/N indexing/N strategies/N :/, _OOV_/N portfolios/N can/P be/V built/V around/I thousands/N of/I stocks/N ,/, or/C just/R a/D few/J dozen/C ,/, rather/R than/I being/V restricted/V to/T the/D S&P/N 500/N companies/N ./.
They/P can/R ignore/V the/D S&P/N 500/N stocks/N altogether/N and/I focus/N on/I particular/J types/N of/I stocks/N ,/, such/J as/I smaller/J companies/N ,/, those/P paying/V high/J dividends/N or/I companies/N in/I a/D particular/J industry/N ,/, state/N or/I country/N ./.
With/, today/J 's/P _OOV_/N program/N trading/N techniques/N ,/, index/N funds/N can/P trade/V back/N and/C forth/N between/I stock-index/N futures/N and/C the/D actual/J stocks/N making/V up/R indexes/N such/J as/I the/D S&P/N 500/N ./.
Futures/N and/C options/N also/R make/V it/P possible/V to/P build/V ``/C synthetic/N ''/N index/N funds/N that/I do/V n't/R actually/R own/J a/D single/J share/N of/I stock/N ,/, but/I can/V produce/V returns/V that/I match/N or/C exceed/V the/D broad/J stock/N market/N ./.
One/J reason/N for/I these/J hybrids/N is/V that/D indexing/N 's/P rapid/J growth/N is/V slowing/V ,/, particularly/V for/I those/P ``/N plain/N vanilla/N ''/N funds/N that/D mirror/V the/D 500/N ./.
``/N There/I is/V n't/R a/D _OOV_/N -LCB-/N of/I big/J investors/N -RCB-/N out/I there/V still/R waiting/V to/P get/V into/I indexing/N ,/, ''/N says/V P./N James/N _OOV_/N ,/, vice/N president/N of/I _OOV_/N Investment/N Management/N Co./N ,/, Chicago/N ,/, which/J offers/V both/J indexing/N and/C active/J management/N services/N ./.
After/N tripling/N in/I size/N in/I the/D past/J five/C years/N ,/, index/N funds/N now/R hold/V about/I 20/C %/N of/I the/D stock/N owned/V by/I pension/N funds/N ./.
A/D further/J problem/N is/V _OOV_/N profits/N ./.
_OOV_/N funds/N have/V become/V so/R commonplace/J that/D fees/N they/P can/R charge/N have/V plunged/V to/T almost/R nothing/P ,/, and/C in/I some/D cases/N are/V just/R that/R ./.
To/N land/N customers/N for/I their/P _OOV_/N stock/N custodial/N business/N ,/, big/J banks/N sometimes/R will/V throw/V in/I basic/J indexing/N services/N for/I free/J ./.
``/N It/P 's/P like/I getting/V a/D free/J toaster/N when/I you/P open/V an/D account/N ,/, ''/N says/V _OOV_/N _OOV_/N 's/P Mr./N _OOV_/N ./.
As/I a/D result/N ,/, _OOV_/N have/V been/V looking/V for/I ways/N to/T give/V investors/N something/N more/R than/I the/D average/N for/I their/P money/N ./.
And/C many/J have/V been/V successful/J ,/, as/I in/I the/D case/N of/I the/D index/N fund/N operated/V by/I _OOV_/N _OOV_/N Capital/N ./.
_OOV_/N Capital/N has/V used/V enhanced/V indexing/N techniques/N to/P beat/V the/D S&P/N 500/N 's/P returns/V by/I 2.5/N to/P 3/N percentage/N points/N over/I the/D past/J four/C years/N ,/, with/I the/D same/J risk/N level/N as/I holding/V the/D S&P/N 500/N stocks/N ,/, according/V to/T James/N _OOV_/N ,/, the/D firm/N 's/P president/N ./.
_OOV_/N vary/V for/I _OOV_/N Capital/N ,/, which/R has/V $/T 300/C million/C under/I management/N ./.
The/D firm/N sometimes/R buys/V S&P/N 500/N futures/N when/I they/P are/V selling/V at/I a/D discount/N to/T the/D actual/J stocks/N ,/, and/C will/P switch/V back/R and/C forth/N between/I stocks/N and/C stock-index/N futures/N to/T take/V advantages/N of/I any/D momentary/J price/N _OOV_/N ./.
Mr./N _OOV_/N also/J goes/V through/I periods/N when/I he/P buys/V stocks/N in/I conjunction/N with/I options/N to/T boost/N returns/V and/C protect/V against/I declines/N ./.
And/C in/I some/D months/N ,/, he/P buys/V stock-index/N futures/N and/C not/R stocks/N at/I all/D ./.
``/N By/I their/P nature/N ,/, our/P trades/N are/V very/R short-term/N and/C are/V going/V to/T create/V high/J turnover/N ,/, ''/N Mr./N _OOV_/N adds/V ./.
``/N The/D more/J turnover/N ,/, the/D better/J for/I our/P clients/N ./. ''/R
Big/N _OOV_/N Bankers/N Trust/N Co./N also/R uses/V futures/N in/I a/D strategy/N that/I on/I average/N has/V added/V one/C percentage/N point/N to/T its/P enhanced/V fund/N 's/P returns/V ./.
J./N Thomas/N _OOV_/N ,/, president/N of/I _OOV_/N Advanced/N Investment/N Management/N Inc./N ,/, agrees/V it/P 's/P a/D good/J idea/N to/P jump/V between/I the/D S&P/N 500/N stocks/N and/C futures/N ./.
``/N You/P 're/V buying/V the/D S&P/N ,/, and/C you/P always/R want/V to/T hold/V the/D cheapest/N form/N of/I it/P ,/, ''/R he/P says/V ./.
But/C some/D _OOV_/N make/V little/R or/C no/D use/N of/I futures/N ,/, saying/V that/R these/J instruments/N present/N added/V risks/N for/I investors/N ./.
``/N If/I the/D futures/N markets/N have/V a/D problem/N ,/, then/R those/P products/N could/P have/V a/D problem/N ,/, ''/N says/V John/N _OOV_/N ,/, managing/N director/N of/I Prudential/N Insurance/N Co./N of/I America/N 's/P Investment/N Index/N Technologies/N Inc./N unit/N ./.
Prudential/N currently/I is/V seeking/V approval/N to/P offer/V a/D new/J fund/N offering/V a/D return/V equal/J to/T the/D S&P/N 500/N index/N plus/N of/I a/D percentage/N point/N ./.
An/D added/V feature/V is/V that/I the/D _OOV_/N improved/V return/V would/T be/V guaranteed/V by/I Prudential/N ./.
There/I are/V many/D other/J strategies/N to/P bolster/V the/D returns/V of/I index/N funds/N ./.
They/P include/V :/.
LIMITED/J RISK/N FUNDS/N :/, These/D guarantee/N protection/N against/I stock/N market/N declines/N while/I still/R passing/N along/I most/J gains/N ./.
Here/J a/D fund/N may/V promise/N to/T pay/V back/R ,/, say/V ,/, $/$ 95/C of/I every/D $/N 100/C invested/V for/I a/D year/N ,/, even/R if/I the/D market/N goes/V much/R lower/J ./.
The/D fund/N could/P invest/V $/T 87/C for/I one/C year/N in/I Treasury/N bills/N yielding/V 8/C %/N to/P return/V the/D guaranteed/V $/$ 95/C ./.
That/D leaves/N $/$ 13/C ,/, which/R could/V be/V used/V to/T buy/V S&P/N 500/N options/N that/R will/V nearly/R match/N any/D gain/V in/I the/D S&P/N index/N ./.
_OOV_/N _OOV_/N FUNDS/N :/, Say/N a/D big/J investor/N is/V interested/V in/I growth/N stocks/N ./.
Instead/R of/I hiring/N one/C of/I the/D many/J active/J managers/N specializing/N in/I growth/N stocks/N ,/, _OOV_/N can/P design/N a/D portfolio/N around/I the/D same/J stocks/N ;/N the/D portfolio/N will/P be/V maintained/V by/I computer/N ,/, reducing/V both/J fees/N and/C ,/, in/I theory/N ,/, risk/N -LRB-/N because/I of/I the/D large/J number/N of/I stocks/N -RRB-/N ./.
``/N We/P see/V a/D lot/N of/I interest/N in/I those/J kind/N of/I things/N ,/, ''/N says/V Frank/N _OOV_/N ,/, a/D vice/N president/N of/I Bankers/N Trust/N ./.
``/N People/N comfortable/C with/I the/D passive/J approach/N are/V using/V them/P for/I other/J strategies/N ./. ''/R
_OOV_/N FUNDS/N :/, This/D is/V an/D index/N fund/N with/I a/D bet/N ./.
Instead/R of/I replicating/V the/D S&P/N 500/N or/C some/D other/J index/N exactly/R ,/, some/D stocks/N are/V _OOV_/N or/C _OOV_/N in/I the/D portfolio/N ./.
One/V simple/J approach/N is/V to/T exclude/V S&P/N 500/N companies/N considered/V bankruptcy/N candidates/N ;/N this/D can/R avoid/V weak/V sisters/N ,/, but/C also/R can/V hurt/V when/R a/D company/N like/V Chrysler/N Corp./N rebounds/N ./.
Another/J approach/N :/, An/D investor/N with/I $/$ 100/C million/C might/P use/V $/T 75/C million/C to/P buy/V the/D S&P/N 500/N index/N and/C spend/V the/D other/J $/$ 25/C million/C on/I a/D favorite/J group/N of/I stocks/N ./.
_OOV_/N FUNDS/N :/N _OOV_/C can/P be/V constructed/V to/T serve/V social/J goals/N ,/, such/J as/I eliminating/V the/D stocks/N of/I companies/N doing/V business/N in/I South/N Africa/N ./.
Other/C funds/N have/V been/V designed/V to/T concentrate/V on/I stocks/N in/I a/D geographic/N area/N in/I order/N to/T encourage/V local/J investment/N ./.
Pennsylvania/N State/N Employees/N Retirement/N System/N ,/, for/I example/N ,/, has/V about/R $/N 130/C million/C invested/V in/I a/D fund/N of/I _OOV_/N companies/N that/I are/V either/I Pennsylvania-based/C or/C have/V 25/N %/N of/I their/P work/N forces/N in/I the/D state/N ./.
Short/N interest/N on/I the/D New/N York/N Stock/N Exchange/N declined/V for/I the/D second/J consecutive/J month/N ,/, this/D time/N 4.2/N %/N ,/, while/I the/D American/N Stock/N Exchange/N reported/V its/P third/J consecutive/J record/N month/N of/I short/D interest/N ./.
The/D Big/N Board/N reported/V that/R short/D interest/N dropped/V to/T _OOV_/N shares/N as/I of/I Oct./N 13/N from/I _OOV_/N shares/N in/I mid-September/N ./.
_OOV_/N short/D interest/N climbed/V 3/N %/N to/P _OOV_/N shares/N from/I _OOV_/N shares/N ./.
For/I the/D year-earlier/N month/N ,/, the/D Big/N Board/N reported/V _OOV_/N shares/N ,/, indicating/V a/D 13.5/N %/N _OOV_/N rise/N ,/, while/I the/D _OOV_/N reported/V _OOV_/N shares/N ,/, a/D 48/N %/N leap/N ./.
_OOV_/N short/D interest/N has/V been/V heading/N upward/N since/I mid-December/N ,/, with/I increases/V in/I each/D month/N since/I then/R except/V at/I _OOV_/N ./.
Traders/N who/W sell/V short/I borrow/V stock/N and/C sell/V it/P ,/, betting/N that/I the/D stock/N 's/P price/N will/P decline/N and/C that/I they/P can/R buy/V the/D shares/N back/R later/R at/I a/D lower/J price/N for/I return/V to/T the/D lender/N ./.
Short/N interest/N is/V the/D number/N of/I shares/N that/I have/V n't/R yet/R been/V purchased/V for/I return/V to/T lenders/N ./.
Although/I a/D substantial/J short/D position/N reflects/V heavy/J speculation/N that/I a/D stock/N 's/P price/N will/P decline/N ,/, some/D investors/N consider/V an/D increase/N in/I short/D interest/N bullish/N because/I the/D borrowed/V shares/N eventually/C must/P be/V bought/V back/R ./.
_OOV_/N in/I short/D interest/N of/I certain/J stocks/N also/R may/V be/V caused/V partly/N by/I _OOV_/N ./.
The/D figures/N occasionally/V include/V incomplete/J transactions/N in/I restricted/V stock/N ./.
The/D level/N of/I negative/J sentiment/N measured/V by/I the/D Big/N Board/N short/D interest/N ratio/N slipped/V to/T _OOV_/N from/I last/J month/N 's/P _OOV_/C ./.
The/D ratio/N is/V the/D number/N of/I trading/N days/N ,/, at/I the/D exchange/N 's/P average/J trading/N volume/N ,/, that/R would/V be/V required/V to/P convert/V the/D total/C short/D interest/N position/N ./.
Some/D analysts/N suggest/V ,/, however/C ,/, that/I the/D ratio/V has/V weakened/V in/I value/N as/I an/D indicator/V because/I options/N and/C other/J products/N can/P be/V used/V to/T hedge/N short/I positions/N ./.
_OOV_/N Corp./N led/V the/D Big/N Board/N list/N of/I largest/J short/R volumes/N with/I _OOV_/N shares/N ./.
_OOV_/N has/V proposed/V to/T acquire/V _OOV_/N Corp./N ,/, consisting/V of/I the/D auto/N parts/N division/N and/C some/D debt/N of/I _OOV_/N Corp./N ,/, for/I $/$ _OOV_/C million/C of/I cash/N and/C securities/N ./.
Chemical/N Waste/N Management/N posted/V the/D biggest/J increase/N in/I short/R volume/N on/I the/D New/N York/N exchange/N ,/, up/R _OOV_/N shares/N to/P _OOV_/N ./.
Bristol-Myers/N Squibb/N Co./N ,/, the/D entity/N formed/V from/I the/D recent/J acquisition/N of/I Squibb/N Corp./N by/I Bristol-Myers/N Co./N ,/, logged/V the/D largest/J volume/N decline/N ,/, _OOV_/N shares/N ,/, to/T _OOV_/N ./.
Short/N interest/N in/I International/N Business/N Machines/N Corp./N plunged/V to/T _OOV_/N shares/N from/I _OOV_/N shares/N a/D month/N earlier/J ./.
Also/R closely/V watched/V is/V Exxon/N Corp./N ,/, where/I short/D interest/N slid/V to/T _OOV_/N shares/N from/I _OOV_/N ./.
On/I a/D percentage/N basis/N ,/, Germany/N Fund/N Inc./N led/V the/D gainers/N ,/, leaping/N to/P _OOV_/N shares/N from/I three/C shares/N ./.
_OOV_/N _OOV_/N Ltd./N led/V the/D percentage/N _OOV_/N ,/, dropping/V to/T 59/N shares/N from/I _OOV_/N ./.
The/D _OOV_/N short/D interest/N volume/N leader/N again/R was/V Texas/N Air/N Corp./N ,/, rising/V to/P _OOV_/N shares/N from/I _OOV_/N ./.
_OOV_/N Pharmaceutical/V Co./N posted/V the/D largest/J volume/N increase/N ,/, _OOV_/N shares/N ,/, to/T _OOV_/N ./.
The/D company/N is/V under/I an/D investigation/N concerning/J procedures/N to/T gain/V Food/N and/C Drug/N Administration/N approval/N of/I generic/J drugs/N ./.
_OOV_/N has/V denied/V any/D wrongdoing/N ./.
The/D largest/J volume/N drop/V --/R down/I _OOV_/C shares/N to/P _OOV_/C --/N came/V in/I shares/N represented/V by/I _OOV_/N Industries/N PLC/N 's/P American/D depositary/N receipts/N ./.
The/D company/N is/V facing/V a/D takeover/N proposal/N from/I the/D financier/N Sir/N James/N _OOV_/N ./.
First/V _OOV_/N Fund/N led/V the/D percentage/N increases/V ,/, rising/V to/P _OOV_/N shares/N from/I _OOV_/N ./.
Nelson/N Holdings/N International/N Ltd./N dropped/V the/D most/J on/I a/D percentage/N basis/N ,/, to/T 1,000/N shares/N from/I _OOV_/N ./.
The/D adjacent/V tables/N show/V the/D Big/N Board/N and/C _OOV_/N issues/N in/I which/J a/D short/D interest/N position/N of/I at/I least/V 100,000/N shares/N existed/V as/I of/I mid-October/N or/C in/I which/J there/V was/V a/D short/D position/N change/N of/I at/I least/V 50,000/N shares/N since/I mid-September/N ./.
Your/P Oct./N 12/N editorial/N ``/N _OOV_/N ,/, _OOV_/N _OOV_/N ?/. ''/R correctly/R states/N that/I I/P was/V critical/J of/I the/D Bush/N administration/N 's/P failure/N to/P have/V any/D plan/N in/I place/N to/T respond/V in/I a/D timely/J fashion/N to/T the/D opportunities/N to/P oust/V Manuel/N Noriega/N presented/V by/I the/D attempted/V military/J coup/N on/I Oct./N 3/N ./.
You/P are/V absolutely/V wrong/V ,/, however/C ,/, in/I _OOV_/N that/I this/D position/N is/V some/D kind/N of/I ``/N _OOV_/N ,/, ''/R something/N newly/N arrived/V at/I as/I a/D result/V of/I reading/V the/D opinion/N polls/N ./.
My/P position/N is/V one/C founded/V on/I both/D the/D facts/N and/C the/D law/N ./.
Although/I you/P may/V have/V forgotten/V ,/, public/J opinion/N about/I Gen./N Noriega/N is/V where/I it/P is/V in/I large/J measure/V because/I of/I my/P investigation/N of/I his/P years/N of/I involvement/N in/I narcotics/N smuggling/N -LRB-/N and/C simultaneous/V work/N as/I a/D U.S./N operative/V -RRB-/N ./.
The/D public/J made/V up/R its/P mind/N about/I Gen./N Noriega/N largely/C as/I a/D result/V of/I the/D hearings/N I/P chaired/N in/I the/D _OOV_/N on/I _OOV_/N and/C _OOV_/N of/I the/D Foreign/N Relations/N Committee/N on/I Feb./N 8/N ,/, 9/N ,/, 10/N and/C 11/N ,/, 1988/N ,/, and/C again/R on/I April/N 4/N ,/, 1988/N ./.
It/P was/V during/I those/D hearings/N that/I the/D nation/N first/J learned/V the/D breadth/N and/C depth/J of/I Gen./N Noriega/N 's/P criminality/N ,/, and/C of/I his/P enduring/J relationships/N with/I a/D variety/N of/I U.S./N government/N agencies/N ./.
Those/D hearings/N also/R highlighted/V how/J Gen./N Noriega/N was/V able/V to/T use/V his/P relationships/N with/I these/J agencies/N to/P delay/V U.S./N action/N against/I him/P ,/, and/C to/T exploit/V the/D administration/N 's/P obsession/N with/I overthrowing/V the/D _OOV_/N to/P protect/V his/P own/J _OOV_/N ./.
As/I former/N _OOV_/N to/P Costa/N _OOV_/N Francis/N J./N _OOV_/N testified/V before/I the/D subcommittee/N ,/, the/D Reagan/N administration/N knew/V that/I Gen./N Noriega/N was/V involved/V with/I narcotics/N ,/, but/R made/V a/D decision/N in/I the/D summer/N of/I 1986/N ``/N to/T put/V Gen./N Noriega/N on/I the/D shelf/N until/I _OOV_/N was/V settled/V ./. ''/R
As/I the/D report/N issued/V by/I the/D subcommittee/J concluded/V ,/, ``/N Our/P government/N did/V nothing/P regarding/V Gen./N Noriega/N 's/P drug/N business/N and/C substantial/J criminal/J involvement/N because/I the/D first/J priority/N was/V the/D _OOV_/N war/N ./.
This/D decision/N resulted/N in/I at/I least/J some/D drugs/N entering/V the/D United/N States/N as/I a/D hidden/J cost/N of/I the/D war/N ./. ''/R
Unfortunately/C ,/, this/D problem/N continued/V even/R after/I Gen./N Noriega/N 's/P indictment/N ./.
_OOV_/N 1988/N and/C this/D year/N ,/, I/P and/C others/N in/I Congress/N have/V pressed/V the/D U.S./N to/P develop/V a/D plan/N for/I pushing/V this/D ``/N _OOV_/N ''/N out/I of/I Panama/N ./.
_OOV_/N ,/, two/C administrations/N in/I a/D row/N have/V been/V unwilling/V and/C unable/V to/T develop/V any/D plan/N ,/, military/N or/I economic/N ,/, for/I supporting/V the/D Panamanian/N people/N in/I their/P attempts/N to/T restore/V democracy/N ./.
Sen./N John/N _OOV_/N -LRB-/N D./N ,/, _OOV_/N ./. -RRB-/C
For/I _OOV_/N ,/, these/J are/V tricky/V ,/, often/R treacherous/N ,/, times/N ./.
After/N years/N of/I hesitation/N ,/, economic/N and/C political/J reform/N was/V embraced/V at/I the/D end/N of/I 1986/N ,/, but/R ringing/J declarations/N have/V yet/R to/P be/V translated/V into/I much/R action/N ./.
Vietnam/N is/V finding/V that/D turning/V a/D stagnant/V socialist/N order/N into/I a/D dynamic/J free/J market/N does/V n't/R come/V easy/J ./.
Here/J is/V how/R three/C _OOV_/N are/V coping/N with/I change/N :/.
The/D Tire/N King/N
_OOV_/N Van/N _OOV_/N is/V living/V proof/N that/I old/J ways/N die/N hard/C ./.
Mr./N _OOV_/N used/V to/T be/V an/D oddity/N in/I _OOV_/N :/, a/D private/J entrepreneur/N ./.
His/D business/N success/N made/V him/P an/D official/J target/N in/I _OOV_/N days/N ./.
Mr./N _OOV_/N ,/, now/R 64/C years/N old/C ,/, invented/V a/D fountain/N pen/N he/P and/C his/P family/N produced/V from/I plastic/N waste/N ./.
Later/C ,/, he/P marketed/V glue/N ./.
Both/D products/N were/V immensely/V popular/J ./.
For/I his/P troubles/N ,/, Mr./N _OOV_/N was/V jailed/V three/C times/N between/I _OOV_/N and/C 1974/N ./.
Though/V his/P operation/N was/V registered/V and/C used/V only/R scrap/N ,/, he/P was/V accused/V of/I conducting/V illegal/J business/N and/C possessing/C illegal/J materials/N ./.
Once/I he/P was/V held/V for/I three/C months/N without/I being/V charged/V ./.
Things/N were/V supposed/R to/T change/V when/J Vietnam/N 's/P economic/N reforms/N gathered/V pace/N ,/, and/C for/I awhile/N they/P did/V ./.
After/N years/N of/I experimenting/V ,/, Mr./N _OOV_/N produced/V a/D heavy-duty/N bicycle/N tire/N that/I outlasted/N its/P _OOV_/N rival/N ./.
By/I 1982/N ,/, he/P was/V selling/V thousands/N of/I tires/N ./.
_OOV_/N published/V articles/N about/I him/P ,/, and/C he/P was/V hailed/V as/I ``/N the/D tire/N king/N ./. ''/R
His/R efforts/N earned/V a/D gold/N medal/N at/I a/D national/J exhibition/N --/N and/C attracted/V renewed/V attention/N from/I local/D authorities/N ./.
District/V police/N in/I 1983/N descended/V on/I his/P suburban/V home/N ,/, which/R he/P and/C his/P large/J family/N used/V as/I both/D residence/N and/C factory/N ,/, and/C demanded/V proof/N the/D house/N and/C equipment/N were/V his/P ./.
He/P produced/V it/P ./.
``/N That/D was/V the/D first/J time/N they/P lost/V and/C I/P won/V ,/, ''/R he/P says/V ./.
He/P was/V further/R questioned/V to/T determine/V if/I he/P was/V ``/N a/D real/J working/V man/N or/C an/D _OOV_/N ./. ''/R
_OOV_/N Mr./N _OOV_/N :/, ``/N When/I I/P showed/V it/P was/V from/I my/P own/J brain/N ,/, they/P lost/V for/I the/D second/J time/N ./. ''/R
But/C a/D few/J days/N later/I the/D police/J accused/V him/P of/I stealing/N electricity/N ,/, acquiring/V rubber/N without/I permission/N and/C buying/N stolen/V property/N ./.
_OOV_/C he/P was/V to/T be/V jailed/V again/R ,/, he/P fled/V to/T the/D countryside/N ./.
His/R family/N was/V given/V three/C hours/N to/T leave/V before/I the/D house/N and/C contents/N were/V confiscated/V ./.
With/I only/R the/D clothes/N they/P were/V wearing/N ,/, family/N members/N moved/V to/T a/D home/N owned/V by/I one/C of/I Mr./N _OOV_/N 's/P sons/N ./.
After/N six/C months/N on/I the/D run/V ,/, Mr./N _OOV_/N learned/V the/D order/N for/I his/P arrest/N had/V been/V canceled/V ./.
He/P rejoined/V his/P family/N in/I January/N 1984/C and/C began/V the/D long/J struggle/N for/I justice/N ,/, pressing/V everyone/N from/I _OOV_/N municipal/J officials/N to/P National/N _OOV_/N deputies/N for/I restoration/N of/I his/P rights/N ./.
He/P and/C his/P family/N kept/V afloat/N by/I repairing/N bicycles/N ,/, selling/N fruit/N and/C doing/V odd/J jobs/N ./.
Mr./N _OOV_/N achieved/V a/D breakthrough/N in/I 1987/N --/N and/C became/V a/D minor/J celebrity/N again/R --/R when/I his/P story/N was/V published/V in/I a/D weekly/N newspaper/N ./.
In/I 1988/N ,/, 18/N months/N after/I the/D sixth/J congress/N formally/N endorsed/V family-run/N private/J enterprise/N ,/, district/N authorities/N allowed/V Mr./N _OOV_/N to/T resume/V work/N ./.
By/I late/N last/J year/N he/P was/V invited/V back/R as/I ``/N the/D tire/N king/N ''/, to/T display/V his/P products/N at/I a/D national/J exhibition/N ./.
National/N leaders/N stopped/V by/I his/P stand/V to/T commend/V his/P achievements/N ./.
Mr./N _OOV_/N now/R produces/V 1,000/N bicycle/N and/C motorbike/N tires/N a/D month/N and/C 1,000/N tins/N of/I _OOV_/N glue/N in/I the/D son/N 's/P small/J house/N ./.
_OOV_/N people/N pack/N the/D house/N 's/P two/C rooms/N --/N the/D _OOV_/N ,/, four/C of/I their/P 10/N children/N with/I spouses/N ,/, and/C eight/C of/I 22/N grandchildren/N ./.
Most/R sleep/N on/I the/D floor/N ./.
Come/N daybreak/N ,/, eight/C family/N members/N and/C two/C other/J workers/N _OOV_/N a/D sheet/V of/I raw/N rubber/N that/I covers/V the/D floor/N of/I the/D house/N and/C spills/N out/I onto/V the/D street/N ./.
The/D primitive/J operations/N also/R burst/N out/I the/D back/R door/N into/I a/D small/J courtyard/N ,/, where/I an/D ancient/J press/N squeezes/N rubber/N solution/N into/I a/D flat/J strip/N and/C newly/N made/V tires/N are/V cooled/V in/I a/D bathtub/J filled/V with/I water/N ./.
Mr./N _OOV_/N talks/N _OOV_/N of/I expanding/N ,/, maybe/V even/R moving/V into/I the/D _OOV_/N field/N ./.
First/N ,/, however/C ,/, he/P has/V unfinished/N business/N ./.
When/D district/N authorities/N allowed/V him/P to/T resume/V manufacturing/N ,/, they/P released/V only/R one/C of/I his/P machines/N ./.
They/P did/V n't/R return/V the/D rubber/N stocks/N that/I represent/V his/P capital/N ./.
Nor/V did/V they/P return/V his/P house/N and/C contents/N ,/, which/R he/P values/N at/I about/R $/N _OOV_/C ./.
He/P wants/V to/T recover/V more/R than/I just/R his/P property/N ,/, though/I ./.
``/N I/P want/V my/P dignity/V back/N ,/, ''/R he/P says/V ./.
_OOV_/N _OOV_/N seemed/V an/D obvious/J choice/N when/I the/D _OOV_/N _OOV_/N Association/N was/V looking/V for/I a/D new/J editor/N to/T reform/N its/P weekly/N newspaper/N ,/, Van/N _OOV_/N ./.
After/N the/D sixth/J congress/N ,/, journalists/N seized/V the/D opportunity/N provided/V by/I the/D liberalization/N to/P probe/N previously/I taboo/J subjects/N ./.
Mr./N _OOV_/N ,/, 57/N years/N old/C ,/, had/V solid/J reformist/J credentials/N :/, He/P had/V lost/V his/P official/J position/N in/I the/D association/N in/I he/P early/R 1980s/N because/I he/P questioned/V the/D intrusion/N of/I politics/N into/I literature/N ./.
_OOV_/N editor/N in/I chief/N in/I July/N 1987/N ,/, Mr./N _OOV_/N rapidly/J turned/V the/D _OOV_/N Van/N _OOV_/N into/I Vietnam/N 's/P hottest/J paper/N ./.
_OOV_/N soared/V as/I the/D weekly/N went/V way/N beyond/I standard/N literary/N themes/N to/T cover/V _OOV_/N society/N and/C its/P ills/N ./.
_OOV_/N were/V electrified/N by/I the/D paper/N 's/P audacity/V and/C appalled/N by/I the/D dark/J side/N of/I life/N it/P uncovered/V ./.
One/N article/N recounted/V a/D decade-long/N struggle/N by/I a/D wounded/N soldier/N to/T prove/V ,/, officially/N ,/, he/P was/V alive/N ./.
Another/V described/V how/R _OOV_/N officials/N in/I _OOV_/N _OOV_/N province/N one/C night/N stormed/V through/I homes/N and/C confiscated/V rice/N from/I starving/N villagers/N ./.
The/D newspaper/N also/R ran/V a/D series/N of/I controversial/V short/J stories/N by/I _OOV_/N _OOV_/N _OOV_/N ,/, a/D former/J history/N teacher/N ,/, who/R stirred/V debate/N over/I his/P interpretation/N of/I _OOV_/N culture/N and/C took/V a/D thinly/N veiled/N swipe/N at/I writers/N who/R had/V blocked/V his/P entry/N into/I their/P official/J association/N ./.
Van/N _OOV_/N quickly/R made/V influential/J enemies/N ./.
``/N Those/C who/R manage/V ideology/N and/C a/D large/J number/N of/I writers/N reacted/V badly/R ''/R to/T the/D restyled/N paper/N ,/, says/V _OOV_/N _OOV_/N An/D ,/, a/D literary/J critic/N ./.
After/N months/N of/I internal/N _OOV_/N ,/, Mr./N _OOV_/N was/V fired/V last/J December/N ./.
His/D dismissal/N triggered/V a/D furor/N among/I intellectuals/N that/I continues/V today/R ./.
``/N Under/N Mr./N _OOV_/N ,/, Van/N _OOV_/N protected/V the/D people/N instead/C of/I the/D government/N ,/, ''/N says/V _OOV_/N _OOV_/N ,/, a/D poet/N who/R is/V the/D paper/N 's/P bureau/N chief/N for/I southern/I Vietnam/N ./.
``/N The/D paper/N reflected/V the/D truth/N ./.
For/I the/D leadership/N ,/, that/I was/V too/R painful/J to/T bear/N ./. ''/R
The/D `/N _OOV_/N '/P
_OOV_/N _OOV_/N _OOV_/N is/V Vietnam/N 's/P entrepreneur/N of/I the/D 1980s/N ./.
Her/D challenge/N is/V to/T keep/V her/P fledgling/J empire/N on/I top/J in/I the/D 1990s/N ./.
Mrs./N _OOV_/N did/V n't/R wait/V for/I the/D reforms/N to/T get/V her/P start/V ./.
She/R charged/V ahead/V of/I the/D government/N and/C the/D law/N to/T establish/V _OOV_/N City/N Food/N Co./N as/I the/D biggest/J rice/N dealer/N in/I the/D country/N ./.
Her/D success/N ,/, which/R included/V alleviating/V an/D urban/J food/N shortage/N in/I the/D early/J 1980s/N ,/, helped/V persuade/V _OOV_/N to/T take/V the/D reform/N path/N ./.
Her/D story/N is/V becoming/V part/N of/I local/J folklore/N ./.
A/D lifelong/J revolutionary/J with/I little/J education/N who/W fought/V both/R the/D French/N and/C the/D _OOV_/N _OOV_/N regime/N ,/, she/P switched/V effortlessly/V to/T commerce/N after/I the/D war/N ./.
Her/D instincts/N were/V capitalistic/N ,/, despite/V her/P background/N ./.
As/I she/P rode/V over/I regulations/N ,/, only/R her/P friendship/N with/I party/N leaders/N ,/, including/V _OOV_/N Van/N _OOV_/N ,/, then/R Ho/N Chi/N Minh/N City/N party/N secretary/N ,/, kept/V her/P out/I of/I jail/N ./.
Following/N Mr./N _OOV_/N 's/P appointment/N as/I _OOV_/N of/I the/D party/N at/I the/D sixth/J congress/N ,/, Mrs./N _OOV_/N has/V become/V the/D darling/N of/I ``/N doi/N moi/C ''/N ,/, the/D _OOV_/N version/N of/I perestroika/N ./.
The/D authorities/N have/V steered/V foreign/J reporters/N to/T her/P office/N to/P see/V an/D example/N of/I ``/N the/D new/J way/N of/I thinking/N ./. ''/R
Foreign/N publications/N have/V responded/V with/I articles/N declaring/V her/P Vietnam/N 's/P richest/J woman/N ./.
``/N Some/D people/N call/V me/P the/D communist/J billionaire/N ,/, ''/R she/P has/V told/V visitors/N ./.
Actually/V ,/, 67-year-old/N Mrs./N _OOV_/N is/V about/I as/I poor/J as/I almost/R everyone/P else/V in/I this/D impoverished/J land/N ./.
She/R has/V indeed/R turned/V _OOV_/C City/N Food/N into/I a/D budding/N conglomerate/N ,/, but/R the/D company/N itself/P remains/V state-owned/N ./.
She/R manages/V it/P with/I the/D title/N of/I _OOV_/N ./.
The/D heart/N of/I the/D business/N is/V the/D purchase/N of/I rice/N and/C other/J commodities/N ,/, such/J as/I corn/N and/C coffee/N ,/, from/I farmers/N in/I the/D south/N ,/, paying/V with/I fertilizer/N ,/, farm/N tools/N and/C other/J items/N ./.
Last/J year/N ,/, _OOV_/N City/N Food/N says/V it/P bought/V two/C million/C metric/N tons/N of/I _OOV_/N rice/N ,/, more/J than/I 10/C %/N of/I the/D country/N 's/P output/N ./.
The/D company/N operates/V a/D fleet/N of/I trucks/N and/C boats/N to/P transport/N the/D commodities/V to/T its/P warehouses/N ./.
A/D subsidiary/N company/N processes/N commodities/N into/I foods/N such/J as/I instant/N noodles/N that/I are/V sold/V with/I the/D rice/N through/I a/D vast/J retail/N network/N ./.
In/I recent/J years/N ,/, Mrs./N _OOV_/N has/V started/V to/T diversify/V the/D company/N ,/, taking/V a/D 20/N %/N stake/N in/I newly/N established/V ,/, partly/V private/J Industrial/N and/C Commercial/N Bank/N ,/, and/C setting/V up/R _OOV_/N _OOV_/N ,/, which/J owns/V and/I operates/V Vietnam/N 's/P first/J oil/N refinery/N ./.
Mrs./N _OOV_/N says/V _OOV_/N City/N Food/N last/J year/N increased/V pretax/N profit/N 60/N %/N to/T the/D equivalent/V of/I about/R $/N 2.7/C million/C on/I sales/N of/I $/N 150/C million/C ./.
She/R expects/V both/D revenue/N and/C profit/N to/P gain/V this/D year/N ./.
She/R is/V almost/R cavalier/N about/I the/D possibility/N Vietnam/N 's/P reforms/V will/P create/V rivals/N on/I her/P home/N turf/N ./.
``/N I/P do/V n't/R mind/V the/D competition/N inside/N the/D country/N ,/, ''/R she/P says/V ./.
``/N I/P am/V only/R afraid/V that/D with/I Vietnam/N 's/P _OOV_/N products/N we/P ca/V n't/R compete/V with/I neighboring/J countries/N ./.
The/D earthquake/N that/I hit/V the/D San/N Francisco/N Bay/N area/N is/V n't/R likely/R to/P result/V in/I wholesale/N downgrading/N of/I bond/N ratings/N ,/, officials/N at/I the/D two/C major/J rating/N agencies/N said/V ./.
Standard/N &/N Poor/N 's/P Corp./N is/V reviewing/V debt/N issued/V by/I 12/N California/N counties/N ,/, and/C ``/N there/V are/V potential/J isolated/J problems/N ,/, ''/N said/V _OOV_/N _OOV_/N ,/, a/D managing/N director/N ./.
The/D agency/N is/V preparing/V a/D report/N ,/, to/T be/V issued/V today/R ,/, on/I the/D earthquake/N 's/P impact/N on/I the/D and/C _OOV_/N industry/N ./.
The/D only/J securities/N so/R far/R to/T be/V singled/V out/I are/V those/P issued/V by/I Bay/N View/N Federal/N Savings/N &/N Loan/N ./.
Moody/N 's/P Investors/N Service/N Inc./N said/V it/P is/V reviewing/V ,/, with/I an/D eye/N toward/I a/D possible/J _OOV_/N ,/, the/D ratings/N on/I Bay/N View/N Federal/N bonds/N ,/, long-term/J deposits/N and/C the/D _OOV_/N rating/N of/I its/P parent/N company/N ,/, Bay/N View/N Capital/N Corp/N ./.
As/I for/I property/N and/C casualty/N insurers/N ,/, Moody/N 's/P said/V ``/N preliminary/V estimates/N suggest/V that/D losses/N should/P not/R have/V a/D significant/J impact/N on/I most/J insurers/N '/P financial/N condition/N ,/, ''/R but/C it/P ``/N raises/V concerns/N about/I potentially/V substantial/J risks/N ''/N longer-term/C ./.
``/N _OOV_/N from/I the/D earthquake/N are/V expected/V to/P be/V of/I similar/J magnitude/N to/P those/C of/I Hurricane/N Hugo/N ,/, ''/N according/V to/T Moody/N 's/P ./.
Your/P Oct./N 5/N editorial/N ``/N A/D Democratic/N Tax/N _OOV_/N ''/N contained/V an/D error/N ./.
In/I the/D third/J paragraph/N it/P referred/V to/T the/D senators/N seeking/V loophole/V suggestions/N from/I lobbyists/N for/I various/J sectors/N of/I the/D economy/N ./.
Among/N them/P ,/, ``/N banana/I farmers/N ./. ''/R
The/D only/R significant/J commercial/N banana/I farmers/N in/I the/D U.S./N are/V in/I Hawaii/N ./.
The/D Hawaii/N _OOV_/N Industry/N Association/N ,/, to/T which/R nearly/V all/C of/I them/P belong/V ,/, has/V no/D lobbyist/N ./.
Thomas/N _OOV_/N Reese/N _OOV_/N ./.
_OOV_/N _OOV_/N Co/N ./.
Western/N Digital/N Corp./N reported/V a/D net/J loss/N of/I $/N 2.7/C million/C ,/, or/C nine/C cents/N a/D share/N ,/, for/I its/P first/J quarter/N ended/V Sept./N 30/N ,/, citing/V factors/N as/I varied/V as/I hurricane/J damage/N ,/, an/D advance/V in/I graphics/N technology/N and/C the/D strengthening/J dollar/N ./.
In/I the/D year-ago/N period/N ,/, the/D company/N earned/V $/T 12.9/C million/C ,/, or/C 45/N cents/N a/D share/N ,/, on/I sales/N of/I $/N 247/C million/C ./.
Sales/N for/I the/D _OOV_/N period/N fell/V to/T about/R $/N 225/C million/C ,/, the/D maker/N of/I computer/N parts/N said/V ./.
_OOV_/N ,/, Chairman/N _OOV_/N W./N Johnson/N said/V he/P expects/V the/D company/N to/P be/V profitable/J in/I the/D current/J quarter/N ./.
``/N We/P are/V positioned/V to/T come/V through/I ,/, ''/N he/P said/V ,/, noting/V that/I the/D company/N 's/P backlog/N was/V up/R from/I the/D previous/J quarter/N ./.
In/I its/P second/J quarter/N last/J year/N ,/, Western/N Digital/N earned/V $/T _OOV_/C million/C ,/, or/C 44/N cents/N a/D share/N ,/, on/I sales/N of/I $/N _OOV_/C million/C ./.
Mr./N Johnson/N said/V Western/N Digital/N 's/P plant/N in/I Puerto/N Rico/N was/V affected/V by/I Hurricane/N Hugo/N ,/, losing/V three/C days/N '/P production/N because/I of/I the/D storm/N ,/, which/J wrecked/V much/R of/I the/D Caribbean/N island/N 's/P infrastructure/N ./.
Although/I the/D plant/N itself/P was/V n't/R damaged/V ,/, Mr./N Johnson/N said/V millions/C of/I dollars/N in/I first-quarter/N revenue/N were/V lost/V ./.
The/D revenue/N will/P be/V regained/V in/I the/D current/J period/N ,/, he/P added/V ./.
There/I are/V no/D plans/N to/T initiate/V a/D common/J stock/N dividend/N ,/, Mr./N Johnson/N said/V ,/, explaining/V that/D the/D board/N continues/V to/T believe/V shareholders/N are/V best/J served/V by/I _OOV_/N excess/C cash/N ./.
Mr./N Johnson/N said/V the/D first-quarter/N loss/N also/R heavily/J reflected/V a/D rapid/J change/N in/I graphics/N technology/N that/I left/V reseller/N channels/N with/I too/R many/D of/I the/D old/J computer/N graphics/N boards/N and/C too/R few/J new/J monitors/N compatible/V with/I the/D new/J graphics/N boards/N ./.
Western/N Digital/N does/V n't/R make/V the/D monitors/N ./.
An/D accelerating/J move/V by/I personal/J computer/N manufacturers/N '/P to/P include/V advanced/J graphics/J capabilities/N as/I standard/J equipment/N further/C dampened/V reseller/N purchases/N of/I Western/N Digital/N 's/P equipment/N ./.
``/N The/D other/J areas/N of/I the/D business/N --/N storage/N and/C microcomputers/N --/, were/V very/R good/J ,/, ''/N Mr./N Johnson/N said/V ./.
He/P said/V Western/N Digital/N has/V reacted/V swiftly/I to/T the/D movement/N to/P video/J graphics/N array/N ,/, _OOV_/N ,/, graphics/N technology/N from/I the/D old/J enhanced/V graphics/N adapter/N ,/, _OOV_/N ,/, which/R has/V a/D lower/J resolution/N standard/N ,/, technology/N and/C now/R is/V one/C of/I the/D leading/J producers/N of/I these/J newer/J units/N ./.
Other/C makers/N of/I video/N controller/N equipment/N also/R were/V caught/V in/I the/D _OOV_/N shift/N ,/, he/P said/V ,/, ``/N but/C we/P were/V able/V to/T respond/V much/R more/R quickly/R ./. ''/R
Still/C ,/, Mr./N Johnson/N said/V ,/, ``/C our/P stock/N is/V grossly/J undervalued/N ./. ''/R
He/P said/V the/D company/N has/V cut/V operating/V expenses/N by/I about/R 10/N %/N over/I the/D last/J few/J quarters/N ,/, while/I maintaining/V research/N and/C development/N at/I about/R 8/N %/N to/P 9/N %/N of/I sales/N ./.
As/I part/N of/I its/P reorganization/N this/D week/N ,/, Western/N Digital/N has/V divided/V its/P business/N into/I two/C segments/N --/N storage/N products/N ,/, including/J controllers/V and/C disk/N drives/N ;/C and/C microcomputer/N products/N ,/, which/R include/V graphics/N ,/, communications/N and/C peripheral/N control/N chips/N ./.
Graphics/N ,/, communications/N and/C peripheral/N control/N chips/N were/V combined/V because/I ,/, increasingly/C ,/, multiple/J functions/N are/V being/V governed/V by/I a/D single/J chip/N ./.
_OOV_/N ,/, which/R includes/V computer/N controllers/V and/C _OOV_/N disk/N drives/N ,/, represents/V nearly/J two-thirds/C of/I the/D company/N 's/P business/N ./.
_OOV_/N drives/N ,/, which/R allow/V a/D computer/N to/P access/V its/P memory/N ,/, generated/V 38/N %/N more/J revenue/N in/I the/D most/J recent/J period/N compared/V with/I the/D fiscal/V first/J quarter/N a/D year/N earlier/R ./.
Computer/N parts/N are/V getting/V ever/R smaller/J ,/, Mr./N Johnson/N said/V ,/, a/D shrinking/V that/D has/V propelled/V laptops/N into/I position/N as/I the/D _OOV_/N segment/N of/I the/D computer/N business/N ./.
As/I smaller/J and/C more/J powerful/J computers/N continue/V to/T be/V the/D focus/N of/I the/D industry/N ,/, he/P said/V ,/, Western/N Digital/N is/V strengthening/V development/N of/I laptop/N parts/N ./.
Next/I year/N Western/N Digital/N plans/N to/T consolidate/V its/P operations/N from/I 11/N buildings/N in/I _OOV_/N into/I two/C buildings/N in/I the/D same/J _OOV_/N new/J headquarters/N and/C ,/, a/D block/V away/R ,/, a/D modern/J $/$ 100/C million/C silicon/N wafer/N fabrication/V plant/N ./.
The/D plan/N will/P help/V the/D company/N in/I its/P existing/V joint/J manufacturing/N agreement/N with/I AT&T/N ./.
About/V half/N of/I Western/N Digital/N 's/P business/N is/V overseas/J ,/, and/C Mr./N Johnson/N expects/V that/D proportion/N to/P continue/V ./.
_OOV_/C to/P dissolve/V many/D of/I the/D trade/N barriers/N within/I Europe/N in/I 1992/N creates/V significant/J opportunities/N for/I the/D company/N ,/, he/P said/V ,/, particularly/V since/I Western/N Digital/N already/I manufactures/N there/V ./.
Capitalizing/N on/I that/D presence/N ,/, Western/N Digital/N is/V launching/V a/D major/J effort/N to/T develop/V the/D embryonic/V reseller/N market/N in/I Europe/N ./.
_OOV_/N of/I state-owned/N Banca/N _OOV_/N del/N _OOV_/N approved/V a/D _OOV_/N _OOV_/N transaction/N and/C a/D change/N in/I the/D bank/N 's/P rules/N that/I will/P help/V it/P operate/V more/R like/V a/D private-sector/N institution/N ./.
Until/V now/N ,/, _OOV_/N 's/P top/J managers/N and/C its/P directors/N have/V been/V appointed/V by/I a/D Treasury/N decree/N ./.
But/C under/I the/D bank/N 's/P proposed/V statutes/N ,/, an/D assembly/N of/I shareholders/N must/P approve/V board/N members/N ./.
The/D bank/N 's/P chairman/N and/C director/N general/N ,/, who/R also/J sit/V on/I the/D board/N ,/, still/R would/R be/V appointed/V by/I the/D Treasury/N ./.
_OOV_/N ,/, which/R is/V controlled/V by/I the/D Italian/N Treasury/N ,/, was/V rocked/V by/I the/D disclosure/N last/J month/N that/I its/P Atlanta/N branch/N extended/V more/J than/I $/T 3/C billion/C in/I unauthorized/N credits/N to/P _OOV_/N ./.
The/D ensuing/J scandal/N ,/, in/I which/J the/D bank/N 's/P management/N resigned/V ,/, has/V helped/V renew/V calls/V for/I privatization/N ,/, or/C at/I least/J an/D overhaul/N ,/, of/I Italy/N 's/P banking/N system/N ,/, which/R is/V about/R 80/N %/N _OOV_/N ./.
In/I a/D related/J move/V ,/, the/D bank/N also/R proposed/V that/D board/N representation/N be/V linked/V more/R closely/V to/T the/D bank/N 's/P new/J shareholding/N structure/N ./.
_OOV_/N called/V a/D shareholders/N '/P assembly/N meeting/N in/I December/N to/T vote/N on/I the/D proposals/N ./.
_OOV_/N has/V about/I 75,000/N _OOV_/N shares/N that/I are/V listed/V on/I the/D Milan/N Stock/N Exchange/N ./.
The/D shares/N were/V suspended/V from/I trading/N following/I disclosure/N of/I the/D Atlanta/N scandal/N ;/N _OOV_/N ,/, the/D stock/N exchange/N regulatory/N body/N ,/, reportedly/R will/T decide/V soon/C whether/I to/T end/V the/D trading/N suspension/N ./.
Switzerland/N 's/P wholesale/N price/N index/N increased/V 0.3/N %/N in/I September/N from/I August/N ,/, and/C was/V up/R 3.9/C %/N from/I a/D year/N ago/I ,/, marking/V the/D first/J time/N this/D year/N that/I the/D index/N has/V fallen/V below/I 4/N %/N on/I a/D _OOV_/N basis/N ,/, the/D government/N reported/V ./.
The/D government/N attributed/V the/D 0.3/N %/N _OOV_/N rise/N in/I the/D index/N largely/C to/T higher/J energy/N prices/N ./.
In/I August/N ,/, the/D index/N was/V up/R 0.2/C %/N from/I the/D previous/J month/N ,/, and/C was/V up/R 4.5/C %/N on/I a/D _OOV_/N basis/N ./.
The/D wholesale/J price/N index/N ,/, based/V on/I 1963/N as/I 100/N ,/, was/V _OOV_/N in/I September/N ./.
American/N Express/N Co./N posted/V a/D 21/N %/N increase/N in/I third/J quarter/N net/N income/N despite/V a/D sharp/J rise/N in/I reserves/N for/I Third/N World/N loans/N at/I its/P banking/N unit/N ./.
Aided/N by/I a/D sharp/J gain/V in/I its/P travel/N business/N ,/, American/N Express/N said/V net/J rose/V to/T $/$ _OOV_/C million/C ,/, or/C 77/N cents/N a/D share/N ,/, from/I $/T _OOV_/C million/C ,/, or/C 64/N cents/N a/D share/N ./.
The/D year-earlier/N figures/N included/V $/T _OOV_/C million/C ,/, or/C three/C cents/N a/D share/N ,/, in/I income/N from/I discontinued/V operations/N ./.
Income/N from/I continuing/J operations/N was/V up/R 26/N %/N ./.
Revenue/N rose/V 24/C %/N to/T $/$ 6.5/C billion/C from/I $/$ _OOV_/C billion/C ./.
The/D travel/N ,/, investment/N services/N ,/, insurance/N and/C banking/N concern/N added/V $/T 110/C million/C to/P reserves/N for/I credit/N losses/N at/I its/P American/N Express/N Bank/N unit/N ,/, boosting/V the/D reserve/N to/P $/$ _OOV_/C million/C as/I of/I Sept./N 30/N ./.
The/D bank/N 's/P Third/C World/N debt/N portfolio/N totals/V $/T _OOV_/C million/C ,/, down/I from/I $/$ 2.2/C billion/C at/I the/D end/N of/I 1986/N ./.
The/D bank/N charged/V off/R $/$ 53/C million/C in/I loans/N during/I the/D quarter/N ./.
At/I the/D American/N Express/N Travel/N Related/N Services/N Co./N unit/N ,/, net/J rose/V 17/C %/N to/T a/D record/N $/N _OOV_/C million/C on/I a/D 19/N %/N revenue/N increase/N ./.
The/D figures/N exclude/V businesses/N now/R organized/V as/I American/N Express/N Information/N Services/N Co/N ./.
American/N Express/N card/N charge/N volume/N rose/V 12/C %/N ./.
Travel/N sales/N rose/V 11/C %/N ,/, led/V by/I gains/V in/I the/D U.S/N ./.
At/I _OOV_/N Financial/N Services/N ,/, the/D financial/N planning/N and/C mutual/N fund/N unit/N ,/, net/J rose/V 19/C %/N to/T a/D record/N $/N _OOV_/C million/C on/I a/D 33/N %/N revenue/N gain/V ./.
_OOV_/N owned/V or/C managed/V rose/V 20/C %/N to/T $/$ 45/C billion/C ,/, and/C mutual/N fund/N sales/N rose/V 45/C %/N in/I the/D quarter/N to/P $/$ _OOV_/C million/C ./.
American/N Express/N Bank/N earnings/N fell/V 50/C %/N to/T $/$ _OOV_/C million/C from/I $/$ _OOV_/C million/C despite/V a/D 29/N %/N revenue/N gain/V ./.
The/D results/N include/V $/$ 106/C million/C of/I tax/N benefits/N associated/V with/I previous/J years/N '/P Third/N World/N loan/N activity/N ,/, compared/V with/I $/$ 15/C million/C a/D year/N earlier/R ./.
Profit/N rose/V 38/C %/N at/I American/N Express/N Information/N Services/N to/P $/$ _OOV_/C million/C ./.
Shearson/N Lehman/N Hutton/N Holdings/N Inc./N ,/, as/I previously/R reported/V ,/, had/V net/N of/I $/N _OOV_/C million/C ,/, reversing/V a/D $/N 3.5/C million/C loss/N a/D year/N earlier/R ;/V its/P latest/J results/N include/V a/D $/N 37/C million/C gain/V from/I the/D sale/N of/I an/D institutional/J money/N management/N business/N ./.
American/N Express/N 's/P share/N of/I Shearson/N 's/P earnings/N was/V $/T 41/C million/C ,/, after/I preferred/V stock/N dividends/N ;/C it/P owns/V about/I 68/C %/N of/I Shearson/N 's/P common/J ./.
For/I the/D nine/C months/N ,/, American/N Express/N said/V net/J rose/V 11/C %/N to/T $/$ _OOV_/C million/C ,/, or/C $/$ _OOV_/C a/D share/N ,/, from/I $/T _OOV_/C million/C ,/, or/C $/$ _OOV_/C a/D share/N ./.
Revenue/N rose/V 24/C %/N to/T $/$ _OOV_/C billion/C from/I $/$ _OOV_/C billion/C ./.
_OOV_/N Inc./N ,/, hampered/V by/I a/D slowdown/N in/I its/P defense/N sales/N ,/, reported/V an/D 8/N %/N decline/N in/I per-share/N earnings/N on/I nearly/J flat/J revenue/N for/I its/P third/J quarter/N ./.
The/D aerospace/N and/C financial/N services/N concern/N said/V net/J income/N fell/V 5/C %/N to/T $/$ _OOV_/C million/C from/I $/$ 62.8/C million/C ./.
Revenue/N of/I $/N _OOV_/C billion/C was/V almost/R unchanged/J from/I last/J year/N 's/P $/R _OOV_/C billion/C ./.
Per-share/N net/N of/I 66/N cents/N ,/, down/I from/I 72/N cents/N ,/, fell/V by/I more/J than/I overall/N net/N because/I of/I more/J shares/N outstanding/N ./.
The/D company/N said/V that/I improved/V results/N in/I its/P financial-services/N sector/N were/V negated/N by/I increased/V costs/N in/I its/P government/N contract/N business/N ,/, lower/J operating/V earnings/N in/I its/P _OOV_/N sector/N and/C soft/J automotive/N markets/N ./.
Net/N was/V aided/V by/I a/D lower/J income/N tax/N rate/N ./.
Profit/N before/I taxes/N fell/V 17/C %/N to/T $/$ _OOV_/C million/C from/I $/$ _OOV_/C million/C ./.
For/I the/D nine/C months/N ,/, _OOV_/N reported/V net/N of/I $/N _OOV_/C million/C ,/, or/C $/$ 2.06/C a/D share/N ,/, on/I revenue/N of/I $/N _OOV_/C billion/C ./.
A/D year/N ago/I ,/, net/N was/V $/T _OOV_/C million/C ,/, or/C $/$ _OOV_/C a/D share/N ,/, on/I revenue/N of/I $/N 5.3/C billion/C ./.
The/D _OOV_/N results/N included/V a/D $/N 9.5/C million/C special/J charge/N in/I 1989/N for/I an/D arbitration/N settlement/N related/V to/T past/J export/N sales/N ,/, and/C $/P _OOV_/C million/C in/I extraordinary/J charges/N in/I 1988/N related/V to/T a/D former/J line/N of/I business/N and/C early/J redemption/N of/I debt/N ./.
_OOV_/N said/V that/R _OOV_/N '/P results/N do/V n't/R include/J earnings/N of/I _OOV_/N PLC/N ,/, a/D British/N maker/N of/I industrial/N _OOV_/N ,/, but/R do/V include/V interest/N costs/N of/I $/N _OOV_/C million/C on/I borrowings/N related/V to/T the/D proposed/V purchase/N of/I _OOV_/N ./.
A/D federal/J judge/N has/V issued/V a/D preliminary/V injunction/N against/I the/D purchase/N because/I of/I Federal/N Trade/N Commission/N concerns/N that/I the/D transaction/N would/V reduce/V competition/N in/I the/D production/N of/I two/C kinds/N of/I rivets/N ./.
For/I the/D quarter/N ,/, _OOV_/N said/V aerospace/N revenue/N ,/, including/V _OOV_/N helicopter/N and/C _OOV_/N manufacture/N ,/, declined/V _OOV_/C %/N to/T $/$ _OOV_/C million/C from/I $/$ _OOV_/C million/C ,/, an/D indication/N of/I slowing/V government/N defense/N work/N ./.
As/I the/D _OOV_/N brothers/N '/P personal/J bankruptcy/N cases/N _OOV_/N into/I their/P second/J year/N ,/, _OOV_/N S.A./N has/V proposed/V a/D deal/N to/T settle/V its/P huge/J claim/N against/I the/D troubled/V Texas/N oil/N men/N ./.
But/C the/D plan/N only/D threatens/V to/T heighten/N the/D tension/N and/C confusion/N already/R surrounding/J the/D cases/N that/I were/V filed/V in/I September/N 1988/N ./.
The/D _OOV_/N mineral/N concern/N 's/P $/$ _OOV_/C million/C claim/V stems/V from/I 1988/N jury/N award/N in/I a/D case/N stemming/V from/I the/D brothers/N '/P alleged/N attempts/V to/T corner/N the/D _OOV_/N silver/N market/N ./.
_OOV_/N now/R says/V it/P is/V willing/V to/T settle/V for/I up/R to/T $/$ _OOV_/C million/C from/I each/D brother/N ,/, although/I the/D actual/J amount/N would/P probably/R be/V much/R less/R ./.
Although/I the/D proposal/N must/P be/V approved/V by/I federal/J Judge/N Harold/N C./N _OOV_/N ,/, W./N Herbert/N _OOV_/N has/V agreed/V to/T the/D _OOV_/N mineral/N concern/N 's/P proposal/N ./.
Nelson/N _OOV_/N _OOV_/N is/V considering/V it/P ,/, although/I his/P attorney/N says/V he/P wo/R n't/R do/V it/P if/I the/D proposal/N _OOV_/N a/D tentative/J settlement/N he/P has/V reached/V with/I the/D Internal/N Revenue/N Service/N ,/, which/J claims/N the/D brothers/N owe/V $/T 1/C billion/C in/I back/R taxes/N and/C is/V by/I far/R the/D biggest/J creditor/N in/I both/D cases/N ./.
The/D tentative/J agreement/N between/I the/D _OOV_/N and/C Nelson/N _OOV_/N _OOV_/N is/V awaiting/V U.S./N Justice/N Department/N approval/N ./.
Under/N it/P ,/, the/D former/J billionaire/N 's/P assets/N would/P be/V liquidated/N with/I the/D _OOV_/N getting/V 80/C %/N of/I the/D proceeds/N and/C the/D rest/J being/V divided/V among/I other/J creditors/N ,/, including/V _OOV_/N and/C Manufacturers/N _OOV_/N Trust/N Co./N ,/, which/R is/V seeking/V repayment/N of/I a/D $/N 36/C million/C loan/N ./.
A/D _OOV_/N proposal/N has/V been/V made/V in/I the/D W./N Herbert/N _OOV_/N case/N although/I he/P and/C the/D _OOV_/N are/V at/I odds/N over/I the/D size/N of/I the/D _OOV_/N debt/N he/P would/R have/V to/T pay/V to/T the/D government/N from/I future/J earnings/N ./.
In/I both/J cases/N ,/, _OOV_/N and/C Manufacturers/N _OOV_/N have/V been/V fighting/V ferociously/N over/I their/P shares/N of/I the/D pie/N ./.
With/I support/N from/I the/D _OOV_/N ,/, Manufacturers/N _OOV_/N has/V filed/V suit/N asking/V Judge/N _OOV_/N to/P subordinate/V _OOV_/N 's/P claim/V to/T those/C of/I _OOV_/N _OOV_/N and/C the/D _OOV_/N ./.
_OOV_/N has/V threatened/V a/D ``/N volcano/V ''/N of/I litigation/N if/I the/D Manufacturers/N _OOV_/N Corp./N unit/N attempts/N to/T force/N such/V a/D plan/N through/I the/D court/N ./.
_OOV_/N said/V it/P would/R n't/R pursue/V such/J litigation/N if/I its/P settlement/N plan/N in/I the/D W./N Herbert/N _OOV_/N case/N is/V approved/V by/I Judge/N _OOV_/N ,/, who/R will/V consider/V the/D proposal/N at/I a/D hearing/N next/J week/N ./.
_OOV_/N attorney/N Thomas/N _OOV_/N _OOV_/N the/D plan/N as/I one/C step/N toward/I an/D overall/J settlement/N of/I the/D W./N Herbert/N _OOV_/N case/N but/I Hugh/N Ray/N ,/, attorney/N for/I Manufacturers/N _OOV_/N ,/, called/V it/P ``/N silly/R ''/N and/C said/V he/P would/T fight/V it/P in/I court/N ./.
``/N The/D thing/N is/V so/R fluid/N right/V now/N that/I there/V 's/P really/R no/D way/N to/T say/V what/R will/V happen/V ,/, ''/N says/V Justice/N Department/N attorney/N _OOV_/N _OOV_/N III/N ,/, who/R represents/V the/D _OOV_/N in/I the/D case/N ./.
``/N Developments/N like/V this/D are/V hard/J to/T predict/V ./.
Banc/N One/N Corp./N said/V it/P agreed/V in/I principle/N to/P buy/V five/C branch/N offices/N from/I _OOV_/N Inc./N ,/, Toledo/N ,/, Ohio/N ,/, following/I the/D planned/V merger/N of/I _OOV_/N into/I Society/N Corp./N ,/, Cleveland/N ./.
The/D five/C offices/N in/I Erie/N and/C _OOV_/N counties/N in/I northern/V Ohio/N have/V total/J assets/N of/I about/R $/N 88/C million/C ,/, Banc/N One/N said/V ./.
The/D purchase/N price/N will/P be/V established/V after/I Banc/N One/N has/V an/D opportunity/N to/T study/V the/D quality/N of/I the/D assets/N ,/, Banc/N One/N said/V ./.
Society/N Corp./N already/I has/V branches/N in/I the/D area/N ,/, and/C selling/V the/D _OOV_/N offices/N could/P avoid/V a/D problem/N with/I regulators/N over/I excessive/J concentration/N of/I banking/N in/I the/D two/C counties/N after/I the/D merger/N of/I _OOV_/N into/I Society/N ,/, according/V to/T industry/N sources/N ./.
The/D merger/N is/V scheduled/V to/T take/V place/N in/I the/D 1990/N first/J quarter/N ./.
_OOV_/N fears/N and/C relatively/N more/R attractive/J interest/N rates/N pushed/V _OOV_/C mutual/N fund/N assets/N up/I $/T _OOV_/C billion/C in/I the/D latest/J week/N ,/, the/D sharpest/J increase/V in/I almost/R two/C years/N ./.
The/D _OOV_/N funds/N tracked/V by/I the/D Investment/N Company/N Institute/N ,/, a/D _OOV_/N trade/N group/N ,/, rose/V to/T $/$ _OOV_/C billion/C ,/, a/D record/N ./.
The/D $/N _OOV_/C billion/C increase/V was/V the/D strongest/J weekly/N inflow/N since/I January/N 1988/C ./.
The/D increase/N was/V spread/V fairly/V evenly/I among/I all/D three/C types/N of/I funds/N ./.
Individual/N investors/N ,/, represented/V in/I the/D _OOV_/N and/C broker-dealer/N fund/N categories/N ,/, pulled/V money/N from/I the/D stock/N market/N after/I its/P big/J drop/V last/J Friday/N and/C put/V the/D money/N into/I funds/N ,/, said/V _OOV_/N _OOV_/N ,/, vice/N president/N and/C chief/J economist/N of/I the/D Institute/N ./.
``/N _OOV_/N investors/N ,/, on/I the/D other/J hand/N ,/, reacted/V to/T the/D steep/J decline/N in/I yields/V on/I direct/J _OOV_/N instruments/N following/I the/D _OOV_/N decline/N last/J Friday/N ,/, ''/N Mr./N _OOV_/N said/V ./.
Yields/N on/I money/N funds/N dropped/V in/I the/D week/N ended/V Tuesday/N ,/, according/V to/T _OOV_/N 's/P Money/N Fund/N Report/N ,/, a/D _OOV_/N ,/, Mass./N ,/, newsletter/N ./.
The/D average/N _OOV_/N compounded/V yield/V fell/V to/T _OOV_/C %/N from/I 8.60/N %/N the/D week/N earlier/C ,/, _OOV_/N 's/P said/V ./.
At/I the/D auction/N of/I six-month/N U.S./N Treasury/N bills/N on/I Monday/N ,/, the/D average/N yield/V fell/V to/T _OOV_/C %/N from/I _OOV_/N %/N ./.
Likewise/V ,/, certificates/N of/I deposit/N on/I average/N posted/V lower/J yields/V in/I the/D week/N ended/V Tuesday/N ./.
The/D _OOV_/N _OOV_/N money/N funds/N rose/V $/T _OOV_/C billion/C to/T $/$ _OOV_/C billion/C ./.
The/D _OOV_/N _OOV_/N funds/N increased/V $/N _OOV_/C billion/C to/T $/$ _OOV_/C billion/C ,/, while/I 96/N broker-dealer/N funds/N increased/V $/N 1.3/C billion/C to/T $/$ _OOV_/C billion/C ./.
Domestic/N lending/N for/I real/J estate/N and/C property/N development/N was/V the/D source/N of/I Bank/N _OOV_/N Malaysia/N _OOV_/N 's/P most/R recent/J spate/N of/I financial/N troubles/N ,/, the/D institution/N 's/P executive/N chairman/N ,/, _OOV_/N _OOV_/N _OOV_/N ,/, said/V ./.
Speaking/N to/T reporters/N this/D week/N after/I Bank/N _OOV_/N 's/P shareholders/N approved/V a/D rescue/N plan/N ,/, _OOV_/N _OOV_/N _OOV_/N said/V heavy/J lending/N to/T the/D property/N sector/N rocked/V the/D bank/N when/I property/N prices/N in/I Malaysia/N plummeted/V in/I _OOV_/N ./.
He/P said/V the/D bank/N could/P n't/R wait/V any/R longer/V for/I prices/N to/T recover/V and/C for/I borrowers/N to/P service/N their/P loans/N ./.
So/R the/D bank/N 's/P board/N decided/V to/T make/V 1.23/N billion/C _OOV_/N dollars/N -LRB-/N US$/N _OOV_/N million/C -RRB-/N in/I provisions/N for/I interest/N payments/N from/I loans/N previously/I recorded/V as/I revenue/N but/C never/R actually/D received/V by/I the/D bank/N ,/, and/C to/T submit/V a/D bailout/N package/N to/T replenish/V the/D bank/N 's/P _OOV_/N capital/N ./.
The/D predicament/N ,/, he/P added/V ,/, was/V similar/J to/T the/D Hong/N Kong/N _OOV_/N _OOV_/N collapse/N ,/, which/R exposed/V the/D involvement/N of/I Bank/N _OOV_/N 's/P former/J subsidiary/N in/I the/D colony/N in/I the/D largest/J banking/N scandal/N in/I Malaysia/N 's/P history/N ./.
The/D subsidiary/N ,/, _OOV_/N Malaysia/N Finance/N Ltd./N ,/, was/V left/V with/I _OOV_/N _OOV_/N billion/C in/I bad/J loans/N made/V to/T Hong/N Kong/N property/N speculators/N ./.
Both/D episodes/N wiped/V out/I Bank/N _OOV_/N 's/P shareholders/N '/P funds/N ./.
Each/I time/N ,/, the/D bank/N 's/P 90/C %/N shareholder/N --/N _OOV_/N _OOV_/N _OOV_/N ,/, or/C _OOV_/N ,/, the/D national/J oil/N company/N --/N has/V been/V called/V upon/I to/T rescue/V the/D institution/N ./.
In/I five/C years/N ,/, _OOV_/N ,/, which/J became/V the/D dominant/J shareholder/N in/I a/D 1984/N rescue/V exercise/V ,/, has/V spent/V about/I _OOV_/N 3.5/N billion/C to/P prop/V up/R the/D troubled/V bank/N ./.
_OOV_/N _OOV_/N _OOV_/N said/V the/D capital/N restructuring/N plan/N has/V been/V approved/V by/I Malaysia/N 's/P Capital/N _OOV_/N Committee/N and/C central/J bank/N ./.
Malaysia/N 's/P High/N Court/N is/V expected/V to/T approve/V the/D plan/N ./.
Once/I the/D plan/N is/V approved/V ,/, _OOV_/N _OOV_/N _OOV_/N said/V ,/, most/R of/I Bank/N _OOV_/N 's/P _OOV_/N loans/N will/P have/V been/V fully/R provided/V for/I and/C the/D bank/N will/P be/V on/I track/N to/P report/N a/D pretax/N profit/N of/I between/I _OOV_/N 160/N million/C and/C _OOV_/N 170/N million/C for/I the/D fiscal/N year/N ending/N March/N 31/C ./.
For/I the/D previous/J financial/N year/N ,/, the/D bank/N would/P have/V reported/V a/D pretax/N profit/N of/I _OOV_/N _OOV_/N million/C if/I it/P had/V n't/R made/V provisions/N for/I the/D _OOV_/N loans/N ,/, he/P said/V ./.
Malaysia/N 's/P Banking/N _OOV_/N Act/N prohibited/N the/D bank/N from/I identifying/V delinquent/V borrowers/N ,/, said/V _OOV_/N _OOV_/N _OOV_/N ./.
But/C public/J documents/N indicate/V 10/C %/N or/C more/J of/I the/D bank/N 's/P provisions/N were/V made/V for/I foregone/N interest/N on/I a/D _OOV_/N 200/N million/C loan/N to/P Malaysia/N 's/P dominant/J political/J party/N ,/, the/D United/N _OOV_/N National/N Organization/N ,/, to/T build/V its/P convention/N and/C headquarters/N complex/N in/I _OOV_/N _OOV_/N ./.
The/D loan/N to/P _OOV_/N was/V made/V in/I September/N 1983/N ./.
``/N We/P lent/V a/D lot/N of/I money/N all/D over/I the/D place/N ,/, ''/N said/V _OOV_/N _OOV_/N _OOV_/N ,/, who/R refused/V to/T discuss/V the/D bank/N 's/P outstanding/J loans/N to/P
As/I well/C as/I the/D _OOV_/N 1.23/N billion/C in/I provisions/N announced/V on/I Oct./N 6/N ,/, the/D restructuring/N package/N covers/V an/D additional/J _OOV_/N _OOV_/N million/C in/I provisions/N made/V in/I earlier/J years/N but/I never/R reflected/V in/I a/D reduction/N of/I the/D bank/N 's/P _OOV_/N capital/N ./.
At/I the/D end/N of/I the/D exercise/N ,/, the/D cash/N injection/N from/I _OOV_/N will/P increase/V the/D bank/N 's/P _OOV_/N capital/N to/P _OOV_/N 1.15/N billion/C after/I virtually/N being/V wiped/V out/I by/I the/D new/J provisions/N ./.
_OOV_/N _OOV_/N might/P have/V stepped/V from/I a/D recruiting/V poster/N for/I young/J Republicans/N ./.
White/N ,/, 24/N years/N old/C ,/, a/D singer/N in/I her/P church/N choir/N ,/, she/P symbolizes/V a/D generation/N that/I gave/V its/P heart/N and/C its/P vote/N to/P Ronald/N Reagan/N ./.
``/N I/P felt/V kind/N of/I safe/N ,/, ''/N she/P says/V ./.
No/R longer/V ./.
When/I the/D Supreme/N Court/N opened/V the/D door/N this/D year/N to/T new/J restrictions/N on/I abortion/N ,/, Ms./N _OOV_/N opened/V her/P mind/V to/P Democratic/J politics/N ./.
Then/R a/D political/J novice/N ,/, she/P stepped/V into/I a/D whirl/N of/I ``/N _OOV_/N ''/N marches/N ,/, house/N parties/N and/C _OOV_/N ./.
Now/D she/P leads/V a/D grassroots/N _OOV_/N campaign/N in/I _OOV_/N County/N for/I _OOV_/N Democratic/N gubernatorial/N candidate/N James/N _OOV_/N ./.
``/N This/D is/V one/C where/I I/P cross/N party/N lines/N ,/, ''/R she/P says/V ,/, rejecting/V the/D _OOV_/N stance/N of/I Rep./N _OOV_/N 's/P opponent/N ,/, _OOV_/N Rep./N James/N _OOV_/N ./.
``/N People/N my/P age/N thought/V it/P was/V n't/R going/V to/T be/V an/D issue/N ./.
Now/I it/P has/V --/N especially/V for/I people/N my/P age/N ./. ''/R
_OOV_/N bear/N out/I this/D warning/N ,/, but/C after/I a/D decade/N of/I increased/V Republican/N influence/N here/C ,/, the/D new/J politics/N of/I abortion/N have/V contributed/V to/T a/D world/N turned/V upside/V down/I for/I Mr./N _OOV_/N ./.
Unless/I he/P closes/V the/D gap/N ,/, Republicans/N risk/N losing/V not/R only/R the/D governorship/N but/C also/R the/D assembly/N next/J month/N ./.
Going/N into/I the/D 1990s/N ,/, the/D _OOV_/N is/V paying/V a/D price/N for/I the/D same/J conservative/J social/J agenda/N that/I it/P used/V to/P torment/V Democrats/N in/I the/D past/J ./.
This/D change/N comes/V less/R from/I a/D shift/N in/I public/J opinion/N ,/, which/R has/V n't/R changed/V much/R on/I abortion/N over/I the/D past/J decade/N ,/, than/I in/I the/D boundaries/N of/I the/D debate/N ./.
New/N Jersey/N 's/P own/J highest/J court/N remains/V a/D liberal/J bulwark/N against/I major/J restrictions/N on/I abortion/N ,/, but/R the/D U.S./N Supreme/N Court/N ruling/N ,/, Webster/N vs./N Missouri/N ,/, has/V engaged/V voters/N across/I the/D nation/N who/R had/V been/V insulated/V from/I the/D issue/N ./.
Before/I July/N ,/, _OOV_/N voters/N could/P safely/V make/V political/J decisions/N without/I focusing/V narrowly/N on/I abortion/N ./.
Now/C ,/, the/D threat/N of/I further/J restrictions/N adds/V a/D new/J dimension/N ,/, bringing/V an/D upsurge/N in/I political/J activity/N by/I _OOV_/N forces/N ./.
A/D recent/J _OOV_/N rally/N in/I _OOV_/N drew/V thousands/N ,/, and/C in/I a/D major/J reversal/N ,/, Congress/N is/V defying/V a/D presidential/N veto/N and/C demanding/V that/I _OOV_/N abortions/N be/V permitted/V in/I cases/N of/I rape/N and/C incest/N ./.
``/N If/I Webster/N had/V n't/R happened/V ,/, you/P would/V n't/R be/V here/R ,/, ''/N _OOV_/N _OOV_/N tells/V a/D reporter/N in/I the/D _OOV_/N office/N of/I the/D National/N Organization/N for/I Women/N ./.
``/N We/P could/V have/V shouted/V from/I the/D rooftops/N about/I _OOV_/N and/C no/D one/C would/P have/V heard/V us/P ./. ''/R
New/N Jersey/N is/V a/D proving/N ground/N for/I this/D aggressive/J _OOV_/N movement/N this/D year/N ./.
The/D infusion/V of/I activists/N can/P bring/V a/D clash/N of/I cultures/N ./.
In/I _OOV_/N Hill/N ,/, the/D National/N _OOV_/N Rights/N Action/N League/N ,/, whose/R goal/N is/V to/T sign/N up/I 50,000/N _OOV_/N voters/N ,/, targets/N a/D union/N breakfast/N to/T build/V labor/J support/N for/I its/P cause/V ./.
The/D league/N organizers/N seem/V more/J a/D fit/V with/I a/D convention/N next/J door/N of/I young/J aerobics/N instructors/N in/I _OOV_/N than/I the/D _OOV_/N union/N leaders/N ;/N ``/N I/P wish/N I/P could/T go/V work/N out/I ,/, ''/N says/V a/D slim/N activist/N ./.
A/D labor/N chief/N speaks/V sardonically/N of/I having/V to/T ``/N man/N and/C woman/N ''/N Election/N Day/N phones/N ./.
No/D age/N group/N is/V more/J sensitive/J than/I younger/J voters/N ,/, like/I Ms./N _OOV_/N ./.
A/D year/N ago/I this/D fall/N ,/, New/N Jersey/N voters/N under/I 30/N favored/V George/N Bush/N by/I 56/N %/N to/P 39/N %/N over/I Michael/N _OOV_/N ,/, according/V to/T a/D survey/N then/C by/I _OOV_/N University/N 's/P _OOV_/C Institute/N ./.
A/D matching/N _OOV_/N _OOV_/N _OOV_/N poll/N last/J month/N showed/V a/D complete/J reversal/N ./.
_OOV_/N in/I the/D same/J age/N group/N backed/V Democrat/N _OOV_/N 55/N %/N to/P 29/N %/N over/I Republican/N _OOV_/N ./.
_OOV_/N alone/C ca/V n't/R explain/V this/D shift/N ,/, but/R New/N Jersey/N is/V a/D model/N of/I how/R so/R personal/J an/D issue/N can/P become/V a/D baseline/N of/I sorts/N in/I judging/V a/D candidate/N ./.
By/I a/D _OOV_/N ratio/N ,/, voters/N appear/V more/R at/I ease/N with/I Mr./N _OOV_/N 's/P stance/N on/I abortion/N ,/, and/C polls/N indicate/V his/P lead/V widens/V when/R the/D candidates/N are/V specifically/J linked/V to/T the/D issue/N ./.
``/N The/D times/N are/V my/P times/N ,/, ''/N says/V Mr./N _OOV_/N ./.
The/D _OOV_/N County/N congressman/N still/R carries/V himself/P with/I a/D trademark/N ``/N _OOV_/C ''/N intensity/N ,/, but/C at/I a/D pause/V in/I _OOV_/N 's/P Columbus/C Day/N parade/N recently/C ,/, he/P was/V dancing/N with/I his/P wife/N in/I the/D middle/N of/I the/D avenue/N in/I the/D city/N 's/P old/I _OOV_/N ward/N ./.
After/J losing/V by/I fewer/J than/I 1,800/N votes/N in/I the/D 1981/N governor/N 's/P race/N ,/, he/P has/V prepared/V himself/P methodically/N for/I this/D moment/N ,/, including/V deciding/V in/I recent/J years/N he/P could/T no/R longer/V support/N curbs/N on/I federal/J funding/N for/I _OOV_/N abortions/N ./.
``/N If/I you/P 're/V going/V to/T be/V consistent/J and/C say/V it/P is/V a/D constitutionally/N protected/V right/N ,/, ''/R he/P asks/V ,/, ``/N how/R are/V you/P going/V to/T say/V an/D upscale/N woman/N who/R can/P drive/V to/T the/D hospital/N or/C clinic/N in/I a/D nice/J car/N has/V a/D constitutional/V right/N and/C someone/N who/R is/V not/R in/I great/J shape/N financially/V does/V not/R ?/. ''/R
Mr./N _OOV_/N ,/, by/I comparison/N ,/, seems/V a/D shadow/N of/I the/D confident/V hawk/N who/I defended/V Oliver/N North/N before/I national/J cameras/N at/I Iran-Contra/N hearings/N two/C years/N ago/I ./.
Looking/V back/R ,/, he/P says/V he/P erred/N by/I stating/V his/P ``/N personal/C ''/N opposition/N to/T abortion/N instead/N of/I assuring/N voters/N that/I he/P would/R n't/R impose/V his/P views/N on/I ``/N policy/N ''/N as/I governor/N ./.
It/P is/V a/D distinction/N that/I satisfies/V neither/D side/N in/I the/D debate/N ./.
``/N He/P does/V n't/R know/V himself/P ,/, ''/N _OOV_/N _OOV_/N of/I the/D _OOV_/N Rights/N League/N says/V of/I Mr./N _OOV_/N 's/P position/N ./.
Even/D abortion/N opponents/N ,/, however/I angry/J with/I Mr./N _OOV_/N ,/, ca/P n't/R hide/V their/P frustration/N with/I the/D Republican/N 's/P ambivalence/N ./.
``/N He/P does/V n't/R want/V to/T lead/V the/D people/N ,/, ''/N says/V Richard/N _OOV_/N ,/, president/N of/I New/N Jersey/N Right/N to/P Life/R ./.
Moreover/N ,/, by/I stepping/V outside/I the/D state/N 's/P _OOV_/N tradition/N ,/, Mr./N _OOV_/N _OOV_/N fears/N that/I he/P is/V too/R conservative/N as/I well/C on/I more/J pressing/J concerns/N such/J as/I auto/N insurance/N rates/N and/C the/D environment/N ./.
He/P hurt/V himself/P further/R this/D summer/N by/I bringing/V homosexual/J issues/N into/I the/D debate/N ;/C and/C by/I wavering/N on/I this/D issue/N and/C abortion/N ,/, he/P has/V weakened/V his/P credibility/N in/I what/J is/V already/R a/D _OOV_/N campaign/N on/I both/R sides/N ./.
_OOV_/C to/P Congress/N in/I 1978/N ,/, the/D _OOV_/N Mr./N _OOV_/N is/V part/N of/I a/D generation/N of/I young/J conservatives/N who/R were/V once/R very/R much/R in/I the/D lead/V of/I the/D _OOV_/N shift/N under/I Mr./N Reagan/N ./.
Like/N many/J of/I his/P colleagues/N ,/, he/P did/V n't/R serve/V in/I Vietnam/N in/I the/D 1960s/N yet/R embraced/V a/D _OOV_/N defense/N and/C foreign/J policy/N --/N even/R voting/N against/I a/D 1984/N resolution/N critical/J of/I the/D U.S./N mining/N of/I _OOV_/N harbors/N ./.
Jack/N Kemp/N and/C the/D writers/N _OOV_/N Kristol/N and/C George/N _OOV_/N were/V influences/N ,/, and/C Mr./N _OOV_/N 's/P own/J conservative/J credentials/N proved/V useful/J to/T the/D current/J New/N Jersey/N _OOV_/N governor/N ,/, Thomas/N _OOV_/N ,/, in/I the/D 1981/N Republican/N primary/J here/R ./.
The/D same/J partnership/N is/V now/R crucial/J to/P Mr./N _OOV_/N 's/P fortunes/N ,/, but/R the/D abortion/N issue/N is/V only/R a/D reminder/N of/I the/D gap/N between/I his/P record/N and/C that/I of/I the/D more/J moderate/J ,/, _OOV_/N Gov./N _OOV_/N ./.
While/C the/D _OOV_/N County/N congressman/N pursued/V an/D _OOV_/N ,/, _OOV_/N agenda/N in/I Washington/N ,/, Gov./N _OOV_/N was/V approving/V increased/V income/N and/C sales/N taxes/N at/I home/N and/C overseeing/N a/D near/I doubling/N in/I the/D size/N of/I New/N Jersey/N 's/P budget/N in/I his/P eight/C years/N in/I office/N ./.
_OOV_/N forces/N play/V down/I any/D differences/N with/I Mr./N _OOV_/N ,/, but/C this/D history/N makes/V it/P harder/J for/I the/D conservative/N to/P run/V against/I government/N ./.
Mr./N _OOV_/N 's/P free-market/C plan/N to/T bring/V down/I auto/N insurance/N rates/N met/V criticism/N from/I Gov./N _OOV_/N 's/P own/J insurance/N commissioner/N ./.
Mr./N _OOV_/N is/V further/R hobbled/N by/I a/D record/N of/I votes/N opposed/V to/T government/N regulation/N on/I behalf/N of/I consumers/N ./.
_OOV_/N in/I Spanish/N from/I his/P days/N in/I the/D Peace/N _OOV_/N ,/, Mr./N _OOV_/N actively/N courts/N minority/N voters/N but/I seems/V oddly/V over/I his/P head/N ./.
He/P is/V warm/N and/C polished/V before/I a/D Puerto/N _OOV_/N Congress/N in/I _OOV_/N Park/N ./.
Yet/N minutes/N after/I promising/J to/T appoint/V _OOV_/C to/T high/J posts/N in/I state/N government/N ,/, he/P is/V unable/V to/T say/V whether/I he/P has/V ever/R employed/V any/D in/I his/P congressional/J office/N ./.
``/N I/P do/V n't/R think/V we/P do/V now/R ,/, ''/R he/P says/V ./.
``/N I/P think/V we/P did/V ./. ''/R
Asked/N the/D same/J question/N after/I his/P appearance/N ,/, Democrat/N _OOV_/N identifies/V a/D staff/N member/N by/I name/N and/C explains/V her/P whereabouts/V today/R ./.
When/I he/P is/V presented/V with/I a/D poster/N celebrating/V the/D organization/N 's/P 20th/N anniversary/N ,/, he/P recognizes/V a/D photograph/N of/I one/C of/I the/D founders/N and/C recalls/V time/N spent/V together/R in/I _OOV_/N ./.
Details/N and/C _OOV_/N are/V essential/J _OOV_/N ./.
_OOV_/C to/P Congress/N as/I a/D ``/N Watergate/N baby/N ''/N in/I 1974/N ,/, he/P ran/V for/I governor/N three/C years/N later/C ./.
In/I the/D opinion/N of/I many/J ,/, he/P has/V n't/R stopped/V running/V since/I ,/, even/R though/I he/P declined/V a/D rematch/N with/I Gov./N _OOV_/N in/I 1985/N ./.
His/P base/N in/I South/N Jersey/N and/C on/I the/D House/N Energy/N and/C Commerce/N Committee/N helped/V him/P sustain/V a/D network/N of/I _OOV_/N committees/N to/P preserve/V his/P edge/N ./.
With/I limited/J budgets/N for/I television/N in/I a/D high-priced/N market/N ,/, Mr./N _OOV_/N 's/P higher/J recognition/N than/I his/P rival/V is/V a/D major/J advantage/N ./.
More/I than/I ever/R ,/, his/P _OOV_/N and/C _OOV_/N record/N is/V in/I sync/N with/I the/D state/N ./.
Auto/N insurance/N rates/N are/V soaring/N ./.
A/D _OOV_/N fire/N destroyed/V part/N of/I an/D interstate/N highway/N this/D summer/N ./.
In/I _OOV_/N ,/, an/D important/J swing/N area/N ,/, Republican/N _OOV_/N now/R run/V on/I a/D slogan/N promising/V to/P keep/V the/D county/N ``/N clean/V and/C green/N ./. ''/R
Mr./N _OOV_/N _OOV_/N this/D vindication/N ,/, but/C at/I age/N 52/N ,/, the/D congressman/N is/V also/R a/D product/N of/I his/P times/N and/C losses/N ./.
He/P speaks/V for/I the/D death/N penalty/N as/I if/I reading/V from/I _OOV_/N 21/N ;/C to/P increase/V state/N revenue/N he/P focuses/V not/R on/I ``/N taxes/N ''/, but/C on/I ``/N audits/N ''/, to/P cut/V waste/N ./.
_OOV_/N consultants/N match/N ads/N with/I Mr./N _OOV_/N 's/P team/N ,/, and/C Mr./N _OOV_/N _OOV_/N himself/P as/I the/D lean/N ,/, mean/V Democratic/N fighting/N machine/N of/I the/D 1990s/N ./.
_OOV_/C to/T a/D young/J audience/N ,/, he/P scraps/V an/D old/J reference/N to/P _OOV_/N and/C _OOV_/N and/C instead/I quotes/N the/D _OOV_/N _OOV_/N ./.
The/D lyric/J chosen/V --/N ``/C long/R strange/J night/N ''/N --/R may/P be/V an/D apt/J footnote/N to/P television/N spots/N by/I both/D candidates/N intended/V to/T portray/V each/D other/J as/I a/D liar/J ./.
The/D Democratic/N lawmaker/N fits/V a/D pattern/N of/I younger/J reformers/N arising/V out/I of/I old/J machines/N ,/, but/C his/P ties/N to/P _OOV_/N remain/V a/D sore/J point/N because/I of/I the/D county/N 's/P past/J corruption/N ./.
His/D campaign/N hierarchy/N is/V chosen/V from/I elsewhere/V in/I the/D state/N ,/, and/C faced/V with/I criticism/N of/I a/D sweetheart/N bank/N investment/N ,/, he/P has/V so/R far/R blunted/V the/D issue/N by/I donating/V the/D bulk/N of/I his/P profits/N to/T his/P alma/D mater/N ,/, _OOV_/N State/N College/N ./.
Mr./N _OOV_/N 's/P _OOV_/C on/I the/D abortion/N issue/N after/I the/D Webster/N ruling/J divides/V some/R of/I his/P old/J constituency/N ./.
_OOV_/N _OOV_/N ,/, an/D unlikely/J but/I enthusiastic/J pipe/N major/J in/I an/D _OOV_/N County/N Irish/N bagpipe/N band/N ,/, speaks/V sadly/V of/I Mr./N _OOV_/N ./.
``/N I/P am/V a/D devout/N _OOV_/N ,/, ''/N says/V Mr./N _OOV_/N ,/, a/D 40-year-old/N health/N officer/N ./.
``/N I/P ca/P n't/R support/N him/P because/I of/I abortion/N ./. ''/R
Bill/N _OOV_/N Sr./N ,/, 72/N ,/, is/V _OOV_/C too/N ,/, but/R _OOV_/N by/I Mr./N _OOV_/N 's/P stand/V on/I abortion/N ./.
A/D security/N guard/N at/I a/D cargo/N terminal/N ,/, he/P wears/V a/D Sons/N of/I Italy/N jacket/N and/C cap/N celebrating/V ``/N The/D US/N 1/N _OOV_/N ./. ''/R
``/N I/P still/R think/V the/D woman/N has/V the/D right/J to/T do/V with/I her/P body/N as/I she/P pleases/N ,/, ''/R he/P says/V ./.
``/N If/I you/P want/V more/J opinions/N ask/V my/P wife/N ./.
She/R has/V lots/N of/I opinions/N ./.
Consumer/N prices/N rose/V a/D surprisingly/J moderate/J 0.2/N %/N in/I September/N ,/, pushed/V up/R mostly/R by/I a/D jump/N in/I clothing/N costs/N ,/, the/D Labor/N Department/N reported/V ./.
Energy/N costs/N ,/, which/R drove/V wholesale/J prices/N up/C sharply/I during/I the/D month/N ,/, continued/V to/T decline/N at/I the/D retail/N level/N ,/, pulling/V down/I transportation/N and/C helping/V to/T ease/N housing/J costs/N ./.
The/D report/N was/V the/D brightest/J news/N the/D financial/N markets/N had/V seen/V since/I before/I the/D stock/N market/N plunged/V more/R than/I 190/N points/N last/J Friday/N ./.
The/D Dow/N Jones/N Industrial/N Average/N rallied/V on/I the/D news/N ,/, closing/V _OOV_/N points/N higher/J at/I _OOV_/N ./.
Bond/N prices/N also/R jumped/V as/I traders/N appeared/V to/T read/V the/D data/N as/I a/D sign/N that/I interest/N rates/N may/P fall/V ./.
But/C many/J economists/N were/V not/R nearly/R as/I jubilant/N ./.
The/D climb/N in/I wholesale/J energy/N prices/N is/V certain/J to/T push/V up/R retail/N energy/N prices/N in/I the/D next/J few/J months/N ,/, they/P warned/V ./.
They/P also/R said/V the/D dollar/N is/V leveling/V off/R after/I a/D rise/N this/D summer/N that/D helped/V to/T reduce/V the/D prices/N of/I imported/V goods/N ./.
``/N I/P think/V inflation/N is/V going/V to/T pick/V up/R through/I the/D fall/N ,/, ''/N said/V Joel/N _OOV_/N ,/, a/D specialist/N on/I inflation/N who/J runs/V an/D economic/N consulting/N firm/N here/C ./.
``/N It/P has/V been/V in/I what/R I/P would/V describe/V as/I a/D lull/N for/I the/D past/J several/J months/N ./. ''/R
``/N We/P 've/V had/V _OOV_/N declines/N in/I consumer/N energy/N prices/N in/I each/D of/I the/D past/J three/C months/N ,/, and/C at/I the/D wholesale/N level/N those/C are/V fully/R behind/I us/C now/N ,/, ''/N said/V Jay/N _OOV_/N ,/, chief/J domestic/N economist/N at/I Bankers/N Trust/N Co./N in/I New/N York/N ./.
Because/C wholesale/J energy/N prices/N shot/V up/R by/I a/D steep/V 6.5/N %/N last/J month/N ,/, many/D analysts/N expected/J energy/N prices/N to/P rise/N at/I the/D consumer/N level/N too/C ./.
As/I a/D result/N ,/, many/J economists/N were/V expecting/V the/D consumer/N price/N index/N to/T increase/V significantly/C more/J than/I it/P did/V ./.
But/C retail/N energy/N prices/N declined/V 0.9/C %/N in/I September/N ./.
Though/V analysts/N say/V competition/N will/P probably/R hold/V down/I increases/V in/I retail/N energy/N prices/N ,/, many/D expect/V some/D of/I the/D wholesale/N rise/N to/P be/V passed/V along/I to/T the/D consumer/N before/I the/D end/N of/I the/D year/N ./.
Still/C ,/, some/D analysts/N insisted/V that/I the/D worst/J of/I the/D inflation/N is/V behind/I ./.
``/N It/P increasingly/J appears/V that/I _OOV_/N was/V a/D temporary/J inflation/N _OOV_/N and/C not/R the/D beginning/V of/I a/D cyclical/N inflation/N problem/N ,/, ''/N argued/V Edward/N _OOV_/N ,/, chief/J economist/N at/I Prudential-Bache/N Securities/N Inc./N in/I New/N York/N ./.
In/I both/J 1987/N and/C 1988/N ,/, consumer/N prices/N rose/V _OOV_/C %/N ./.
A/D run-up/N in/I world/N oil/N prices/N last/J winter/N sent/V consumer/N prices/N soaring/N at/I a/D _OOV_/N %/N annual/N rate/N in/I the/D first/J five/C months/N of/I this/D year/N ,/, but/R the/D subsequent/J decline/N in/I energy/N prices/N has/V pulled/V the/D annual/J rate/N back/R down/I to/P _OOV_/N %/N ./.
Mr./N _OOV_/N predicted/V that/D world/N business/N competition/N will/P continue/V to/T restrain/V prices/N ./.
``/N The/D bottom/N line/N is/V ,/, it/P seems/V to/T me/P that/I the/D economic/N environment/N has/V become/V very/R ,/, very/R _OOV_/N for/I a/D lot/N of/I businesses/N ,/, ''/R he/P said/V ./.
``/N Back/N in/I _OOV_/N ,/, business/N was/V operating/V at/I fairly/V tight/J capacity/N ,/, so/R businesses/N felt/V they/P could/R raise/V prices/N ./. ''/R
Now/C ,/, he/P said/V ,/, a/D slowdown/N in/I economic/N activity/N has/V _OOV_/N demand/N ./.
The/D mild/N inflation/N figures/N renewed/V investors/N '/P hopes/N that/I the/D Federal/N Reserve/N will/P ease/N its/P interest-rate/N stance/N ./.
The/D steep/J climb/V in/I producer/N prices/N reported/V last/J Friday/N fostered/V pessimism/N about/I lower/J interest/N rates/N and/C contributed/V to/T the/D stock/N market/N 's/P 6.9/C %/N plunge/N that/I day/N ./.
In/I the/D past/J several/J days/N ,/, however/C ,/, the/D U.S./N 's/P central/J bank/N has/V allowed/V a/D key/J interest/N rate/N to/P fall/V slightly/R to/T try/V to/T stabilize/V the/D markets/N ./.
Analysts/N say/V Fed/N policy/N makers/N have/V been/V wary/J of/I relaxing/V credit/N too/R much/R because/I they/P were/V still/R uncertain/N about/I the/D level/N of/I inflation/N in/I the/D economy/N ./.
Excluding/N the/D volatile/N categories/N of/I energy/N and/C food/N --/N leaving/V what/R some/D economists/N call/V the/D core/N inflation/N rate/N --/R consumer/N prices/N still/R rose/V only/R 0.2/N %/N in/I September/N ./.
Transportation/N costs/N actually/I fell/V 0.5/C %/N ,/, and/C housing/N costs/N gained/V only/R 0.1/N %/N ./.
Apparel/N prices/N _OOV_/N up/I 1.7/C %/N ,/, but/C that/I was/V after/I three/C months/N of/I declines/N ./.
Medical/N costs/N continued/V their/P steep/J ascent/N ,/, rising/V _OOV_/N %/N after/I four/C consecutive/N months/N of/I 0.7/N %/N increases/V ./.
Car/N prices/N ,/, another/D area/N that/I contributed/V to/T the/D steep/J rise/N in/I the/D wholesale/N index/N last/J month/N ,/, still/R showed/V declines/N at/I the/D consumer/N level/N ./.
They/P dropped/V _OOV_/C %/N as/I dealers/N continued/V to/T offer/V rebates/N to/T attract/V customers/N ./.
Food/N prices/N rose/V 0.2/C %/N for/I the/D second/J month/N in/I a/D row/N ,/, far/R slower/J than/I the/D monthly/N rises/N earlier/I in/I the/D year/N ./.
Separately/N ,/, the/D Labor/N Department/N reported/V that/D average/J weekly/N earnings/N rose/V 0.3/C %/N in/I September/N ,/, after/I adjusting/V for/I inflation/N ,/, following/I a/D 0.7/N %/N decline/N in/I August/N ./.
All/N the/D numbers/N are/V adjusted/V for/I seasonal/N fluctuations/N ./.
Here/J are/V the/D seasonally/N adjusted/V changes/N in/I the/D components/N of/I the/D Labor/N Department/N 's/P consumer/N price/N index/N for/I September/N ./.
After/N watching/V interest/N in/I the/D sport/N plummet/N for/I years/N ,/, the/D ski/N industry/N is/V trying/V to/T give/V itself/P a/D lift/N ./.
_OOV_/N the/D country/N ,/, resorts/N are/V using/V everything/N from/I fireworks/N to/P _OOV_/J concerts/N to/T attract/V new/J customers/N ./.
Some/R have/V built/V health/N _OOV_/N ,/, business/N centers/N and/C shopping/N villages/N so/C visitors/N have/V more/J to/T do/V than/I ski/N ./.
And/C this/D week/N ,/, the/D industry/N 's/P efforts/N will/P go/V national/J for/I the/D first/J time/N when/I it/P unveils/V a/D $/N 7/C million/C advertising/N campaign/N ./.
Such/J efforts/N --/N unheard/N of/I only/R a/D few/J years/N ago/I --/R are/V the/D latest/J attempts/N to/T revive/V the/D sagging/N $/N 1.76/C billion/C U.S./N ski/N industry/N ./.
Since/I the/D start/N of/I the/D decade/N ,/, _OOV_/N sales/N have/V grown/V only/R 3/N %/N a/D year/N on/I average/N ,/, compared/V with/I 16/N %/N annual/N growth/N rates/N in/I the/D _OOV_/N and/C _OOV_/N ./.
Last/J season/N ,/, _OOV_/N sales/N fell/V for/I the/D first/J time/N in/I seven/C years/N ./.
By/I some/D estimates/N ,/, nearly/R a/D fourth/J of/I all/D U.S./N ski/N areas/N have/V been/V forced/V to/T shut/V down/I since/I the/D early/J _OOV_/N ./.
Competition/N and/C mounting/N insurance/N and/C equipment/N costs/N have/V been/V the/D undoing/N of/I many/J resorts/N ./.
But/C another/D big/J problem/N has/V been/V the/D aging/N of/I baby/N boomers/N ./.
_OOV_/N ,/, after/I all/C ,/, has/V mainly/R been/V for/I the/D young/J and/C daring/N and/C many/J baby/N boomers/N have/V outgrown/V skiing/N or/C have/V too/R many/J family/N responsibilities/N to/P stick/V with/I the/D sport/N ./.
In/I its/P new/J ad/N campaign/N ,/, created/V by/I _OOV_/N _OOV_/N _OOV_/N &/N _OOV_/N Inc./N ,/, Chicago/N ,/, the/D ski/N industry/N is/V trying/V to/T change/V its/P image/N as/I a/D sport/N primarily/N for/I young/J white/J people/N ./.
One/V _OOV_/N TV/N spot/N features/N a/D diverse/J group/N of/I skiers/N gracefully/V gliding/N down/I _OOV_/N slopes/N :/P senior/J citizens/N ,/, minorities/N ,/, families/N with/I children/N --/N even/R a/D blind/J skier/N ./.
``/N _OOV_/N school/N is/V great/J ,/, ''/N cries/N out/I a/D tot/N ,/, bundled/V in/I a/D _OOV_/N as/I he/P plows/N down/I a/D bunny/J slope/N ./.
``/N You/P 'll/V never/R _OOV_/N you/P try/V ,/, ''/N says/V a/D black/J skier/N ./.
``/N We/P used/V to/T show/V some/D _OOV_/N skier/N in/I his/P twenties/V or/C thirties/V going/V over/I the/D edge/N of/I a/D cliff/N ,/, ''/N says/V _OOV_/N _OOV_/N ,/, a/D spokeswoman/N for/I the/D United/N _OOV_/N Industries/N Association/N ,/, the/D trade/N group/N sponsoring/N the/D campaign/N ./.
_OOV_/N promotions/N have/V traditionally/R avoided/V the/D touchy/J issue/N of/I safety/N ./.
But/C the/D new/J commercials/N deal/N with/I it/P indirectly/N by/I showing/V a/D woman/N smiling/N as/I she/P tries/V to/T get/V up/R from/I a/D fall/N ./.
``/N We/P wanted/V to/T show/V it/P 's/P okay/I if/I you/P fall/V ,/, ''/N says/V Ms./N _OOV_/N ./.
``/N Most/R people/N think/V if/I you/P slip/V ,/, you/P 'll/V wind/V up/N in/I a/D body/N cast/V ./. ''/R
The/D ad/N campaign/N represents/V an/D unusual/J spirit/N of/I cooperation/N among/I resorts/N and/C ski/N equipment/N makers/N ;/C normally/C ,/, they/P only/D run/V ads/N hyping/N their/P own/J products/N and/C facilities/N ./.
But/C in/I these/J crunch/N times/N for/I the/D ski/N industry/N ,/, some/D resorts/N ,/, such/J as/I the/D _OOV_/N Fire/N ,/, Red/N River/N and/C _OOV_/N ski/N areas/N in/I New/N Mexico/N ,/, have/V even/R started/V _OOV_/N skiers/N to/T each/D other/J 's/P slopes/N and/C next/J year/N plan/N to/T sell/V tickets/N good/J for/I all/D local/J lifts/V ./.
Many/J resorts/N also/R are/V focusing/V more/J on/I the/D service/N side/N of/I their/P business/N ./.
Since/I 40/C %/N of/I skiers/N are/V parents/N ,/, many/D slopes/N are/V building/N nurseries/N ,/, expanding/V ski/N schools/N and/C adding/V entertainment/N for/I kids/N ./.
_OOV_/N ,/, Colo./N ,/, now/R has/V a/D _OOV_/N that/D looks/V like/I an/D old/J mining/J town/N ;/N kids/V can/P ski/N through/I and/C pan/N for/I fool/V 's/P gold/N ./.
For/I $/T 15/C ,/, they/P can/R enjoy/V their/P own/J nightly/N entertainment/N ,/, with/I dinner/N ,/, without/I mom/N and/C dad/N ./.
A/D few/J years/N ago/I ,/, parents/N usually/I had/V to/T hire/V a/D sitter/V or/N take/V turns/V skiing/N while/I one/C spouse/N stayed/V with/I the/D children/N ./.
``/N Most/R parents/N who/R had/V to/T go/V through/I that/D never/R came/V back/R ,/, ''/N says/V Michael/N _OOV_/N ,/, president/N of/I _OOV_/N Associates/N Inc./N ,/, which/J owns/V and/I operates/V the/D _OOV_/N and/C nearby/N Beaver/N _OOV_/N resorts/N ./.
To/N make/V skiing/V more/J convenient/J for/I _OOV_/N visitors/N ,/, several/J resorts/N are/V buying/N or/I starting/V their/P own/J travel/N agencies/N ./.
In/I one/C phone/N call/V ,/, ski/N buffs/N can/P make/V hotel/N and/C restaurant/N reservations/N ,/, buy/V lift/V tickets/N ,/, rent/N ski/N equipment/N and/C sign/N up/C for/I lessons/N ./.
And/C resorts/N are/V adding/V other/J amenities/N ,/, such/J as/I pricey/N restaurants/N ,/, health/N _OOV_/N and/C vacation/N packages/N with/I a/D twist/N ./.
During/V _OOV_/N Carnival/N week/N ,/, for/I example/N ,/, visitors/N at/I Sunday/N River/N in/I Maine/N can/P take/V a/D _OOV_/N balloon/N ride/N ./.
``/N People/N these/C days/N want/V something/N else/V to/T do/V besides/V ski/N and/C sit/V in/I the/D bar/N ,/, ''/N says/V Don/N _OOV_/N ,/, executive/N director/N of/I _OOV_/N Fire/N ,/, _OOV_/N 's/P Chamber/N of/I Commerce/N ./.
The/D ski/N industry/N hopes/N to/T increase/V the/D number/N of/I skiers/N by/I 3.5/N million/C to/P about/I _OOV_/C million/C in/I the/D next/J five/C years/N with/I its/P latest/J ads/N and/C promotions/N ./.
But/C some/D think/V that/D 's/P being/V overly/V optimistic/R ./.
For/I one/C thing/N ,/, it/P may/R be/V tough/R to/T attract/V people/N because/I skiing/N is/V still/R expensive/J :/N a/D lift/J ticket/N can/V cost/N up/I to/T $/$ 35/C a/D day/N and/C equipment/N prices/N are/V rising/V ./.
And/C most/V _OOV_/N still/R prefer/V a/D warm/J climate/N for/I their/P winter/N excursions/N ./.
An/D American/N Express/N Co./N survey/N of/I its/P travel/N agents/N revealed/V that/I only/R 34/N %/N believe/V their/P clients/N will/P pick/V a/D trip/N this/D winter/N based/V on/I the/D availability/N of/I winter/N sports/N ,/, as/I opposed/V to/P 69/N %/N who/W think/V that/I _OOV_/N sports/N will/P be/V the/D deciding/J factor/N ./.
``/N Even/N if/I they/P could/R bring/V in/I that/D many/J new/J skiers/N ,/, I/P do/V n't/R know/V if/I -LCB-/N the/D industry/N -RCB-/N could/P handle/V that/D kind/N of/I an/D increase/N ,/, ''/N says/V _OOV_/N William/N Berry/N ,/, editor/N and/C publisher/N of/I the/D _OOV_/N Industry/N Letter/N in/I _OOV_/N ,/, _OOV_/N ./.
``/N Most/R people/N will/P come/V on/I the/D weekend/N ,/, the/D slopes/N will/P be/V overcrowded/V and/C then/I these/J -LCB-/N new/J skiers/N -RCB-/N wo/V n't/R come/V back/R ./.
They/P did/V n't/R play/V the/D third/J game/N of/I the/D World/N Series/N on/I Tuesday/N night/N as/I scheduled/V ,/, and/C they/P did/V n't/R play/V it/P on/I Wednesday/N or/C Thursday/N either/C ./.
But/C you/N knew/V that/R ,/, did/V n't/R you/P ?/.
They/P are/V supposed/V to/T play/V the/D game/N next/J Tuesday/N ,/, in/I _OOV_/N Park/N here/C ./.
The/D theory/N is/V that/I the/D stadium/N ,/, damaged/V by/I Tuesday/N 's/P earthquake/N ,/, will/P be/V repaired/V by/I then/R ,/, and/C that/I people/N will/P be/V able/V to/T get/V there/V ./.
Like/N just/R about/R everything/V else/N ,/, that/D remains/V to/T be/V seen/V ./.
_OOV_/C could/P intervene/V ./.
But/C ,/, at/I least/J ,/, the/D law/N of/I averages/V should/, have/V swung/V to/T the/D favorable/J side/N ./.
It/P may/V seem/V trivial/J to/T worry/V about/I the/D World/N Series/N amid/V the/D destruction/N to/T the/D Bay/N Area/N wrought/N by/I Tuesday/N 's/P quake/V ,/, but/R the/D name/N of/I this/D column/N is/V ``/N On/I Sports/N ,/, ''/R so/C I/P feel/V obliged/R to/T do/V so/R ./.
You/P might/V be/V interested/V to/T know/V that/D baseball/N ,/, not/R survival/N ,/, appeared/V to/T be/V the/D first/J thought/V of/I most/J of/I the/D crowd/N of/I _OOV_/N that/I had/V gathered/V at/I _OOV_/N at/I _OOV_/N p.m./N Tuesday/N ,/, a/D half-hour/N before/I game/N time/N ,/, when/R the/D quake/V struck/V ./.
As/I soon/C as/I the/D tremor/N passed/V ,/, many/D people/N spontaneously/N arose/V and/C cheered/V ,/, as/I though/I it/P had/V been/V a/D novel/N kind/N of/I _OOV_/N show/N ./.
One/J fan/N ,/, seated/V several/J rows/N in/I front/N of/I the/D open/N ,/, _OOV_/N auxiliary/N press/N section/N where/I I/P was/V stationed/V ,/, faced/V the/D assembled/V _OOV_/N and/C _OOV_/N shouted/V ,/, ``/N We/P arranged/V that/R just/R for/I you/N guys/N ''/N I/P thought/V and/C ,/, I/P 'm/V sure/N ,/, others/N did/V :/. ``/C You/P should/V n't/R have/V bothered/V ./. ''/R
I/P 'd/V slept/V through/I my/P only/R previous/J brush/N with/I natural/J disaster/N ,/, a/D tornado/V 15/N or/C so/I summers/N ago/I near/I _OOV_/N City/N ,/, Mich./N ,/, so/R I/P was/V unprepared/V for/I one/C reaction/N to/T such/J things/N :/, the/D urge/N to/T talk/N about/I them/P ./.
Perhaps/I primed/N by/I the/D daily/N diet/N of/I radio/N and/C TV/N reporters/N thrusting/V microphones/N into/I people/N 's/P faces/V and/C asking/V how/R they/P ``/N feel/V ''/N about/I one/C calamity/N or/C another/D ,/, fellow/N reporters/N and/I civilians/N who/J spied/V my/P press/N _OOV_/N were/V eager/R to/P chat/V ./.
``/N It/P felt/V like/V I/P was/V on/I a/D station/N platform/N and/C a/D train/N went/V by/I ,/, ''/N said/V one/C man/N ,/, describing/V my/P own/J reaction/N ./.
A/D women/N said/V she/P saw/V the/D park/N 's/P light/J standards/N sway/N ./.
A/D man/N said/V he/P saw/V the/D upper/J rim/V _OOV_/N ./.
I/P saw/V neither/D ./.
_OOV_/N of/I good/J sense/N to/T the/D contrary/V not/R withstanding/N ,/, the/D general/J inclination/N was/V to/T believe/V that/I the/D disturbance/N would/V be/V brief/J and/C that/D ball/N would/P be/V played/V ./.
``/N I/P was/V near/I the/D top/N of/I the/D stadium/N ,/, and/C saw/V a/D steel/N _OOV_/N bow/N six/C feet/N from/I where/R I/P sat/V ,/, but/C I/P stayed/V put/V for/I 10/N or/C 15/C minutes/N ,/, ''/N confessed/V a/D friend/N ./.
``/N I/P guess/V I/P thought/V ,/, `/N This/D is/V the/D World/N Series/N and/C I/P 'm/V not/R gon/N na/C wimp/N out/I '/P ''/N
Here/N in/I the/D Global/N _OOV_/N ,/, though/I ,/, folks/N do/V not/R stay/V uninformed/V for/I long/J ./.
_OOV_/N power/N was/V out/I in/I _OOV_/N _OOV_/N Park/N ,/, but/C _OOV_/C radios/N and/C television/N sets/N were/V plentiful/J ./.
Within/I a/D few/J minutes/C ,/, the/D true/N extent/N of/I the/D catastrophe/N was/V becoming/V clear/J ./.
Its/V _OOV_/N _OOV_/N measurement/N was/V reported/V as/I 6.5/N ,/, then/R 6.9/N ,/, then/R _OOV_/C ./.
A/D section/N of/I the/D Bay/N Bridge/N had/V collapsed/V ,/, as/I had/V a/D part/N of/I Interstate/N Highway/N 880/N in/I _OOV_/N ./.
People/N had/V died/V ./.
At/I _OOV_/N p.m./N ,/, scheduled/V game/N time/N having/I passed/V ,/, some/D fans/N chanted/V ``/N Let/J 's/P Play/N Ball/N ./. ''/R
No/R longer/V innocent/C ,/, they/P qualified/V as/I fools/N ./.
The/D stadium/N was/V ordered/V evacuated/V soon/C afterward/V ;/V the/D announcement/N ,/, made/V over/I police/N _OOV_/N ,/, cited/V the/D power/N outage/N ,/, but/C it/P later/R was/V revealed/V that/I there/V also/R had/V been/V damage/N of/I the/D sort/N reported/V by/I my/P friend/N ./.
Outside/N ,/, I/P spotted/N two/C young/J men/N _OOV_/N blocks/N of/I concrete/J ./.
``/N _OOV_/N of/I _OOV_/N ,/, ''/R they/P said/V ./.
The/D crowd/N remained/V good/J natured/N ,/, even/R bemused/N ./.
TV/N reporters/N interviewed/V fans/N in/I the/D parking/N lots/N while/I ,/, a/D few/J feet/V away/R ,/, others/N watched/V the/D interviews/N on/I their/P portable/V TVs/N ./.
The/D only/J frenzy/N I/P saw/V was/V commercial/N :/, _OOV_/N selling/N World/N Series/N commemorative/N stamps/N and/C dated/V _OOV_/N were/V besieged/V by/I fledgling/J speculators/N who/W saw/V future/J profit/N in/I the/D items/N ./.
The/D traffic/N jam/V out/I of/I the/D park/N was/V monumental/N ./.
It/P took/V me/P a/D half-hour/N to/P move/V 10/N feet/N from/I my/P parking/N spot/N in/I an/D outer/J lot/R to/T an/D aisle/N ,/, and/C an/D additional/J hour/N to/T reach/V an/D inner/J roadway/N a/D _OOV_/N away/R ./.
The/D _OOV_/N trip/N to/P my/P airport/N hotel/N that/I had/V taken/V 20/C minutes/N earlier/I in/I the/D day/N took/V more/J than/I three/C hours/N ./.
At/I my/P hotel/N ,/, the/D _OOV_/N ,/, power/N was/V out/I ,/, some/D interior/J plaster/N had/V broken/V loose/V and/C there/V had/V been/V water/J damage/N ,/, but/I little/R else/N ./.
With/I _OOV_/N randomness/N ,/, a/D hotel/N across/I the/D street/N ,/, the/D _OOV_/N ,/, had/V been/V hit/V harder/J :/, A/D large/J sheet/V of/I its/P concrete/J facade/N and/C several/J window/N _OOV_/N were/V torn/V away/R ./.
The/D _OOV_/N staff/N had/V ,/, kindly/N ,/, set/V out/I lighted/N candles/N in/I the/D ballroom/N ,/, prepared/V a/D _OOV_/N buffet/N and/C passed/V around/I pillows/N and/C blankets/N ./.
I/P fell/V asleep/R on/I the/D lobby/N floor/N ,/, next/J to/T a/D man/N wearing/N a/D Chicago/N _OOV_/N jacket/N ./.
I/P expected/V him/P to/T say/V ,/, ``/N I/P told/V you/P so/C ,/, ''/R but/C he/P already/R was/V snoring/J ./.
The/D journalistic/N consensus/N was/V that/I the/D earthquake/N made/V the/D World/N Series/N seem/V unimportant/N ./.
My/P response/N was/V that/D sports/N rarely/R are/V important/J ,/, only/D diverting/V ,/, and/C the/D quake/V merely/J highlighted/V that/J fact/N ./.
Should/V the/D rest/N of/I the/D Series/N be/V played/V at/I all/D ?/.
The/D quake/V and/C baseball/N were/V n't/R related/V ,/, unlike/V the/D massacre/N of/I athletes/N that/I attended/V the/D 1972/N _OOV_/N ./.
That/D heavily/J politicized/J event/N learned/V nothing/R from/I the/D horrifying/J experience/N ,/, and/C seems/V doomed/V to/T repeat/V it/P ./.
Two/N _OOV_/N _OOV_/N ./.
This/D has/V been/V widely/R dubbed/V the/D BART/N Series/N ,/, after/I the/D local/J subway/N line/N ,/, and/C the/D Bay/N Bridge/N Series/N ./.
_OOV_/N fly/N at/I _OOV_/N for/I the/D death/N of/I _OOV_/N _OOV_/N ,/, the/D late/J baseball/N commissioner/N ,/, and/C now/R the/D Bay/N Bridge/N lies/V in/I ruins/N ./.
A/D Series/N that/I was/V shaping/V up/N as/I the/D _OOV_/N since/I the/D _OOV_/N _OOV_/N _OOV_/N go/V of/I 1984/N has/V become/V memorable/J in/I the/D least/V fortunate/J way/N ./.
Still/C ,/, its/P edge/N is/V lost/V ./.
It/P now/V will/P be/V played/V mostly/R for/I the/D record/N ,/, and/C should/P be/V wrapped/V up/R as/I quickly/R as/I possible/J ,/, without/I ``/N off/R ''/R days/N ./.
And/C I/P will/V never/R again/R complain/V about/I a/D _OOV_/N ./.
The/D disarray/N in/I the/D junk-bond/N market/N that/I began/V last/J month/N with/I a/D credit/N crunch/N at/I Campeau/N Corp./N has/V offered/V commercial/N banks/N a/D golden/N opportunity/N to/T play/V a/D greater/J role/N in/I financing/N _OOV_/N takeovers/N ./.
But/C two/C big/J New/N York/N banks/N seem/V to/P have/V kicked/V those/P chances/N away/R ,/, for/I the/D moment/N ,/, with/I the/D embarrassing/J failure/N of/I _OOV_/N and/C Chase/N Manhattan/N Corp./N to/T deliver/V $/$ 7.2/C billion/C in/I bank/N financing/N for/I a/D leveraged/N buy-out/N of/I United/N Airlines/N parent/N UAL/N Corp/N ./.
For/I more/J than/I a/D decade/N ,/, banks/N have/V been/V pressing/V Congress/N and/C banking/N regulators/N for/I expanded/V powers/N to/T act/N like/I securities/N firms/N in/I playing/V Wall/N Street/N 's/P lucrative/J takeover/N game/N ,/, from/I giving/V mergers/N advice/N all/D the/D way/N to/P selling/V and/C trading/N high-yield/N junk/N bonds/N ./.
Those/C expanded/V powers/N reached/V their/P zenith/N in/I July/N when/I Bankers/C Trust/N New/N York/N Corp./N provided/V mergers/N advice/N ,/, an/D equity/N investment/N and/C bank/N loans/N for/I the/D $/N _OOV_/C billion/C leveraged/N buy-out/N of/I _OOV_/N Airlines/N parent/N _OOV_/N Inc/N ./.
One/N of/I the/D major/J selling/N points/N used/V by/I Los/N Angeles/N financier/N Alfred/N _OOV_/N in/I getting/V the/D takeover/N approved/V was/V that/I the/D deal/N did/V n't/R include/V any/D junk/N bonds/N ./.
That/D was/V seen/V as/I an/D advantage/N in/I lobbying/N airline/N employees/N and/C Washington/N regulators/N for/I approval/N of/I the/D contested/V takeover/N ./.
All/N $/N _OOV_/C billion/C in/I debt/N for/I the/D deal/N was/V supplied/V by/I banks/N ./.
Charles/N _OOV_/N ,/, _OOV_/N of/I mergers/N and/C acquisitions/N at/I Salomon/N Brothers/N Inc./N ,/, says/V it/P is/V natural/J for/I banks/N to/P try/V to/T expand/V beyond/I their/P _OOV_/J business/N of/I providing/V senior/J debt/N for/I _OOV_/N ./.
But/C the/D UAL/N collapse/N ,/, he/P says/V ,/, ``/C may/V tell/V you/P it/P 's/P not/R going/V to/T work/V that/I easily/C ./. ''/R
David/N _OOV_/N ,/, a/D mergers/N adviser/N in/I La/N _OOV_/N ,/, Calif./N ,/, who/R aided/V Los/N Angeles/N investor/N Marvin/N Davis/N on/I the/D bids/N which/I put/V both/R UAL/N and/C _OOV_/N in/I play/V as/I takeover/N candidates/N this/D year/N ,/, says/V that/D banks/N have/V been/V ``/N preparing/V to/T play/V a/D larger/J and/C larger/J role/N in/I acquisition/N financing/N ./. ''/R
Mr./N _OOV_/N says/V that/I in/I the/D past/J ,/, banks/N would/V normally/R have/V loaned/V 65/C %/N of/I a/D total/C buy-out/N price/N ,/, with/I the/D loans/N secured/V by/I the/D target/N company/N 's/P assets/N ./.
Another/V 20/N %/N of/I the/D borrowed/V funds/N would/P come/V from/I the/D sale/N to/T investors/N of/I junk/N bonds/N ,/, which/J offer/V less/J security/N and/C typically/J carry/V higher/J yields/V than/I bank/N loans/N ./.
Mr./N _OOV_/N 's/P purchase/N of/I _OOV_/N ,/, Mr./N _OOV_/N notes/N ,/, ``/N was/V probably/R the/D most/J aggressive/J to/T date/N ,/, ''/N with/I bank/N debt/N at/I 85/N %/N of/I the/D purchase/N price/N ./.
But/C Mr./N _OOV_/N says/V that/I _OOV_/N 's/P ``/C failure/N to/T deliver/V ''/N on/I its/P promise/N to/T raise/V the/D UAL/N bank/N debt/N for/I a/D labor-management/N buy-out/N group/N ``/N is/V very/R distressing/V to/T potential/J users/N of/I a/D `/N _OOV_/N '/P letter/N from/I commercial/N banks/N ./. ''/R
His/R client/N ,/, Mr./N Davis/N ,/, used/V just/R such/V a/D letter/N from/I _OOV_/N in/I pursuing/V UAL/N ;/N _OOV_/N later/I agreed/V to/T work/V with/I a/D competing/V UAL/N buy-out/N group/N ./.
Executives/N of/I _OOV_/N and/C Chase/N Manhattan/N declined/V to/T comment/V on/I either/I the/D UAL/N situation/N ,/, or/C on/I the/D changing/V nature/N of/I banks/N '/P role/N in/I financing/N takeovers/N ./.
In/I the/D wake/V of/I Campeau/N 's/P problems/N ,/, prices/N of/I junk/N bonds/N tumbled/N ,/, throwing/V into/I doubt/V the/D ability/N of/I corporate/N _OOV_/N to/P finance/N large/J takeovers/N with/I the/D help/V of/I junk/N bond/N sales/N ./.
Mark/N _OOV_/N ,/, senior/J managing/N director/N at/I Manufacturers/N _OOV_/N Trust/N Co./N ,/, says/V the/D _OOV_/N in/I junk/N bonds/N may/V yet/R open/V new/J business/N opportunities/N to/P banks/N in/I structuring/N takeovers/N ./.
But/C he/P warns/V that/D banks/N will/P have/V ``/N to/P have/V enough/V discipline/N ''/N not/R to/T make/V loans/N that/I are/V too/R risky/J ./.
In/I fact/N ,/, Manufacturers/N _OOV_/N said/V in/I its/P third-quarter/N earnings/N report/N that/D fees/N from/I _OOV_/N loans/N to/T other/J banks/N dropped/V 48/C %/N ,/, to/T $/$ 21/C million/C ./.
``/N We/P did/V n't/R take/V part/N in/I a/D lot/N of/I deals/V because/I their/P credit/N quality/N was/V poor/J ,/, ''/N says/V a/D bank/N spokesman/N ./.
James/N B./N Lee/N ,/, head/N of/I _OOV_/N and/C private/J placements/N at/I Chemical/N Banking/N Corp./N ,/, said/V he/P believes/V banks/N can/P still/R make/V a/D credible/J offer/N of/I _OOV_/N shopping/N for/I takeover/N finance/N ./.
As/I evidence/N ,/, he/P cites/V yesterday/N 's/P arrangement/N for/I the/D final/J financing/N of/I a/D $/N 3/C billion/C bid/N for/I American/N Medical/N International/N Inc./N in/I which/J Chemical/N served/V as/I both/D the/D lead/V bank/N and/C an/D equity/N investor/N ./.
Beyond/N the/D current/J weakness/N in/I the/D junk/N bond/N market/N ,/, banks/N have/V another/D advantage/N over/I investment/N banks/N in/I financing/N contested/V takeovers/N ./.
Arthur/N _OOV_/N Jr./N ,/, a/D takeover/N lawyer/N at/I Fried/N Frank/N Harris/N _OOV_/N &/N _OOV_/N ,/, notes/N that/I ``/N a/D political/J and/C emotional/N bias/N ''/N has/V developed/V against/I junk/N bonds/N ./.
One/J hostile/J bidder/N who/R deliberately/J avoided/V using/V junk/N bonds/N was/V Paramount/N Communications/N Inc./N in/I its/P initial/V offer/V to/T acquire/V Time/N Inc./N for/I $/$ _OOV_/C billion/C ,/, or/C $/$ 175/C a/D share/N ./.
A/D Paramount/N spokesman/N says/V that/D decision/N was/V based/V on/I the/D financial/N ,/, not/R political/J ,/, drawbacks/N of/I junk/N bonds/N ./.
But/C some/D observers/N believe/V Paramount/N Chairman/N Martin/N Davis/N wanted/V to/T avoid/V the/D possible/J taint/N of/I being/N perceived/V as/I a/D corporate/N raider/V in/I his/P controversial/J bid/N for/I Time/N ./.
In/I the/D end/N ,/, Mr./N Davis/N used/V junk/N bonds/N so/C that/I he/P could/T raise/V Paramount/N 's/P bid/N to/T $/$ 200/C a/D share/N ./.
Some/R _OOV_/N quarterbacks/N said/V the/D initial/V lower/J bid/N ,/, without/I junk/N bonds/N ,/, was/V a/D factor/N in/I his/P losing/V the/D company/N ./.
Time/N eluded/V Paramount/N by/I acquiring/V Warner/N Communications/N Inc/N ./.
The/D success/N of/I the/D _OOV_/N financing/N ,/, and/C the/D failure/N of/I the/D UAL/N deal/N ,/, also/R seem/V to/T highlight/V the/D important/J new/J role/N in/I takeover/N financing/N being/V played/V by/I Japanese/N banks/N ./.
Japanese/J banks/N accounted/V for/I 50/N %/N of/I the/D _OOV_/N bank/N debt/N ,/, according/V to/T a/D report/N by/I Transportation/N Secretary/N Samuel/N _OOV_/N ./.
But/C it/P was/V _OOV_/N rejection/N by/I Japanese/N banks/N that/I helped/V seal/N the/D fate/N of/I the/D attempt/N to/P buy/V UAL/N ./.
_OOV_/N and/C Chase/N are/V attempting/V to/T put/V together/R a/D new/J ,/, lower/J bid/N ./.
_OOV_/N _OOV_/N ,/, chief/J economist/N of/I the/D Institute/N for/I Financial/N Affairs/N Inc./N ,/, a/D Tokyo/N research/N center/N on/I finance/N and/C economics/N ,/, says/V ,/, ``/N The/D junk/N bond/N market/N became/V very/R _OOV_/N ,/, and/C there/V 's/P a/D fear/N of/I a/D coming/V recession/N and/C the/D possible/J bankruptcy/N of/I _OOV_/N companies/N ./.
_OOV_/N Inc./N filed/N suit/N in/I federal/J court/N here/C ,/, alleging/N that/I a/D group/N that/I holds/V _OOV_/N %/N of/I its/P stock/N made/V ``/C false/N ,/, deceptive/N and/C misleading/V ''/N statements/N in/I recent/J regulatory/J filings/N and/C public/J announcements/N ./.
_OOV_/N 's/P complaint/N claims/N that/I the/D group/N ,/, led/V by/I investor/N Malcolm/N _OOV_/N _OOV_/N ,/, violated/V securities/N laws/N by/I failing/N to/T disclose/V plans/V to/T purchase/N 15/C %/N of/I the/D company/N 's/P shares/N outstanding/N and/C that/I when/R the/D required/V Hart-Scott-Rodino/N filing/N eventually/C was/V made/V ,/, it/P did/V n't/R disclose/V the/D group/N 's/P alleged/V earlier/J violation/N of/I the/D so-called/N _OOV_/N requirements/N of/I the/D law/N ./.
Mr./N _OOV_/N could/P n't/R immediately/P be/V reached/V to/T comment/N ./.
But/C when/I _OOV_/C last/J week/N publicly/N questioned/V the/D legality/N of/I the/D group/N 's/P filing/J procedures/N ,/, the/D Rochester/N ,/, N.Y./N ,/, investor/N said/V ``/N we/P complied/V with/I every/D law/N ,/, ''/R and/C he/P denied/V any/D wrongdoing/N ./.
The/D _OOV_/N group/N said/V in/I a/D Securities/N and/C Exchange/N Commission/N filing/N in/I early/J October/N that/I it/P may/R seek/V a/D controlling/V interest/N in/I _OOV_/N ,/, or/C seek/V representation/N on/I the/D company/N 's/P board/N ./.
_OOV_/N has/V said/V it/P does/V n't/R intend/V to/T be/V acquired/V by/I the/D _OOV_/N group/N or/C any/D other/J party/N ./.
Inland/N Steel/N Industries/N Inc./N ,/, battered/V by/I lower/J volume/N and/C higher/J costs/N ,/, posted/V a/D 75/N %/N drop/V in/I third-quarter/N earnings/N ./.
The/D nation/N 's/P _OOV_/N steelmaker/N earned/V $/T _OOV_/C million/C ,/, or/C 43/N cents/N a/D share/N ,/, compared/V with/I $/$ 61/C million/C ,/, or/C $/$ _OOV_/C a/D share/N ,/, a/D year/N earlier/C ,/, when/R the/D industry/N was/V enjoying/V peak/N demand/N and/C strong/J pricing/N ./.
Sales/N fell/V to/T $/$ _OOV_/C million/C from/I $/$ 1.02/C billion/C ./.
The/D earnings/N also/R mark/N a/D significant/J drop/V from/I the/D second/J quarter/N 's/P $/$ _OOV_/C million/C or/C $/$ 1.25/C a/D share/N ./.
Moreover/N ,/, the/D earnings/N were/V well/C below/I analysts/N '/P expectations/N of/I about/R $/N _OOV_/C a/D share/N ./.
In/I composite/N trading/N on/I the/D New/N York/N Stock/N Exchange/N ,/, Inland/N closed/V yesterday/N at/I $/$ _OOV_/C a/D share/N ,/, down/I $/T 1/C ./.
The/D company/N attributed/V the/D earnings/N drop/V to/T lower/J volume/N related/V to/T seasonal/N demand/N and/C the/D soft/J consumer/N durable/J market/N ,/, especially/V in/I the/D automotive/N sector/N ./.
However/R ,/, the/D company/N also/R lost/V orders/N because/I of/I prolonged/J labor/J talks/N in/I the/D second/J quarter/N ./.
Third-quarter/N shipments/N slipped/V 7/C %/N from/I the/D year-ago/N period/N ,/, and/C 17/C %/N from/I this/D year/N 's/P second/J quarter/N ./.
Profit/N of/I steel/N shipped/V for/I the/D company/N 's/P steel/J segment/N slid/V to/T $/$ 26/C a/D ton/N ,/, from/I $/T 66/C a/D ton/N a/D year/N earlier/R and/C $/$ 57/C a/D ton/N a/D quarter/N earlier/J ./.
Analysts/N noted/V that/D the/D disappointing/J results/N do/V n't/R reflect/V lower/J prices/N for/I steel/J products/N ./.
Charles/N Bradford/N ,/, an/D analyst/N with/I Merrill/N Lynch/N Capital/N Markets/N ,/, said/V higher/J prices/N for/I galvanized/N and/C _OOV_/N products/N offset/N lower/J prices/N for/I bar/N ,/, _OOV_/N and/C structural/V steel/N ./.
Structural/N steel/N ,/, which/R primarily/J serves/V the/D construction/N market/N ,/, was/V especially/V hurt/V by/I a/D 15/N %/N price/N drop/V ,/, Mr./N Bradford/N said/V ./.
The/D company/N said/V its/P integrated/J steel/J sector/N was/V also/R hurt/V by/I higher/J raw/N material/N ,/, repair/V and/C maintenance/N ,/, and/C labor/N costs/N ./.
The/D increased/V labor/N costs/N became/V effective/J Aug./N 1/N under/I terms/N of/I the/D four-year/N labor/N agreement/N with/I the/D United/N _OOV_/N union/N ./.
Meanwhile/N ,/, the/D company/N 's/P service/N center/N segment/N ,/, which/R saw/V operating/V profit/N drop/V to/T $/$ 11.5/C million/C from/I $/$ _OOV_/C million/C a/D year/N ago/I ,/, experienced/V much/R of/I the/D same/J demand/N and/C cost/N problems/N ,/, as/I well/C as/I start-up/N costs/N associated/V with/I a/D coil/N processing/N facility/N in/I Chicago/N and/C an/D upgraded/V computer/N information/N system/N ./.
Inland/N Chairman/N Frank/N W./N _OOV_/N said/V the/D company/N 's/P short-term/N outlook/N is/V ``/N clouded/N by/I uncertainties/N in/I the/D economy/N and/C financial/N markets/N ./. ''/R
However/R ,/, he/P noted/V that/I steel/N mill/N bookings/N are/V up/R from/I early/J summer/J levels/N ,/, and/C that/I he/P expects/V the/D company/N to/T improve/V its/P cost/N performance/N in/I the/D fourth/J quarter/N ./.
In/I the/D first/J nine/N months/N ,/, profit/N was/V $/T 113/C million/C ,/, or/C $/$ _OOV_/C a/D share/N ,/, on/I sales/N of/I $/N _OOV_/C billion/C ,/, compared/V with/I $/$ _OOV_/C million/C ,/, or/C $/$ _OOV_/C a/D share/N ,/, on/I sales/N of/I $/N _OOV_/C billion/C ,/, a/D year/N earlier/R ./.
The/D ``/N seismic/N ''/N activity/N of/I a/D financial/N market/N bears/N a/D resemblance/N to/T the/D seismic/N activity/N of/I the/D earth/N ./.
When/I things/N are/V quiet/J -LRB-/N low/J volatility/N -RRB-/N ,/, the/D structures/N on/I which/J markets/N stand/V can/R be/V relatively/N inefficient/V and/C still/C perform/V their/P functions/N adequately/N ./.
However/R ,/, when/R powerful/J forces/N start/V shaking/V the/D market/N 's/P structure/N ,/, the/D more/J ``/N _OOV_/N ''/N it/P is/V ,/, the/D better/J its/P chance/N for/I survival/N ./.
America/N 's/P financial/N markets/N do/V not/R yet/R have/V all/D the/D required/V modern/J features/N required/V to/T make/V them/P fully/R ``/N _OOV_/N ./. ''/R
Investors/N lack/N equal/J access/N to/T the/D markets/N '/P trading/N arena/N and/C its/P information/N ./.
That/D structural/J lack/N is/V crucial/J because/I investors/N are/V the/D only/D source/N of/I market/N liquidity/N ./.
And/C liquidity/N is/V what/J markets/N need/N to/T damp/V quakes/N and/C aftershocks/N ./.
In/I today/J 's/P markets/N ,/, specialists/N -LRB-/N on/I the/D New/N York/N Stock/N Exchange/N -RRB-/N and/C ``/N upstairs/N ''/N market/N makers/N -LRB-/N in/I the/D over-the-counter/N market/N -RRB-/N are/V the/D only/J market/N participants/N allowed/V to/T play/V a/D direct/J role/N in/I the/D _OOV_/N process/N ./.
When/I they/P halt/N trading/N ,/, all/D market/N liquidity/N is/V gone/V ./.
And/C when/R any/D component/N of/I the/D market/N --/N cash/N ,/, futures/N or/C options/N --/N loses/V liquidity/N ,/, the/D price/N discovery/N system/N -LRB-/N the/D way/N prices/N are/V determined/V -RRB-/N becomes/V flawed/V or/C is/V lost/V entirely/R for/I a/D time/N ./.
Last/J Friday/N the/D 13th/N -LRB-/C as/I well/C as/I two/C years/N ago/I this/D week/N -RRB-/N the/D markets/N became/V _OOV_/N ./.
When/R that/D happened/V ,/, ``/N seismic/N ''/N tremors/N of/I fear/N --/N much/C like/I the/D shock/J waves/V created/V by/I an/D earthquake/N --/N _OOV_/N through/I the/D market/N and/C increased/V the/D market/N 's/P volatility/N ./.
_OOV_/N of/I important/J ,/, needed/V information/N can/V cause/V fear/N ./.
_OOV_/N is/V the/D father/N of/I panic/N ./.
_OOV_/C frequently/J results/N in/I irrational/J behavior/N ./.
And/C in/I financial/N markets/N ,/, irrational/J behavior/N is/V sometimes/R translated/V into/I catastrophe/N ./.
When/I market/N tremors/N start/N ,/, it/P is/V crucial/V that/J as/I much/R information/N about/I transaction/N prices/N and/C the/D _OOV_/N curve/N -LRB-/N buy/V and/C sell/V orders/N at/I various/J prices/N -RRB-/N be/V made/V available/V to/P all/D ,/, not/R just/R to/T market/N makers/N ./.
Because/C of/I a/D lack/N of/I information/N and/C access/N ,/, many/D investors/N --/N including/V the/D very/J ones/N whose/I buying/N power/N could/P restore/V stability/N and/C damp/J volatility/N --/N are/V forced/V to/T stand/V on/I the/D sidelines/N when/I they/P are/V most/J needed/V ,/, because/I of/I their/P ignorance/N of/I important/J market/N information/N ./.
To/N add/V _OOV_/C power/N to/P America/N 's/P markets/N ,/, a/D modern/J ,/, electronic/J trading/N system/N should/, be/V implemented/V that/D permits/V equal/J access/N to/T the/D trading/N arena/N -LRB-/N and/C the/D information/N that/I would/P automatically/R accompany/V such/J access/N -RRB-/N by/I investors/N --/N particularly/V institutional/J investors/N ./.
_OOV_/C to/P some/D opinions/N ,/, the/D trading/N activities/N of/I specialists/N and/C other/J market/N makers/N do/V not/R provide/V liquidity/N to/T the/D market/N as/I a/D whole/J ./.
What/J market/N makers/N provide/V is/V immediacy/N ,/, a/D very/R valuable/J service/N ./.
_OOV_/N is/V not/R a/D service/N ./.
It/P is/V a/D market/N attribute/N --/N the/D ability/N to/T absorb/V selling/V orders/N without/I causing/V significant/J price/N changes/N in/I the/D absence/N of/I news/N ./.
Market/N makers/N buy/V what/R investors/N wish/N to/T sell/V ;/R their/P business/N is/V _OOV_/N these/J unwanted/N positions/N as/I quickly/R as/I possible/J to/T other/J investors/N ,/, and/C at/I a/D profit/N ./.
As/I a/D result/N ,/, while/C any/D one/C customer/N may/V purchase/N immediacy/N by/I selling/N to/T a/D market/N maker/N -LRB-/C which/J is/V _OOV_/N for/I the/D investor/N -RRB-/N ,/, the/D market/N as/I a/D whole/J remains/V in/I the/D same/J circumstances/N it/P was/V before/I the/D transaction/N :/, The/D unwanted/N position/N is/V still/R an/D unwanted/N position/N ;/N only/R the/D identity/N of/I the/D seller/N has/V changed/V ./.
In/I fact/N it/P can/R be/V argued/V that/I increasing/J capital/N commitments/N by/I market/N makers/N -LRB-/N a/D result/V of/I some/D _OOV_/N crash/N studies/N -RRB-/N also/R increases/V market/N volatility/N ,/, since/I the/D more/J securities/N are/V held/V by/I market/N makers/N at/I any/D given/V time/N ,/, the/D more/J selling/N pressure/N is/V overhanging/V the/D market/N ./.
In/I an/D open/J electronic/J system/N ,/, any/D investor/N wishing/N to/T pay/V for/I real-time/N access/N to/T the/D trading/N arena/N through/I a/D registered/J broker-dealer/N would/P be/V able/V to/T see/V the/D entire/D _OOV_/N curve/N -LRB-/N buy/V and/C sell/V orders/N at/I each/D price/N -RRB-/N entered/V by/I dealers/N and/C investors/N alike/N ,/, and/C to/T enter/V and/C execute/V orders/N ./.
Current/N quotations/N would/P reflect/V the/D combined/V financial/N judgment/N of/I all/D market/N participants/N --/N not/R just/R those/C of/I intermediaries/N who/I become/V extremely/R _OOV_/N during/I times/N of/I crisis/N ./.
Investors/N and/C professionals/N alike/N would/V compete/V on/I the/D level/N playing/V field/N Congress/N sought/V and/C called/V a/D ``/N national/J market/N system/N ''/N -LRB-/C not/R yet/R achieved/V -RRB-/N almost/I 15/C years/N ago/I when/R it/P passed/V the/D Securities/N Reform/N Act/N of/I _OOV_/N ./.
Last/J Friday/N 's/P market/N _OOV_/N did/V not/R result/V in/I severe/J ``/N aftershocks/N ./. ''/R
Were/N we/P smart/V or/C just/R lucky/V ?/.
I/P 'm/V not/R certain/J ./.
But/C I/P am/V sure/N we/P need/V to/T maximize/V our/P ``/N earthquake/N ''/N protection/N by/I making/V certain/J that/I our/P market/N structures/N let/R investors/N add/V their/P mighty/V _OOV_/N power/N to/P our/D nation/N 's/P markets/N ./.
Mr./N _OOV_/N is/V chairman/N of/I his/P own/J consulting/N company/N in/I _OOV_/N ,/, N.J/N ./.
NOW/R YOU/N _OOV_/N IT/N ,/, now/R you/P do/V n't/R ./.
The/D recession/N ,/, that/I is/V ./.
The/D economy/N 's/P _OOV_/N steps/N leave/V investors/N wondering/V whether/I things/N are/V slowing/V down/I or/I speeding/V up/R ./.
So/R often/R are/V government/N statistics/N revised/V that/I they/P seem/V to/T resemble/V a/D spinning/N weather/N vane/N ./.
For/I the/D past/J seven/C years/N ,/, investors/N have/V had/V the/D wind/V at/I their/P backs/N ,/, in/I the/D form/N of/I a/D generally/J growing/V economy/N ./.
Some/R may/V have/V forgotten/V --/R and/C some/R younger/J ones/N may/R never/R have/V experienced/V --/N what/R it/P 's/P like/V to/T invest/V during/I a/D recession/N ./.
_OOV_/N tactics/N are/V called/V for/I ,/, as/I losing/V money/N becomes/V easier/R and/C making/V money/N becomes/V tougher/R ./.
For/I those/P investors/N who/W believe/V --/R or/C fear/N --/N that/I 1990/N will/P be/V a/D recession/N year/N ,/, many/D economists/N and/C money/N managers/N agree/V on/I steps/N that/I can/R be/V taken/V to/T lower/J the/D risks/N in/I a/D portfolio/N ./.
In/I a/D nutshell/N ,/, pros/N advise/N investors/N who/W expect/V a/D slowdown/N to/T hold/V fewer/J stocks/N than/I usual/V and/C to/T favor/V shares/N of/I big/J companies/N in/I ``/N defensive/N ''/N industries/N ./.
A/D heavy/J dose/N of/I cash/N is/V prescribed/V ,/, along/I with/I a/D _OOV_/N allotment/N to/T bonds/N --/N preferably/I government/N bonds/N ./.
It/P 's/P tempting/N to/T think/V these/J defensive/N steps/N can/P be/V delayed/V until/I a/D recession/N is/V clearly/R at/I hand/N ./.
But/C that/R may/V not/R be/V possible/J ,/, because/I recessions/N often/I take/V investors/N by/I surprise/N ./.
``/N They/P always/R seem/V to/T come/V a/D bit/N later/I than/I you/P expect/V ./.
When/I they/P do/V hit/V ,/, they/P hit/V fast/N ,/, ''/N says/V David/N A./N _OOV_/N ,/, chief/J financial/N economist/N at/I the/D Data/N Resources/N division/N of/I McGraw-Hill/N Inc/N ./.
Though/V he/P himself/P does/V n't/R expect/V a/D recession/N soon/C ,/, Mr./N _OOV_/N advises/J people/N who/I do/V that/I ``/N the/D best/J thing/N to/P be/V in/I is/V long/R that/D is/V ,/, _OOV_/C to/P 30-year/N Treasury/N bonds/N ./. ''/R
The/D reason/N is/V simple/J ,/, Mr./N _OOV_/N says/V :/N ``/C Interest/N rates/N almost/R always/D decline/N during/I recession/N ./. ''/R
As/I surely/C as/I a/D _OOV_/N tilts/N ,/, falling/V interest/N rates/N force/N up/I the/D price/N of/I previously/R issued/V bonds/N ./.
They/P are/V worth/V more/J because/I they/P pay/V higher/J interest/N than/I newly/R issued/V bonds/N do/V ./.
That/D effect/N holds/V true/J for/I both/J short-term/N and/C long-term/N bonds/N ./.
But/C short-term/N bonds/N ca/P n't/R rise/N too/R much/R ,/, because/I everyone/P knows/V they/P will/V be/V redeemed/V at/I a/D preset/N price/N fairly/N soon/C ./.
_OOV_/N bonds/N ,/, with/I many/J years/N left/V before/I maturity/N ,/, swing/V more/R widely/R in/I price/N ./.
But/C not/R just/R any/D bonds/N will/P do/V ./.
Corporate/N bonds/N ``/N are/V usually/R not/R a/D good/J bet/N in/I a/D recession/N ,/, ''/N Mr./N _OOV_/N says/V ./.
As/I times/N get/V tougher/N ,/, investors/N fret/N about/I whether/I companies/N will/P have/V enough/V money/N to/T pay/V their/P debts/N ./.
This/D hurts/V the/D price/N of/I corporate/N bonds/N ./.
Also/R ,/, he/P notes/N ,/, ``/N most/J corporate/N bonds/N are/V _OOV_/N ./. ''/R
That/D means/N that/I a/D corporation/N ,/, after/I a/D specified/V amount/N of/I time/N has/V passed/V ,/, can/R buy/V back/R its/P bonds/N by/I paying/V investors/N the/D face/N value/N -LRB-/N plus/N ,/, in/I some/D cases/N ,/, a/D sweetener/N -RRB-/N ./.
When/I interest/N rates/N have/V dropped/V ,/, it/P makes/V sense/N for/I corporations/N to/T do/V just/R that/R ;/V they/P then/R save/V on/I interest/N costs/N ./.
But/C the/D investors/N are/V left/V stranded/V with/I money/N to/P _OOV_/N at/I a/D time/N when/I interest/N rates/N are/V _OOV_/N ./.
If/I corporate/N bonds/N are/V bad/J in/I recessions/N ,/, junk/N bonds/N are/V likely/R to/P be/V the/D worst/J of/I all/D ./.
It/P 's/P an/D ``/N absolute/J necessity/N ''/N to/P get/V out/I of/I junk/N bonds/N when/I a/D recession/N is/V in/I the/D _OOV_/N ,/, says/V _OOV_/N _OOV_/N ,/, professor/N of/I finance/N at/I Cornell/N University/N ./.
``/N Such/J bonds/N are/V very/R sensitive/J to/T the/D downside/V ,/, and/C this/D could/V be/V a/D disaster/N ./. ''/R
Municipal/N bonds/N are/V generally/R a/D bit/N safer/I than/I corporate/N bonds/N in/I a/D recession/N ,/, but/R not/R as/I safe/J as/I bonds/N issued/V by/I the/D federal/J government/N ./.
During/V an/D economic/N slump/N ,/, local/J tax/N revenues/N often/J go/V down/I ,/, raising/V the/D risks/N associated/V with/I at/I least/J some/D _OOV_/N ./.
And/C ,/, like/V corporates/N ,/, many/D municipal/J bonds/N are/V _OOV_/N ./.
But/C a/D few/J experts/N ,/, going/V against/I the/D consensus/N ,/, do/V n't/R think/V bonds/N would/P help/V investors/N even/R if/I a/D recession/N is/V in/I the/D _OOV_/N ./.
One/N of/I these/J is/V Jeffrey/N L./N Beach/N ,/, director/N of/I research/N for/I _OOV_/N _OOV_/N &/N Co./N ,/, a/D brokerage/N house/N in/I Houston/N ,/, who/R thinks/V that/I ``/N we/P 're/V either/I in/I a/D recession/N or/C about/I to/P go/V into/I one/C ./. ''/R
What/J 's/P more/R ,/, he/P thinks/V this/D could/V be/V a/D _OOV_/N recession/N than/I usual/V :/N ``/C Once/I the/D downturn/N comes/V ,/, it/P 's/P going/V to/T be/V very/R hard/J to/T reverse/N ./. ''/R
Investors/N ,/, he/P advises/N ,/, ``/N should/, be/V cautious/N ,/, ''/R holding/V fewer/J stocks/N than/I usual/V and/C also/R shunning/J bonds/N ./.
Because/R he/P sees/V ``/N 5/N %/N to/P 6/N %/N base/N rate/N of/I inflation/N in/I the/D economy/N ,/, ''/R he/P doubts/N that/I interest/N rates/N will/P fall/V much/R any/D time/N soon/C ./.
Instead/C ,/, Mr./N Beach/N says/V ,/, investors/N ``/N probably/R should/, be/V carrying/V a/D very/R high/J level/N of/I cash/N ,/, ''/N by/I which/R he/P means/V such/J so-called/N cash/N equivalents/N as/I _OOV_/J funds/N and/C Treasury/N bills/N ./.
_OOV_/N _OOV_/N ,/, president/N of/I _OOV_/N Financial/N Inc./N in/I _OOV_/N ,/, Pa./N ,/, also/R recommends/V that/D investors/N go/V heavily/R for/I cash/N ./.
He/P is/V n't/R sure/J a/D recession/N is/V coming/V ,/, but/R says/V the/D other/J likely/J alternative/V --/N _OOV_/N inflation/N --/N is/V just/R as/I bad/J ./.
``/N This/D late/N in/I an/D expansion/N ,/, ''/N the/D economy/N tends/V to/T veer/V off/R either/C into/I damaging/V inflation/N or/C into/I a/D recession/N ,/, Mr./N _OOV_/N says/V ./.
The/D Federal/N Reserve/N Board/N 's/P plan/N for/I a/D ``/N soft/J landing/N ,/, ''/R he/P says/V ,/, requires/V the/D Fed/N to/P navigate/V ``/N an/D _OOV_/N corridor/N ./. ''/R
A/D soft/J landing/N is/V n't/R something/N that/R can/V be/V achieved/V once/C and/C for/I all/C ,/, Mr./N _OOV_/N adds/V ./.
It/P has/V to/T be/V engineered/V over/I and/C over/I again/R ,/, month/N after/I month/N ./.
He/P believes/V that/I the/D task/N facing/V Fed/N Chairman/N Alan/N Greenspan/N is/V so/R difficult/J that/I it/P resembles/V ``/N juggling/V a/D _OOV_/N ax/N and/C a/D buzz/N saw/V ./. ''/R
And/C ,/, in/I a/D sense/N ,/, that/D 's/P the/D kind/N of/I task/N individuals/N face/N in/I deciding/N what/R to/T do/V about/I stocks/N --/N the/D mainstay/N of/I most/J serious/J investors/N '/P portfolios/N ./.
It/P comes/V down/I to/T a/D question/N of/I whether/I to/T try/V to/T ``/N time/N ''/R the/D market/N ./.
For/I people/N who/R can/V ride/N out/I market/N waves/N through/I good/J times/N and/C bad/J ,/, stocks/N have/V been/V rewarding/J long-term/J investments/N ./.
Most/R studies/N show/V that/R _OOV_/N investors/N historically/I have/V earned/V an/D annual/J return/V from/I stocks/N of/I 9/N %/N to/P 10/N %/N ,/, including/V both/D dividends/N and/C price/N appreciation/N ./.
That/D 's/P well/J above/I what/J bonds/N or/C bank/N certificates/N have/V paid/V ./.
Moreover/N ,/, because/I no/D one/C knows/V for/I sure/J just/R when/R a/D recession/N is/V coming/V ,/, some/D analysts/N think/V investors/N should/P n't/R even/R worry/V too/R much/R about/I timing/N ./.
``/N _OOV_/N to/P time/V the/D economy/N is/V a/D mistake/N ,/, ''/N says/V David/N Katz/N ,/, chief/J investment/N officer/N of/I Value/N Matrix/N Management/N Inc./N in/I New/N York/N ./.
Mr./N Katz/N notes/N that/I some/D economists/N have/V been/V predicting/V a/D recession/N for/I at/I least/J two/C years/N ./.
Investors/N who/W listened/V ,/, and/C lightened/V up/R on/I stocks/N ,/, ``/C have/V just/R hurt/V themselves/P ,/, ''/R he/P says/V ./.
Mr./N Katz/N adds/V that/D people/N who/J jump/V in/I and/C out/I of/I the/D stock/N market/N need/N to/T be/V right/N about/I 70/C %/N of/I the/D time/N to/P beat/V a/D _OOV_/N strategy/N ./.
_OOV_/N trading/N runs/V up/R high/J commission/N costs/N ./.
And/C the/D _OOV_/N might/P miss/V the/D sudden/V _OOV_/N that/D account/N for/I much/R of/I the/D stock/N market/N 's/P gains/V over/I time/N ./.
Still/C ,/, few/J investors/N are/V able/V to/P sit/V tight/R when/R they/P are/V convinced/V a/D recession/N is/V coming/V ./.
After/N all/C ,/, in/I all/D five/C recessions/N since/I _OOV_/N ,/, stocks/N declined/V ./.
According/N to/P _OOV_/N Davis/N ,/, president/N of/I _OOV_/N Davis/N Research/N Inc./N in/I _OOV_/N ,/, _OOV_/N ,/, the/D average/J drop/V in/I the/D Dow/N Jones/N Industrial/N Average/N was/V about/I 21/C %/N ,/, and/C the/D decrease/V began/V an/D average/N of/I six/C months/N before/I a/D recession/N officially/N started/V ./.
By/I the/D time/N a/D recession/N is/V ``/N official/N ''/N -LRB-/N two/C consecutive/J quarters/N of/I declining/J gross/N national/J product/N -RRB-/N ,/, much/R of/I the/D damage/N to/T stocks/N has/V already/R been/V _OOV_/N ,/, in/I the/D typical/J case/N ,/, the/D recession/N is/V already/R half/J over/I ./.
About/N six/C months/N before/I a/D recession/N ends/N ,/, stocks/N typically/I begin/V to/T rise/N again/N ,/, as/I investors/N anticipate/V a/D recovery/N ./.
The/D average/J recession/N lasts/V about/I a/D year/N ./.
Unfortunately/C ,/, though/I ,/, recessions/N vary/V enough/N in/I length/N so/C that/I the/D average/N ca/P n't/R reliably/R be/V used/V to/T guide/N investors/N in/I timing/N stock/N sales/N or/I purchases/N ./.
But/C whatever/I their/P advice/N about/I timing/N ,/, none/R of/I these/J experts/N recommend/V _OOV_/N stocks/N entirely/C during/I a/D recession/N ./.
For/I the/D portion/N of/I an/D investor/N 's/P portfolio/N that/D stays/V in/I stocks/N ,/, professionals/N have/V a/D number/N of/I suggestions/N ./.
Mr./N Katz/N advocates/N issues/N with/I low/J _OOV_/N ratios/N --/N that/I is/V ,/, low/J prices/N in/I relation/N to/T the/D company/N 's/P earnings/N per/I share/N ./.
``/N _OOV_/N _OOV_/C ''/N stocks/N ,/, he/P says/V ,/, vastly/R outperform/V others/N ``/N during/I a/D recession/N or/C bear/N market/N ./. ''/R
In/I good/J times/N ,/, he/P says/V ,/, they/P lag/V a/D bit/N ,/, but/R overall/V they/P provide/V superior/J performance/N ./.
Prof./N _OOV_/N urges/N investors/N to/T discard/V stocks/N in/I small/J companies/N ./.
_OOV_/N shares/N typically/J fall/V more/J than/I _OOV_/N stocks/N in/I a/D recession/N ,/, he/P says/V ./.
And/C in/I any/D case/N ,/, he/P argues/V ,/, stocks/N of/I small/J companies/N are/V ``/N almost/R as/I overpriced/N as/I they/P were/V Sept./N 30/N ,/, 1987/N ,/, just/R before/I the/D crash/N ./. ''/R
For/I example/N ,/, Mr./N _OOV_/N says/V ,/, stocks/N of/I small/J companies/N are/V selling/V for/I about/R 19/N times/N cash/N flow/N ./.
_OOV_/N flow/N ,/, basically/I earnings/N plus/J depreciation/N ,/, is/V one/C common/J gauge/J of/I a/D company/N 's/P financial/N health/N ./. -RRB-/C
That/D ratio/N is/V dangerously/V close/J to/T the/D ratio/N of/I _OOV_/N that/I prevailed/V before/I the/D 1987/N _OOV_/N crash/N ,/, Mr./N _OOV_/N says/V ./.
And/C it/P 's/P way/N above/I the/D ratio/N -LRB-/N _OOV_/N times/N cash/N flow/N -RRB-/C that/I bigger/J companies/N are/V selling/V for/I ./.
Another/V major/J trick/N in/I making/V a/D portfolio/N _OOV_/N is/V choosing/V stocks/N in/I ``/N defensive/N ''/N industries/N ./.
Food/N ,/, tobacco/N ,/, drugs/N and/C utilities/N are/V the/D classic/J examples/N ./.
Recession/N or/C not/R ,/, people/N still/C eat/V ,/, smoke/N ,/, and/C take/V medicine/N when/I they/P 're/N sick/C ./.
George/N _OOV_/N III/N ,/, editor/N of/I _OOV_/N Letter/N in/I Boston/N ,/, offers/V one/C final/J tip/V for/I _OOV_/N investors/N ./.
``/N Keep/, some/D money/N available/V for/I opportunities/N ,/, ''/R he/P says/V ./.
``/N If/I the/D recession/N does/V hit/V ,/, there/V will/V be/V some/R great/J investment/N opportunities/N just/R when/R things/N seem/V the/D blackest/N ./. ''/R
Mr./N Dorfman/N covers/V investing/N issues/N from/I The/D Wall/N Street/N Journal/N 's/P New/N York/N bureau/N ./.
Some/D industry/N groups/N consistently/N weather/N the/D storm/V better/J than/I others/N ./.
The/D following/I shows/V the/D number/N of/I times/N these/J industries/N outperformed/V the/D Standard/N &/N Poor/N 's/P _OOV_/N Index/N during/I the/D first/J six/C months/N of/I the/D past/J seven/C recessions/N ./.
Bond/N prices/N posted/V strong/J gains/N as/I investors/N went/V on/I a/D bargain/N hunt/N ./.
But/C while/I the/D overall/J market/N improved/V ,/, the/D _OOV_/N junk-bond/N market/N continued/V to/T count/V casualties/N ,/, even/R as/I junk-bond/N prices/N rose/V ./.
Yesterday/N ,/, Prudential-Bache/N Securities/N Inc./N said/V it/P postponed/V a/D $/N _OOV_/C million/C senior/J subordinated/V _OOV_/N offering/N by/I York/N International/N Corp/N ./.
And/C Donaldson/N ,/, Lufkin/N &/N Jenrette/N Securities/N Corp./N scrambled/V to/T restructure/V and/C improve/V the/D potential/J returns/V on/I a/D $/N _OOV_/C million/C _OOV_/N offering/N by/I Chicago/N &/N North/N Western/N Acquisition/N Corp./N that/I was/V still/R being/V negotiated/V late/R last/J night/N ./.
The/D issue/N by/I Chicago/N &/N North/N Western/N is/V one/C of/I the/D so-called/N good/J junk-bond/N offerings/N on/I the/D _OOV_/N calendar/N ./.
Some/D analysts/N said/V the/D restructuring/N of/I the/D railroad/N concern/N 's/P issue/N shows/V how/R tough/R it/P is/V for/I underwriters/N to/P sell/V even/R the/D junk/N bonds/N of/I a/D company/N considered/V to/T be/V a/D relatively/N good/J credit/N risk/N ./.
Since/I last/J week/N 's/P junk-bond/C market/N debacle/N ,/, many/D new/J issues/N of/I high-yield/N ,/, high-risk/N corporate/N bonds/N have/V either/I been/V scaled/V back/R ,/, delayed/V or/C dropped/V ./.
On/I Wednesday/N ,/, Drexel/N Burnham/N Lambert/N Inc./N had/V to/T slash/N the/D size/N of/I Continental/N Airlines/N '/P junk-bond/N offering/V to/T $/$ 71/C million/C from/I $/$ 150/C million/C ./.
Salomon/N Brothers/N Inc./N has/V delayed/V Grand/N Union/N Co./N 's/P $/R _OOV_/C billion/C junk-bond/N offering/N while/I it/P _OOV_/N the/D transaction/N ./.
Last/J week/N ,/, the/D Grand/N Union/N offering/V was/V sweetened/N to/P include/J warrants/N that/I allow/V _OOV_/C to/P acquire/V common/J stock/N ./.
Prudential-Bache/N said/V the/D York/N issue/N was/V delayed/V because/I of/I market/N conditions/N ./.
``/N Everything/P is/V going/V through/I _OOV_/N right/N now/R ,/, and/C -LCB-/N Chicago/N &/N North/N Western/N -RCB-/N is/V no/D exception/N ,/, ''/N said/V _OOV_/N _OOV_/N ,/, vice/N president/N ,/, high-yield/N research/N ,/, at/I _OOV_/N ./.
_OOV_/N managers/N say/V sweeteners/N like/I equity/N kickers/N and/C stricter/J protective/J covenants/R may/V increasingly/J be/V required/V to/T sell/V junk-bond/N deals/V ./.
Dan/N _OOV_/N ,/, managing/N director/N of/I high-yield/N investments/N at/I Chancellor/N Capital/N Management/N ,/, said/V the/D Chicago/N &/N North/N Western/N offering/V was/V restructured/N in/I part/N because/I ``/C several/J large/J insurance/N buyers/N right/N now/R are/V demanding/V equity/N as/I part/N of/I the/D package/N ./.
If/I you/P 're/V going/V to/T take/V the/D risk/N in/I this/D market/N ,/, you/P want/V something/N extra/N ./. ''/R
Mr./N _OOV_/N likes/N the/D offering/N ./.
But/C several/J mutual-fund/N managers/N ,/, nervous/N about/I the/D deteriorating/N quality/N of/I their/P junk-bond/N portfolios/N and/C shy/N about/I buying/V new/J issues/N ,/, said/V they/P 're/V staying/V away/R from/I any/D junk/N security/N that/I is/V n't/R considered/V first/J rate/N for/I its/P class/N ./.
While/C they/P consider/V the/D Chicago/N &/N North/N Western/N issue/N to/P be/V good/J ,/, they/P do/V n't/R view/N it/P as/I the/D best/J ./.
To/N lure/V buyers/N to/T the/D Chicago/N &/N North/N Western/N bonds/N ,/, portfolio/N managers/N said/V Donaldson/N Lufkin/N sweetened/N the/D transaction/N by/I offering/V the/D bonds/N with/I a/D _OOV_/N interest/N rate/N and/C a/D 10/N %/N equity/N kicker/N ./.
The/D bonds/N are/V expected/V to/T have/V a/D 14/N %/N coupon/N rate/N ./.
The/D equity/N arrangement/N apparently/R would/V allow/V _OOV_/C to/P buy/V a/D total/J of/I 10/N %/N of/I the/D stock/N of/I _OOV_/N Corp./N ,/, Chicago/N &/N North/N Western/N 's/P parent/J company/N ./.
Donaldson/N Lufkin/N declined/V to/T comment/V on/I the/D restructuring/N ./.
According/N to/P some/D analysts/N familiar/J with/I the/D negotiations/N ,/, the/D 10/N %/N of/I equity/N would/P come/V directly/R from/I Donaldson/N Lufkin/N and/C a/D fund/N affiliated/N with/I the/D investment/N bank/N _OOV_/N Group/N ,/, which/R would/V reduce/V their/P _OOV_/N equity/N holdings/N by/I 5/N %/N each/D ./.
That/D would/V leave/V the/D _OOV_/N fund/N with/I a/D 60/N %/N stake/N and/C Donaldson/N Lufkin/N with/I 15/N %/N ./.
Despite/V the/D problems/N with/I new/J issues/N ,/, high-yield/N bonds/N showed/V gains/V in/I the/D secondary/N ,/, or/C resell/N ,/, market/N ./.
_OOV_/N bonds/N ended/V about/I one-half/N point/N higher/J with/I so-called/N high-quality/N issues/N from/I RJR/N Capital/N Holdings/N Corp./N and/C _OOV_/N Gas/N Service/N Limited/N _OOV_/N rising/V one/N point/N ./.
In/I the/D Treasury/N market/N ,/, the/D benchmark/N 30-year/N bond/N rose/V _OOV_/N point/N ,/, or/C $/$ 8.75/C for/I each/D $/N 1,000/C face/N amount/N ./.
The/D gain/V reflects/V fresh/J economic/N evidence/N that/I inflation/N is/V moderating/V while/I the/D economy/N slows/V ./.
That/D raised/V hopes/N that/I interest/N rates/N will/P continue/V to/T move/V lower/J ./.
The/D Labor/N Department/N reported/V that/D consumer/N prices/N rose/V just/R 0.2/C %/N last/J month/N ,/, slightly/R lower/I than/I some/D economists/N had/V expected/V ./.
But/C there/V were/V also/R rumors/N yesterday/C that/I several/J Japanese/J institutional/J investors/N were/V shifting/V their/P portfolios/N and/C buying/N long-term/C bonds/N while/I selling/N _OOV_/N Treasurys/N ./.
Short-term/N Treasury/N securities/N ended/V narrowly/I mixed/N ,/, with/I two-year/N notes/N posting/V slight/J declines/N while/I three-year/N notes/N were/V slightly/R higher/J ./.
Yesterday/N ,/, the/D Fed/N executed/V four-day/N matched/V sales/N ,/, a/D technical/J trading/N operation/N designed/V to/T drain/V reserves/N from/I the/D banking/N system/N ./.
The/D move/V was/V interpreted/V by/I some/D economists/N as/I a/D sign/N that/I the/D Fed/N does/V n't/R want/V the/D federal/J funds/N rate/N to/P move/V any/D lower/J than/I the/D 8/N %/N at/I which/J it/P has/V been/V hovering/N around/I during/I the/D past/J week/N ./.
The/D closely/N watched/V funds/N rate/N is/V what/R banks/N charge/N each/D other/J on/I overnight/J loans/N ./.
It/P is/V considered/V an/D early/J signal/N of/I Fed/N credit/N policy/N changes/N ./.
``/N The/D fact/N that/I they/P did/V four-day/N matched/V sales/N means/V they/P are/V not/R in/I a/D mood/N to/P ease/N aggressively/C ./.
They/P are/V telling/V us/P that/D -LCB-/N 8/N %/N -RCB-/N is/V as/I low/J as/I they/P want/V to/T see/V the/D fed/V funds/N rate/N ,/, ''/N said/V Robert/N _OOV_/N at/I _OOV_/N Bank/N PLC/N ./.
The/D benchmark/N 30-year/N bond/N was/V quoted/V late/N at/I a/D price/N of/I 101/N to/T yield/V _OOV_/C %/N ,/, compared/V with/I 100/N to/T yield/V _OOV_/C %/N Wednesday/N ./.
The/D latest/J 10-year/N notes/N were/V quoted/V late/N at/I 100/N to/T yield/V _OOV_/C %/N ,/, compared/V with/I 99/N to/T yield/V _OOV_/C %/N ./.
Short-term/N rates/N rose/V yesterday/C ./.
The/D discount/N rate/N on/I three-month/N Treasury/N bills/N rose/V to/T _OOV_/C %/N from/I _OOV_/N %/N Wednesday/N ,/, while/I the/D rate/N on/I six-month/N bills/N rose/V to/T _OOV_/C %/N from/I _OOV_/N %/N ./.
Meanwhile/N ,/, the/D Treasury/N sold/V $/T _OOV_/C billion/C of/I _OOV_/N bills/N yesterday/N ./.
The/D average/N yield/V on/I the/D bills/N was/V _OOV_/C %/N ,/, down/I from/I _OOV_/N %/N at/I the/D previous/J _OOV_/N bill/N auction/N Sept./N 21/N ./.
Yesterday/N 's/P yield/V was/V the/D lowest/J since/I _OOV_/C %/N on/I July/N 27/C ./.
Here/J are/V details/N of/I the/D auction/N :/.
Rates/N are/V determined/V by/I the/D difference/N between/I the/D purchase/N price/N and/C face/N value/N ./.
Thus/C ,/, higher/J bidding/J narrows/N the/D investor/N 's/P return/V while/I lower/J bidding/V widens/N it/P ./.
The/D percentage/N rates/N are/V calculated/V on/I a/D 360-day/N year/N ,/, while/I the/D coupon-equivalent/N yield/V is/V based/V on/I a/D 365-day/N year/N ./.
_OOV_/N bond/N price/N climbed/V yesterday/N despite/V skittishness/N in/I the/D _OOV_/N market/N for/I high-yield/N securities/N ./.
Dealers/N said/V junk/N bond/N issues/N on/I average/N were/V up/R by/I to/T point/V with/I so-called/N quality/N issues/N from/I RJR/N Capital/N Holdings/N Corp./N and/C _OOV_/N Gas/N Service/N Limited/N _OOV_/N posting/V _OOV_/N gains/N ./.
_OOV_/N Gas/N Service/N 's/P 13/C %/N debentures/N traded/V at/I 102/N ,/, after/I trading/N around/I par/N earlier/R this/D week/N ,/, and/C RJR/N 's/P 13/C %/N subordinated/V debentures/N of/I 2001/N were/V at/I 101/N after/I trading/N at/I below/I par/N earlier/R this/D week/N ./.
Investment-grade/N bonds/N were/V unchanged/J ./.
Activity/N was/V brisk/N in/I the/D _OOV_/N general/J obligation/N market/N ,/, as/I a/D series/N of/I sell/V lists/N hit/V the/D Street/N and/C capped/J upward/J price/N movement/N in/I the/D sector/N ./.
Traders/N estimated/V that/R more/J than/I $/T 140/C million/C of/I _OOV_/N bonds/N was/V put/V up/R for/I sale/N via/I _OOV_/N lists/V circulated/V by/I a/D handful/N of/I major/J brokers/N ./.
There/I was/V speculation/N that/I the/D supply/N was/V coming/V from/I a/D commercial/N bank/N 's/P portfolios/N ./.
According/N to/T market/N participants/N ,/, the/D bonds/N were/V met/V with/I decent/J bids/N ,/, but/R the/D volume/N of/I paper/N left/V high/J grades/N in/I the/D 10-year/N and/C under/I maturity/N range/N unchanged/J to/T _OOV_/N percentage/N point/N higher/J in/I yield/V ./.
_OOV_/N from/I the/D general/J obligation/N sector/N ,/, activity/N was/V modest/J ./.
Long/N dollar/N bonds/N were/V flat/J to/T up/I point/N ./.
New/N Jersey/N _OOV_/N Authority/N 's/P 7.20/C %/N issue/N of/I _OOV_/N was/V up/R at/I 98/N bid/N to/T yield/V about/I 7.32/C %/N ,/, down/I _OOV_/N percentage/N point/N ./.
The/D debt/N of/I some/D California/N issuers/N pulled/V off/R lows/V reached/V after/I Tuesday/N 's/P massive/J earthquake/N ,/, although/I traders/N said/V market/N participants/N remained/V cautious/N ./.
California/N expects/V to/T rely/V on/I federal/J emergency/N funds/N and/C its/P $/N _OOV_/C billion/C in/I general/J fund/N reserves/N to/T meet/V the/D estimated/V $/T 500/C million/C to/T $/$ 1/C billion/C in/I damages/N resulting/I from/I the/D quake/V ,/, according/V to/T a/D state/N official/N ./.
It/P 's/P also/R unclear/V precisely/R how/R the/D state/N will/P rebuild/V its/P reserve/N ,/, said/V _OOV_/N Katz/N ,/, assistant/N director/N of/I California/N 's/P department/N of/I finance/N ,/, although/I she/P noted/V that/I a/D bond/N offering/N for/I that/D purpose/N is/V n't/R anticipated/V ./.
Meanwhile/N ,/, new/J issuance/N was/V slow/V ./.
The/D largest/J sale/N in/I the/D competitive/J arena/N was/V a/D $/N _OOV_/C million/C issue/N of/I school/N financing/N bonds/N from/I the/D _OOV_/N Public/N School/N Authority/N ./.
A/D balance/N of/I $/N _OOV_/C million/C remained/V in/I late/N _OOV_/N ,/, according/V to/T the/D lead/V manager/N ./.
Mortgage/N securities/N generally/I ended/V to/T point/V higher/J ,/, but/R lagged/V gains/V in/I the/D Treasury/N market/N because/I of/I a/D shift/N in/I the/D shape/N of/I the/D Treasury/N yield/V curve/N and/C rumored/V mortgage/N sales/N by/I thrifts/N ./.
Premium/N Government/N National/N Mortgage/N Association/N securities/N with/I coupon/N rates/N of/I 13/N %/N and/C higher/J actually/D declined/V amid/I concerns/N about/I increased/V prepayments/N because/I of/I a/D plan/N being/V considered/V by/I Congress/N to/P speed/N the/D refinancing/N of/I _OOV_/N mortgages/N ./.
Ginnie/N Mae/N 13/N %/N securities/N were/V down/I about/I at/I _OOV_/N ./.
If/I the/D refinancing/N plan/N clears/V Congress/N ,/, there/V could/V be/V fairly/V heavy/J prepayments/N on/I the/D premium/N securities/N ,/, hurting/V any/D investor/N paying/V much/R above/I par/N for/I them/P ./.
In/I the/D _OOV_/N sector/N ,/, a/D shift/N in/I the/D Treasury/N yield/V curve/N resulting/V from/I the/D better/J performance/N of/I _OOV_/N issues/N over/I _OOV_/N securities/N hurt/V major/J coupons/N because/I it/P will/V become/V more/R difficult/J to/T structure/N new/J derivative/N securities/N offerings/N ./.
Ginnie/N Mae/N 9/N %/N securities/N ended/V at/I 98/N ,/, up/R 9/N ,/, 9/N %/N
%/N to/T a/D 12-year/N average/N life/N assumption/N ,/, as/I the/D spread/V above/I the/D Treasury/N 10-year/N note/N widened/V _OOV_/N percentage/N point/N to/P _OOV_/N ./.
While/N Remic/N issuance/N may/V slow/V in/I the/D coming/V days/N because/I of/I the/D shift/N in/I the/D Treasury/N yield/V curve/N ,/, underwriters/N continued/V to/T crank/N out/I new/J real/J estate/N mortgage/N investment/N conduits/N structured/V when/J the/D yield/V curve/N was/V more/R favorable/J ./.
Two/N new/J _OOV_/N totaling/N $/N 900/C million/C were/V announced/V by/I Freddie/N Mac/N yesterday/N ./.
British/N government/N bonds/N ended/V little/R changed/V as/I investors/N awaited/V an/D economic/N policy/N address/N last/J night/N by/I Chancellor/N of/I the/D _OOV_/N Nigel/N _OOV_/N ./.
The/D Treasury/N 11/N %/N bond/N due/V was/V down/I at/I 111/N to/T yield/V _OOV_/C %/N ,/, while/I the/D 11/N %/N notes/N due/V 1991/N were/V unchanged/J at/I 98/N to/T yield/V _OOV_/C %/N ./.
In/I Japan/N ,/, the/D bellwether/N No./N 111/N 4.6/N %/N bond/N of/I 1998/N ended/V off/R _OOV_/N at/I _OOV_/N ,/, to/T yield/V _OOV_/C %/N ,/, and/C in/I West/N Germany/N ,/, the/D 7/N %/N benchmark/N issue/N due/J October/N 1999/C ended/V _OOV_/N point/N lower/J at/I _OOV_/N to/T yield/V _OOV_/C %/N ./.
