``/C We/P 're/V strongly/R recommending/V that/D anyone/N who/W has/V eaten/V in/I the/D cafeteria/N this/D month/N have/V the/D shot/N ,/, ''/N Mr./N _OOV_/N added/V ,/, ``/N and/C that/D means/V virtually/V everyone/R who/P works/N here/R ./.
I/P was/V appalled/V to/T read/V the/D _OOV_/N of/I facts/N in/I your/P Oct./N 13/N editorial/N ``/N _OOV_/N 's/P _OOV_/N _OOV_/N ./. ''/'
It/P is/V the/D _OOV_/J guerrillas/N who/W are/V aligned/N with/I the/D drug/N traffickers/N ,/, not/R the/D left/J wing/N ./.
This/D information/N was/V gleaned/V from/I your/J own/P news/N stories/N on/I the/D region/N ./.
Past/N _OOV_/C government/N tolerance/N of/I the/D ``/N _OOV_/N ''/N was/V due/V to/T the/D drug/N lords/N '/P history/N of/I wiping/V out/I leftists/N in/I the/D hinterlands/N ./.
Mary/N _OOV_/N Palo/N Alto/N ,/, Calif/N ./.
I/P suggest/V that/D The/D Wall/N Street/N Journal/N -LRB-/N as/I well/R as/I other/J U.S./J news/N publications/N of/I like/J mind/N -RRB-/N should/M put/V its/P money/N where/I its/P mouth/N is/V :/J _OOV_/C computer/N equipment/N to/T replace/V that/D damaged/V at/I El/N _OOV_/N ,/, buy/V ad/N space/N ,/, publish/V stories/N under/I the/D _OOV_/N of/I El/N _OOV_/N journalists/N ./.
Perhaps/R an/D arrangement/N could/M be/V worked/V out/I to/T ``/C sponsor/N ''/N El/N _OOV_/N journalists/N and/C staff/N by/I paying/V for/I added/V security/N in/I exchange/N for/I exclusive/J stories/N ./.
_OOV_/N El/N _OOV_/N 's/P courage/N with/I real/J support/N ./.
Douglas/N B./N Evans/N
_OOV_/N Co/N ./. -LRB-/N Atlanta/N -RRB-/N --/: _OOV_/N _OOV_/N and/C George/N _OOV_/N were/V elected/V vice/J presidents/N of/I this/D _OOV_/J company/N ./.
Mr./N _OOV_/N ,/, 46/C years/N old/R ,/, is/V the/D company/N 's/P director/N of/I quality/N assurance/V ;/N most/R recently/R ,/, he/P served/V as/I vice/J president/N ,/, operations/N ,/, for/I Coca-Cola/N _OOV_/N ./.
Mr./N _OOV_/N ,/, 48/N ,/, is/V manager/N for/I corporate/J manufacturing/N operations/N ;/: he/P was/V assistant/N vice/N president/N at/I the/D company/N ./.
In/I the/D wake/V of/I a/D slide/N in/I sterling/N ,/, a/D tailspin/N in/I the/D stock/N market/N ,/, and/C a/D string/N of/I problematic/J economic/N indicators/N ,/, British/N Chancellor/N of/I the/D _OOV_/N Nigel/N _OOV_/N promised/V gradual/J improvement/N in/I the/D U.K./J economy/N ./.
In/I a/D speech/N prepared/V for/I delivery/N to/T London/N 's/P financial/J community/N ,/, Mr./N _OOV_/N summed/V up/R current/J economic/N policy/N as/I a/D battle/N to/T _OOV_/C inflation/N out/I of/I the/D British/N economy/N ,/, using/V high/J interest/N rates/N as/I ``/C the/D essential/J instrument/N ''/N to/T carry/V out/I the/D campaign/N ./.
Two/C weeks/N after/I boosting/V base/N rates/N to/T 15/C %/N ,/, he/P pledged/N that/I ``/J rates/N will/M have/V to/T remain/V high/J for/I some/J time/N to/T come/V ./. ''/'
Mr./N _OOV_/N also/R made/V it/P clear/J that/D he/P would/M be/V watching/V exchange/N rates/N carefully/I ./.
A/D sinking/N pound/N makes/V imports/N more/R expensive/J and/C increases/J businesses/N '/P expectations/N of/I future/J inflation/N ,/, he/P argued/V ./.
In/I an/D apparent/J warning/N to/T currency/N traders/N who/W have/V lately/V been/V selling/V the/D British/N currency/N ,/, he/P stated/V that/I the/D exchange/N rates/N will/M have/V a/D ``/N major/J role/N in/I the/D assessment/N of/I monetary/N conditions/N ./. ''/'
In/I reaffirming/V the/D current/J monetary/N policy/N of/I using/V high/J interest/N rates/N to/T fight/N inflation/N and/C shore/N up/I the/D pound/N ,/, Mr./N _OOV_/N dismissed/V other/J approaches/N to/T managing/N the/D economy/N ./.
He/P said/V he/P monitors/N the/D _OOV_/J figures/N ,/, but/R does/V n't/R give/V them/P paramount/J importance/N ,/, as/I some/J private/J and/C government/N economists/N have/V suggested/V ./.
Mr./N _OOV_/N also/R dismissed/V the/D possibility/N of/I imposing/V direct/J credit/N controls/V on/I Britain/N 's/P financial/J system/N ./.
Mr./N _OOV_/N 's/P speech/N ,/, delivered/V at/I the/D Lord/N Mayor/N of/I London/N 's/P annual/J dinner/N at/I _OOV_/C House/N ,/, came/V on/I the/D heels/N of/I a/D grueling/J period/N for/I the/D U.K./J economy/N ./.
Two/C weeks/N ago/I ,/, in/I a/D campaign/N to/T blunt/J inflation/N at/I home/N and/C arrest/N a/D world-wide/J plunge/N in/I the/D pound/N ,/, he/P raised/V base/N rates/V a/D full/J percentage/N point/N to/T 15/C %/N ./.
Despite/C the/D increase/N ,/, the/D British/N currency/N slid/V below/I a/D perceived/J threshold/N of/I three/C marks/N early/I last/J week/N ./.
It/P was/V quoted/V at/I _OOV_/J marks/N in/I late/J New/N York/N trading/N Wednesday/N ./.
_OOV_/C up/I to/T the/D speech/N was/V a/D _OOV_/N of/I economic/N statistics/N suggesting/V that/I the/D British/N war/N on/I inflation/N will/M be/V more/J bruising/V than/I previously/R assumed/V ./.
_OOV_/C in/I September/N dropped/V to/T _OOV_/C ,/, the/D lowest/J level/N since/I 1980/N ./.
While/C lower/J _OOV_/N is/V generally/R good/J news/N ,/, the/D hefty/N drop/V last/J month/N indicates/V that/I the/D economy/N is/V n't/R slowing/V down/I as/I much/R as/I hoped/V --/P despite/V a/D doubling/N of/I interest/N rates/N over/I the/D last/J 16/J months/N ./.
Meanwhile/N ,/, average/J earnings/N in/I Britain/N were/V up/R 8.75/C %/N in/I August/J over/I the/D previous/J year/N ./.
Another/J inflationary/N sign/N came/V in/I a/D surge/N in/I _OOV_/J lending/N to/T a/D record/N #/N _OOV_/C billion/C -LRB-/C $/$ _OOV_/C billion/C -RRB-/C last/J month/N ,/, a/D much/R higher/J level/N than/I economists/N had/V predicted/V ./.
In/I a/D separate/J speech/N prepared/V for/I delivery/N at/I the/D dinner/N ,/, Robin/N _OOV_/N ,/, Bank/N of/I England/N governor/N ,/, conceded/V that/I ``/C demand/N pressures/N were/V even/R more/J buoyant/V than/I had/V been/V appreciated/J ''/N when/W the/D British/N economy/N was/V heating/V up/R last/J year/N ./.
He/P added/V that/I ``/N there/V 's/P no/D _OOV_/N solution/N ''/N to/T the/D economic/N woes/N ,/, and/C said/V ``/C tight/J monetary/N policy/N is/V the/D right/J approach/N ./. ''/'
_OOV_/C the/D recent/J slide/V in/I stock/N prices/N ,/, the/D central/J bank/N governor/N stated/V that/D ``/C the/D markets/N now/P appear/V to/T have/V _OOV_/C ''/N after/I the/D ``/N nasty/J jolt/N ''/N of/I the/D _OOV_/J plunge/N in/I the/D Dow/N Jones/N Industrial/N Average/C a/D week/N ago/I ./.
Although/I the/D New/N York/N market/N plunge/N prompted/V a/D _OOV_/J drop/V in/I the/D London/N Financial/N Times-Stock/N Exchange/N 100/N Share/N Index/N ,/, Mr./N _OOV_/N declared/V ``/C that/I the/D experience/N owed/V nothing/R to/T the/D particular/J problems/N of/I the/D British/N economy/N ./. ''/'
Specifically/I ,/, he/P pointed/V out/I that/D compared/V with/I the/D U.S./J market/N ,/, the/D U.K./N has/V far/R fewer/J highly/R leveraged/N junk-bond/N _OOV_/N ./.
_OOV_/C future/V monetary/N arrangements/N ,/, Mr./N _OOV_/N repeated/V the/D Thatcher/J government/N 's/P commitment/N to/T join/V the/D exchange/N rate/N mechanism/N of/I the/D European/N _OOV_/N System/N ,/, but/R he/P did/V n't/R indicate/V when/R ./.
C./N Olivetti/N &/N Co./N ,/, claiming/V it/P has/V won/V the/D race/N in/I Europe/C to/T introduce/V computers/N based/V on/I a/D powerful/J new/J microprocessor/J chip/N ,/, unveiled/V its/P _OOV_/J computer/N yesterday/N ./.
The/D product/N is/V the/D first/J from/I a/D European/J company/N based/V on/I Intel/N Corp./N 's/P new/J _OOV_/N _OOV_/N microprocessor/N ,/, which/P works/N several/J times/N faster/R than/I previously/R available/V chips/N ./.
Hewlett-Packard/N Co./N became/V the/D first/J company/N world-wide/N to/T announce/V a/D product/N based/V on/I the/D chip/N earlier/R this/D month/N ,/, but/R it/P wo/V n't/R start/V shipping/N the/D computers/N until/V early/I next/J year/N ./.
An/D Olivetti/N spokesman/N said/V the/D company/N 's/P factories/N are/V already/R beginning/V to/T produce/V the/D machine/N ,/, and/C that/D it/P should/M be/V available/V in/I Europe/N by/I December/N ./.
``/C What/I this/D means/V is/V that/D _OOV_/C will/M have/V these/J machines/N in/I their/P offices/N before/I Americans/N do/V ,/, ''/N the/D spokesman/N said/V ./.
The/D new/J chip/N ``/N is/V a/D very/J big/J step/N in/I computing/N ,/, and/C it/P is/V important/J that/D Olivetti/C be/V one/C of/I the/D first/J out/I on/I the/D market/N with/I this/D product/N ,/, ''/N said/V _OOV_/N _OOV_/N Davis/N ,/, an/D analyst/N at/I James/N _OOV_/N &/N Co./N in/I London/N ./.
Executives/C at/I Olivetti/N ,/, whose/J earnings/N have/V been/V steadily/R sliding/V over/I the/D past/J couple/N of/I years/N ,/, have/V acknowledged/V that/I in/I the/D past/J they/P have/V lagged/V at/I getting/V new/J technology/N to/T market/N ./.
Ms./N Davis/N said/V the/D new/J machines/N could/M steal/V some/J sales/N away/I from/I Olivetti/N 's/P own/P minicomputers/N ,/, but/R would/M bring/V new/J sales/N among/I professionals/N such/I as/I engineers/N ,/, _OOV_/N and/C medical/J doctors/N ./.
Although/N Olivetti/N 's/P profits/N tumbled/N 40/C %/N in/I the/D first/J half/N of/I this/D year/N ,/, she/P believes/V Olivetti/N 's/P restructuring/N last/I fall/V and/C its/P introduction/N of/I new/J products/N will/M begin/V to/T bear/N fruit/N with/I an/D earnings/N rebound/V next/J year/N ,/, especially/V if/I it/P can/M fulfill/V its/P promise/N to/T deliver/V the/D new/J machines/N by/I December/N ./.
``/C We/P think/V the/D worst/J is/V over/I ''/N in/I the/D European/J _OOV_/C market/N ,/, she/P said/V ./.
Depending/C on/I the/D type/N of/I software/N and/C peripherals/N used/V ,/, the/D machines/N can/M serve/V either/J as/I the/D main/J computer/N in/I a/D network/N of/I many/J terminals/N -LRB-/C a/D role/N usually/I filled/V by/I a/D minicomputer/N -RRB-/N ,/, as/I a/D technical/J workstation/N or/C as/I a/D very/R fast/J personal/J computer/N ./.
``/C It/P 's/P the/D missing/J link/N ''/N in/I Olivetti/N 's/P product/N line/N between/I small/J personal/J computers/N and/C _OOV_/C minicomputers/N ,/, the/D Olivetti/J spokesman/N said/V ./.
He/P added/V that/D Olivetti/C will/M continue/V making/V its/P _OOV_/N minicomputer/N line/N ./.
The/D machines/N will/M cost/N around/I $/$ _OOV_/C on/I average/N in/I Europe/N ./.
The/D Intel/N _OOV_/N chip/N can/M process/N 15/C million/C instructions/N per/J second/J ,/, or/C _OOV_/C ,/, while/R Intel/N 's/P previous/J _OOV_/J chip/N could/M handle/V only/R 3/C to/T 6/N _OOV_/N ./.
Olivetti/C also/R plans/N to/T sell/V the/D _OOV_/J computer/N in/I the/D U.S./N starting/V next/J year/N through/I Olivetti/N USA/N and/C through/I its/P _OOV_/J unit/N ,/, which/D specializes/N in/I automating/N _OOV_/N networks/N ./.
_OOV_/N Inc./N said/V it/P received/V approval/N from/I the/D French/N government/N for/I its/P proposed/V $/$ _OOV_/C million/C acquisition/N of/I _OOV_/N _OOV_/N ./.
The/D approval/N satisfies/V the/D remaining/J conditions/N of/I the/D purchase/N ,/, which/W is/V expected/V to/T close/J within/I two/C weeks/N ./.
_OOV_/N ,/, the/D second-largest/N maker/N of/I food/N cans/N in/I France/N ,/, had/V 1988/J sales/N of/I $/$ 150/C million/C ./.
_OOV_/C has/V _OOV_/C workers/N at/I four/C canning/V manufacturing/N plants/N and/C one/C plastic/N container/N facility/N ./.
_OOV_/N makes/V flexible/J packaging/N films/N and/C machinery/N ,/, and/C materials/N for/I the/D food/N and/C pharmaceutical/J industries/N ./.
Social/N Security/N benefits/N will/M rise/N _OOV_/C %/N next/J year/N to/T keep/V pace/N with/I inflation/N ,/, boosting/V the/D average/J monthly/N benefit/N to/T $/$ _OOV_/C from/I $/$ _OOV_/C ,/, the/D Department/N of/I Health/N and/C Human/N Services/N announced/V ./.
The/D higher/J payments/N will/M start/V with/I Social/N Security/N checks/N received/V on/I Jan./N 3/N ,/, 1990/N ./.
_OOV_/N Security/C Income/N payments/N to/T the/D disabled/V also/R will/M rise/N _OOV_/C %/N ,/, starting/V with/I checks/N received/V on/I Dec./N 29/N ,/, 1988/N ,/, increasing/V the/D maximum/J _OOV_/C payment/N to/T $/$ _OOV_/C from/I $/$ _OOV_/C a/D month/N ./.
The/D inflation/N adjustment/N also/R means/V that/I the/D maximum/J annual/J level/N of/I earnings/N subject/V to/T the/D wage/N tax/N that/I generates/V revenue/N for/I the/D Social/N Security/N trust/N fund/N will/M rise/N to/T $/$ _OOV_/C in/I 1990/N from/I $/$ _OOV_/C this/D year/N ./.
As/I mandated/V by/I law/N ,/, the/D tax/N rate/N will/M rise/N to/T _OOV_/C %/N in/I 1990/N from/I _OOV_/C %/N and/C wo/I n't/R rise/N any/I further/R in/I the/D future/J ./.
This/D means/N that/I the/D maximum/J yearly/N Social/N Security/N tax/N paid/V by/I workers/N and/C employers/N each/D will/M rise/N $/$ _OOV_/C next/J year/N to/T $/$ _OOV_/C ./.
_OOV_/N aged/C 65/N through/I 69/C will/M be/V able/V to/T earn/V $/$ _OOV_/C without/I losing/V any/D Social/N Security/N benefits/N in/I 1990/N ,/, up/R from/I $/$ _OOV_/C this/D year/N ./.
The/D exempt/J amount/N for/I beneficiaries/N under/I 65/N will/M rise/N to/T $/$ _OOV_/C from/I $/$ _OOV_/C ./.
The/D adjustments/N reflect/V the/D increase/N in/I the/D consumer/N price/N index/N for/I urban/J wage/N earners/N and/C clerical/J workers/N from/I the/D third/J quarter/N of/I last/J year/N to/T the/D third/J quarter/N of/I this/D year/N ./.
_OOV_/J companies/N should/M get/V healthier/R in/I the/D third/J quarter/N ./.
_OOV_/N houses/N are/V expected/V to/T report/N earnings/N increases/V of/I about/I 15/C %/N on/I average/N for/I the/D third/J quarter/N ,/, despite/V sales/N increases/V of/I less/J than/I 10/C %/N ,/, analysts/N say/V ./.
To/T offset/V sluggish/J sales/N growth/N ,/, companies/N have/V been/V cutting/V staff/N ,/, mostly/R through/I attrition/N ,/, and/C slowing/V the/D growth/N in/I research/N and/C development/N spending/N ./.
Sales/C growth/N in/I the/D quarter/N was/V slowed/V by/I mounting/N pressure/N from/I groups/N of/I buyers/N ,/, such/V as/I hospitals/N ,/, to/T hold/V down/R prices/N ./.
_OOV_/N were/V also/R hurt/V by/I the/D stronger/J U.S./J dollar/N ,/, which/W makes/V sales/N abroad/N more/R difficult/J ./.
In/I some/J cases/N ,/, competition/N has/V squeezed/V margins/N ./.
_OOV_/N ,/, _OOV_/N &/N Co./N ,/, for/I example/N ,/, faces/V stiff/J competition/N from/I a/D Japanese/J supplier/N in/I the/D important/J syringe/N market/N ./.
The/D Franklin/N Lakes/N ,/, N.J./N ,/, company/N is/V expected/V to/T report/N sales/N growth/N of/I only/R 5/C %/N to/T 6/C %/N ,/, but/R should/M still/R maintain/V earnings/N growth/N of/I 10/C %/N ,/, says/V _OOV_/N E./N _OOV_/N ,/, an/D analyst/N with/I Duff/N &/N Phelps/N Inc/N ./.
Among/N the/D first/J of/I the/D group/N to/T post/V results/N ,/, Abbott/N Laboratories/N said/V third-quarter/C net/N income/N jumped/V 14/C %/N to/T $/$ _OOV_/C million/C ,/, or/C 88/C cents/N a/D share/N ,/, from/I $/$ _OOV_/C million/C ,/, or/C _OOV_/C cents/N a/D share/N ,/, a/D year/N earlier/R ./.
Sales/C for/I the/D company/N ,/, based/V in/I Abbott/N Park/N ,/, Ill./N ,/, rose/V _OOV_/C %/N to/T $/$ 1.31/C billion/C from/I $/$ _OOV_/C billion/C ./.
_OOV_/N International/N Inc./N yesterday/N reported/V net/N climbed/V 20/C %/N in/I the/D third/J period/N to/T $/$ 102/C million/C ,/, or/C 34/C cents/N a/D share/N ,/, from/I $/$ 85/C million/C ,/, or/C 28/C cents/N a/D share/N ,/, a/D year/N earlier/R ./.
Sales/C for/I the/D _OOV_/N ,/, Ill./N ,/, company/N rose/V 5.8/C %/N to/T $/$ _OOV_/C billion/C from/I $/$ 1.71/C billion/C ./.
But/C not/R every/D company/N expects/V to/T report/N increased/V earnings/N ./.
C.R./N Bard/N Inc./N yesterday/N said/V third-quarter/C net/N plunged/V 51/C %/N to/T $/$ _OOV_/C million/C ,/, or/C 18/C cents/N a/D share/N ,/, from/I $/$ 20/C million/C ,/, or/C 35/C cents/N a/D share/N ,/, a/D year/N earlier/R ./.
Sales/N fell/V 1.2/C %/N to/T $/$ _OOV_/C million/C from/I $/$ _OOV_/C million/C ./.
The/D Murray/N Hill/N ,/, N.J./N ,/, company/N said/V full-year/J earnings/N may/M be/V off/I 33/C cents/N a/D share/N because/I the/D company/N removed/V a/D catheter/N from/I the/D market/N ./.
In/I 1988/N ,/, the/D company/N earned/V $/$ _OOV_/C a/D share/N ./.
The/D Food/N and/C Drug/N Administration/N had/V raised/V questions/N about/I the/D device/N 's/P design/N ./.
Some/I analysts/N add/V that/I _OOV_/C pressures/N to/T reduce/V health/N costs/N will/M continue/V to/T _OOV_/J companies/N '/P bottom/V lines/N ./.
Takeover/J speculation/N ,/, which/W has/V been/V _OOV_/C stocks/N of/I supply/N houses/N ,/, may/C also/R ease/N ,/, says/V Peter/N _OOV_/N ,/, an/D analyst/N with/I Drexel/N Burnham/N Lambert/N Inc/N ./.
``/C As/N that/I _OOV_/N ,/, you/P 're/V going/V to/T see/V the/D stocks/N probably/V wane/N as/I well/R ,/, ''/N he/P says/V ./.
_OOV_/J companies/N ,/, meanwhile/V ,/, are/V reporting/N improved/J earnings/N ./.
_OOV_/N by/I strong/J performances/N by/I its/P psychiatric/N hospitals/N ,/, National/J Medical/N _OOV_/N Inc./N ,/, Los/N Angeles/N ,/, reported/V net/J income/N of/I $/$ 50/C million/C ,/, or/C 65/C cents/N a/D share/N ,/, for/I the/D first/J quarter/N ended/V Aug./N 31/N ,/, up/R from/I $/$ 41/C million/C ,/, or/C 56/C cents/N a/D share/N ,/, a/D year/N earlier/R ./.
_OOV_/N Inc./N ,/, Louisville/N ,/, Ky./N ,/, also/R reported/V favorable/J results/N ,/, with/I net/J income/N of/I $/$ 66.7/C million/C ,/, or/C 66/C cents/N ,/, in/I the/D fourth/J quarter/N ended/V Aug./N 31/N ,/, up/R from/I $/$ _OOV_/C million/C ,/, or/C 59/C cents/N ,/, a/D year/N earlier/R ./.
Analysts/N say/V the/D handful/N of/I hospital/N companies/N that/I are/V still/R publicly/R traded/V are/V benefiting/V from/I several/J trends/N ./.
Most/I important/J ,/, hospital/N admission/N rates/N are/V stabilizing/V after/I several/J years/N of/I decline/N ./.
Moreover/N ,/, companies/N have/V sold/V off/I many/J of/I their/P smaller/J ,/, less-profitable/N hospitals/N and/C have/V completed/V painful/J _OOV_/C ./.
_OOV_/N 's/P revenues/N ,/, for/I example/N ,/, are/V being/V boosted/V by/I large/J increases/V in/I enrollments/N in/I the/D company/N 's/P health/N maintenance/N organizations/N ./.
_OOV_/N _OOV_/N _OOV_/N ,/, an/D analyst/N with/I _OOV_/N _OOV_/N _OOV_/N :/: ``/C The/D shakeout/N in/I the/D publicly/N traded/V companies/N is/V over/I ./.
Initial/N claims/N for/I regular/J state/N unemployment/N benefits/N rose/V to/T a/D seasonally/N adjusted/V _OOV_/N during/I the/D week/N ended/V Oct./N 7/N from/I _OOV_/C the/D previous/J week/N ,/, the/D Labor/N Department/N said/V ./.
The/D number/N of/I people/N receiving/V regular/J state/N benefits/N in/I the/D week/N ended/V Sept./N 30/C decreased/V to/T a/D seasonally/N adjusted/V _OOV_/C ,/, or/C 2.2/C %/N of/I those/P covered/V by/I unemployment/N insurance/N ,/, from/I _OOV_/C the/D previous/J week/N ,/, when/W the/D insured/J unemployment/N rate/N also/R was/V 2.2/C %/N ./.
_OOV_/C all/D state/N and/C federal/J benefit/N programs/N ,/, the/D number/N of/I people/N receiving/V unemployment/N benefits/N in/I the/D week/N ended/V Sept./N 30/N fell/V to/T _OOV_/C from/I _OOV_/C a/D week/N earlier/R ./.
These/D figures/N are/V n't/R seasonally/V adjusted/V ./.
A/D Labor/N Department/N spokesman/N said/V the/D unusually/N high/J number/N of/I initial/J claims/N for/I state/N unemployment/N benefits/N reflects/V the/D impact/N of/I Hurricane/N Hugo/N on/I southern/J states/N ,/, particularly/V North/N Carolina/N and/C South/N Carolina/N ./.
The/D figure/N also/R may/N reflect/V initial/D claims/N filed/V by/I striking/J _OOV_/C Corp./N workers/N who/W have/V become/V eligible/V for/I unemployment/N benefits/N ,/, the/D official/N said/V ./.
Digital/N Equipment/N Corp./N reported/V a/D 32/C %/N decline/N in/I net/J income/N on/I a/D modest/J revenue/N gain/N in/I its/P fiscal/N first/J quarter/N ,/, causing/V some/I analysts/N to/T predict/V weaker/J results/N ahead/R than/I they/P had/V expected/V ./.
Although/I the/D second-largest/J computer/N maker/N had/V prepared/V Wall/N Street/N for/I a/D poor/J quarter/N ,/, analysts/N said/V they/P were/V troubled/V by/I signs/N of/I flat/N U.S./N orders/N and/C a/D slowdown/N in/I the/D rate/N of/I gain/N in/I foreign/J orders/N ./.
The/D Maynard/N ,/, Mass./N ,/, company/N is/V in/I a/D transition/N in/I which/D it/P is/V trying/J to/T reduce/V its/P reliance/N on/I _OOV_/J machines/N and/C establish/V a/D presence/N in/I workstations/N and/C mainframes/N ./.
Net/N for/I the/D quarter/N ended/V Sept./N 30/N fell/V to/T $/$ _OOV_/C million/C ,/, or/C $/$ _OOV_/C a/D share/N ,/, from/I $/$ _OOV_/C million/C ,/, or/C $/$ 1.71/C a/D share/N ,/, a/D year/N ago/I ./.
Revenue/N rose/V 6.4/C %/N to/T $/$ _OOV_/C billion/C from/I $/$ _OOV_/C billion/C ./.
Digital/N said/V a/D shift/N in/I its/P product/N mix/N toward/I _OOV_/J products/N and/C strong/J growth/N in/I workstation/N sales/N yielded/V lower/J gross/V margins/N ./.
A/D spokesman/N also/R said/V margins/N for/I the/D company/N 's/P service/N business/N narrowed/V somewhat/R because/I of/I heavy/J investments/N made/V in/I that/D sector/N ./.
The/D lack/N of/I a/D strong/J product/N at/I the/D high/J end/N of/I Digital/N 's/P line/N was/V a/D significant/J drag/N on/I sales/N ./.
Digital/N hopes/N to/T address/N that/I with/I the/D debut/N of/I its/P first/J _OOV_/J computers/N next/I Tuesday/N ./.
The/D new/J line/N is/V aimed/V directly/I at/I International/N Business/N Machines/N Corp/N ./.
``/N Until/N the/D new/J mainframe/J products/N kick/N in/I ,/, there/V wo/I n't/R be/V a/D lot/N of/I revenue/N contribution/N at/I the/D high/J end/N ,/, and/C that/D 's/P hurt/V us/N ,/, ''/N said/V Mark/N _OOV_/N ,/, Digital/N 's/P director/N of/I investor/N relations/N ./.
He/P said/V unfavorable/J currency/N translations/N were/V also/R a/D factor/N in/I the/D quarter/N ./.
_OOV_/N shares/N rose/V $/$ 1.375/C to/T $/$ _OOV_/C apiece/N in/I consolidated/V New/N York/N Stock/N Exchange/C trading/N yesterday/N ./.
But/C analysts/N said/V that/D against/I the/D backdrop/N of/I a/D nearly/R _OOV_/J rise/N in/I the/D Dow/N Jones/N Industrial/N Average/N ,/, that/I should/M n't/R necessarily/V be/V taken/V as/I a/D sign/N of/I great/J strength/N ./.
Some/R cut/V their/P earnings/N estimates/N for/I the/D stock/N this/D year/N and/C predicted/V more/J efforts/N to/T control/N costs/N ahead/R ./.
``/C I/P think/V the/D next/J few/J quarters/N will/M be/V difficult/J ,/, ''/N said/V Steven/N _OOV_/N of/I First/N Boston/N ./.
``/N _OOV_/N will/M remain/V under/I pressure/N ,/, and/C when/R the/D new/J mainframe/N does/V ship/N ,/, I/P 'm/V not/R sure/J it/P will/M be/V a/D big/J winner/N ./.
''/N Mr./N _OOV_/N said/V he/P was/V revising/V his/P estimate/N for/I _OOV_/N 's/P current/J year/N from/I $/$ 8.20/C a/D share/N to/T ``/C well/R below/D $/$ 8/C ,/, ''/N although/V he/P has/V n't/R settled/V on/I a/D final/J number/N ./.
One/C troubling/J aspect/N of/I _OOV_/N 's/P results/N ,/, analysts/N said/V ,/, was/V its/P performance/N in/I Europe/N ./.
_OOV_/N said/V its/P overseas/J business/N ,/, which/W now/R accounts/N for/I more/J than/I half/I of/I sales/N ,/, improved/V in/I the/D quarter/N ./.
It/P even/V took/V the/D unusually/N frank/N step/N of/I telling/V analysts/N in/I a/D morning/N conference/N call/V that/D orders/N in/I Europe/N were/V up/R in/I ``/C double/J digits/N ''/N in/I foreign-currency/N terms/N ./.
That/J gain/N probably/V translated/V into/I about/I 5/C %/N to/T 7/C %/N in/I dollar/N terms/N ,/, well/R below/I recent/J quarters/N '/P gains/V of/I above/D 20/C %/N ,/, reckons/N Jay/N _OOV_/N of/I _OOV_/N _OOV_/N _OOV_/N ./.
``/C That/N was/V a/D disappointment/N ''/N and/C a/D sign/N of/I overall/J _OOV_/C softness/N in/I Europe/N ,/, Mr./N _OOV_/N said/V ./.
Marc/N _OOV_/N ,/, with/I _OOV_/C Securities/N in/I New/N York/N ,/, dropped/V his/P estimate/N of/I _OOV_/N 's/P full-year/C net/N to/T $/$ _OOV_/C a/D share/N from/I $/$ 8/C ./.
Although/I overall/J revenues/N were/V stronger/J ,/, Mr./N _OOV_/N said/V ,/, _OOV_/N ``/N drew/V down/I its/P European/J backlog/N ''/N and/C had/V flat/N world-wide/N orders/N overall/J ./.
``/C The/D bottom/N line/N is/V that/D it/P 's/V more/J hand/N to/T mouth/N than/I it/P has/V been/V before/I ,/, ''/N he/P said/V ./.
Mr./N _OOV_/N said/V he/P believes/V that/I the/D _OOV_/N of/I _OOV_/N 's/P new/J mainframe/N will/M ``/C occur/V somewhat/V more/J leisurely/V ''/N than/I many/J of/I his/P investment/N colleagues/N expect/V ./.
He/P said/V current/J expectations/N are/V for/I an/D entry/N level/N machine/N to/T be/V shipped/V in/I December/N ,/, with/I all/D of/I the/D more/J sophisticated/J versions/N out/I by/I June/N ./.
For/D reasons/N he/P would/V n't/R elaborate/J on/I ,/, he/P said/V he/P 's/P sure/J that/D schedule/N wo/V n't/R be/V met/V ,/, meaning/N less/J profit/N impact/N from/I the/D product/N for/I _OOV_/N in/I the/D next/J few/J quarters/N ./.
John/N R./N _OOV_/N contributed/V to/T this/D article/N ./.
Colgate/N _OOV_/N Co./N reported/V third-quarter/C net/N income/N rose/V 27/C %/N ,/, bolstered/V by/I strong/J sales/N in/I its/P Latin/N American/N business/N and/C surprisingly/J healthy/J profits/N from/I U.S./J operations/N ./.
Colgate/N said/V net/J income/N for/I the/D quarter/N rose/V to/T $/$ _OOV_/C million/C ,/, or/C $/$ _OOV_/C a/D share/N ,/, on/I sales/N that/I increased/V 6/C %/N to/T $/$ 1.3/C billion/C ./.
In/I the/D year-earlier/J period/N ,/, Colgate/C posted/V net/N income/N of/I $/$ _OOV_/C million/C ,/, or/C 88/C cents/N a/D share/N ./.
Last/N year/N 's/P results/N included/V earnings/N from/I discontinued/J operations/N of/I $/$ 13.1/C million/C ,/, or/C 19/C cents/N a/D share/N ./.
_OOV_/N Mark/N ,/, chairman/N and/C chief/J executive/J officer/N of/I Colgate/N ,/, said/V earnings/N growth/N was/V fueled/V by/I strong/J sales/N in/I Latin/N America/N ,/, the/D Far/N East/N and/C Europe/N ./.
Results/N were/V also/R bolstered/V by/I ``/C a/D very/N meaningful/J increase/N in/I operating/N profit/N at/I Colgate/N 's/P U.S./J business/N ,/, ''/N he/P said/V ./.
Operating/C profit/N at/I Colgate/N 's/P U.S./N household/N products/N and/C personal/J care/N businesses/N ,/, which/W include/V such/J well-known/N brands/N as/I Colgate/N toothpaste/N and/C _OOV_/N laundry/N detergent/N ,/, jumped/V more/R than/I 40/C %/N ,/, the/D company/N said/V ./.
Mr./N Mark/N attributed/V the/D improvement/N to/T cost/N savings/N achieved/V by/I consolidating/J manufacturing/J operations/N ,/, blending/V together/R two/C sales/N organizations/N and/C more/J carefully/I focusing/V the/D company/N 's/P promotional/N activities/N ./.
``/C We/P 've/V done/V a/D lot/R to/T improve/V -LRB-/N U.S/N ./. -RRB-/J results/N and/C a/D lot/R more/R will/M be/V done/V ,/, ''/N Mr./N Mark/N said/V ./.
``/N _OOV_/N profitability/N of/I U.S./J operations/N is/V an/D extremely/R high/J priority/N in/I the/D company/N ./. ''/'
Colgate/N 's/P results/N were/V at/I the/D high/J end/N of/I the/D range/N of/I analysts/N '/P forecasts/N ./.
The/D scope/N of/I the/D improvement/N in/I the/D U.S./J business/N caught/V some/D analysts/N by/I surprise/N ./.
The/D company/N 's/P domestic/J business/N ,/, especially/V its/P household/N products/N division/N ,/, has/V performed/V poorly/R for/I years/N ./.
Analysts/N say/V the/D earnings/N improvement/N came/V from/I cutting/V costs/N rather/R than/I increasing/V sales/N ./.
For/I the/D nine/C months/N ,/, net/N increased/V 14/C %/N to/T $/$ _OOV_/C million/C ,/, or/C $/$ _OOV_/C a/D share/N ./.
Sales/N rose/V 7/C %/N to/T $/$ 3.8/C billion/C ./.
The/D company/N earned/V $/$ _OOV_/C million/C ,/, or/C $/$ 2.79/C a/D share/N ,/, in/I the/D year-earlier/J period/N ./.
Colgate/N 's/P 1988/C net/N income/N included/V $/$ _OOV_/C million/C ,/, or/C 59/C cents/N a/D share/N ,/, from/I discontinued/J operations/N ./.
Colgate/N sold/V its/P hospital/N supply/N and/C home/N health/N care/N business/N last/J year/N ./.
Separately/N ,/, Colgate/N Wednesday/N finalized/V an/D agreement/N with/I _OOV_/N Corp./N ,/, a/D tiny/J dental/N products/N and/C pharmaceutical/J concern/N based/V in/I _OOV_/N ,/, Mass./N ,/, to/T market/N in/I the/D U.S./N four/N of/I _OOV_/N 's/P _OOV_/N dental/N products/N ./.
The/D products/N --/: _OOV_/C and/C bonding/N materials/N used/V by/I dentists/N --/: all/I contain/V fluoride/N that/I is/V released/V over/I time/N ./.
The/D move/N is/V part/N of/I a/D drive/N to/T increase/N Colgate/N 's/P business/N with/I dentists/N ,/, a/D company/N spokeswoman/N said/V ./.
Terms/N of/I the/D agreement/N were/V n't/R given/V ./.
_OOV_/C Limited/N _OOV_/N said/V it/P completed/V the/D sale/N of/I its/P _OOV_/J restaurant/N franchise/N system/N to/T a/D subsidiary/N of/I _OOV_/N Co./N for/I $/$ 71/C million/C in/I cash/N ./.
_OOV_/N ,/, which/W is/V nearly/R _OOV_/C by/I Sam/N and/C Charles/N _OOV_/N of/I Dallas/N ,/, said/V it/P will/M distribute/V proceeds/V from/I the/D sale/N to/T unit/N holders/N as/I a/D _OOV_/J dividend/N as/I soon/R as/I possible/J ./.
The/D _OOV_/J franchise/N system/N ,/, which/W generates/V about/I $/$ 600/C million/C in/I sales/N annually/N ,/, represented/V substantially/I all/I of/I the/D partnership/N 's/P assets/N ./.
The/D sale/N of/I the/D system/N has/V been/V challenged/V in/I a/D class-action/J suit/N on/I behalf/N of/I unit/N holders/N filed/V last/J week/N in/I a/D Delaware/J court/N ,/, _OOV_/N said/V ./.
The/D company/N said/V it/P believes/V the/D suit/N is/V without/D merit/N ./.
American/N Telephone/N &/N Telegraph/N Co./N unveiled/V a/D sweetened/J pension/N and/C _OOV_/J program/N for/I management/N that/I it/P hopes/V will/M enable/V it/P to/T save/V $/$ _OOV_/C million/C in/I the/D next/J year/N ./.
AT&T/N also/R said/V net/J income/N rose/V 19/C %/N in/I the/D third/J quarter/N ./.
AT&T/N said/V its/P amended/V pension/N program/N will/M nearly/R double/J to/T _OOV_/C the/D number/N of/I managers/N eligible/V to/T retire/V with/I immediate/J pension/N payments/N ./.
AT&T/N said/V that/I based/V on/I studies/N of/I other/J companies/N that/I have/V offered/V retirement/N plans/N ,/, it/P expects/V about/I one-third/N of/I its/P eligible/V managers/N to/T retire/V under/I the/D new/J program/N ./.
AT&T/N said/V third-quarter/C net/N income/N grew/V ,/, despite/V stiff/J competition/N in/I all/D of/I the/D company/N 's/P markets/N ./.
Net/N income/N rose/V to/T $/$ _OOV_/C million/C ,/, or/C 65/C cents/N a/D share/N ,/, from/I the/D year-earlier/J $/$ _OOV_/C million/C or/C 55/C cents/N a/D share/N ./.
Revenue/C edged/V up/R to/T $/$ 8.9/C billion/C from/I $/$ _OOV_/C billion/C ./.
The/D latest/J period/N 's/P net/N was/V reduced/V $/$ 102/C million/C ,/, or/C nine/C cents/N a/D share/N ,/, for/I a/D change/N in/I depreciation/N method/N and/C concurrent/J changes/N in/I estimates/N of/I _OOV_/J lives/N and/C net/J salvage/V for/I certain/J telecommunications/N equipment/N ./.
The/D results/N roughly/I matched/V estimates/N of/I securities/N analysts/N ,/, who/W were/V encouraged/V by/I AT&T/C increasing/V its/P operating/N margin/V to/T 13/C %/N from/I 11/C %/N a/D year/N ago/I ,/, because/I of/I continued/V _OOV_/J efforts/N ./.
Sales/N of/I long-distance/J services/N ,/, an/D extremely/J competitive/J market/N ,/, rose/V 6.4/C %/N ./.
But/C the/D growth/N was/V partly/J offset/V by/I lower/J equipment/N sales/N and/C rentals/N and/C price/N cuts/V on/I some/J products/N ./.
Under/N the/D amended/V pension/N program/N ,/, AT&T/C managers/N who/W have/V at/I least/J five/C years/N of/I service/N will/M have/V five/C years/N added/V to/T their/P age/N and/C length/N of/I service/N for/I pension/N purposes/N ./.
Managers/N who/W retire/V Dec./N 30/N will/M have/V an/D additional/J 15/C %/N added/V to/T their/P monthly/N pension/N for/I as/I long/J as/I five/C years/N or/C age/N 65/C ,/, whichever/V comes/V earlier/J ./.
An/D AT&T/N spokeswoman/N said/V the/D company/N would/M likely/J replace/V about/I one-third/N of/I its/P managers/N who/W choose/V to/T retire/V with/I new/J employees/N ./.
Analysts/N hailed/V the/D sweetened/J pension/N package/N ,/, which/W they/P said/V had/V been/V the/D subject/J of/I rumors/V for/I several/J months/N ./.
``/N This/D tells/V you/P AT&T/N is/V serious/J about/I continuing/V to/T manage/V their/P cost/N structure/N and/C is/V committed/V to/T _OOV_/C earnings/N growth/N ,/, ''/N said/V Jack/N _OOV_/N ,/, an/D analyst/N with/I PaineWebber/N Inc/N ./.
But/C other/J analysts/N expressed/V disappointment/N that/I the/D _OOV_/N move/N wo/I n't/R result/V in/I even/R greater/J earnings/N growth/N ./.
``/C This/D is/V a/D good/J move/N ,/, but/R it/P only/R gets/V you/P to/T where/I people/N 's/P expectations/N already/R are/V ,/, ''/N in/I terms/N of/I earnings/N growth/N ,/, said/V Joel/N D./N _OOV_/N ,/, an/D analyst/N with/I Donaldson/N ,/, Lufkin/N &/N Jenrette/N ./.
Mr./N _OOV_/N said/V he/P had/V hoped/V that/I a/D cost/N savings/N of/I $/$ _OOV_/C million/C would/M result/V in/I even/R greater/J growth/N than/I the/D 20/C %/N annual/J earnings/N increase/N AT&T/C has/V told/V analysts/J it/P expects/V in/I the/D future/J ./.
AT&T/N said/V the/D special/J retirement/N option/N will/M increase/N fourth-quarter/C expenses/N ./.
But/C the/D company/N said/V the/D amount/N ca/V n't/R be/V determined/V until/R it/P knows/V how/R many/J managers/N opt/N to/T retire/V ./.
AT&T/N said/V the/D expense/N increase/N will/M be/V largely/R offset/V by/I a/D gain/N from/I its/P previously/R announced/V plan/N to/T swap/V its/P holdings/N in/I Ing/N ./. C./N Olivetti/N &/C Co./N for/I shares/N in/I Cie/N ./. _OOV_/N _OOV_/N ,/, an/D Italian/N holding/V company/N ./.
For/I the/D nine/C months/N ,/, AT&T/N said/V net/J income/N was/V $/$ _OOV_/C billion/C ,/, or/C $/$ 1.85/C a/D share/N ,/, up/R 19/C %/N from/I $/$ _OOV_/C billion/C ,/, or/C $/$ 1.56/C a/D share/N ./.
Revenue/N gained/V 3.1/C %/N to/T $/$ _OOV_/C billion/C from/I $/$ 26/C billion/C ./.
In/I composite/N trading/N yesterday/N on/I the/D New/N York/N Stock/N Exchange/N ,/, AT&T/N shares/N closed/V at/I $/$ _OOV_/C ,/, up/R 87.5/C cents/N ./.
When/W it/P comes/V to/T buying/V and/C selling/N shares/N ,/, _OOV_/N Capital/N Management/N Inc./N takes/V a/D back/J seat/V to/T no/D one/C ./.
Every/N dollar/N 's/P worth/J of/I stock/N in/I the/D Los/N Angeles/N money/N manager/N 's/P portfolio/N is/V traded/V seven/C or/C eight/C times/N a/D year/N ,/, the/D firm/N estimates/N ./.
That/D makes/V it/P the/D most/R active/J trader/N among/I all/D the/D nation/N 's/P investment/N advisers/N ,/, according/V to/T Securities/N and/C Exchange/J Commission/N filings/N ./.
But/C wait/V a/D second/J ./.
_OOV_/N Capital/N is/V an/D index/N fund/N --/: the/D type/N of/I _OOV_/N long-term/J investor/N whose/C goal/N is/V to/T be/V nothing/R more/R than/I average/N ./.
_OOV_/N Capital/N 's/P frenetic/J trading/N reflects/V the/D changes/N sweeping/V through/I the/D previously/R sleepy/J world/N of/I indexing/N ./.
_OOV_/C for/I the/D most/J part/N has/V involved/V simply/D buying/N and/C then/I holding/V stocks/N in/I the/D correct/J mix/N to/T mirror/V a/D stock/N market/N barometer/N ,/, such/V as/I Standard/N &/N Poor/N 's/P 500-stock/J index/N ,/, and/C match/N its/P performance/N ./.
_OOV_/J investors/N have/V poured/V $/$ 210/C billion/C into/I stock/N and/C bond/N indexing/N as/I a/D cheap/J and/C easy/J form/V of/I investment/N management/N that/I promises/N to/T post/V average/J market/N returns/V ./.
These/I big/J investors/N have/V flocked/V to/T indexing/N because/I relatively/V few/J ``/C active/J ''/N stock/N pickers/N have/V been/V able/V to/T consistently/V match/N the/D returns/N of/I the/D S&P/N 500/N or/C other/J _OOV_/N ,/, much/R less/J beat/V it/P ./.
And/R the/D fees/N investors/N pay/V for/I indexing/N run/V a/D few/J pennies/N for/I each/D $/$ 100/C of/I assets/N --/: a/D fraction/N of/I the/D cost/N of/I active/J managers/N ./.
That/D 's/P because/J computers/N do/V most/R of/I the/D work/N ,/, and/C low/J trading/N activity/N keeps/V a/D lid/N on/I commission/N costs/N ./.
But/C today/R ,/, indexing/N is/V moving/V from/I a/D passive/J investment/N strategy/N to/T an/D increasingly/R active/J one/C ./.
Because/J _OOV_/J managers/N are/V no/D longer/R satisfied/V with/I merely/D being/V average/N ,/, they/P have/V developed/V ``/C enhanced/N ''/N indexing/N strategies/N that/I are/V intended/V to/T outperform/V the/D market/N as/I much/R as/I three/C percentage/N points/N ./.
``/N _OOV_/N has/V been/V the/D most/R single/D successful/J investment/N concept/N in/I the/D last/J decade/N ,/, but/R the/D index/N money/N has/V been/V just/R sort/N of/I sitting/V there/V ,/, ''/N says/V _OOV_/N M./N _OOV_/N ,/, president/N of/I _OOV_/N _OOV_/N Investors/N Inc./N ,/, an/D _OOV_/N based/V in/I _OOV_/N ,/, _OOV_/N ./.
``/C Now/P the/D interest/N is/V in/I what/P else/V can/J I/P do/V with/I that/D money/N ./. ''/'
Among/N the/D _OOV_/J indexing/N strategies/N :/: _OOV_/N portfolios/N can/M be/V built/V around/I thousands/N of/I stocks/N ,/, or/C just/R a/D few/J dozen/N ,/, rather/R than/I being/V restricted/V to/T the/D S&P/N 500/N companies/N ./.
They/P can/M ignore/V the/D S&P/N 500/N stocks/N altogether/V and/C focus/N on/I particular/J types/N of/I stocks/N ,/, such/V as/I smaller/J companies/N ,/, those/D paying/V high/J dividends/N or/C companies/N in/I a/D particular/J industry/N ,/, state/N or/C country/N ./.
With/I today/R 's/P _OOV_/J program/N trading/N techniques/N ,/, index/N funds/N can/M trade/N back/R and/C forth/I between/I stock-index/J futures/N and/C the/D actual/J stocks/N making/V up/R indexes/N such/V as/I the/D S&P/N 500/N ./.
Futures/N and/C options/N also/R make/V it/P possible/V to/T build/V ``/N synthetic/N ''/N index/N funds/N that/I do/V n't/R actually/R own/P a/D single/D share/N of/I stock/N ,/, but/R can/M produce/V returns/V that/D match/N or/I exceed/V the/D broad/J stock/N market/N ./.
One/C reason/N for/I these/J hybrids/N is/V that/D indexing/N 's/P rapid/J growth/N is/V slowing/V ,/, particularly/V for/I those/D ``/N plain/N vanilla/V ''/N funds/N that/I mirror/N the/D 500/N ./.
``/C There/C is/V n't/R a/D _OOV_/N -LCB-/N of/I big/J investors/N -RCB-/C out/I there/V still/R waiting/V to/T get/V into/I indexing/N ,/, ''/N says/V P./N James/N _OOV_/N ,/, vice/N president/N of/I _OOV_/C Investment/N Management/N Co./N ,/, Chicago/N ,/, which/D offers/V both/J indexing/N and/C active/J management/N services/N ./.
After/N tripling/N in/I size/N in/I the/D past/J five/C years/N ,/, index/N funds/N now/R hold/V about/I 20/C %/N of/I the/D stock/N owned/V by/I pension/N funds/N ./.
A/D further/J problem/N is/V _OOV_/J profits/N ./.
_OOV_/C funds/N have/V become/V so/R commonplace/J that/D fees/N they/P can/M charge/N have/V plunged/V to/T almost/R nothing/R ,/, and/C in/I some/J cases/N are/V just/R that/D ./.
To/P land/N customers/N for/I their/P _OOV_/J stock/N custodial/V business/N ,/, big/J banks/N sometimes/R will/M throw/V in/I basic/J indexing/N services/N for/I free/J ./.
``/C It/P 's/P like/I getting/V a/D free/J toaster/N when/R you/P open/V an/D account/N ,/, ''/N says/V _OOV_/N _OOV_/N 's/P Mr./N _OOV_/N ./.
As/I a/D result/N ,/, _OOV_/C have/V been/V looking/V for/J ways/N to/T give/V investors/N something/N more/R than/I the/D average/N for/I their/P money/N ./.
And/R many/J have/V been/V successful/J ,/, as/I in/I the/D case/N of/I the/D index/N fund/N operated/V by/I _OOV_/N _OOV_/N Capital/N ./.
_OOV_/N Capital/N has/V used/V enhanced/J indexing/N techniques/N to/T beat/V the/D S&P/N 500/N 's/P returns/V by/I 2.5/C to/T 3/C percentage/N points/N over/I the/D past/J four/C years/N ,/, with/I the/D same/J risk/N level/N as/I holding/V the/D S&P/N 500/N stocks/N ,/, according/V to/T James/N _OOV_/N ,/, the/D firm/N 's/P president/N ./.
_OOV_/N vary/J for/I _OOV_/N Capital/N ,/, which/W has/V $/$ 300/C million/C under/I management/N ./.
The/D firm/N sometimes/R buys/V S&P/N 500/N futures/N when/I they/P are/V selling/V at/I a/D discount/N to/T the/D actual/J stocks/N ,/, and/C will/M switch/V back/R and/C forth/I between/I stocks/N and/C stock-index/J futures/N to/T take/V advantages/N of/I any/D momentary/J price/N _OOV_/C ./.
Mr./N _OOV_/N also/R goes/V through/I periods/N when/W he/P buys/V stocks/N in/I conjunction/N with/I options/N to/T boost/N returns/V and/C protect/V against/I declines/N ./.
And/N in/I some/J months/N ,/, he/P buys/V stock-index/J futures/N and/C not/J stocks/N at/I all/D ./.
``/C By/I their/P nature/N ,/, our/P trades/N are/V very/R short-term/N and/C are/V going/V to/T create/V high/J turnover/N ,/, ''/N Mr./N _OOV_/N adds/V ./.
``/C The/D more/J turnover/N ,/, the/D better/R for/I our/P clients/N ./. ''/'
Big/N _OOV_/N Bankers/N Trust/N Co./N also/R uses/V futures/N in/I a/D strategy/N that/I on/I average/N has/V added/V one/C percentage/N point/N to/T its/P enhanced/J fund/N 's/P returns/V ./.
J./N Thomas/N _OOV_/N ,/, president/N of/I _OOV_/N Advanced/N Investment/N Management/N Inc./N ,/, agrees/V it/P 's/V a/D good/J idea/N to/T jump/N between/I the/D S&P/N 500/N stocks/N and/C futures/N ./.
``/C You/P 're/V buying/N the/D S&P/N ,/, and/C you/P always/V want/V to/T hold/V the/D cheapest/N form/N of/I it/P ,/, ''/N he/P says/V ./.
But/C some/D _OOV_/N make/V little/J or/J no/J use/N of/I futures/N ,/, saying/V that/I these/J instruments/N present/V added/V risks/N for/I investors/N ./.
``/C If/I the/D futures/N markets/N have/V a/D problem/N ,/, then/I those/P products/N could/M have/V a/D problem/N ,/, ''/N says/V John/N _OOV_/N ,/, managing/N director/N of/I Prudential/C Insurance/N Co./N of/I America/N 's/P Investment/N Index/N Technologies/N Inc./N unit/N ./.
Prudential/N currently/R is/V seeking/V approval/N to/T offer/V a/D new/J fund/N offering/V a/D return/V equal/J to/T the/D S&P/N 500/N index/N plus/N of/I a/D percentage/N point/N ./.
An/D added/V feature/N is/V that/I the/D _OOV_/N improved/J return/V would/M be/V guaranteed/V by/I Prudential/N ./.
There/J are/V many/J other/J strategies/N to/T bolster/V the/D returns/N of/I index/N funds/N ./.
They/P include/V :/J
LIMITED/J RISK/N FUNDS/N :/C These/I guarantee/N protection/N against/I stock/N market/N declines/N while/I still/R passing/V along/I most/J gains/N ./.
Here/N a/D fund/N may/M promise/N to/T pay/V back/R ,/, say/V ,/, $/$ 95/C of/I every/D $/$ 100/C invested/V for/I a/D year/N ,/, even/V if/I the/D market/N goes/V much/R lower/J ./.
The/D fund/N could/M invest/V $/$ 87/C for/I one/C year/N in/I Treasury/J bills/N yielding/V 8/C %/N to/T return/V the/D guaranteed/V $/$ 95/C ./.
That/D leaves/V $/$ 13/C ,/, which/W could/M be/V used/V to/T buy/V S&P/N 500/N options/N that/I will/M nearly/R match/N any/D gain/V in/I the/D S&P/J index/N ./.
_OOV_/N _OOV_/N FUNDS/N :/C Say/C a/D big/J investor/N is/V interested/V in/I growth/N stocks/N ./.
Instead/I of/I hiring/N one/C of/I the/D many/J active/J managers/N specializing/N in/I growth/N stocks/N ,/, _OOV_/N can/M design/N a/D portfolio/N around/I the/D same/J stocks/N ;/: the/D portfolio/N will/M be/V maintained/V by/I computer/N ,/, reducing/V both/J fees/N and/C ,/, in/I theory/N ,/, risk/N -LRB-/N because/I of/I the/D large/J number/N of/I stocks/N -RRB-/N ./.
``/C We/P see/V a/D lot/N of/I interest/N in/I those/D kind/N of/I things/N ,/, ''/N says/V Frank/N _OOV_/N ,/, a/D vice/J president/N of/I Bankers/N Trust/N ./.
``/C People/N comfortable/R with/I the/D passive/J approach/N are/V using/V them/P for/I other/J strategies/N ./. ''/'
_OOV_/N FUNDS/N :/: This/D is/V an/D index/N fund/N with/I a/D bet/N ./.
Instead/I of/I replicating/V the/D S&P/N 500/N or/C some/I other/J index/N exactly/I ,/, some/D stocks/N are/V _OOV_/C or/C _OOV_/C in/I the/D portfolio/N ./.
One/C simple/J approach/N is/V to/T exclude/V S&P/N 500/N companies/N considered/V bankruptcy/N candidates/N ;/: this/D can/M avoid/V weak/J sisters/N ,/, but/R also/R can/M hurt/V when/R a/D company/N like/I Chrysler/C Corp./N rebounds/N ./.
Another/J approach/N :/C An/J investor/N with/I $/$ 100/C million/C might/M use/V $/$ 75/C million/C to/T buy/V the/D S&P/N 500/N index/N and/C spend/V the/D other/J $/$ 25/C million/C on/I a/D favorite/J group/N of/I stocks/N ./.
_OOV_/N FUNDS/N :/: _OOV_/N can/M be/V constructed/V to/T serve/V social/J goals/N ,/, such/J as/I eliminating/V the/D stocks/N of/I companies/N doing/V business/N in/I South/N Africa/N ./.
Other/J funds/N have/V been/V designed/V to/T concentrate/V on/I stocks/N in/I a/D geographic/J area/N in/I order/N to/T encourage/V local/J investment/N ./.
Pennsylvania/C State/N Employees/N Retirement/N System/N ,/, for/I example/N ,/, has/V about/I $/$ 130/C million/C invested/V in/I a/D fund/N of/I _OOV_/J companies/N that/I are/V either/I Pennsylvania-based/N or/C have/V 25/C %/N of/I their/P work/N forces/N in/I the/D state/N ./.
Short/J interest/N on/I the/D New/N York/N Stock/N Exchange/N declined/V for/I the/D second/J consecutive/J month/N ,/, this/D time/N 4.2/C %/N ,/, while/R the/D American/N Stock/N Exchange/N reported/V its/P third/J consecutive/J record/N month/N of/I short/J interest/N ./.
The/D Big/N Board/N reported/V that/I short/J interest/N dropped/V to/T _OOV_/C shares/N as/I of/I Oct./N 13/N from/I _OOV_/J shares/N in/I mid-September/N ./.
_OOV_/C short/J interest/N climbed/V 3/C %/N to/T _OOV_/C shares/N from/I _OOV_/J shares/N ./.
For/I the/D year-earlier/J month/N ,/, the/D Big/N Board/N reported/V _OOV_/C shares/N ,/, indicating/V a/D 13.5/J %/N _OOV_/C rise/N ,/, while/R the/D _OOV_/N reported/V _OOV_/C shares/N ,/, a/D 48/C %/N leap/N ./.
_OOV_/C short/J interest/N has/V been/V heading/J upward/N since/I mid-December/N ,/, with/I increases/V in/I each/D month/N since/V then/I except/V at/I _OOV_/N ./.
Traders/C who/W sell/V short/J borrow/J stock/N and/C sell/V it/P ,/, betting/N that/I the/D stock/N 's/P price/N will/M decline/N and/C that/I they/P can/M buy/V the/D shares/N back/R later/R at/I a/D lower/J price/N for/I return/V to/T the/D lender/N ./.
Short/J interest/N is/V the/D number/N of/I shares/N that/I have/V n't/R yet/R been/V purchased/V for/I return/V to/T lenders/N ./.
Although/I a/D substantial/J short/J position/N reflects/V heavy/J speculation/N that/I a/D stock/N 's/P price/N will/M decline/N ,/, some/J investors/N consider/V an/D increase/N in/I short/J interest/N bullish/N because/I the/D borrowed/V shares/N eventually/R must/M be/V bought/V back/R ./.
_OOV_/C in/I short/J interest/N of/I certain/J stocks/N also/R may/M be/V caused/V partly/N by/I _OOV_/N ./.
The/D figures/N occasionally/I include/V incomplete/J transactions/N in/I restricted/V stock/N ./.
The/D level/N of/I negative/J sentiment/N measured/V by/I the/D Big/N Board/N short/J interest/N ratio/N slipped/V to/T _OOV_/C from/I last/J month/N 's/P _OOV_/N ./.
The/D ratio/N is/V the/D number/N of/I trading/N days/N ,/, at/I the/D exchange/N 's/P average/J trading/N volume/N ,/, that/I would/M be/V required/V to/T convert/V the/D total/J short/J interest/N position/N ./.
Some/I analysts/N suggest/V ,/, however/I ,/, that/I the/D ratio/N has/V weakened/V in/I value/N as/I an/D indicator/N because/I options/N and/C other/J products/N can/M be/V used/V to/T hedge/V short/J positions/N ./.
_OOV_/N Corp./N led/V the/D Big/N Board/N list/N of/I largest/J short/J volumes/N with/I _OOV_/J shares/N ./.
_OOV_/N has/V proposed/V to/T acquire/V _OOV_/C Corp./N ,/, consisting/V of/I the/D auto/N parts/N division/N and/C some/J debt/N of/I _OOV_/N Corp./N ,/, for/I $/$ _OOV_/C million/C of/I cash/N and/C securities/N ./.
Chemical/N Waste/N Management/N posted/V the/D biggest/J increase/N in/I short/J volume/N on/I the/D New/N York/N exchange/N ,/, up/R _OOV_/C shares/N to/T _OOV_/C ./.
Bristol-Myers/N Squibb/N Co./N ,/, the/D entity/N formed/V from/I the/D recent/J acquisition/N of/I Squibb/N Corp./N by/I Bristol-Myers/C Co./N ,/, logged/V the/D largest/J volume/N decline/N ,/, _OOV_/C shares/N ,/, to/T _OOV_/C ./.
Short/J interest/N in/I International/N Business/N Machines/N Corp./N plunged/V to/T _OOV_/C shares/N from/I _OOV_/J shares/N a/D month/N earlier/R ./.
Also/I closely/N watched/V is/V Exxon/C Corp./N ,/, where/I short/J interest/N slid/V to/T _OOV_/C shares/N from/I _OOV_/N ./.
On/I a/D percentage/N basis/N ,/, Germany/C Fund/N Inc./N led/V the/D gainers/N ,/, leaping/V to/T _OOV_/C shares/N from/I three/C shares/N ./.
_OOV_/N _OOV_/N Ltd./N led/V the/D percentage/N _OOV_/N ,/, dropping/V to/T 59/C shares/N from/I _OOV_/N ./.
The/D _OOV_/C short/J interest/N volume/N leader/N again/R was/V Texas/C Air/N Corp./N ,/, rising/V to/T _OOV_/C shares/N from/I _OOV_/N ./.
_OOV_/C Pharmaceutical/N Co./N posted/V the/D largest/J volume/N increase/N ,/, _OOV_/C shares/N ,/, to/T _OOV_/C ./.
The/D company/N is/V under/I an/D investigation/N concerning/I procedures/N to/T gain/V Food/N and/C Drug/N Administration/N approval/N of/I generic/J drugs/N ./.
_OOV_/N has/V denied/V any/D wrongdoing/N ./.
The/D largest/J volume/N drop/V --/D down/I _OOV_/J shares/N to/T _OOV_/C --/: came/V in/I shares/N represented/V by/I _OOV_/N Industries/N PLC/N 's/P American/N depositary/N receipts/N ./.
The/D company/N is/V facing/V a/D takeover/N proposal/N from/I the/D financier/N Sir/N James/N _OOV_/N ./.
First/N _OOV_/N Fund/N led/V the/D percentage/N increases/V ,/, rising/V to/T _OOV_/C shares/N from/I _OOV_/N ./.
Nelson/N Holdings/N International/N Ltd./N dropped/V the/D most/R on/I a/D percentage/N basis/N ,/, to/T 1,000/C shares/N from/I _OOV_/N ./.
The/D adjacent/J tables/N show/V the/D Big/N Board/N and/C _OOV_/J issues/N in/I which/D a/D short/J interest/N position/N of/I at/I least/J 100,000/C shares/N existed/V as/I of/I mid-October/N or/C in/I which/P there/V was/V a/D short/J position/N change/N of/I at/I least/J 50,000/C shares/N since/I mid-September/N ./.
Your/P Oct./N 12/N editorial/N ``/N _OOV_/N ,/, _OOV_/N _OOV_/N ?/P ''/N correctly/V states/N that/I I/P was/V critical/J of/I the/D Bush/J administration/N 's/P failure/N to/T have/V any/D plan/N in/I place/N to/T respond/V in/I a/D timely/J fashion/V to/T the/D opportunities/N to/T oust/V Manuel/N Noriega/N presented/V by/I the/D attempted/V military/J coup/N on/I Oct./N 3/N ./.
You/P are/V absolutely/V wrong/J ,/, however/C ,/, in/I _OOV_/N that/I this/D position/N is/V some/J kind/N of/I ``/N _OOV_/N ,/, ''/N something/N newly/V arrived/V at/I as/I a/D result/N of/I reading/V the/D opinion/N polls/N ./.
My/J position/N is/V one/C founded/V on/I both/J the/D facts/N and/C the/D law/N ./.
Although/C you/P may/V have/V forgotten/V ,/, public/J opinion/N about/I Gen./N Noriega/N is/V where/I it/P is/V in/I large/J measure/N because/I of/I my/P investigation/N of/I his/P years/N of/I involvement/N in/I narcotics/N smuggling/N -LRB-/N and/C simultaneous/J work/N as/I a/D U.S./N operative/N -RRB-/N ./.
The/D public/J made/V up/R its/P mind/N about/I Gen./N Noriega/N largely/R as/I a/D result/N of/I the/D hearings/N I/P chaired/N in/I the/D _OOV_/N on/I _OOV_/N and/C _OOV_/N of/I the/D Foreign/N Relations/N Committee/N on/I Feb./N 8/N ,/, 9/N ,/, 10/N and/C 11/N ,/, 1988/N ,/, and/C again/R on/I April/N 4/N ,/, 1988/N ./.
It/P was/V during/I those/D hearings/V that/I the/D nation/N first/I learned/V the/D breadth/N and/C depth/N of/I Gen./N Noriega/N 's/P criminality/N ,/, and/C of/I his/P enduring/J relationships/N with/I a/D variety/N of/I U.S./J government/N agencies/N ./.
Those/J hearings/V also/R highlighted/V how/T Gen./C Noriega/N was/V able/V to/T use/V his/P relationships/N with/I these/J agencies/N to/T delay/V U.S./C action/N against/I him/P ,/, and/C to/T exploit/V the/D administration/N 's/P obsession/N with/I overthrowing/J the/D _OOV_/N to/T protect/V his/P own/N _OOV_/N ./.
As/I former/C _OOV_/C to/T Costa/N _OOV_/N Francis/N J./N _OOV_/N testified/V before/I the/D subcommittee/N ,/, the/D Reagan/J administration/N knew/V that/I Gen./N Noriega/N was/V involved/V with/I narcotics/N ,/, but/R made/V a/D decision/N in/I the/D summer/N of/I 1986/N ``/N to/T put/V Gen./N Noriega/N on/I the/D shelf/N until/R _OOV_/C was/V settled/V ./. ''/'
As/I the/D report/N issued/V by/I the/D subcommittee/N concluded/V ,/, ``/C Our/N government/N did/V nothing/R regarding/I Gen./N Noriega/N 's/P drug/N business/N and/C substantial/J criminal/J involvement/N because/I the/D first/J priority/N was/V the/D _OOV_/J war/N ./.
This/D decision/N resulted/V in/I at/I least/J some/D drugs/N entering/V the/D United/N States/N as/I a/D hidden/N cost/N of/I the/D war/N ./. ''/'
Unfortunately/C ,/, this/D problem/N continued/V even/V after/I Gen./N Noriega/N 's/P indictment/N ./.
_OOV_/N 1988/N and/C this/D year/N ,/, I/P and/C others/N in/I Congress/N have/V pressed/V the/D U.S./N to/T develop/V a/D plan/N for/I pushing/V this/D ``/N _OOV_/N ''/N out/I of/I Panama/N ./.
_OOV_/N ,/, two/C administrations/N in/I a/D row/N have/V been/V unwilling/V and/C unable/V to/T develop/V any/D plan/N ,/, military/N or/I economic/N ,/, for/I supporting/V the/D Panamanian/J people/N in/I their/P attempts/N to/T restore/V democracy/N ./.
Sen./N John/N _OOV_/N -LRB-/N D./N ,/, _OOV_/C ./, -RRB-/N
For/I _OOV_/N ,/, these/J are/V tricky/V ,/, often/R treacherous/N ,/, times/N ./.
After/N years/N of/I hesitation/N ,/, economic/N and/C political/J reform/N was/V embraced/V at/I the/D end/N of/I 1986/N ,/, but/R ringing/J declarations/N have/V yet/R to/T be/V translated/V into/I much/J action/N ./.
Vietnam/N is/V finding/V that/I turning/V a/D stagnant/J socialist/J order/N into/I a/D dynamic/J free/J market/N does/V n't/R come/V easy/J ./.
Here/N is/V how/R three/C _OOV_/N are/V coping/J with/I change/V :/P
The/D Tire/N King/N
_OOV_/N Van/N _OOV_/N is/V living/V proof/N that/I old/J ways/N die/V hard/J ./.
Mr./N _OOV_/N used/V to/T be/V an/D oddity/N in/I _OOV_/N :/: a/D private/J entrepreneur/N ./.
His/J business/N success/N made/V him/P an/D official/J target/N in/I _OOV_/J days/N ./.
Mr./N _OOV_/N ,/, now/R 64/C years/N old/R ,/, invented/V a/D fountain/N pen/N he/P and/C his/P family/N produced/V from/I plastic/N waste/N ./.
Later/J ,/, he/P marketed/V glue/N ./.
Both/J products/N were/V immensely/V popular/J ./.
For/I his/P troubles/N ,/, Mr./N _OOV_/N was/V jailed/V three/C times/N between/I _OOV_/N and/C 1974/N ./.
Though/C his/P operation/N was/V registered/V and/C used/V only/R scrap/V ,/, he/P was/V accused/V of/I conducting/V illegal/J business/N and/C possessing/I illegal/J materials/N ./.
Once/R he/P was/V held/V for/I three/C months/N without/I being/V charged/V ./.
Things/N were/V supposed/V to/T change/V when/R Vietnam/N 's/P economic/J reforms/N gathered/V pace/N ,/, and/C for/I awhile/N they/P did/V ./.
After/N years/N of/I experimenting/N ,/, Mr./N _OOV_/N produced/V a/D heavy-duty/J bicycle/N tire/N that/I outlasted/V its/P _OOV_/N rival/N ./.
By/I 1982/N ,/, he/P was/V selling/V thousands/N of/I tires/N ./.
_OOV_/N published/V articles/N about/I him/P ,/, and/C he/P was/V hailed/V as/I ``/C the/D tire/N king/N ./. ''/'
His/P efforts/N earned/V a/D gold/N medal/N at/I a/D national/J exhibition/N --/: and/C attracted/V renewed/J attention/N from/I local/J authorities/N ./.
District/N police/N in/I 1983/N descended/V on/I his/P suburban/J home/N ,/, which/W he/P and/C his/P large/J family/N used/V as/I both/J residence/N and/C factory/N ,/, and/C demanded/V proof/N the/D house/N and/C equipment/N were/V his/P ./.
He/P produced/V it/P ./.
``/C That/N was/V the/D first/J time/N they/P lost/V and/C I/P won/V ,/, ''/N he/P says/V ./.
He/P was/V further/I questioned/V to/T determine/V if/I he/P was/V ``/C a/D real/J working/V man/N or/I an/D _OOV_/N ./. ''/'
_OOV_/C Mr./N _OOV_/N :/: ``/C When/P I/P showed/V it/P was/V from/I my/R own/P brain/N ,/, they/P lost/V for/I the/D second/J time/N ./. ''/'
But/C a/D few/J days/N later/R the/D police/N accused/V him/P of/I stealing/N electricity/N ,/, acquiring/V rubber/N without/D permission/N and/C buying/N stolen/V property/N ./.
_OOV_/N he/P was/V to/T be/V jailed/V again/R ,/, he/P fled/V to/T the/D countryside/N ./.
His/J family/N was/V given/V three/C hours/N to/T leave/V before/I the/D house/N and/C contents/N were/V confiscated/V ./.
With/I only/R the/D clothes/N they/P were/V wearing/N ,/, family/N members/N moved/V to/T a/D home/N owned/V by/I one/C of/I Mr./N _OOV_/N 's/P sons/N ./.
After/N six/C months/N on/I the/D run/N ,/, Mr./N _OOV_/N learned/V the/D order/N for/I his/P arrest/N had/V been/V canceled/V ./.
He/P rejoined/V his/P family/N in/I January/N 1984/N and/C began/V the/D long/J struggle/N for/I justice/N ,/, pressing/V everyone/N from/I _OOV_/C municipal/J officials/N to/T National/N _OOV_/J deputies/N for/I restoration/N of/I his/P rights/N ./.
He/P and/C his/P family/N kept/V afloat/N by/I repairing/N bicycles/N ,/, selling/V fruit/N and/C doing/V odd/J jobs/N ./.
Mr./N _OOV_/N achieved/V a/D breakthrough/N in/I 1987/C --/: and/C became/V a/D minor/J celebrity/N again/R --/D when/R his/P story/N was/V published/V in/I a/D weekly/N newspaper/N ./.
In/I 1988/N ,/, 18/C months/N after/I the/D sixth/J congress/N formally/N endorsed/V family-run/C private/J enterprise/N ,/, district/N authorities/N allowed/V Mr./N _OOV_/N to/T resume/V work/N ./.
By/I late/R last/J year/N he/P was/V invited/V back/R as/I ``/C the/D tire/N king/N ''/N to/T display/V his/P products/N at/I a/D national/J exhibition/N ./.
National/J leaders/N stopped/V by/I his/P stand/V to/T commend/V his/P achievements/N ./.
Mr./N _OOV_/N now/R produces/V 1,000/C bicycle/N and/C motorbike/N tires/N a/D month/N and/C 1,000/J tins/N of/I _OOV_/N glue/N in/I the/D son/N 's/P small/J house/N ./.
_OOV_/C people/N pack/N the/D house/N 's/P two/C rooms/N --/: the/D _OOV_/N ,/, four/C of/I their/P 10/N children/N with/I spouses/N ,/, and/C eight/C of/I 22/J grandchildren/N ./.
Most/D sleep/N on/I the/D floor/N ./.
Come/J daybreak/N ,/, eight/C family/N members/N and/C two/C other/J workers/N _OOV_/N a/D sheet/N of/I raw/J rubber/N that/D covers/C the/D floor/N of/I the/D house/N and/C spills/N out/I onto/V the/D street/N ./.
The/D primitive/J operations/N also/R burst/V out/I the/D back/J door/N into/I a/D small/J courtyard/N ,/, where/I an/D ancient/N press/N squeezes/N rubber/N solution/N into/I a/D flat/N strip/N and/C newly/N made/V tires/N are/V cooled/V in/I a/D bathtub/J filled/V with/I water/N ./.
Mr./N _OOV_/N talks/N _OOV_/N of/I expanding/V ,/, maybe/V even/R moving/V into/I the/D _OOV_/J field/N ./.
First/N ,/, however/V ,/, he/P has/V unfinished/R business/N ./.
When/W district/N authorities/N allowed/V him/P to/T resume/V manufacturing/N ,/, they/P released/V only/R one/C of/I his/P machines/N ./.
They/P did/V n't/R return/V the/D rubber/J stocks/N that/I represent/V his/P capital/N ./.
Nor/C did/V they/P return/V his/P house/N and/C contents/N ,/, which/W he/P values/N at/I about/I $/$ _OOV_/C ./.
He/P wants/V to/T recover/V more/J than/I just/R his/P property/N ,/, though/R ./.
``/C I/P want/V my/P dignity/N back/R ,/, ''/N he/P says/V ./.
_OOV_/N _OOV_/N seemed/V an/D obvious/J choice/N when/I the/D _OOV_/N _OOV_/N Association/N was/V looking/V for/I a/D new/J editor/N to/T reform/V its/P weekly/N newspaper/N ,/, Van/N _OOV_/N ./.
After/I the/D sixth/J congress/N ,/, journalists/N seized/V the/D opportunity/N provided/V by/I the/D liberalization/N to/T probe/N previously/R taboo/N subjects/N ./.
Mr./N _OOV_/N ,/, 57/C years/N old/R ,/, had/V solid/J reformist/J credentials/N :/: He/P had/V lost/V his/P official/J position/N in/I the/D association/N in/I he/P early/R 1980s/N because/I he/P questioned/V the/D intrusion/N of/I politics/N into/I literature/N ./.
_OOV_/N editor/N in/I chief/N in/I July/N 1987/N ,/, Mr./N _OOV_/N rapidly/R turned/V the/D _OOV_/N Van/N _OOV_/N into/I Vietnam/N 's/P hottest/J paper/N ./.
_OOV_/C soared/V as/I the/D weekly/N went/V way/N beyond/I standard/J literary/J themes/N to/T cover/V _OOV_/J society/N and/C its/P ills/N ./.
_OOV_/N were/V electrified/J by/I the/D paper/N 's/P audacity/N and/C appalled/N by/I the/D dark/J side/N of/I life/N it/P uncovered/V ./.
One/N article/N recounted/V a/D decade-long/J struggle/N by/I a/D wounded/V soldier/N to/T prove/V ,/, officially/N ,/, he/P was/V alive/J ./.
Another/N described/V how/R _OOV_/C officials/N in/I _OOV_/N _OOV_/N province/N one/C night/N stormed/V through/I homes/N and/C confiscated/V rice/N from/I starving/N villagers/N ./.
The/D newspaper/N also/R ran/V a/D series/N of/I controversial/J short/J stories/N by/I _OOV_/N _OOV_/N _OOV_/N ,/, a/D former/J history/N teacher/N ,/, who/W stirred/V debate/N over/I his/P interpretation/N of/I _OOV_/J culture/N and/C took/V a/D thinly/J veiled/N swipe/N at/I writers/N who/R had/V blocked/V his/P entry/N into/I their/P official/J association/N ./.
Van/N _OOV_/C quickly/P made/V influential/J enemies/N ./.
``/C Those/N who/W manage/V ideology/N and/C a/D large/J number/N of/I writers/N reacted/V badly/R ''/N to/T the/D restyled/J paper/N ,/, says/V _OOV_/N _OOV_/C An/N ,/, a/D literary/J critic/N ./.
After/N months/N of/I internal/J _OOV_/N ,/, Mr./N _OOV_/N was/V fired/V last/J December/N ./.
His/P dismissal/V triggered/V a/D furor/N among/I intellectuals/N that/I continues/V today/R ./.
``/C Under/N Mr./N _OOV_/N ,/, Van/N _OOV_/N protected/V the/D people/N instead/I of/I the/D government/N ,/, ''/N says/V _OOV_/N _OOV_/N ,/, a/D poet/N who/W is/V the/D paper/N 's/P bureau/N chief/N for/I southern/N Vietnam/N ./.
``/C The/D paper/N reflected/V the/D truth/N ./.
For/I the/D leadership/N ,/, that/I was/V too/R painful/J to/T bear/N ./. ''/'
The/D `/N _OOV_/N '/P
_OOV_/N _OOV_/N _OOV_/N is/V Vietnam/N 's/P entrepreneur/N of/I the/D 1980s/N ./.
Her/N challenge/N is/V to/T keep/V her/P fledgling/V empire/N on/I top/N in/I the/D 1990s/N ./.
Mrs./N _OOV_/N did/V n't/R wait/V for/I the/D reforms/N to/T get/V her/P start/V ./.
She/P charged/V ahead/R of/I the/D government/N and/C the/D law/N to/T establish/V _OOV_/N City/N Food/N Co./N as/I the/D biggest/J rice/N dealer/N in/I the/D country/N ./.
Her/J success/N ,/, which/W included/V alleviating/N an/D urban/J food/N shortage/N in/I the/D early/J 1980s/C ,/, helped/V persuade/N _OOV_/C to/T take/V the/D reform/N path/N ./.
Her/J story/N is/V becoming/V part/N of/I local/J folklore/N ./.
A/D lifelong/J revolutionary/N with/I little/J education/N who/W fought/N both/I the/D French/N and/C the/D _OOV_/N _OOV_/N regime/N ,/, she/P switched/V effortlessly/C to/T commerce/N after/I the/D war/N ./.
Her/J instincts/N were/V capitalistic/N ,/, despite/V her/P background/N ./.
As/I she/P rode/V over/I regulations/N ,/, only/R her/P friendship/N with/I party/N leaders/N ,/, including/V _OOV_/N Van/N _OOV_/N ,/, then/I Ho/N Chi/N Minh/N City/N party/N secretary/N ,/, kept/V her/P out/I of/I jail/N ./.
Following/N Mr./N _OOV_/N 's/P appointment/N as/I _OOV_/N of/I the/D party/N at/I the/D sixth/J congress/N ,/, Mrs./N _OOV_/N has/V become/V the/D darling/N of/I ``/J doi/N moi/N ''/N ,/, the/D _OOV_/J version/N of/I perestroika/N ./.
The/D authorities/N have/V steered/V foreign/J reporters/N to/T her/P office/N to/T see/V an/D example/N of/I ``/C the/D new/J way/N of/I thinking/N ./. ''/'
Foreign/J publications/N have/V responded/V with/I articles/N declaring/V her/P Vietnam/N 's/P richest/J woman/N ./.
``/C Some/N people/N call/V me/P the/D communist/J billionaire/N ,/, ''/N she/P has/V told/V visitors/N ./.
Actually/C ,/, 67-year-old/N Mrs./N _OOV_/N is/V about/I as/I poor/J as/I almost/J everyone/R else/V in/I this/D impoverished/J land/N ./.
She/P has/V indeed/V turned/V _OOV_/C City/N Food/N into/I a/D budding/N conglomerate/N ,/, but/R the/D company/N itself/P remains/V state-owned/C ./.
She/P manages/V it/P with/I the/D title/N of/I _OOV_/N ./.
The/D heart/N of/I the/D business/N is/V the/D purchase/N of/I rice/N and/C other/J commodities/N ,/, such/V as/I corn/N and/C coffee/N ,/, from/I farmers/N in/I the/D south/N ,/, paying/V with/I fertilizer/N ,/, farm/N tools/N and/C other/J items/N ./.
Last/N year/N ,/, _OOV_/C City/N Food/N says/V it/P bought/V two/C million/C metric/N tons/N of/I _OOV_/J rice/N ,/, more/R than/I 10/C %/N of/I the/D country/N 's/P output/N ./.
The/D company/N operates/V a/D fleet/N of/I trucks/N and/C boats/N to/T transport/V the/D commodities/N to/T its/P warehouses/N ./.
A/D subsidiary/N company/N processes/N commodities/N into/I foods/N such/V as/I instant/N noodles/N that/I are/V sold/V with/I the/D rice/N through/I a/D vast/J retail/N network/N ./.
In/I recent/J years/N ,/, Mrs./N _OOV_/N has/V started/V to/T diversify/V the/D company/N ,/, taking/V a/D 20/J %/N stake/N in/I newly/N established/V ,/, partly/N private/V Industrial/N and/C Commercial/N Bank/N ,/, and/C setting/V up/R _OOV_/N _OOV_/N ,/, which/W owns/V and/C operates/V Vietnam/N 's/P first/J oil/N refinery/N ./.
Mrs./N _OOV_/N says/V _OOV_/N City/N Food/N last/J year/N increased/V pretax/C profit/N 60/C %/N to/T the/D equivalent/V of/I about/I $/$ 2.7/C million/C on/I sales/N of/I $/$ 150/C million/C ./.
She/P expects/V both/J revenue/N and/C profit/N to/T gain/V this/D year/N ./.
She/P is/V almost/J cavalier/N about/I the/D possibility/N Vietnam/N 's/P reforms/N will/M create/V rivals/N on/I her/P home/N turf/N ./.
``/C I/P do/V n't/R mind/V the/D competition/N inside/V the/D country/N ,/, ''/N she/P says/V ./.
``/C I/P am/V only/R afraid/J that/D with/I Vietnam/N 's/P _OOV_/N products/N we/P ca/V n't/R compete/N with/I neighboring/J countries/N ./.
The/D earthquake/N that/D hit/V the/D San/N Francisco/N Bay/N area/N is/V n't/R likely/V to/T result/V in/I wholesale/V downgrading/N of/I bond/N ratings/N ,/, officials/N at/I the/D two/C major/J rating/N agencies/N said/V ./.
Standard/N &/N Poor/N 's/P Corp./N is/V reviewing/J debt/N issued/V by/I 12/N California/N counties/N ,/, and/C ``/N there/V are/V potential/N isolated/J problems/N ,/, ''/N said/V _OOV_/N _OOV_/N ,/, a/D managing/N director/N ./.
The/D agency/N is/V preparing/V a/D report/N ,/, to/T be/V issued/V today/R ,/, on/I the/D earthquake/N 's/P impact/N on/I the/D and/C _OOV_/J industry/N ./.
The/D only/J securities/N so/R far/R to/T be/V singled/V out/I are/V those/D issued/V by/I Bay/N View/N Federal/N Savings/N &/N Loan/N ./.
Moody/N 's/P Investors/N Service/N Inc./N said/V it/P is/V reviewing/V ,/, with/I an/D eye/N toward/I a/D possible/J _OOV_/N ,/, the/D ratings/N on/I Bay/N View/N Federal/N bonds/N ,/, long-term/N deposits/N and/C the/D _OOV_/J rating/N of/I its/P parent/N company/N ,/, Bay/N View/N Capital/N Corp/N ./.
As/I for/I property/N and/C casualty/N insurers/N ,/, Moody/N 's/P said/V ``/C preliminary/J estimates/N suggest/V that/D losses/N should/M not/V have/V a/D significant/J impact/N on/I most/J insurers/N '/P financial/J condition/N ,/, ''/N but/R it/P ``/C raises/V concerns/N about/I potentially/V substantial/J risks/N ''/N longer-term/N ./.
``/N _OOV_/N from/I the/D earthquake/N are/V expected/V to/T be/V of/I similar/J magnitude/N to/T those/R of/I Hurricane/N Hugo/N ,/, ''/N according/V to/T Moody/N 's/P ./.
Your/P Oct./N 5/N editorial/N ``/C A/D Democratic/N Tax/N _OOV_/N ''/N contained/V an/D error/N ./.
In/I the/D third/J paragraph/N it/P referred/V to/T the/D senators/N seeking/V loophole/N suggestions/N from/I lobbyists/N for/I various/J sectors/N of/I the/D economy/N ./.
Among/N them/P ,/, ``/C banana/J farmers/N ./. ''/'
The/D only/R significant/J commercial/N banana/J farmers/N in/I the/D U.S./N are/V in/I Hawaii/N ./.
The/D Hawaii/N _OOV_/N Industry/N Association/N ,/, to/T which/D nearly/I all/D of/I them/P belong/V ,/, has/V no/J lobbyist/N ./.
Thomas/N _OOV_/N Reese/N _OOV_/N ./.
_OOV_/N _OOV_/N Co/N ./.
Western/N Digital/N Corp./N reported/V a/D net/J loss/N of/I $/$ 2.7/C million/C ,/, or/C nine/C cents/N a/D share/N ,/, for/I its/P first/J quarter/N ended/V Sept./N 30/N ,/, citing/V factors/N as/I varied/J as/I hurricane/N damage/N ,/, an/D advance/V in/I graphics/N technology/N and/C the/D strengthening/J dollar/N ./.
In/I the/D year-ago/J period/N ,/, the/D company/N earned/V $/$ 12.9/C million/C ,/, or/C 45/C cents/N a/D share/N ,/, on/I sales/N of/I $/$ 247/C million/C ./.
Sales/C for/I the/D _OOV_/J period/N fell/V to/T about/R $/$ 225/C million/C ,/, the/D maker/N of/I computer/N parts/N said/V ./.
_OOV_/N ,/, Chairman/N _OOV_/N W./N Johnson/N said/V he/P expects/V the/D company/N to/T be/V profitable/J in/I the/D current/J quarter/N ./.
``/C We/P are/V positioned/V to/T come/V through/I ,/, ''/N he/P said/V ,/, noting/V that/I the/D company/N 's/P backlog/N was/V up/R from/I the/D previous/J quarter/N ./.
In/I its/P second/J quarter/N last/J year/N ,/, Western/N Digital/N earned/V $/$ _OOV_/C million/C ,/, or/C 44/C cents/N a/D share/N ,/, on/I sales/N of/I $/$ _OOV_/C million/C ./.
Mr./N Johnson/N said/V Western/J Digital/N 's/P plant/N in/I Puerto/N Rico/N was/V affected/V by/I Hurricane/N Hugo/N ,/, losing/V three/C days/N '/P production/N because/I of/I the/D storm/N ,/, which/W wrecked/V much/R of/I the/D Caribbean/J island/N 's/P infrastructure/N ./.
Although/I the/D plant/N itself/P was/V n't/R damaged/V ,/, Mr./N Johnson/N said/V millions/N of/I dollars/N in/I first-quarter/J revenue/N were/V lost/V ./.
The/D revenue/N will/M be/V regained/V in/I the/D current/J period/N ,/, he/P added/V ./.
There/J are/V no/J plans/N to/T initiate/V a/D common/J stock/N dividend/N ,/, Mr./N Johnson/N said/V ,/, explaining/V that/I the/D board/N continues/V to/T believe/V shareholders/N are/V best/R served/V by/I _OOV_/C excess/N cash/N ./.
Mr./N Johnson/N said/V the/D first-quarter/J loss/N also/R heavily/R reflected/V a/D rapid/J change/V in/I graphics/N technology/N that/I left/V reseller/J channels/N with/I too/R many/J of/I the/D old/J computer/N graphics/N boards/N and/C too/R few/J new/J monitors/N compatible/V with/I the/D new/J graphics/N boards/N ./.
Western/N Digital/N does/V n't/R make/V the/D monitors/N ./.
An/D accelerating/N move/V by/I personal/J computer/N manufacturers/N '/P to/T include/V advanced/J graphics/N capabilities/N as/I standard/J equipment/N further/I dampened/V reseller/J purchases/N of/I Western/N Digital/N 's/P equipment/N ./.
``/C The/D other/J areas/N of/I the/D business/N --/: storage/N and/C microcomputers/N --/: were/V very/V good/J ,/, ''/N Mr./N Johnson/N said/V ./.
He/P said/V Western/N Digital/N has/V reacted/V swiftly/I to/T the/D movement/N to/T video/V graphics/N array/N ,/, _OOV_/C ,/, graphics/N technology/N from/I the/D old/J enhanced/J graphics/N adapter/N ,/, _OOV_/N ,/, which/W has/V a/D lower/J resolution/N standard/N ,/, technology/N and/C now/R is/V one/C of/I the/D leading/V producers/N of/I these/J newer/J units/N ./.
Other/J makers/N of/I video/N controller/N equipment/N also/R were/V caught/V in/I the/D _OOV_/J shift/N ,/, he/P said/V ,/, ``/N but/R we/P were/V able/V to/T respond/V much/R more/J quickly/R ./. ''/'
Still/C ,/, Mr./N Johnson/N said/V ,/, ``/C our/P stock/N is/V grossly/J undervalued/N ./. ''/'
He/P said/V the/D company/N has/V cut/V operating/J expenses/N by/I about/I 10/C %/N over/I the/D last/J few/J quarters/N ,/, while/R maintaining/V research/N and/C development/N at/I about/I 8/C %/N to/T 9/C %/N of/I sales/N ./.
As/I part/N of/I its/P reorganization/N this/D week/N ,/, Western/N Digital/N has/V divided/V its/P business/N into/I two/C segments/N --/: storage/N products/N ,/, including/V controllers/N and/C disk/N drives/N ;/: and/C microcomputer/N products/N ,/, which/I include/V graphics/N ,/, communications/N and/C peripheral/J control/N chips/N ./.
Graphics/N ,/, communications/N and/C peripheral/J control/N chips/N were/V combined/V because/I ,/, increasingly/R ,/, multiple/J functions/N are/V being/V governed/V by/I a/D single/D chip/N ./.
_OOV_/N ,/, which/D includes/V computer/N controllers/N and/C _OOV_/J disk/N drives/N ,/, represents/V nearly/R two-thirds/N of/I the/D company/N 's/P business/N ./.
_OOV_/J drives/N ,/, which/W allow/V a/D computer/N to/T access/V its/P memory/N ,/, generated/V 38/C %/N more/J revenue/N in/I the/D most/R recent/J period/N compared/V with/I the/D fiscal/N first/J quarter/N a/D year/N earlier/R ./.
Computer/N parts/N are/V getting/V ever/R smaller/J ,/, Mr./N Johnson/N said/V ,/, a/D shrinking/J that/I has/V propelled/V laptops/N into/I position/N as/I the/D _OOV_/J segment/N of/I the/D computer/N business/N ./.
As/I smaller/J and/C more/J powerful/J computers/N continue/V to/T be/V the/D focus/N of/I the/D industry/N ,/, he/P said/V ,/, Western/N Digital/N is/V strengthening/J development/N of/I laptop/N parts/N ./.
Next/J year/N Western/N Digital/N plans/N to/T consolidate/V its/P operations/N from/I 11/J buildings/N in/I _OOV_/N into/I two/C buildings/N in/I the/D same/J _OOV_/N new/J headquarters/N and/C ,/, a/D block/V away/R ,/, a/D modern/J $/$ 100/C million/C silicon/N wafer/V fabrication/V plant/N ./.
The/D plan/N will/M help/V the/D company/N in/I its/P existing/V joint/N manufacturing/N agreement/N with/I AT&T/N ./.
About/N half/I of/I Western/N Digital/N 's/P business/N is/V overseas/J ,/, and/C Mr./N Johnson/N expects/V that/D proportion/N to/T continue/V ./.
_OOV_/C to/T dissolve/V many/J of/I the/D trade/N barriers/N within/I Europe/N in/I 1992/N creates/V significant/J opportunities/N for/I the/D company/N ,/, he/P said/V ,/, particularly/V since/V Western/C Digital/N already/R manufactures/N there/V ./.
Capitalizing/C on/I that/D presence/N ,/, Western/N Digital/N is/V launching/V a/D major/J effort/N to/T develop/V the/D embryonic/J reseller/J market/N in/I Europe/N ./.
_OOV_/N of/I state-owned/N Banca/N _OOV_/N del/N _OOV_/N approved/V a/D _OOV_/N _OOV_/N transaction/N and/C a/D change/N in/I the/D bank/N 's/P rules/N that/I will/M help/V it/P operate/V more/R like/I a/D private-sector/J institution/N ./.
Until/N now/R ,/, _OOV_/N 's/P top/J managers/N and/C its/P directors/N have/V been/V appointed/V by/I a/D Treasury/J decree/N ./.
But/C under/I the/D bank/N 's/P proposed/V statutes/N ,/, an/D assembly/N of/I shareholders/N must/M approve/V board/N members/N ./.
The/D bank/N 's/P chairman/N and/C director/N general/N ,/, who/W also/R sit/V on/I the/D board/N ,/, still/R would/M be/V appointed/V by/I the/D Treasury/N ./.
_OOV_/N ,/, which/W is/V controlled/V by/I the/D Italian/N Treasury/N ,/, was/V rocked/V by/I the/D disclosure/N last/J month/N that/I its/P Atlanta/N branch/N extended/V more/R than/I $/$ 3/C billion/C in/I unauthorized/J credits/N to/T _OOV_/C ./.
The/D ensuing/J scandal/N ,/, in/I which/R the/D bank/N 's/P management/N resigned/N ,/, has/V helped/V renew/V calls/V for/I privatization/N ,/, or/C at/I least/J an/D overhaul/N ,/, of/I Italy/N 's/P banking/N system/N ,/, which/W is/V about/I 80/C %/N _OOV_/N ./.
In/I a/D related/V move/N ,/, the/D bank/N also/R proposed/V that/I board/N representation/N be/V linked/V more/J closely/R to/T the/D bank/N 's/P new/J shareholding/N structure/N ./.
_OOV_/N called/V a/D shareholders/N '/P assembly/N meeting/N in/I December/N to/T vote/N on/I the/D proposals/N ./.
_OOV_/C has/V about/I 75,000/N _OOV_/N shares/N that/I are/V listed/V on/I the/D Milan/N Stock/N Exchange/N ./.
The/D shares/N were/V suspended/V from/I trading/N following/I disclosure/N of/I the/D Atlanta/J scandal/N ;/: _OOV_/N ,/, the/D stock/N exchange/N regulatory/N body/N ,/, reportedly/V will/M decide/V soon/R whether/V to/T end/V the/D trading/N suspension/N ./.
Switzerland/N 's/P wholesale/J price/N index/N increased/V 0.3/C %/N in/I September/N from/I August/J ,/, and/C was/V up/R 3.9/C %/N from/I a/D year/N ago/I ,/, marking/V the/D first/J time/N this/D year/N that/I the/D index/N has/V fallen/V below/D 4/C %/N on/I a/D _OOV_/N basis/N ,/, the/D government/N reported/V ./.
The/D government/N attributed/V the/D 0.3/J %/N _OOV_/C rise/N in/I the/D index/N largely/R to/T higher/J energy/N prices/N ./.
In/I August/N ,/, the/D index/N was/V up/R 0.2/C %/N from/I the/D previous/J month/N ,/, and/C was/V up/R 4.5/C %/N on/I a/D _OOV_/N basis/N ./.
The/D wholesale/J price/N index/N ,/, based/V on/I 1963/N as/I 100/N ,/, was/V _OOV_/N in/I September/N ./.
American/N Express/N Co./N posted/V a/D 21/C %/N increase/N in/I third/J quarter/N net/N income/N despite/V a/D sharp/J rise/N in/I reserves/N for/I Third/C World/N loans/N at/I its/P banking/N unit/N ./.
Aided/C by/I a/D sharp/J gain/V in/I its/P travel/N business/N ,/, American/N Express/N said/V net/N rose/V to/T $/$ _OOV_/C million/C ,/, or/C 77/C cents/N a/D share/N ,/, from/I $/$ _OOV_/C million/C ,/, or/C 64/C cents/N a/D share/N ./.
The/D year-earlier/J figures/N included/V $/$ _OOV_/C million/C ,/, or/C three/C cents/N a/D share/N ,/, in/I income/N from/I discontinued/J operations/N ./.
Income/N from/I continuing/J operations/N was/V up/R 26/C %/N ./.
Revenue/N rose/V 24/C %/N to/T $/$ 6.5/C billion/C from/I $/$ _OOV_/C billion/C ./.
The/D travel/N ,/, investment/N services/N ,/, insurance/N and/C banking/N concern/N added/V $/$ 110/C million/C to/T reserves/N for/I credit/N losses/N at/I its/P American/N Express/N Bank/N unit/N ,/, boosting/V the/D reserve/N to/T $/$ _OOV_/C million/C as/I of/I Sept./N 30/N ./.
The/D bank/N 's/P Third/C World/N debt/N portfolio/N totals/V $/$ _OOV_/C million/C ,/, down/I from/I $/$ 2.2/C billion/C at/I the/D end/N of/I 1986/N ./.
The/D bank/N charged/V off/I $/$ 53/C million/C in/I loans/N during/I the/D quarter/N ./.
At/I the/D American/N Express/N Travel/N Related/N Services/N Co./N unit/N ,/, net/N rose/V 17/C %/N to/T a/D record/N $/$ _OOV_/C million/C on/I a/D 19/C %/N revenue/N increase/N ./.
The/D figures/N exclude/V businesses/N now/R organized/V as/I American/N Express/N Information/N Services/N Co/N ./.
American/N Express/J card/N charge/N volume/N rose/V 12/C %/N ./.
Travel/N sales/N rose/V 11/C %/N ,/, led/V by/I gains/N in/I the/D U.S/N ./.
At/I _OOV_/C Financial/N Services/N ,/, the/D financial/N planning/N and/C mutual/N fund/N unit/N ,/, net/N rose/V 19/C %/N to/T a/D record/N $/$ _OOV_/C million/C on/I a/D 33/C %/N revenue/N gain/N ./.
_OOV_/N owned/V or/V managed/V rose/V 20/C %/N to/T $/$ 45/C billion/C ,/, and/C mutual/N fund/N sales/N rose/V 45/C %/N in/I the/D quarter/N to/T $/$ _OOV_/C million/C ./.
American/N Express/N Bank/N earnings/N fell/V 50/C %/N to/T $/$ _OOV_/C million/C from/I $/$ _OOV_/C million/C despite/V a/D 29/C %/N revenue/N gain/N ./.
The/D results/N include/V $/$ 106/C million/C of/I tax/N benefits/N associated/V with/I previous/J years/N '/P Third/C World/N loan/N activity/N ,/, compared/V with/I $/$ 15/C million/C a/D year/N earlier/R ./.
Profit/N rose/V 38/C %/N at/I American/N Express/N Information/N Services/N to/T $/$ _OOV_/C million/C ./.
Shearson/N Lehman/N Hutton/N Holdings/N Inc./N ,/, as/I previously/R reported/V ,/, had/V net/N of/I $/$ _OOV_/C million/C ,/, reversing/V a/D $/$ 3.5/C million/C loss/N a/D year/N earlier/R ;/D its/P latest/J results/N include/V a/D $/$ 37/C million/C gain/V from/I the/D sale/N of/I an/D institutional/J money/N management/N business/N ./.
American/N Express/N 's/P share/N of/I Shearson/N 's/P earnings/N was/V $/$ 41/C million/C ,/, after/I preferred/J stock/N dividends/N ;/: it/P owns/V about/R 68/C %/N of/I Shearson/N 's/P common/J ./.
For/I the/D nine/C months/N ,/, American/N Express/N said/V net/N rose/V 11/C %/N to/T $/$ _OOV_/C million/C ,/, or/C $/$ _OOV_/C a/D share/N ,/, from/I $/$ _OOV_/C million/C ,/, or/C $/$ _OOV_/C a/D share/N ./.
Revenue/N rose/V 24/C %/N to/T $/$ _OOV_/C billion/C from/I $/$ _OOV_/C billion/C ./.
_OOV_/N Inc./N ,/, hampered/V by/I a/D slowdown/N in/I its/P defense/N sales/N ,/, reported/V an/D 8/C %/N decline/N in/I per-share/J earnings/N on/I nearly/R flat/N revenue/N for/I its/P third/J quarter/N ./.
The/D aerospace/N and/C financial/J services/N concern/N said/V net/J income/N fell/V 5/C %/N to/T $/$ _OOV_/C million/C from/I $/$ 62.8/C million/C ./.
Revenue/N of/I $/$ _OOV_/C billion/C was/V almost/R unchanged/J from/I last/J year/N 's/P $/$ _OOV_/C billion/C ./.
Per-share/C net/N of/I 66/C cents/N ,/, down/I from/I 72/C cents/N ,/, fell/V by/I more/J than/I overall/J net/N because/I of/I more/J shares/N outstanding/J ./.
The/D company/N said/V that/D improved/J results/N in/I its/P financial-services/N sector/N were/V negated/N by/I increased/J costs/N in/I its/P government/N contract/N business/N ,/, lower/J operating/N earnings/N in/I its/P _OOV_/N sector/N and/C soft/J automotive/N markets/N ./.
Net/N was/V aided/V by/I a/D lower/J income/N tax/N rate/N ./.
Profit/C before/I taxes/N fell/V 17/C %/N to/T $/$ _OOV_/C million/C from/I $/$ _OOV_/C million/C ./.
For/I the/D nine/C months/N ,/, _OOV_/N reported/V net/N of/I $/$ _OOV_/C million/C ,/, or/C $/$ 2.06/C a/D share/N ,/, on/I revenue/N of/I $/$ _OOV_/C billion/C ./.
A/D year/N ago/I ,/, net/N was/V $/$ _OOV_/C million/C ,/, or/C $/$ _OOV_/C a/D share/N ,/, on/I revenue/N of/I $/$ 5.3/C billion/C ./.
The/D _OOV_/J results/N included/V a/D $/$ 9.5/C million/C special/J charge/N in/I 1989/N for/I an/D arbitration/N settlement/N related/V to/T past/J export/N sales/N ,/, and/C $/$ _OOV_/C million/C in/I extraordinary/J charges/N in/I 1988/N related/V to/T a/D former/J line/N of/I business/N and/C early/J redemption/I of/I debt/N ./.
_OOV_/N said/V that/D _OOV_/C '/P results/N do/V n't/R include/V earnings/N of/I _OOV_/N PLC/N ,/, a/D British/N maker/N of/I industrial/N _OOV_/N ,/, but/R do/V include/J interest/N costs/N of/I $/$ _OOV_/C million/C on/I borrowings/N related/V to/T the/D proposed/V purchase/N of/I _OOV_/N ./.
A/D federal/J judge/N has/V issued/V a/D preliminary/J injunction/N against/I the/D purchase/N because/V of/I Federal/N Trade/N Commission/N concerns/N that/I the/D transaction/N would/M reduce/V competition/N in/I the/D production/N of/I two/C kinds/N of/I rivets/N ./.
For/I the/D quarter/N ,/, _OOV_/N said/V aerospace/N revenue/N ,/, including/V _OOV_/J helicopter/N and/C _OOV_/J manufacture/N ,/, declined/V _OOV_/C %/N to/T $/$ _OOV_/C million/C from/I $/$ _OOV_/C million/C ,/, an/D indication/N of/I slowing/V government/N defense/N work/N ./.
As/I the/D _OOV_/N brothers/N '/P personal/J bankruptcy/N cases/N _OOV_/N into/I their/P second/J year/N ,/, _OOV_/N S.A./N has/V proposed/V a/D deal/N to/T settle/V its/P huge/J claim/N against/I the/D troubled/V Texas/N oil/N men/N ./.
But/C the/D plan/N only/R threatens/V to/T heighten/V the/D tension/N and/C confusion/N already/V surrounding/V the/D cases/N that/I were/V filed/V in/I September/N 1988/N ./.
The/D _OOV_/J mineral/N concern/N 's/P $/$ _OOV_/C million/C claim/N stems/V from/I 1988/J jury/N award/N in/I a/D case/N stemming/V from/I the/D brothers/N '/P alleged/V attempts/N to/T corner/V the/D _OOV_/N silver/N market/N ./.
_OOV_/N now/R says/V it/P is/V willing/V to/T settle/V for/I up/R to/T $/$ _OOV_/C million/C from/I each/D brother/N ,/, although/R the/D actual/J amount/N would/M probably/V be/V much/R less/J ./.
Although/I the/D proposal/N must/M be/V approved/V by/I federal/J Judge/N Harold/N C./N _OOV_/N ,/, W./N Herbert/N _OOV_/N has/V agreed/V to/T the/D _OOV_/N mineral/N concern/N 's/P proposal/N ./.
Nelson/N _OOV_/N _OOV_/N is/V considering/V it/P ,/, although/R his/P attorney/N says/V he/P wo/V n't/R do/V it/P if/I the/D proposal/N _OOV_/C a/D tentative/J settlement/N he/P has/V reached/V with/I the/D Internal/N Revenue/N Service/N ,/, which/W claims/N the/D brothers/N owe/V $/$ 1/C billion/C in/I back/R taxes/N and/C is/V by/I far/R the/D biggest/J creditor/N in/I both/J cases/N ./.
The/D tentative/J agreement/N between/I the/D _OOV_/N and/C Nelson/N _OOV_/N _OOV_/N is/V awaiting/V U.S./N Justice/N Department/N approval/N ./.
Under/J it/P ,/, the/D former/J billionaire/N 's/P assets/N would/M be/V liquidated/N with/I the/D _OOV_/N getting/V 80/C %/N of/I the/D proceeds/N and/C the/D rest/J being/V divided/V among/I other/J creditors/N ,/, including/V _OOV_/N and/C Manufacturers/N _OOV_/N Trust/N Co./N ,/, which/W is/V seeking/V repayment/N of/I a/D $/$ 36/C million/C loan/N ./.
A/D _OOV_/J proposal/N has/V been/V made/V in/I the/D W./N Herbert/N _OOV_/N case/N although/R he/P and/C the/D _OOV_/N are/V at/I odds/N over/I the/D size/N of/I the/D _OOV_/J debt/N he/P would/M have/V to/T pay/V to/T the/D government/N from/I future/J earnings/N ./.
In/I both/J cases/N ,/, _OOV_/N and/C Manufacturers/N _OOV_/N have/V been/V fighting/N ferociously/C over/I their/P shares/N of/I the/D pie/N ./.
With/I support/N from/I the/D _OOV_/N ,/, Manufacturers/N _OOV_/N has/V filed/V suit/N asking/V Judge/N _OOV_/N to/T subordinate/V _OOV_/N 's/P claim/N to/T those/D of/I _OOV_/N _OOV_/N and/C the/D _OOV_/N ./.
_OOV_/N has/V threatened/V a/D ``/J volcano/N ''/N of/I litigation/N if/I the/D Manufacturers/N _OOV_/N Corp./N unit/N attempts/N to/T force/N such/V a/D plan/N through/I the/D court/N ./.
_OOV_/N said/V it/P would/M n't/R pursue/V such/J litigation/N if/I its/P settlement/N plan/N in/I the/D W./N Herbert/N _OOV_/N case/N is/V approved/V by/I Judge/N _OOV_/N ,/, who/W will/M consider/V the/D proposal/N at/I a/D hearing/N next/J week/N ./.
_OOV_/J attorney/N Thomas/N _OOV_/N _OOV_/N the/D plan/N as/I one/C step/N toward/I an/D overall/J settlement/N of/I the/D W./N Herbert/N _OOV_/N case/N but/R Hugh/N Ray/N ,/, attorney/N for/I Manufacturers/N _OOV_/N ,/, called/V it/P ``/N silly/J ''/N and/C said/V he/P would/M fight/N it/P in/I court/N ./.
``/C The/D thing/N is/V so/R fluid/J right/N now/R that/I there/V 's/P really/J no/J way/N to/T say/V what/R will/M happen/V ,/, ''/N says/V Justice/N Department/N attorney/N _OOV_/N _OOV_/N III/N ,/, who/W represents/V the/D _OOV_/N in/I the/D case/N ./.
``/N Developments/N like/I this/D are/V hard/R to/T predict/V ./.
Banc/N One/C Corp./N said/V it/P agreed/V in/I principle/N to/T buy/V five/C branch/N offices/N from/I _OOV_/N Inc./N ,/, Toledo/N ,/, Ohio/N ,/, following/I the/D planned/V merger/N of/I _OOV_/N into/I Society/N Corp./N ,/, Cleveland/C ./.
The/D five/C offices/N in/I Erie/N and/C _OOV_/J counties/N in/I northern/J Ohio/N have/V total/J assets/N of/I about/I $/$ 88/C million/C ,/, Banc/N One/N said/V ./.
The/D purchase/N price/N will/M be/V established/V after/I Banc/N One/C has/V an/D opportunity/N to/T study/V the/D quality/N of/I the/D assets/N ,/, Banc/N One/N said/V ./.
Society/N Corp./N already/R has/V branches/N in/I the/D area/N ,/, and/C selling/N the/D _OOV_/J offices/N could/M avoid/V a/D problem/N with/I regulators/N over/I excessive/J concentration/N of/I banking/N in/I the/D two/C counties/N after/I the/D merger/N of/I _OOV_/N into/I Society/N ,/, according/V to/T industry/N sources/N ./.
The/D merger/N is/V scheduled/V to/T take/V place/N in/I the/D 1990/N first/J quarter/N ./.
_OOV_/J fears/N and/C relatively/V more/R attractive/J interest/N rates/N pushed/V _OOV_/C mutual/N fund/N assets/N up/I $/$ _OOV_/C billion/C in/I the/D latest/J week/N ,/, the/D sharpest/J increase/N in/I almost/R two/C years/N ./.
The/D _OOV_/J funds/N tracked/V by/I the/D Investment/N Company/N Institute/N ,/, a/D _OOV_/J trade/N group/N ,/, rose/V to/T $/$ _OOV_/C billion/C ,/, a/D record/N ./.
The/D $/$ _OOV_/C billion/C increase/N was/V the/D strongest/J weekly/N inflow/N since/V January/N 1988/C ./.
The/D increase/N was/V spread/V fairly/V evenly/R among/I all/D three/C types/N of/I funds/N ./.
Individual/J investors/N ,/, represented/V in/I the/D _OOV_/N and/C broker-dealer/J fund/N categories/N ,/, pulled/V money/N from/I the/D stock/N market/N after/I its/P big/J drop/V last/J Friday/N and/C put/V the/D money/N into/I funds/N ,/, said/V _OOV_/N _OOV_/N ,/, vice/N president/N and/C chief/J economist/N of/I the/D Institute/N ./.
``/N _OOV_/N investors/N ,/, on/I the/D other/J hand/N ,/, reacted/V to/T the/D steep/J decline/N in/I yields/V on/I direct/J _OOV_/N instruments/N following/I the/D _OOV_/J decline/N last/J Friday/N ,/, ''/N Mr./N _OOV_/N said/V ./.
Yields/C on/I money/N funds/N dropped/V in/I the/D week/N ended/V Tuesday/N ,/, according/V to/T _OOV_/N 's/P Money/N Fund/N Report/N ,/, a/D _OOV_/N ,/, Mass./N ,/, newsletter/N ./.
The/D average/J _OOV_/C compounded/V yield/V fell/V to/T _OOV_/C %/N from/I 8.60/C %/N the/D week/N earlier/R ,/, _OOV_/N 's/P said/V ./.
At/I the/D auction/N of/I six-month/N U.S./N Treasury/N bills/N on/I Monday/N ,/, the/D average/J yield/V fell/V to/T _OOV_/C %/N from/I _OOV_/C %/N ./.
Likewise/V ,/, certificates/N of/I deposit/N on/I average/N posted/V lower/J yields/V in/I the/D week/N ended/V Tuesday/N ./.
The/D _OOV_/N _OOV_/N money/N funds/N rose/V $/$ _OOV_/C billion/C to/T $/$ _OOV_/C billion/C ./.
The/D _OOV_/N _OOV_/N funds/N increased/V $/$ _OOV_/C billion/C to/T $/$ _OOV_/C billion/C ,/, while/R 96/C broker-dealer/N funds/N increased/V $/$ 1.3/C billion/C to/T $/$ _OOV_/C billion/C ./.
Domestic/N lending/N for/I real/J estate/N and/C property/N development/N was/V the/D source/N of/I Bank/N _OOV_/N Malaysia/N _OOV_/N 's/P most/R recent/J spate/N of/I financial/N troubles/N ,/, the/D institution/N 's/P executive/J chairman/N ,/, _OOV_/N _OOV_/N _OOV_/N ,/, said/V ./.
Speaking/N to/T reporters/V this/D week/N after/I Bank/N _OOV_/N 's/P shareholders/N approved/V a/D rescue/N plan/N ,/, _OOV_/N _OOV_/N _OOV_/N said/V heavy/J lending/N to/T the/D property/N sector/N rocked/V the/D bank/N when/W property/N prices/N in/I Malaysia/C plummeted/V in/I _OOV_/N ./.
He/P said/V the/D bank/N could/M n't/R wait/V any/D longer/R for/I prices/N to/T recover/V and/C for/I borrowers/N to/T service/N their/P loans/N ./.
So/I the/D bank/N 's/P board/N decided/V to/T make/V 1.23/C billion/C _OOV_/C dollars/N -LRB-/C US$/N _OOV_/C million/C -RRB-/C in/I provisions/N for/I interest/N payments/N from/I loans/N previously/R recorded/V as/I revenue/N but/R never/R actually/R received/V by/I the/D bank/N ,/, and/C to/T submit/V a/D bailout/J package/N to/T replenish/V the/D bank/N 's/P _OOV_/J capital/N ./.
The/D predicament/N ,/, he/P added/V ,/, was/V similar/J to/T the/D Hong/N Kong/N _OOV_/N _OOV_/N collapse/N ,/, which/W exposed/V the/D involvement/N of/I Bank/N _OOV_/N 's/P former/J subsidiary/N in/I the/D colony/N in/I the/D largest/J banking/N scandal/N in/I Malaysia/N 's/P history/N ./.
The/D subsidiary/N ,/, _OOV_/N Malaysia/N Finance/N Ltd./N ,/, was/V left/V with/I _OOV_/N _OOV_/C billion/C in/I bad/J loans/N made/V to/T Hong/N Kong/N property/N speculators/N ./.
Both/J episodes/N wiped/V out/I Bank/N _OOV_/N 's/P shareholders/N '/P funds/N ./.
Each/J time/N ,/, the/D bank/N 's/P 90/C %/N shareholder/N --/: _OOV_/N _OOV_/N _OOV_/N ,/, or/C _OOV_/C ,/, the/D national/J oil/N company/N --/: has/V been/V called/V upon/R to/T rescue/V the/D institution/N ./.
In/I five/C years/N ,/, _OOV_/C ,/, which/P became/V the/D dominant/J shareholder/N in/I a/D 1984/J rescue/N exercise/N ,/, has/V spent/V about/I _OOV_/N 3.5/C billion/C to/T prop/V up/R the/D troubled/J bank/N ./.
_OOV_/N _OOV_/N _OOV_/N said/V the/D capital/N restructuring/N plan/N has/V been/V approved/V by/I Malaysia/N 's/P Capital/N _OOV_/N Committee/N and/C central/J bank/N ./.
Malaysia/N 's/P High/N Court/N is/V expected/V to/T approve/V the/D plan/N ./.
Once/I the/D plan/N is/V approved/V ,/, _OOV_/N _OOV_/N _OOV_/N said/V ,/, most/R of/I Bank/N _OOV_/N 's/P _OOV_/J loans/N will/M have/V been/V fully/R provided/V for/I and/C the/D bank/N will/M be/V on/I track/N to/T report/V a/D pretax/J profit/N of/I between/I _OOV_/N 160/C million/C and/C _OOV_/N 170/C million/C for/I the/D fiscal/N year/N ending/N March/N 31/N ./.
For/I the/D previous/J financial/J year/N ,/, the/D bank/N would/M have/V reported/V a/D pretax/J profit/N of/I _OOV_/N _OOV_/C million/C if/I it/P had/V n't/R made/V provisions/N for/I the/D _OOV_/J loans/N ,/, he/P said/V ./.
Malaysia/N 's/P Banking/N _OOV_/N Act/N prohibited/V the/D bank/N from/I identifying/V delinquent/V borrowers/N ,/, said/V _OOV_/N _OOV_/N _OOV_/N ./.
But/C public/J documents/N indicate/V 10/C %/N or/C more/J of/I the/D bank/N 's/P provisions/N were/V made/V for/I foregone/J interest/N on/I a/D _OOV_/N 200/C million/C loan/N to/T Malaysia/N 's/P dominant/J political/J party/N ,/, the/D United/N _OOV_/N National/N Organization/N ,/, to/T build/V its/P convention/N and/C headquarters/N complex/J in/I _OOV_/N _OOV_/N ./.
The/D loan/N to/T _OOV_/N was/V made/V in/I September/N 1983/N ./.
``/C We/P lent/V a/D lot/N of/I money/N all/I over/I the/D place/N ,/, ''/N said/V _OOV_/N _OOV_/N _OOV_/N ,/, who/W refused/V to/T discuss/V the/D bank/N 's/P outstanding/J loans/N to/T
As/I well/R as/I the/D _OOV_/N 1.23/N billion/C in/I provisions/N announced/V on/I Oct./N 6/N ,/, the/D restructuring/N package/N covers/C an/D additional/J _OOV_/N _OOV_/C million/C in/I provisions/N made/V in/I earlier/J years/N but/R never/R reflected/V in/I a/D reduction/N of/I the/D bank/N 's/P _OOV_/J capital/N ./.
At/I the/D end/N of/I the/D exercise/N ,/, the/D cash/N injection/N from/I _OOV_/C will/M increase/V the/D bank/N 's/P _OOV_/J capital/N to/T _OOV_/N 1.15/C billion/C after/I virtually/R being/V wiped/V out/I by/I the/D new/J provisions/N ./.
_OOV_/N _OOV_/N might/M have/V stepped/V from/I a/D recruiting/N poster/N for/I young/J Republicans/N ./.
White/N ,/, 24/C years/N old/R ,/, a/D singer/N in/I her/P church/N choir/N ,/, she/P symbolizes/V a/D generation/N that/I gave/V its/P heart/N and/C its/P vote/N to/T Ronald/N Reagan/N ./.
``/C I/P felt/V kind/N of/I safe/J ,/, ''/N she/P says/V ./.
No/J longer/J ./.
When/I the/D Supreme/N Court/N opened/V the/D door/N this/D year/N to/T new/J restrictions/N on/I abortion/N ,/, Ms./N _OOV_/N opened/V her/P mind/V to/T Democratic/C politics/N ./.
Then/I a/D political/J novice/N ,/, she/P stepped/V into/I a/D whirl/N of/I ``/N _OOV_/N ''/N marches/N ,/, house/N parties/N and/C _OOV_/N ./.
Now/P she/P leads/V a/D grassroots/N _OOV_/N campaign/N in/I _OOV_/C County/N for/I _OOV_/N Democratic/N gubernatorial/N candidate/N James/N _OOV_/N ./.
``/C This/D is/V one/C where/I I/P cross/N party/N lines/N ,/, ''/N she/P says/V ,/, rejecting/V the/D _OOV_/J stance/N of/I Rep./N _OOV_/N 's/P opponent/N ,/, _OOV_/N Rep./N James/N _OOV_/N ./.
``/C People/N my/P age/N thought/V it/P was/V n't/R going/V to/T be/V an/D issue/N ./.
Now/P it/P has/V --/D especially/V for/I people/N my/P age/N ./. ''/'
_OOV_/J bear/N out/I this/D warning/N ,/, but/R after/I a/D decade/N of/I increased/V Republican/N influence/N here/R ,/, the/D new/J politics/N of/I abortion/N have/V contributed/V to/T a/D world/N turned/V upside/V down/I for/I Mr./N _OOV_/N ./.
Unless/R he/P closes/V the/D gap/N ,/, Republicans/C risk/N losing/V not/R only/R the/D governorship/N but/R also/R the/D assembly/N next/J month/N ./.
Going/N into/I the/D 1990s/N ,/, the/D _OOV_/N is/V paying/V a/D price/N for/I the/D same/J conservative/J social/J agenda/N that/I it/P used/V to/T torment/V Democrats/C in/I the/D past/J ./.
This/D change/N comes/V less/R from/I a/D shift/N in/I public/J opinion/N ,/, which/W has/V n't/R changed/V much/R on/I abortion/N over/I the/D past/J decade/N ,/, than/I in/I the/D boundaries/N of/I the/D debate/N ./.
New/N Jersey/N 's/P own/P highest/J court/N remains/V a/D liberal/J bulwark/N against/I major/J restrictions/N on/I abortion/N ,/, but/R the/D U.S./N Supreme/N Court/N ruling/N ,/, Webster/N vs./N Missouri/N ,/, has/V engaged/V voters/N across/I the/D nation/N who/R had/V been/V insulated/V from/I the/D issue/N ./.
Before/I July/N ,/, _OOV_/C voters/N could/M safely/J make/V political/J decisions/N without/I focusing/V narrowly/I on/I abortion/N ./.
Now/P ,/, the/D threat/N of/I further/J restrictions/N adds/V a/D new/J dimension/N ,/, bringing/V an/D upsurge/N in/I political/J activity/N by/I _OOV_/J forces/N ./.
A/D recent/J _OOV_/J rally/N in/I _OOV_/N drew/V thousands/N ,/, and/C in/I a/D major/J reversal/N ,/, Congress/N is/V defying/V a/D presidential/J veto/N and/C demanding/V that/I _OOV_/N abortions/N be/V permitted/V in/I cases/N of/I rape/N and/C incest/N ./.
``/C If/I Webster/N had/V n't/R happened/V ,/, you/P would/V n't/R be/V here/R ,/, ''/N _OOV_/N _OOV_/N tells/V a/D reporter/N in/I the/D _OOV_/J office/N of/I the/D National/J Organization/N for/I Women/N ./.
``/C We/P could/M have/V shouted/V from/I the/D rooftops/N about/I _OOV_/N and/C no/J one/C would/M have/V heard/V us/N ./. ''/'
New/N Jersey/N is/V a/D proving/V ground/N for/I this/D aggressive/J _OOV_/J movement/N this/D year/N ./.
The/D infusion/N of/I activists/N can/M bring/V a/D clash/N of/I cultures/N ./.
In/I _OOV_/N Hill/N ,/, the/D National/N _OOV_/N Rights/N Action/N League/N ,/, whose/J goal/N is/V to/T sign/V up/R 50,000/C _OOV_/N voters/N ,/, targets/N a/D union/N breakfast/N to/T build/V labor/N support/N for/I its/P cause/N ./.
The/D league/N organizers/N seem/V more/R a/D fit/V with/I a/D convention/N next/J door/N of/I young/J aerobics/N instructors/N in/I _OOV_/N than/I the/D _OOV_/J union/N leaders/N ;/: ``/C I/P wish/V I/P could/M go/V work/N out/I ,/, ''/N says/V a/D slim/J activist/N ./.
A/D labor/N chief/N speaks/V sardonically/N of/I having/R to/T ``/C man/N and/C woman/N ''/N Election/N Day/N phones/N ./.
No/J age/N group/N is/V more/J sensitive/J than/I younger/J voters/N ,/, like/I Ms./N _OOV_/N ./.
A/D year/N ago/I this/D fall/V ,/, New/N Jersey/N voters/N under/I 30/N favored/V George/N Bush/N by/I 56/C %/N to/T 39/C %/N over/I Michael/N _OOV_/N ,/, according/V to/T a/D survey/N then/I by/I _OOV_/N University/N 's/P _OOV_/J Institute/N ./.
A/D matching/J _OOV_/N _OOV_/N _OOV_/N poll/N last/J month/N showed/V a/D complete/J reversal/N ./.
_OOV_/C in/I the/D same/J age/N group/N backed/V Democrat/N _OOV_/N 55/C %/N to/T 29/C %/N over/I Republican/N _OOV_/N ./.
_OOV_/C alone/V ca/V n't/R explain/V this/D shift/N ,/, but/R New/N Jersey/N is/V a/D model/N of/I how/R so/V personal/J an/D issue/N can/M become/V a/D baseline/N of/I sorts/N in/I judging/V a/D candidate/N ./.
By/I a/D _OOV_/J ratio/N ,/, voters/N appear/V more/R at/I ease/N with/I Mr./N _OOV_/N 's/P stance/N on/I abortion/N ,/, and/C polls/N indicate/V his/P lead/V widens/V when/R the/D candidates/N are/V specifically/I linked/V to/T the/D issue/N ./.
``/C The/D times/N are/V my/J times/N ,/, ''/N says/V Mr./N _OOV_/N ./.
The/D _OOV_/J County/N congressman/N still/R carries/V himself/P with/I a/D trademark/N ``/N _OOV_/N ''/N intensity/N ,/, but/R at/I a/D pause/V in/I _OOV_/N 's/P Columbus/N Day/N parade/N recently/R ,/, he/P was/V dancing/N with/I his/P wife/N in/I the/D middle/N of/I the/D avenue/N in/I the/D city/N 's/P old/J _OOV_/J ward/N ./.
After/N losing/V by/I fewer/J than/I 1,800/C votes/N in/I the/D 1981/N governor/N 's/P race/N ,/, he/P has/V prepared/V himself/P methodically/N for/I this/D moment/N ,/, including/V deciding/V in/I recent/J years/N he/P could/M no/D longer/J support/N curbs/V on/I federal/J funding/N for/I _OOV_/N abortions/N ./.
``/C If/I you/P 're/V going/V to/T be/V consistent/J and/C say/V it/P is/V a/D constitutionally/R protected/V right/N ,/, ''/N he/P asks/V ,/, ``/C how/T are/V you/P going/V to/T say/V an/D upscale/N woman/N who/W can/M drive/V to/T the/D hospital/N or/C clinic/N in/I a/D nice/J car/N has/V a/D constitutional/J right/N and/C someone/N who/W is/V not/R in/I great/J shape/N financially/V does/V not/V ?/P ''/N
Mr./N _OOV_/N ,/, by/I comparison/N ,/, seems/V a/D shadow/N of/I the/D confident/J hawk/N who/W defended/V Oliver/C North/N before/I national/J cameras/N at/I Iran-Contra/C hearings/V two/C years/N ago/I ./.
Looking/J back/R ,/, he/P says/V he/P erred/N by/I stating/V his/P ``/J personal/J ''/N opposition/N to/T abortion/N instead/I of/I assuring/N voters/N that/I he/P would/V n't/R impose/V his/P views/N on/I ``/J policy/N ''/N as/I governor/N ./.
It/P is/V a/D distinction/N that/I satisfies/V neither/J side/N in/I the/D debate/N ./.
``/N He/P does/V n't/R know/V himself/P ,/, ''/N _OOV_/N _OOV_/N of/I the/D _OOV_/N Rights/N League/N says/V of/I Mr./N _OOV_/N 's/P position/N ./.
Even/J abortion/N opponents/N ,/, however/V angry/N with/I Mr./N _OOV_/N ,/, ca/V n't/R hide/V their/P frustration/N with/I the/D Republican/N 's/P ambivalence/N ./.
``/N He/P does/V n't/R want/V to/T lead/V the/D people/N ,/, ''/N says/V Richard/N _OOV_/N ,/, president/N of/I New/N Jersey/N Right/N to/T Life/N ./.
Moreover/N ,/, by/I stepping/V outside/I the/D state/N 's/P _OOV_/J tradition/N ,/, Mr./N _OOV_/N _OOV_/N fears/N that/I he/P is/V too/R conservative/J as/I well/R on/I more/J pressing/N concerns/N such/I as/I auto/N insurance/N rates/N and/C the/D environment/N ./.
He/P hurt/V himself/P further/I this/D summer/N by/I bringing/V homosexual/J issues/N into/I the/D debate/N ;/: and/C by/I wavering/N on/I this/D issue/N and/C abortion/N ,/, he/P has/V weakened/V his/P credibility/N in/I what/P is/V already/R a/D _OOV_/J campaign/N on/I both/J sides/N ./.
_OOV_/C to/T Congress/C in/I 1978/N ,/, the/D _OOV_/N Mr./N _OOV_/N is/V part/N of/I a/D generation/N of/I young/J conservatives/N who/R were/V once/R very/R much/R in/I the/D lead/N of/I the/D _OOV_/J shift/N under/I Mr./N Reagan/N ./.
Like/N many/J of/I his/P colleagues/N ,/, he/P did/V n't/R serve/V in/I Vietnam/N in/I the/D 1960s/N yet/R embraced/V a/D _OOV_/J defense/N and/C foreign/J policy/N --/: even/V voting/N against/I a/D 1984/J resolution/N critical/J of/I the/D U.S./N mining/N of/I _OOV_/N harbors/N ./.
Jack/N Kemp/N and/C the/D writers/N _OOV_/N Kristol/N and/C George/N _OOV_/N were/V influences/N ,/, and/C Mr./N _OOV_/N 's/P own/P conservative/J credentials/N proved/V useful/J to/T the/D current/J New/N Jersey/N _OOV_/N governor/N ,/, Thomas/N _OOV_/N ,/, in/I the/D 1981/N Republican/N primary/J here/R ./.
The/D same/J partnership/N is/V now/R crucial/V to/T Mr./N _OOV_/N 's/P fortunes/N ,/, but/R the/D abortion/N issue/N is/V only/R a/D reminder/N of/I the/D gap/N between/I his/P record/N and/C that/D of/I the/D more/J moderate/J ,/, _OOV_/N Gov./N _OOV_/N ./.
While/N the/D _OOV_/J County/N congressman/N pursued/V an/D _OOV_/N ,/, _OOV_/C agenda/N in/I Washington/N ,/, Gov./N _OOV_/N was/V approving/V increased/J income/N and/C sales/N taxes/N at/I home/N and/C overseeing/V a/D near/J doubling/N in/I the/D size/N of/I New/N Jersey/N 's/P budget/N in/I his/P eight/C years/N in/I office/N ./.
_OOV_/J forces/N play/V down/I any/D differences/N with/I Mr./N _OOV_/N ,/, but/R this/D history/N makes/V it/P harder/R for/I the/D conservative/J to/T run/V against/I government/N ./.
Mr./N _OOV_/N 's/P free-market/J plan/N to/T bring/V down/I auto/N insurance/N rates/N met/V criticism/N from/I Gov./N _OOV_/N 's/P own/P insurance/N commissioner/N ./.
Mr./N _OOV_/N is/V further/R hobbled/N by/I a/D record/N of/I votes/N opposed/V to/T government/N regulation/V on/I behalf/N of/I consumers/N ./.
_OOV_/C in/I Spanish/N from/I his/P days/N in/I the/D Peace/N _OOV_/N ,/, Mr./N _OOV_/N actively/N courts/N minority/N voters/N but/R seems/V oddly/J over/I his/P head/N ./.
He/P is/V warm/J and/C polished/J before/I a/D Puerto/N _OOV_/N Congress/N in/I _OOV_/N Park/N ./.
Yet/J minutes/N after/I promising/V to/T appoint/V _OOV_/C to/T high/J posts/N in/I state/N government/N ,/, he/P is/V unable/J to/T say/V whether/R he/P has/V ever/R employed/V any/D in/I his/P congressional/J office/N ./.
``/C I/P do/V n't/R think/V we/P do/V now/R ,/, ''/N he/P says/V ./.
``/C I/P think/V we/P did/V ./. ''/'
Asked/C the/D same/J question/N after/I his/P appearance/N ,/, Democrat/N _OOV_/N identifies/V a/D staff/N member/N by/I name/N and/C explains/V her/P whereabouts/V today/R ./.
When/W he/P is/V presented/V with/I a/D poster/N celebrating/V the/D organization/N 's/P 20th/J anniversary/N ,/, he/P recognizes/V a/D photograph/N of/I one/C of/I the/D founders/N and/C recalls/V time/N spent/V together/R in/I _OOV_/N ./.
Details/N and/C _OOV_/N are/V essential/J _OOV_/N ./.
_OOV_/C to/T Congress/N as/I a/D ``/N Watergate/N baby/N ''/N in/I 1974/N ,/, he/P ran/V for/I governor/N three/C years/N later/R ./.
In/I the/D opinion/N of/I many/J ,/, he/P has/V n't/R stopped/V running/V since/V ,/, even/R though/R he/P declined/V a/D rematch/N with/I Gov./N _OOV_/N in/I 1985/N ./.
His/P base/N in/I South/N Jersey/N and/C on/I the/D House/N Energy/N and/C Commerce/J Committee/N helped/V him/P sustain/V a/D network/N of/I _OOV_/J committees/N to/T preserve/V his/P edge/N ./.
With/I limited/J budgets/N for/I television/N in/I a/D high-priced/J market/N ,/, Mr./N _OOV_/N 's/P higher/J recognition/N than/I his/P rival/J is/V a/D major/J advantage/N ./.
More/N than/I ever/N ,/, his/P _OOV_/N and/C _OOV_/J record/N is/V in/I sync/N with/I the/D state/N ./.
Auto/C insurance/N rates/N are/V soaring/N ./.
A/D _OOV_/J fire/N destroyed/V part/N of/I an/D interstate/N highway/N this/D summer/N ./.
In/I _OOV_/N ,/, an/D important/J swing/N area/N ,/, Republican/N _OOV_/N now/R run/V on/I a/D slogan/N promising/V to/T keep/V the/D county/J ``/N clean/V and/C green/J ./. ''/'
Mr./N _OOV_/N _OOV_/N this/D vindication/J ,/, but/R at/I age/N 52/C ,/, the/D congressman/N is/V also/R a/D product/N of/I his/P times/N and/C losses/N ./.
He/P speaks/V for/I the/D death/N penalty/N as/I if/I reading/V from/I _OOV_/N 21/N ;/: to/T increase/V state/N revenue/N he/P focuses/V not/R on/I ``/J taxes/N ''/N but/R on/I ``/J audits/N ''/N to/T cut/V waste/N ./.
_OOV_/C consultants/V match/N ads/N with/I Mr./N _OOV_/N 's/P team/N ,/, and/C Mr./N _OOV_/N _OOV_/N himself/P as/I the/D lean/J ,/, mean/V Democratic/C fighting/N machine/N of/I the/D 1990s/N ./.
_OOV_/C to/T a/D young/J audience/N ,/, he/P scraps/V an/D old/J reference/N to/T _OOV_/N and/C _OOV_/N and/C instead/D quotes/V the/D _OOV_/N _OOV_/N ./.
The/D lyric/N chosen/V --/P ``/C long/J strange/J night/N ''/N --/I may/M be/V an/D apt/J footnote/N to/T television/V spots/N by/I both/J candidates/N intended/V to/T portray/V each/D other/J as/I a/D liar/J ./.
The/D Democratic/J lawmaker/N fits/V a/D pattern/N of/I younger/J reformers/N arising/V out/I of/I old/J machines/N ,/, but/R his/P ties/N to/T _OOV_/N remain/V a/D sore/J point/N because/I of/I the/D county/J 's/P past/J corruption/N ./.
His/J campaign/N hierarchy/N is/V chosen/V from/I elsewhere/I in/I the/D state/N ,/, and/C faced/V with/I criticism/N of/I a/D sweetheart/N bank/N investment/N ,/, he/P has/V so/R far/J blunted/V the/D issue/N by/I donating/V the/D bulk/N of/I his/P profits/N to/T his/P alma/J mater/N ,/, _OOV_/N State/N College/N ./.
Mr./N _OOV_/N 's/P _OOV_/N on/I the/D abortion/N issue/N after/I the/D Webster/N ruling/N divides/V some/D of/I his/P old/J constituency/N ./.
_OOV_/N _OOV_/N ,/, an/D unlikely/D but/R enthusiastic/J pipe/N major/J in/I an/D _OOV_/N County/N Irish/J bagpipe/N band/N ,/, speaks/V sadly/V of/I Mr./N _OOV_/N ./.
``/C I/P am/V a/D devout/N _OOV_/C ,/, ''/N says/V Mr./N _OOV_/N ,/, a/D 40-year-old/J health/N officer/N ./.
``/C I/P ca/V n't/R support/N him/P because/V of/I abortion/N ./. ''/'
Bill/N _OOV_/N Sr./N ,/, 72/N ,/, is/V _OOV_/C too/R ,/, but/R _OOV_/N by/I Mr./N _OOV_/N 's/P stand/V on/I abortion/N ./.
A/D security/N guard/N at/I a/D cargo/N terminal/N ,/, he/P wears/V a/D Sons/N of/I Italy/J jacket/N and/C cap/N celebrating/N ``/N The/D US/N 1/N _OOV_/N ./. ''/'
``/C I/P still/R think/V the/D woman/N has/V the/D right/N to/T do/V with/I her/P body/N as/I she/P pleases/V ,/, ''/N he/P says/V ./.
``/C If/I you/P want/V more/J opinions/N ask/V my/J wife/N ./.
She/P has/V lots/N of/I opinions/N ./.
Consumer/N prices/N rose/V a/D surprisingly/J moderate/J 0.2/C %/N in/I September/N ,/, pushed/V up/R mostly/R by/I a/D jump/N in/I clothing/N costs/N ,/, the/D Labor/N Department/N reported/V ./.
Energy/N costs/N ,/, which/W drove/V wholesale/J prices/N up/I sharply/I during/I the/D month/N ,/, continued/V to/T decline/N at/I the/D retail/N level/N ,/, pulling/V down/R transportation/N and/C helping/V to/T ease/R housing/N costs/N ./.
The/D report/N was/V the/D brightest/N news/N the/D financial/J markets/N had/V seen/V since/V before/I the/D stock/N market/N plunged/V more/R than/I 190/J points/N last/I Friday/N ./.
The/D Dow/N Jones/N Industrial/N Average/C rallied/V on/I the/D news/N ,/, closing/V _OOV_/J points/N higher/J at/I _OOV_/N ./.
Bond/J prices/N also/R jumped/V as/I traders/N appeared/V to/T read/V the/D data/N as/I a/D sign/N that/I interest/N rates/N may/M fall/V ./.
But/C many/J economists/N were/V not/R nearly/R as/I jubilant/N ./.
The/D climb/N in/I wholesale/J energy/N prices/N is/V certain/J to/T push/V up/R retail/J energy/N prices/N in/I the/D next/J few/J months/N ,/, they/P warned/V ./.
They/P also/R said/V the/D dollar/N is/V leveling/V off/R after/I a/D rise/N this/D summer/N that/I helped/V to/T reduce/V the/D prices/N of/I imported/V goods/N ./.
``/C I/P think/V inflation/N is/V going/V to/T pick/V up/R through/I the/D fall/N ,/, ''/N said/V Joel/N _OOV_/N ,/, a/D specialist/N on/I inflation/N who/W runs/V an/D economic/N consulting/N firm/N here/P ./.
``/C It/P has/V been/V in/I what/P I/P would/M describe/V as/I a/D lull/N for/I the/D past/R several/J months/N ./. ''/'
``/C We/P 've/V had/V _OOV_/J declines/N in/I consumer/N energy/N prices/N in/I each/D of/I the/D past/J three/C months/N ,/, and/C at/I the/D wholesale/J level/N those/W are/V fully/R behind/V us/N now/R ,/, ''/N said/V Jay/N _OOV_/N ,/, chief/J domestic/J economist/N at/I Bankers/C Trust/N Co./N in/I New/N York/N ./.
Because/C wholesale/V energy/N prices/N shot/V up/R by/I a/D steep/J 6.5/C %/N last/J month/N ,/, many/J analysts/N expected/V energy/N prices/N to/T rise/N at/I the/D consumer/N level/N too/R ./.
As/I a/D result/N ,/, many/J economists/N were/V expecting/V the/D consumer/N price/N index/N to/T increase/V significantly/R more/R than/I it/P did/V ./.
But/C retail/N energy/N prices/N declined/V 0.9/C %/N in/I September/N ./.
Though/I analysts/N say/V competition/N will/M probably/V hold/V down/I increases/V in/I retail/N energy/N prices/N ,/, many/J expect/V some/D of/I the/D wholesale/J rise/N to/T be/V passed/V along/I to/T the/D consumer/N before/I the/D end/N of/I the/D year/N ./.
Still/C ,/, some/D analysts/N insisted/V that/I the/D worst/J of/I the/D inflation/N is/V behind/D ./.
``/C It/P increasingly/R appears/V that/D _OOV_/N was/V a/D temporary/J inflation/N _OOV_/N and/C not/R the/D beginning/N of/I a/D cyclical/N inflation/N problem/N ,/, ''/N argued/V Edward/N _OOV_/N ,/, chief/J economist/N at/I Prudential-Bache/C Securities/N Inc./N in/I New/N York/N ./.
In/I both/J 1987/N and/C 1988/N ,/, consumer/N prices/N rose/V _OOV_/C %/N ./.
A/D run-up/N in/I world/N oil/N prices/N last/I winter/N sent/V consumer/J prices/N soaring/N at/I a/D _OOV_/C %/N annual/J rate/N in/I the/D first/J five/C months/N of/I this/D year/N ,/, but/R the/D subsequent/I decline/N in/I energy/N prices/N has/V pulled/V the/D annual/J rate/N back/R down/I to/T _OOV_/C %/N ./.
Mr./N _OOV_/N predicted/V that/D world/N business/N competition/N will/M continue/V to/T restrain/V prices/N ./.
``/C The/D bottom/N line/N is/V ,/, it/P seems/V to/T me/P that/I the/D economic/N environment/N has/V become/V very/R ,/, very/N _OOV_/C for/I a/D lot/N of/I businesses/N ,/, ''/N he/P said/V ./.
``/C Back/N in/I _OOV_/N ,/, business/N was/V operating/N at/I fairly/V tight/J capacity/N ,/, so/R businesses/N felt/V they/P could/M raise/V prices/N ./. ''/'
Now/P ,/, he/P said/V ,/, a/D slowdown/N in/I economic/N activity/N has/V _OOV_/C demand/N ./.
The/D mild/J inflation/N figures/N renewed/V investors/N '/P hopes/V that/I the/D Federal/N Reserve/N will/M ease/V its/P interest-rate/J stance/N ./.
The/D steep/J climb/V in/I producer/N prices/N reported/V last/J Friday/N fostered/V pessimism/N about/I lower/J interest/N rates/N and/C contributed/V to/T the/D stock/N market/N 's/P 6.9/C %/N plunge/V that/D day/N ./.
In/I the/D past/R several/J days/N ,/, however/V ,/, the/D U.S./N 's/P central/J bank/N has/V allowed/V a/D key/J interest/N rate/N to/T fall/V slightly/R to/T try/V to/T stabilize/V the/D markets/N ./.
Analysts/N say/V Fed/J policy/N makers/N have/V been/V wary/J of/I relaxing/J credit/N too/R much/R because/I they/P were/V still/R uncertain/V about/I the/D level/N of/I inflation/N in/I the/D economy/N ./.
Excluding/C the/D volatile/J categories/N of/I energy/N and/C food/N --/: leaving/V what/R some/D economists/N call/V the/D core/J inflation/N rate/N --/I consumer/N prices/N still/R rose/V only/R 0.2/C %/N in/I September/N ./.
Transportation/J costs/N actually/I fell/V 0.5/C %/N ,/, and/C housing/N costs/N gained/V only/R 0.1/C %/N ./.
Apparel/J prices/N _OOV_/C up/R 1.7/C %/N ,/, but/R that/D was/V after/I three/C months/N of/I declines/N ./.
Medical/N costs/N continued/V their/P steep/J ascent/N ,/, rising/J _OOV_/C %/N after/I four/C consecutive/J months/N of/I 0.7/C %/N increases/V ./.
Car/N prices/N ,/, another/D area/N that/I contributed/V to/T the/D steep/J rise/N in/I the/D wholesale/N index/N last/J month/N ,/, still/R showed/V declines/N at/I the/D consumer/N level/N ./.
They/P dropped/V _OOV_/C %/N as/I dealers/V continued/V to/T offer/V rebates/N to/T attract/V customers/N ./.
Food/J prices/N rose/V 0.2/C %/N for/I the/D second/J month/N in/I a/D row/N ,/, far/R slower/J than/I the/D monthly/N rises/V earlier/R in/I the/D year/N ./.
Separately/N ,/, the/D Labor/N Department/N reported/V that/D average/J weekly/N earnings/N rose/V 0.3/C %/N in/I September/N ,/, after/I adjusting/V for/I inflation/N ,/, following/I a/D 0.7/C %/N decline/N in/I August/J ./.
All/P the/D numbers/N are/V adjusted/V for/I seasonal/N fluctuations/N ./.
Here/N are/V the/D seasonally/N adjusted/V changes/N in/I the/D components/N of/I the/D Labor/N Department/N 's/P consumer/J price/N index/N for/I September/N ./.
After/N watching/V interest/N in/I the/D sport/N plummet/N for/I years/N ,/, the/D ski/N industry/N is/V trying/J to/T give/V itself/D a/D lift/N ./.
_OOV_/C the/D country/N ,/, resorts/N are/V using/V everything/N from/I fireworks/N to/T _OOV_/C concerts/N to/T attract/V new/J customers/N ./.
Some/I have/V built/V health/N _OOV_/N ,/, business/N centers/N and/C shopping/N villages/N so/V visitors/N have/V more/R to/T do/V than/I ski/N ./.
And/R this/D week/N ,/, the/D industry/N 's/P efforts/N will/M go/V national/J for/I the/D first/J time/N when/I it/P unveils/V a/D $/$ 7/C million/C advertising/N campaign/N ./.
Such/N efforts/N --/: unheard/V of/I only/R a/D few/J years/N ago/I --/: are/V the/D latest/J attempts/N to/T revive/V the/D sagging/J $/$ 1.76/C billion/C U.S./C ski/N industry/N ./.
Since/I the/D start/N of/I the/D decade/N ,/, _OOV_/C sales/N have/V grown/V only/R 3/C %/N a/D year/N on/I average/N ,/, compared/V with/I 16/C %/N annual/J growth/N rates/N in/I the/D _OOV_/N and/C _OOV_/N ./.
Last/J season/N ,/, _OOV_/C sales/N fell/V for/I the/D first/J time/N in/I seven/C years/N ./.
By/I some/J estimates/N ,/, nearly/R a/D fourth/N of/I all/D U.S./C ski/N areas/N have/V been/V forced/V to/T shut/V down/I since/V the/D early/J _OOV_/C ./.
Competition/N and/C mounting/N insurance/N and/C equipment/N costs/N have/V been/V the/D undoing/N of/I many/J resorts/N ./.
But/C another/D big/J problem/N has/V been/V the/D aging/N of/I baby/N boomers/N ./.
_OOV_/N ,/, after/I all/D ,/, has/V mainly/R been/V for/I the/D young/J and/C daring/N and/C many/J baby/N boomers/N have/V outgrown/V skiing/N or/C have/V too/R many/J family/N responsibilities/N to/T stick/V with/I the/D sport/N ./.
In/I its/P new/J ad/N campaign/N ,/, created/V by/I _OOV_/N _OOV_/N _OOV_/N &/N _OOV_/N Inc./N ,/, Chicago/N ,/, the/D ski/N industry/N is/V trying/V to/T change/V its/P image/N as/I a/D sport/N primarily/I for/I young/J white/J people/N ./.
One/N _OOV_/N TV/N spot/N features/N a/D diverse/J group/N of/I skiers/N gracefully/V gliding/N down/I _OOV_/C slopes/N :/: senior/J citizens/N ,/, minorities/N ,/, families/N with/I children/N --/: even/V a/D blind/J skier/N ./.
``/N _OOV_/N school/N is/V great/J ,/, ''/N cries/N out/I a/D tot/N ,/, bundled/V in/I a/D _OOV_/N as/I he/P plows/V down/I a/D bunny/J slope/N ./.
``/C You/P 'll/V never/R _OOV_/C you/P try/V ,/, ''/N says/V a/D black/J skier/N ./.
``/C We/P used/V to/T show/V some/J _OOV_/J skier/N in/I his/P twenties/N or/J thirties/V going/V over/I the/D edge/N of/I a/D cliff/N ,/, ''/N says/V _OOV_/N _OOV_/N ,/, a/D spokeswoman/N for/I the/D United/N _OOV_/N Industries/N Association/N ,/, the/D trade/N group/N sponsoring/V the/D campaign/N ./.
_OOV_/J promotions/N have/V traditionally/R avoided/V the/D touchy/J issue/N of/I safety/N ./.
But/C the/D new/J commercials/N deal/N with/I it/P indirectly/N by/I showing/V a/D woman/N smiling/N as/I she/P tries/V to/T get/V up/R from/I a/D fall/N ./.
``/C We/P wanted/V to/T show/V it/P 's/P okay/R if/I you/P fall/V ,/, ''/N says/V Ms./N _OOV_/N ./.
``/C Most/I people/N think/V if/I you/P slip/V ,/, you/P 'll/V wind/V up/R in/I a/D body/N cast/V ./. ''/'
The/D ad/N campaign/N represents/V an/D unusual/J spirit/N of/I cooperation/N among/I resorts/N and/C ski/N equipment/N makers/N ;/: normally/I ,/, they/P only/R run/V ads/N hyping/N their/P own/P products/N and/C facilities/N ./.
But/C in/I these/J crunch/N times/N for/I the/D ski/N industry/N ,/, some/D resorts/N ,/, such/J as/I the/D _OOV_/N Fire/N ,/, Red/C River/N and/C _OOV_/C ski/N areas/N in/I New/N Mexico/N ,/, have/V even/R started/V _OOV_/C skiers/N to/T each/D other/J 's/P slopes/N and/C next/J year/N plan/N to/T sell/V tickets/N good/R for/I all/D local/J lifts/N ./.
Many/J resorts/N also/R are/V focusing/V more/J on/I the/D service/N side/N of/I their/P business/N ./.
Since/I 40/C %/N of/I skiers/N are/V parents/N ,/, many/J slopes/N are/V building/N nurseries/N ,/, expanding/V ski/N schools/N and/C adding/V entertainment/N for/I kids/N ./.
_OOV_/N ,/, Colo./N ,/, now/R has/V a/D _OOV_/N that/D looks/V like/I an/D old/J mining/J town/N ;/: kids/N can/M ski/N through/I and/C pan/N for/I fool/V 's/P gold/N ./.
For/D $/$ 15/C ,/, they/P can/M enjoy/V their/P own/P nightly/N entertainment/N ,/, with/I dinner/N ,/, without/I mom/N and/C dad/N ./.
A/D few/J years/N ago/I ,/, parents/N usually/V had/V to/T hire/V a/D sitter/J or/C take/V turns/V skiing/N while/I one/C spouse/N stayed/V with/I the/D children/N ./.
``/C Most/J parents/N who/W had/V to/T go/V through/I that/I never/P came/V back/R ,/, ''/N says/V Michael/N _OOV_/N ,/, president/N of/I _OOV_/N Associates/N Inc./N ,/, which/W owns/V and/C operates/V the/D _OOV_/N and/C nearby/J Beaver/N _OOV_/N resorts/N ./.
To/T make/V skiing/N more/R convenient/J for/I _OOV_/J visitors/N ,/, several/J resorts/N are/V buying/N or/I starting/V their/P own/P travel/N agencies/N ./.
In/I one/C phone/N call/V ,/, ski/N buffs/N can/M make/V hotel/N and/C restaurant/N reservations/N ,/, buy/V lift/N tickets/N ,/, rent/V ski/N equipment/N and/C sign/N up/I for/I lessons/N ./.
And/J resorts/N are/V adding/V other/J amenities/N ,/, such/J as/I pricey/J restaurants/N ,/, health/N _OOV_/N and/C vacation/N packages/N with/I a/D twist/N ./.
During/V _OOV_/N Carnival/N week/N ,/, for/I example/N ,/, visitors/N at/I Sunday/N River/N in/I Maine/N can/M take/V a/D _OOV_/J balloon/N ride/N ./.
``/C People/N these/J days/N want/V something/N else/V to/T do/V besides/V ski/N and/C sit/V in/I the/D bar/N ,/, ''/N says/V Don/N _OOV_/N ,/, executive/J director/N of/I _OOV_/N Fire/N ,/, _OOV_/N 's/P Chamber/N of/I Commerce/N ./.
The/D ski/N industry/N hopes/N to/T increase/V the/D number/N of/I skiers/N by/I 3.5/C million/C to/T about/R _OOV_/C million/C in/I the/D next/J five/C years/N with/I its/P latest/J ads/N and/C promotions/N ./.
But/C some/J think/V that/D 's/P being/N overly/N optimistic/J ./.
For/D one/C thing/N ,/, it/P may/M be/V tough/J to/T attract/V people/N because/V skiing/N is/V still/R expensive/J :/J a/D lift/N ticket/N can/M cost/N up/I to/T $/$ 35/C a/D day/N and/C equipment/N prices/N are/V rising/J ./.
And/J most/R _OOV_/N still/R prefer/V a/D warm/J climate/N for/I their/P winter/N excursions/N ./.
An/D American/N Express/N Co./N survey/N of/I its/P travel/N agents/N revealed/V that/I only/R 34/C %/N believe/V their/P clients/N will/M pick/V a/D trip/N this/D winter/N based/V on/I the/D availability/N of/I winter/J sports/N ,/, as/I opposed/V to/T 69/C %/N who/W think/V that/D _OOV_/J sports/N will/M be/V the/D deciding/V factor/N ./.
``/C Even/N if/I they/P could/M bring/V in/I that/I many/J new/J skiers/N ,/, I/P do/V n't/R know/V if/I -LCB-/C the/D industry/N -RCB-/N could/M handle/V that/D kind/N of/I an/D increase/N ,/, ''/N says/V _OOV_/N William/N Berry/N ,/, editor/N and/C publisher/N of/I the/D _OOV_/N Industry/N Letter/N in/I _OOV_/N ,/, _OOV_/N ./.
``/C Most/I people/N will/M come/V on/I the/D weekend/N ,/, the/D slopes/N will/M be/V overcrowded/V and/C then/I these/J -LCB-/N new/C skiers/N -RCB-/N wo/I n't/R come/V back/R ./.
They/P did/V n't/R play/V the/D third/J game/N of/I the/D World/N Series/N on/I Tuesday/N night/N as/I scheduled/V ,/, and/C they/P did/V n't/R play/V it/P on/I Wednesday/N or/C Thursday/N either/I ./.
But/C you/P knew/V that/D ,/, did/V n't/R you/P ?/.
They/P are/V supposed/V to/T play/V the/D game/N next/J Tuesday/N ,/, in/I _OOV_/N Park/N here/R ./.
The/D theory/N is/V that/I the/D stadium/N ,/, damaged/V by/I Tuesday/N 's/P earthquake/N ,/, will/M be/V repaired/V by/I then/R ,/, and/C that/D people/N will/M be/V able/V to/T get/V there/V ./.
Like/N just/I about/J everything/R else/V ,/, that/D remains/V to/T be/V seen/V ./.
_OOV_/N could/M intervene/V ./.
But/C ,/, at/I least/J ,/, the/D law/N of/I averages/N should/M have/V swung/V to/T the/D favorable/J side/N ./.
It/P may/N seem/V trivial/J to/T worry/V about/I the/D World/N Series/N amid/V the/D destruction/N to/T the/D Bay/N Area/N wrought/V by/I Tuesday/N 's/P quake/J ,/, but/R the/D name/N of/I this/D column/N is/V ``/C On/N Sports/N ,/, ''/N so/R I/P feel/N obliged/V to/T do/V so/R ./.
You/P might/M be/V interested/V to/T know/V that/D baseball/N ,/, not/R survival/N ,/, appeared/V to/T be/V the/D first/J thought/V of/I most/J of/I the/D crowd/N of/I _OOV_/N that/I had/V gathered/V at/I _OOV_/C at/I _OOV_/J p.m./N Tuesday/N ,/, a/D half-hour/N before/I game/N time/N ,/, when/R the/D quake/N struck/V ./.
As/I soon/P as/I the/D tremor/N passed/V ,/, many/J people/N spontaneously/N arose/V and/C cheered/V ,/, as/I though/R it/P had/V been/V a/D novel/N kind/N of/I _OOV_/J show/N ./.
One/C fan/N ,/, seated/V several/J rows/N in/I front/N of/I the/D open/N ,/, _OOV_/C auxiliary/N press/N section/N where/I I/P was/V stationed/V ,/, faced/V the/D assembled/V _OOV_/N and/C _OOV_/N shouted/V ,/, ``/C We/P arranged/V that/D just/R for/I you/P guys/N ''/N I/P thought/V and/C ,/, I/P 'm/V sure/J ,/, others/N did/V :/N ``/C You/P should/M n't/R have/V bothered/V ./. ''/'
I/P 'd/V slept/V through/I my/R only/R previous/J brush/N with/I natural/J disaster/N ,/, a/D tornado/N 15/N or/C so/R summers/V ago/R near/I _OOV_/N City/N ,/, Mich./C ,/, so/R I/P was/V unprepared/V for/I one/C reaction/N to/T such/J things/N :/: the/D urge/V to/T talk/V about/I them/P ./.
Perhaps/R primed/N by/I the/D daily/J diet/N of/I radio/N and/C TV/N reporters/N thrusting/N microphones/N into/I people/N 's/P faces/N and/C asking/V how/R they/P ``/J feel/N ''/N about/I one/C calamity/N or/I another/D ,/, fellow/V reporters/N and/C civilians/N who/W spied/V my/P press/N _OOV_/N were/V eager/R to/T chat/N ./.
``/C It/P felt/V like/I I/P was/V on/I a/D station/N platform/N and/C a/D train/N went/V by/I ,/, ''/N said/V one/C man/N ,/, describing/V my/R own/P reaction/N ./.
A/D women/N said/V she/P saw/V the/D park/N 's/P light/J standards/N sway/N ./.
A/D man/N said/V he/P saw/V the/D upper/J rim/N _OOV_/C ./.
I/P saw/V neither/J ./.
_OOV_/N of/I good/J sense/N to/T the/D contrary/V not/R withstanding/N ,/, the/D general/J inclination/N was/V to/T believe/V that/I the/D disturbance/N would/M be/V brief/J and/C that/D ball/N would/M be/V played/V ./.
``/C I/P was/V near/I the/D top/N of/I the/D stadium/N ,/, and/C saw/V a/D steel/N _OOV_/N bow/N six/C feet/N from/I where/I I/P sat/V ,/, but/R I/P stayed/V put/V for/I 10/N or/C 15/C minutes/N ,/, ''/N confessed/V a/D friend/N ./.
``/C I/P guess/V I/P thought/V ,/, `/C This/D is/V the/D World/N Series/N and/C I/P 'm/V not/R gon/N na/N wimp/N out/I '/P ''/N
Here/N in/I the/D Global/N _OOV_/N ,/, though/R ,/, folks/N do/V not/R stay/V uninformed/V for/I long/J ./.
_OOV_/C power/N was/V out/I in/I _OOV_/N _OOV_/N Park/N ,/, but/R _OOV_/C radios/N and/C television/N sets/N were/V plentiful/J ./.
Within/C a/D few/J minutes/N ,/, the/D true/J extent/N of/I the/D catastrophe/N was/V becoming/V clear/J ./.
Its/V _OOV_/N _OOV_/C measurement/N was/V reported/V as/I 6.5/N ,/, then/R 6.9/C ,/, then/R _OOV_/C ./.
A/D section/N of/I the/D Bay/N Bridge/N had/V collapsed/V ,/, as/I had/V a/D part/N of/I Interstate/N Highway/N 880/N in/I _OOV_/N ./.
People/N had/V died/V ./.
At/I _OOV_/J p.m./N ,/, scheduled/V game/N time/N having/I passed/V ,/, some/J fans/N chanted/V ``/C Let/P 's/P Play/N Ball/N ./. ''/'
No/C longer/R innocent/I ,/, they/P qualified/V as/I fools/J ./.
The/D stadium/N was/V ordered/V evacuated/V soon/R afterward/V ;/N the/D announcement/N ,/, made/V over/I police/N _OOV_/N ,/, cited/V the/D power/N outage/N ,/, but/R it/P later/R was/V revealed/V that/I there/V also/R had/V been/V damage/N of/I the/D sort/N reported/V by/I my/P friend/N ./.
Outside/N ,/, I/P spotted/V two/C young/J men/N _OOV_/N blocks/N of/I concrete/J ./.
``/N _OOV_/N of/I _OOV_/N ,/, ''/N they/P said/V ./.
The/D crowd/N remained/V good/J natured/N ,/, even/R bemused/J ./.
TV/N reporters/N interviewed/V fans/N in/I the/D parking/N lots/N while/I ,/, a/D few/J feet/N away/I ,/, others/N watched/V the/D interviews/N on/I their/P portable/N TVs/N ./.
The/D only/J frenzy/N I/P saw/V was/V commercial/N :/: _OOV_/C selling/V World/N Series/N commemorative/N stamps/N and/C dated/V _OOV_/N were/V besieged/V by/I fledgling/J speculators/N who/W saw/V future/J profit/N in/I the/D items/N ./.
The/D traffic/N jam/N out/I of/I the/D park/N was/V monumental/J ./.
It/P took/V me/P a/D half-hour/C to/T move/V 10/J feet/N from/I my/J parking/N spot/N in/I an/D outer/J lot/R to/T an/D aisle/N ,/, and/C an/D additional/J hour/N to/T reach/V an/D inner/J roadway/N a/D _OOV_/J away/I ./.
The/D _OOV_/J trip/N to/T my/P airport/N hotel/N that/I had/V taken/V 20/C minutes/N earlier/R in/I the/D day/N took/V more/R than/I three/C hours/N ./.
At/I my/J hotel/N ,/, the/D _OOV_/N ,/, power/N was/V out/I ,/, some/D interior/J plaster/N had/V broken/V loose/J and/C there/V had/V been/V water/N damage/N ,/, but/R little/J else/V ./.
With/I _OOV_/C randomness/N ,/, a/D hotel/N across/I the/D street/N ,/, the/D _OOV_/N ,/, had/V been/V hit/V harder/R :/: A/D large/J sheet/N of/I its/P concrete/J facade/N and/C several/J window/N _OOV_/N were/V torn/V away/R ./.
The/D _OOV_/J staff/N had/V ,/, kindly/N ,/, set/V out/R lighted/J candles/N in/I the/D ballroom/N ,/, prepared/V a/D _OOV_/J buffet/N and/C passed/V around/I pillows/N and/C blankets/N ./.
I/P fell/V asleep/R on/I the/D lobby/N floor/N ,/, next/J to/T a/D man/N wearing/V a/D Chicago/N _OOV_/N jacket/N ./.
I/P expected/V him/P to/T say/V ,/, ``/C I/P told/V you/P so/V ,/, ''/N but/R he/P already/V was/V snoring/N ./.
The/D journalistic/N consensus/N was/V that/I the/D earthquake/N made/V the/D World/N Series/N seem/V unimportant/V ./.
My/J response/N was/V that/D sports/N rarely/R are/V important/J ,/, only/R diverting/V ,/, and/C the/D quake/N merely/I highlighted/V that/D fact/V ./.
Should/I the/D rest/N of/I the/D Series/N be/V played/V at/I all/D ?/.
The/D quake/N and/C baseball/N were/V n't/R related/V ,/, unlike/V the/D massacre/N of/I athletes/N that/I attended/V the/D 1972/N _OOV_/N ./.
That/D heavily/R politicized/J event/N learned/V nothing/R from/I the/D horrifying/J experience/N ,/, and/C seems/V doomed/V to/T repeat/V it/P ./.
Two/N _OOV_/N _OOV_/N ./.
This/D has/V been/V widely/R dubbed/V the/D BART/J Series/N ,/, after/I the/D local/J subway/N line/N ,/, and/C the/D Bay/N Bridge/N Series/N ./.
_OOV_/C fly/V at/I _OOV_/C for/I the/D death/N of/I _OOV_/N _OOV_/N ,/, the/D late/J baseball/N commissioner/N ,/, and/C now/R the/D Bay/N Bridge/N lies/V in/I ruins/N ./.
A/D Series/N that/I was/V shaping/V up/R as/I the/D _OOV_/N since/I the/D _OOV_/N _OOV_/N _OOV_/N go/V of/I 1984/N has/V become/V memorable/J in/I the/D least/J fortunate/R way/N ./.
Still/C ,/, its/P edge/N is/V lost/V ./.
It/P now/R will/M be/V played/V mostly/R for/I the/D record/N ,/, and/C should/M be/V wrapped/V up/R as/I quickly/P as/I possible/D ,/, without/I ``/C off/I ''/N days/N ./.
And/J I/P will/M never/R again/R complain/V about/I a/D _OOV_/N ./.
The/D disarray/N in/I the/D junk-bond/J market/N that/I began/V last/J month/N with/I a/D credit/N crunch/N at/I Campeau/C Corp./N has/V offered/V commercial/J banks/N a/D golden/J opportunity/N to/T play/V a/D greater/J role/N in/I financing/N _OOV_/N takeovers/N ./.
But/C two/C big/J New/N York/N banks/N seem/V to/T have/V kicked/V those/D chances/V away/R ,/, for/I the/D moment/N ,/, with/I the/D embarrassing/J failure/N of/I _OOV_/N and/C Chase/N Manhattan/N Corp./N to/T deliver/V $/$ 7.2/C billion/C in/I bank/N financing/N for/I a/D leveraged/N buy-out/N of/I United/N Airlines/N parent/N UAL/N Corp/N ./.
For/I more/R than/I a/D decade/N ,/, banks/N have/V been/V pressing/V Congress/N and/C banking/N regulators/N for/I expanded/V powers/N to/T act/N like/I securities/N firms/N in/I playing/N Wall/N Street/N 's/P lucrative/J takeover/N game/N ,/, from/I giving/V mergers/N advice/N all/I the/D way/N to/T selling/V and/C trading/N high-yield/N junk/N bonds/N ./.
Those/N expanded/V powers/N reached/V their/P zenith/N in/I July/N when/T Bankers/C Trust/N New/N York/N Corp./N provided/V mergers/N advice/N ,/, an/D equity/N investment/N and/C bank/N loans/N for/I the/D $/$ _OOV_/C billion/C leveraged/N buy-out/N of/I _OOV_/N Airlines/N parent/N _OOV_/N Inc/N ./.
One/N of/I the/D major/J selling/N points/N used/V by/I Los/N Angeles/N financier/N Alfred/N _OOV_/N in/I getting/V the/D takeover/N approved/V was/V that/I the/D deal/N did/V n't/R include/V any/D junk/N bonds/N ./.
That/D was/V seen/V as/I an/D advantage/N in/I lobbying/J airline/N employees/N and/C Washington/N regulators/N for/I approval/N of/I the/D contested/J takeover/N ./.
All/P $/$ _OOV_/C billion/C in/I debt/N for/I the/D deal/N was/V supplied/V by/I banks/N ./.
Charles/N _OOV_/N ,/, _OOV_/N of/I mergers/N and/C acquisitions/N at/I Salomon/C Brothers/N Inc./N ,/, says/V it/P is/V natural/J for/I banks/N to/T try/V to/T expand/V beyond/I their/P _OOV_/J business/N of/I providing/V senior/J debt/N for/I _OOV_/N ./.
But/C the/D UAL/J collapse/N ,/, he/P says/V ,/, ``/N may/M tell/V you/P it/P 's/P not/R going/V to/T work/V that/I easily/R ./. ''/'
David/N _OOV_/N ,/, a/D mergers/N adviser/N in/I La/N _OOV_/N ,/, Calif./N ,/, who/W aided/V Los/N Angeles/C investor/N Marvin/N Davis/N on/I the/D bids/N which/P put/V both/J UAL/N and/C _OOV_/N in/I play/N as/I takeover/N candidates/N this/D year/N ,/, says/V that/D banks/N have/V been/V ``/C preparing/V to/T play/V a/D larger/J and/C larger/J role/N in/I acquisition/N financing/N ./. ''/'
Mr./N _OOV_/N says/V that/I in/I the/D past/J ,/, banks/N would/M normally/I have/V loaned/V 65/C %/N of/I a/D total/J buy-out/C price/N ,/, with/I the/D loans/N secured/V by/I the/D target/J company/N 's/P assets/N ./.
Another/J 20/C %/N of/I the/D borrowed/V funds/N would/M come/V from/I the/D sale/N to/T investors/N of/I junk/N bonds/N ,/, which/W offer/V less/J security/N and/C typically/I carry/V higher/J yields/V than/I bank/N loans/N ./.
Mr./N _OOV_/N 's/P purchase/N of/I _OOV_/N ,/, Mr./N _OOV_/N notes/N ,/, ``/N was/V probably/V the/D most/R aggressive/J to/T date/N ,/, ''/N with/I bank/N debt/N at/I 85/C %/N of/I the/D purchase/N price/N ./.
But/C Mr./N _OOV_/N says/V that/D _OOV_/N 's/P ``/J failure/N to/T deliver/V ''/N on/I its/P promise/N to/T raise/V the/D UAL/J bank/N debt/N for/I a/D labor-management/N buy-out/N group/N ``/N is/V very/R distressing/V to/T potential/J users/N of/I a/D `/N _OOV_/N '/P letter/N from/I commercial/J banks/N ./. ''/'
His/P client/N ,/, Mr./N Davis/N ,/, used/V just/R such/I a/D letter/N from/I _OOV_/C in/I pursuing/V UAL/C ;/: _OOV_/N later/R agreed/V to/T work/V with/I a/D competing/J UAL/N buy-out/N group/N ./.
Executives/N of/I _OOV_/N and/C Chase/N Manhattan/N declined/V to/T comment/V on/I either/I the/D UAL/J situation/N ,/, or/C on/I the/D changing/J nature/N of/I banks/N '/P role/N in/I financing/N takeovers/N ./.
In/I the/D wake/V of/I Campeau/N 's/P problems/N ,/, prices/N of/I junk/N bonds/N tumbled/N ,/, throwing/V into/I doubt/V the/D ability/N of/I corporate/J _OOV_/C to/T finance/V large/J takeovers/N with/I the/D help/N of/I junk/N bond/N sales/N ./.
Mark/N _OOV_/N ,/, senior/J managing/N director/N at/I Manufacturers/N _OOV_/N Trust/N Co./N ,/, says/V the/D _OOV_/N in/I junk/N bonds/N may/M yet/R open/V new/J business/N opportunities/N to/T banks/N in/I structuring/N takeovers/N ./.
But/C he/P warns/V that/D banks/N will/M have/V ``/C to/T have/V enough/P discipline/N ''/N not/R to/T make/V loans/N that/I are/V too/R risky/J ./.
In/I fact/N ,/, Manufacturers/N _OOV_/N said/V in/I its/P third-quarter/N earnings/N report/N that/I fees/N from/I _OOV_/J loans/N to/T other/J banks/N dropped/V 48/C %/N ,/, to/T $/$ 21/C million/C ./.
``/C We/P did/V n't/R take/V part/N in/I a/D lot/N of/I deals/N because/I their/P credit/N quality/N was/V poor/J ,/, ''/N says/V a/D bank/N spokesman/N ./.
James/N B./N Lee/N ,/, head/N of/I _OOV_/N and/C private/J placements/N at/I Chemical/N Banking/N Corp./N ,/, said/V he/P believes/V banks/N can/M still/R make/V a/D credible/J offer/N of/I _OOV_/J shopping/N for/I takeover/N finance/N ./.
As/N evidence/N ,/, he/P cites/V yesterday/N 's/P arrangement/N for/I the/D final/J financing/N of/I a/D $/$ 3/C billion/C bid/N for/I American/N Medical/N International/N Inc./N in/I which/D Chemical/N served/V as/I both/J the/D lead/V bank/N and/C an/D equity/N investor/N ./.
Beyond/C the/D current/J weakness/N in/I the/D junk/N bond/N market/N ,/, banks/N have/V another/D advantage/N over/I investment/N banks/N in/I financing/N contested/V takeovers/N ./.
Arthur/N _OOV_/N Jr./N ,/, a/D takeover/N lawyer/N at/I Fried/N Frank/N Harris/N _OOV_/N &/N _OOV_/N ,/, notes/N that/I ``/C a/D political/J and/C emotional/J bias/N ''/N has/V developed/V against/I junk/N bonds/N ./.
One/N hostile/J bidder/N who/R deliberately/V avoided/V using/V junk/J bonds/N was/V Paramount/N Communications/N Inc./N in/I its/P initial/J offer/V to/T acquire/V Time/N Inc./N for/I $/$ _OOV_/C billion/C ,/, or/C $/$ 175/C a/D share/N ./.
A/D Paramount/J spokesman/N says/V that/D decision/N was/V based/V on/I the/D financial/N ,/, not/R political/J ,/, drawbacks/N of/I junk/N bonds/N ./.
But/C some/J observers/N believe/V Paramount/C Chairman/N Martin/N Davis/N wanted/V to/T avoid/V the/D possible/J taint/N of/I being/N perceived/V as/I a/D corporate/N raider/N in/I his/P controversial/J bid/N for/I Time/N ./.
In/I the/D end/N ,/, Mr./N Davis/N used/V junk/N bonds/N so/I that/D he/P could/M raise/V Paramount/N 's/P bid/N to/T $/$ 200/C a/D share/N ./.
Some/R _OOV_/J quarterbacks/N said/V the/D initial/J lower/J bid/N ,/, without/I junk/N bonds/N ,/, was/V a/D factor/N in/I his/P losing/V the/D company/N ./.
Time/N eluded/V Paramount/N by/I acquiring/V Warner/N Communications/N Inc/N ./.
The/D success/N of/I the/D _OOV_/J financing/N ,/, and/C the/D failure/N of/I the/D UAL/J deal/N ,/, also/R seem/V to/T highlight/J the/D important/J new/J role/N in/I takeover/N financing/N being/N played/V by/I Japanese/J banks/N ./.
Japanese/J banks/N accounted/V for/I 50/C %/N of/I the/D _OOV_/J bank/N debt/N ,/, according/V to/T a/D report/N by/I Transportation/N Secretary/N Samuel/N _OOV_/N ./.
But/C it/P was/V _OOV_/C rejection/N by/I Japanese/J banks/N that/I helped/V seal/N the/D fate/N of/I the/D attempt/N to/T buy/V UAL/N ./.
_OOV_/N and/C Chase/N are/V attempting/V to/T put/V together/R a/D new/J ,/, lower/J bid/N ./.
_OOV_/N _OOV_/N ,/, chief/J economist/N of/I the/D Institute/N for/I Financial/N Affairs/N Inc./N ,/, a/D Tokyo/J research/N center/N on/I finance/N and/C economics/N ,/, says/V ,/, ``/C The/D junk/N bond/N market/N became/V very/R _OOV_/N ,/, and/C there/V 's/P a/D fear/N of/I a/D coming/V recession/N and/C the/D possible/J bankruptcy/N of/I _OOV_/J companies/N ./.
_OOV_/N Inc./N filed/V suit/N in/I federal/J court/N here/R ,/, alleging/N that/I a/D group/N that/I holds/V _OOV_/C %/N of/I its/P stock/N made/V ``/N false/N ,/, deceptive/J and/C misleading/J ''/N statements/N in/I recent/J regulatory/J filings/N and/C public/J announcements/N ./.
_OOV_/N 's/P complaint/N claims/N that/I the/D group/N ,/, led/V by/I investor/N Malcolm/N _OOV_/N _OOV_/N ,/, violated/V securities/N laws/N by/I failing/N to/T disclose/V plans/N to/T purchase/N 15/C %/N of/I the/D company/N 's/P shares/N outstanding/N and/C that/I when/R the/D required/V Hart-Scott-Rodino/N filing/N eventually/R was/V made/V ,/, it/P did/V n't/R disclose/V the/D group/N 's/P alleged/V earlier/R violation/N of/I the/D so-called/N _OOV_/N requirements/N of/I the/D law/N ./.
Mr./N _OOV_/N could/M n't/R immediately/N be/V reached/V to/T comment/N ./.
But/C when/R _OOV_/C last/J week/N publicly/N questioned/V the/D legality/N of/I the/D group/N 's/P filing/N procedures/N ,/, the/D Rochester/N ,/, N.Y./N ,/, investor/N said/V ``/N we/P complied/V with/I every/D law/N ,/, ''/N and/C he/P denied/V any/D wrongdoing/N ./.
The/D _OOV_/J group/N said/V in/I a/D Securities/N and/C Exchange/J Commission/N filing/N in/I early/J October/N that/I it/P may/M seek/V a/D controlling/J interest/N in/I _OOV_/N ,/, or/C seek/V representation/N on/I the/D company/N 's/P board/N ./.
_OOV_/N has/V said/V it/P does/V n't/R intend/V to/T be/V acquired/V by/I the/D _OOV_/N group/N or/C any/D other/J party/N ./.
Inland/N Steel/N Industries/N Inc./N ,/, battered/V by/I lower/J volume/N and/C higher/J costs/N ,/, posted/V a/D 75/J %/N drop/V in/I third-quarter/J earnings/N ./.
The/D nation/N 's/P _OOV_/N steelmaker/N earned/V $/$ _OOV_/C million/C ,/, or/C 43/C cents/N a/D share/N ,/, compared/V with/I $/$ 61/C million/C ,/, or/C $/$ _OOV_/C a/D share/N ,/, a/D year/N earlier/R ,/, when/R the/D industry/N was/V enjoying/V peak/J demand/N and/C strong/J pricing/N ./.
Sales/N fell/V to/T $/$ _OOV_/C million/C from/I $/$ 1.02/C billion/C ./.
The/D earnings/N also/R mark/V a/D significant/J drop/V from/I the/D second/J quarter/N 's/P $/$ _OOV_/C million/C or/C $/$ 1.25/C a/D share/N ./.
Moreover/N ,/, the/D earnings/N were/V well/R below/I analysts/N '/P expectations/N of/I about/I $/$ _OOV_/C a/D share/N ./.
In/I composite/N trading/N on/I the/D New/N York/N Stock/N Exchange/N ,/, Inland/N closed/V yesterday/N at/I $/$ _OOV_/C a/D share/N ,/, down/I $/$ 1/C ./.
The/D company/N attributed/V the/D earnings/N drop/V to/T lower/J volume/N related/V to/T seasonal/J demand/N and/C the/D soft/J consumer/N durable/J market/N ,/, especially/V in/I the/D automotive/N sector/N ./.
However/P ,/, the/D company/N also/R lost/V orders/N because/I of/I prolonged/J labor/N talks/N in/I the/D second/J quarter/N ./.
Third-quarter/J shipments/N slipped/V 7/C %/N from/I the/D year-ago/J period/N ,/, and/C 17/C %/N from/I this/D year/N 's/P second/J quarter/N ./.
Profit/N of/I steel/N shipped/V for/I the/D company/N 's/P steel/J segment/N slid/V to/T $/$ 26/C a/D ton/N ,/, from/I $/$ 66/C a/D ton/N a/D year/N earlier/R and/C $/$ 57/C a/D ton/N a/D quarter/N earlier/R ./.
Analysts/N noted/V that/I the/D disappointing/J results/N do/V n't/R reflect/V lower/J prices/N for/I steel/N products/N ./.
Charles/N Bradford/N ,/, an/D analyst/N with/I Merrill/N Lynch/N Capital/N Markets/N ,/, said/V higher/J prices/N for/I galvanized/N and/C _OOV_/N products/N offset/V lower/J prices/N for/I bar/N ,/, _OOV_/N and/C structural/J steel/N ./.
Structural/N steel/N ,/, which/D primarily/R serves/V the/D construction/N market/N ,/, was/V especially/V hurt/V by/I a/D 15/C %/N price/N drop/V ,/, Mr./N Bradford/N said/V ./.
The/D company/N said/V its/P integrated/V steel/N sector/N was/V also/R hurt/V by/I higher/J raw/J material/N ,/, repair/V and/C maintenance/N ,/, and/C labor/N costs/N ./.
The/D increased/J labor/N costs/N became/V effective/J Aug./N 1/N under/I terms/N of/I the/D four-year/J labor/N agreement/N with/I the/D United/N _OOV_/N union/N ./.
Meanwhile/N ,/, the/D company/N 's/P service/N center/N segment/N ,/, which/W saw/V operating/J profit/N drop/V to/T $/$ 11.5/C million/C from/I $/$ _OOV_/C million/C a/D year/N ago/I ,/, experienced/V much/R of/I the/D same/J demand/N and/C cost/N problems/N ,/, as/I well/R as/I start-up/J costs/N associated/V with/I a/D coil/N processing/N facility/N in/I Chicago/N and/C an/D upgraded/V computer/N information/N system/N ./.
Inland/C Chairman/N Frank/N W./N _OOV_/N said/V the/D company/N 's/P short-term/J outlook/N is/V ``/C clouded/N by/I uncertainties/N in/I the/D economy/N and/C financial/J markets/N ./. ''/'
However/P ,/, he/P noted/V that/D steel/N mill/J bookings/N are/V up/R from/I early/J summer/J levels/N ,/, and/C that/D he/P expects/V the/D company/N to/T improve/V its/P cost/N performance/N in/I the/D fourth/J quarter/N ./.
In/I the/D first/J nine/C months/N ,/, profit/N was/V $/$ 113/C million/C ,/, or/C $/$ _OOV_/C a/D share/N ,/, on/I sales/N of/I $/$ _OOV_/C billion/C ,/, compared/V with/I $/$ _OOV_/C million/C ,/, or/C $/$ _OOV_/C a/D share/N ,/, on/I sales/N of/I $/$ _OOV_/C billion/C ,/, a/D year/N earlier/R ./.
The/D ``/J seismic/N ''/N activity/N of/I a/D financial/J market/N bears/P a/D resemblance/N to/T the/D seismic/N activity/N of/I the/D earth/N ./.
When/P things/N are/V quiet/J -LRB-/C low/J volatility/N -RRB-/N ,/, the/D structures/N on/I which/D markets/N stand/V can/M be/V relatively/V inefficient/J and/C still/R perform/V their/P functions/N adequately/C ./.
However/P ,/, when/W powerful/J forces/N start/V shaking/V the/D market/N 's/P structure/N ,/, the/D more/J ``/N _OOV_/N ''/N it/P is/V ,/, the/D better/R its/P chance/N for/I survival/N ./.
America/N 's/P financial/J markets/N do/V not/R yet/R have/V all/D the/D required/V modern/J features/N required/V to/T make/V them/P fully/R ``/N _OOV_/N ./. ''/'
Investors/N lack/R equal/J access/N to/T the/D markets/N '/P trading/N arena/N and/C its/P information/N ./.
That/D structural/J lack/J is/V crucial/J because/J investors/N are/V the/D only/J source/N of/I market/N liquidity/N ./.
And/J liquidity/N is/V what/T markets/N need/V to/T damp/V quakes/N and/C aftershocks/N ./.
In/I today/P 's/P markets/N ,/, specialists/N -LRB-/N on/I the/D New/N York/N Stock/N Exchange/N -RRB-/N and/C ``/N upstairs/N ''/N market/N makers/N -LRB-/N in/I the/D over-the-counter/J market/N -RRB-/N are/V the/D only/J market/N participants/N allowed/V to/T play/V a/D direct/J role/N in/I the/D _OOV_/J process/N ./.
When/I they/P halt/V trading/N ,/, all/D market/N liquidity/N is/V gone/V ./.
And/R when/R any/D component/N of/I the/D market/N --/: cash/N ,/, futures/N or/C options/N --/: loses/V liquidity/N ,/, the/D price/N discovery/N system/N -LRB-/C the/D way/N prices/N are/V determined/V -RRB-/N becomes/V flawed/J or/J is/V lost/V entirely/R for/I a/D time/N ./.
Last/N Friday/N the/D 13th/N -LRB-/N as/I well/R as/I two/C years/N ago/I this/D week/N -RRB-/C the/D markets/N became/V _OOV_/C ./.
When/W that/D happened/V ,/, ``/C seismic/N ''/N tremors/N of/I fear/N --/I much/R like/I the/D shock/J waves/N created/V by/I an/D earthquake/N --/: _OOV_/N through/I the/D market/N and/C increased/V the/D market/N 's/P volatility/N ./.
_OOV_/N of/I important/J ,/, needed/V information/N can/M cause/V fear/N ./.
_OOV_/N is/V the/D father/N of/I panic/N ./.
_OOV_/C frequently/R results/N in/I irrational/J behavior/N ./.
And/N in/I financial/J markets/N ,/, irrational/J behavior/N is/V sometimes/R translated/V into/I catastrophe/N ./.
When/W market/N tremors/N start/V ,/, it/P is/V crucial/J that/D as/I much/R information/N about/I transaction/N prices/N and/C the/D _OOV_/J curve/N -LRB-/C buy/V and/C sell/N orders/N at/I various/J prices/N -RRB-/N be/V made/V available/V to/T all/D ,/, not/R just/R to/T market/N makers/N ./.
Because/C of/I a/D lack/N of/I information/N and/C access/N ,/, many/J investors/N --/: including/V the/D very/J ones/N whose/I buying/N power/N could/T restore/V stability/N and/C damp/J volatility/N --/: are/V forced/V to/T stand/V on/I the/D sidelines/N when/I they/P are/V most/R needed/V ,/, because/I of/I their/P ignorance/N of/I important/J market/N information/N ./.
To/T add/V _OOV_/C power/N to/T America/N 's/P markets/N ,/, a/D modern/J ,/, electronic/J trading/N system/N should/M be/V implemented/V that/I permits/V equal/J access/N to/T the/D trading/N arena/N -LRB-/N and/C the/D information/N that/I would/M automatically/N accompany/V such/J access/N -RRB-/N by/I investors/N --/: particularly/V institutional/J investors/N ./.
_OOV_/C to/T some/J opinions/N ,/, the/D trading/N activities/N of/I specialists/N and/C other/J market/N makers/N do/V not/R provide/V liquidity/N to/T the/D market/N as/I a/D whole/D ./.
What/J market/N makers/N provide/V is/V immediacy/V ,/, a/D very/R valuable/J service/N ./.
_OOV_/N is/V not/R a/D service/N ./.
It/P is/V a/D market/N attribute/N --/: the/D ability/N to/T absorb/V selling/N orders/N without/I causing/V significant/J price/N changes/N in/I the/D absence/N of/I news/N ./.
Market/N makers/N buy/V what/P investors/N wish/N to/T sell/V ;/N their/P business/N is/V _OOV_/C these/J unwanted/J positions/N as/I quickly/R as/I possible/V to/T other/J investors/N ,/, and/C at/I a/D profit/N ./.
As/I a/D result/N ,/, while/I any/D one/C customer/N may/M purchase/N immediacy/V by/I selling/N to/T a/D market/N maker/N -LRB-/C which/W is/V _OOV_/C for/I the/D investor/N -RRB-/N ,/, the/D market/N as/I a/D whole/D remains/V in/I the/D same/J circumstances/N it/P was/V before/I the/D transaction/N :/: The/D unwanted/J position/N is/V still/R an/D unwanted/J position/N ;/: only/R the/D identity/N of/I the/D seller/N has/V changed/V ./.
In/I fact/N it/P can/M be/V argued/V that/D increasing/J capital/N commitments/N by/I market/N makers/N -LRB-/C a/D result/N of/I some/D _OOV_/N crash/V studies/N -RRB-/N also/R increases/V market/N volatility/N ,/, since/V the/D more/J securities/N are/V held/V by/I market/N makers/N at/I any/D given/V time/N ,/, the/D more/J selling/V pressure/N is/V overhanging/V the/D market/N ./.
In/I an/D open/V electronic/N system/N ,/, any/D investor/N wishing/V to/T pay/V for/I real-time/N access/N to/T the/D trading/N arena/N through/I a/D registered/J broker-dealer/N would/M be/V able/V to/T see/V the/D entire/D _OOV_/J curve/N -LRB-/C buy/V and/C sell/N orders/N at/I each/D price/N -RRB-/N entered/V by/I dealers/N and/C investors/N alike/I ,/, and/C to/T enter/V and/C execute/V orders/N ./.
Current/N quotations/N would/M reflect/V the/D combined/V financial/N judgment/N of/I all/D market/N participants/N --/: not/R just/R those/D of/I intermediaries/N who/W become/V extremely/R _OOV_/N during/I times/N of/I crisis/N ./.
Investors/N and/C professionals/N alike/I would/J compete/N on/I the/D level/N playing/V field/N Congress/N sought/V and/C called/V a/D ``/N national/J market/N system/N ''/N -LRB-/N not/R yet/R achieved/V -RRB-/C almost/R 15/C years/N ago/I when/R it/P passed/V the/D Securities/N Reform/N Act/N of/I _OOV_/N ./.
Last/N Friday/N 's/P market/N _OOV_/N did/V not/R result/V in/I severe/J ``/C aftershocks/N ./. ''/'
Were/C we/P smart/V or/J just/R lucky/V ?/.
I/P 'm/V not/R certain/J ./.
But/C I/P am/V sure/J we/P need/V to/T maximize/V our/P ``/C earthquake/N ''/N protection/N by/I making/V certain/D that/D our/P market/N structures/N let/V investors/N add/V their/P mighty/N _OOV_/N power/N to/T our/P nation/N 's/P markets/N ./.
Mr./N _OOV_/N is/V chairman/N of/I his/P own/P consulting/N company/N in/I _OOV_/N ,/, N.J/N ./.
NOW/R YOU/P _OOV_/N IT/J ,/, now/R you/P do/V n't/R ./.
The/D recession/N ,/, that/D is/V ./.
The/D economy/N 's/P _OOV_/J steps/N leave/V investors/N wondering/V whether/R things/N are/V slowing/V down/I or/C speeding/V up/R ./.
So/I often/R are/V government/N statistics/N revised/V that/I they/P seem/V to/T resemble/V a/D spinning/N weather/N vane/N ./.
For/I the/D past/J seven/C years/N ,/, investors/N have/V had/V the/D wind/J at/I their/P backs/N ,/, in/I the/D form/N of/I a/D generally/R growing/V economy/N ./.
Some/I may/N have/V forgotten/V --/D and/C some/D younger/J ones/N may/M never/R have/V experienced/V --/D what/R it/P 's/P like/I to/T invest/V during/I a/D recession/N ./.
_OOV_/C tactics/N are/V called/V for/I ,/, as/I losing/V money/N becomes/V easier/J and/C making/V money/N becomes/V tougher/J ./.
For/I those/P investors/N who/W believe/V --/D or/C fear/N --/: that/I 1990/N will/M be/V a/D recession/N year/N ,/, many/J economists/N and/C money/N managers/N agree/V on/I steps/N that/I can/M be/V taken/V to/T lower/J the/D risks/N in/I a/D portfolio/N ./.
In/I a/D nutshell/N ,/, pros/N advise/V investors/N who/W expect/V a/D slowdown/N to/T hold/V fewer/J stocks/N than/I usual/J and/C to/T favor/I shares/N of/I big/J companies/N in/I ``/N defensive/N ''/N industries/N ./.
A/D heavy/J dose/N of/I cash/N is/V prescribed/V ,/, along/I with/I a/D _OOV_/N allotment/N to/T bonds/N --/I preferably/V government/N bonds/N ./.
It/P 's/P tempting/R to/T think/V these/J defensive/J steps/N can/M be/V delayed/V until/R a/D recession/N is/V clearly/I at/I hand/N ./.
But/C that/D may/J not/R be/V possible/D ,/, because/I recessions/N often/R take/V investors/N by/I surprise/N ./.
``/N They/P always/V seem/V to/T come/V a/D bit/N later/R than/I you/P expect/V ./.
When/I they/P do/V hit/N ,/, they/P hit/V fast/J ,/, ''/N says/V David/N A./N _OOV_/N ,/, chief/V financial/N economist/N at/I the/D Data/N Resources/N division/N of/I McGraw-Hill/N Inc/N ./.
Though/C he/P himself/P does/V n't/R expect/V a/D recession/N soon/R ,/, Mr./N _OOV_/N advises/V people/N who/W do/V that/D ``/C the/D best/J thing/N to/T be/V in/I is/V long/J that/D is/V ,/, _OOV_/C to/T 30-year/N Treasury/J bonds/N ./. ''/'
The/D reason/N is/V simple/J ,/, Mr./N _OOV_/N says/V :/J ``/C Interest/J rates/N almost/R always/J decline/N during/I recession/N ./. ''/'
As/I surely/N as/I a/D _OOV_/J tilts/N ,/, falling/V interest/N rates/N force/N up/I the/D price/N of/I previously/R issued/V bonds/N ./.
They/P are/V worth/V more/R because/I they/P pay/V higher/J interest/N than/I newly/R issued/V bonds/N do/V ./.
That/J effect/N holds/V true/V for/I both/J short-term/N and/C long-term/J bonds/N ./.
But/C short-term/J bonds/N ca/V n't/R rise/N too/R much/R ,/, because/I everyone/N knows/V they/P will/M be/V redeemed/V at/I a/D preset/J price/N fairly/V soon/R ./.
_OOV_/J bonds/N ,/, with/I many/J years/N left/V before/I maturity/J ,/, swing/N more/R widely/R in/I price/N ./.
But/C not/R just/R any/D bonds/N will/M do/V ./.
Corporate/N bonds/N ``/N are/V usually/I not/R a/D good/J bet/N in/I a/D recession/N ,/, ''/N Mr./N _OOV_/N says/V ./.
As/N times/N get/V tougher/J ,/, investors/N fret/N about/I whether/R companies/N will/M have/V enough/P money/N to/T pay/V their/P debts/N ./.
This/D hurts/J the/D price/N of/I corporate/J bonds/N ./.
Also/I ,/, he/P notes/N ,/, ``/N most/R corporate/J bonds/N are/V _OOV_/C ./. ''/'
That/D means/N that/I a/D corporation/N ,/, after/I a/D specified/J amount/N of/I time/N has/V passed/V ,/, can/M buy/V back/R its/P bonds/N by/I paying/V investors/N the/D face/N value/N -LRB-/C plus/N ,/, in/I some/J cases/N ,/, a/D sweetener/N -RRB-/N ./.
When/W interest/N rates/N have/V dropped/V ,/, it/P makes/V sense/N for/I corporations/N to/T do/V just/R that/D ;/N they/P then/R save/V on/I interest/N costs/N ./.
But/C the/D investors/N are/V left/V stranded/V with/I money/N to/T _OOV_/C at/I a/D time/N when/W interest/N rates/N are/V _OOV_/C ./.
If/I corporate/N bonds/N are/V bad/J in/I recessions/N ,/, junk/N bonds/N are/V likely/J to/T be/V the/D worst/J of/I all/D ./.
It/P 's/P an/D ``/N absolute/J necessity/N ''/N to/T get/V out/I of/I junk/N bonds/N when/I a/D recession/N is/V in/I the/D _OOV_/N ,/, says/V _OOV_/N _OOV_/N ,/, professor/N of/I finance/N at/I Cornell/N University/N ./.
``/C Such/N bonds/N are/V very/V sensitive/J to/T the/D downside/N ,/, and/C this/D could/M be/V a/D disaster/N ./. ''/'
Municipal/J bonds/N are/V generally/R a/D bit/N safer/R than/I corporate/J bonds/N in/I a/D recession/N ,/, but/R not/R as/I safe/J as/I bonds/N issued/V by/I the/D federal/J government/N ./.
During/V an/D economic/J slump/N ,/, local/J tax/N revenues/N often/R go/V down/R ,/, raising/V the/D risks/N associated/V with/I at/I least/J some/I _OOV_/N ./.
And/P ,/, like/I corporates/N ,/, many/J municipal/J bonds/N are/V _OOV_/C ./.
But/C a/D few/J experts/N ,/, going/V against/I the/D consensus/N ,/, do/V n't/R think/V bonds/N would/M help/V investors/N even/V if/I a/D recession/N is/V in/I the/D _OOV_/N ./.
One/N of/I these/J is/V Jeffrey/N L./N Beach/N ,/, director/N of/I research/N for/I _OOV_/N _OOV_/N &/N Co./N ,/, a/D brokerage/N house/N in/I Houston/N ,/, who/W thinks/V that/D ``/C we/P 're/V either/I in/I a/D recession/N or/C about/I to/T go/V into/I one/C ./. ''/'
What/P 's/P more/J ,/, he/P thinks/V this/D could/M be/V a/D _OOV_/J recession/N than/I usual/J :/J ``/C Once/I the/D downturn/N comes/V ,/, it/P 's/P going/V to/T be/V very/V hard/R to/T reverse/V ./. ''/'
Investors/N ,/, he/P advises/V ,/, ``/N should/M be/V cautious/J ,/, ''/N holding/V fewer/J stocks/N than/I usual/J and/C also/R shunning/V bonds/N ./.
Because/C he/P sees/V ``/N 5/C %/N to/T 6/C %/N base/N rate/N of/I inflation/N in/I the/D economy/N ,/, ''/N he/P doubts/N that/I interest/N rates/N will/M fall/V much/R any/D time/N soon/R ./.
Instead/I ,/, Mr./N Beach/N says/V ,/, investors/N ``/N probably/V should/M be/V carrying/V a/D very/R high/J level/N of/I cash/N ,/, ''/N by/I which/P he/P means/V such/V so-called/J cash/N equivalents/N as/I _OOV_/J funds/N and/C Treasury/J bills/N ./.
_OOV_/N _OOV_/N ,/, president/N of/I _OOV_/N Financial/N Inc./N in/I _OOV_/N ,/, Pa./N ,/, also/R recommends/V that/D investors/N go/V heavily/R for/I cash/N ./.
He/P is/V n't/R sure/R a/D recession/N is/V coming/V ,/, but/R says/V the/D other/J likely/J alternative/J --/J _OOV_/J inflation/N --/: is/V just/R as/I bad/J ./.
``/C This/D late/N in/I an/D expansion/N ,/, ''/N the/D economy/N tends/V to/T veer/N off/I either/I into/I damaging/J inflation/N or/C into/I a/D recession/N ,/, Mr./N _OOV_/N says/V ./.
The/D Federal/N Reserve/N Board/N 's/P plan/N for/I a/D ``/N soft/J landing/N ,/, ''/N he/P says/V ,/, requires/V the/D Fed/C to/T navigate/N ``/C an/D _OOV_/J corridor/N ./. ''/'
A/D soft/J landing/N is/V n't/R something/N that/I can/M be/V achieved/V once/R and/C for/I all/D ,/, Mr./N _OOV_/N adds/V ./.
It/P has/V to/T be/V engineered/V over/I and/C over/I again/R ,/, month/N after/I month/N ./.
He/P believes/V that/I the/D task/N facing/V Fed/C Chairman/N Alan/N Greenspan/N is/V so/R difficult/J that/D it/P resembles/V ``/N juggling/N a/D _OOV_/N ax/N and/C a/D buzz/N saw/V ./. ''/'
And/P ,/, in/I a/D sense/N ,/, that/D 's/P the/D kind/N of/I task/N individuals/N face/N in/I deciding/V what/P to/T do/V about/I stocks/N --/: the/D mainstay/N of/I most/R serious/J investors/N '/P portfolios/N ./.
It/P comes/V down/I to/T a/D question/N of/I whether/V to/T try/V to/T ``/C time/N ''/N the/D market/N ./.
For/D people/N who/W can/M ride/N out/I market/N waves/N through/I good/J times/N and/C bad/J ,/, stocks/N have/V been/V rewarding/J long-term/J investments/N ./.
Most/I studies/N show/V that/I _OOV_/J investors/N historically/V have/V earned/V an/D annual/J return/V from/I stocks/N of/I 9/C %/N to/T 10/C %/N ,/, including/V both/J dividends/N and/C price/N appreciation/N ./.
That/D 's/P well/R above/I what/P bonds/N or/C bank/N certificates/N have/V paid/V ./.
Moreover/N ,/, because/I no/J one/C knows/V for/I sure/J just/R when/R a/D recession/N is/V coming/V ,/, some/D analysts/N think/V investors/N should/M n't/R even/V worry/N too/R much/R about/I timing/N ./.
``/N _OOV_/C to/T time/V the/D economy/N is/V a/D mistake/N ,/, ''/N says/V David/N Katz/N ,/, chief/J investment/N officer/N of/I Value/N Matrix/N Management/N Inc./N in/I New/N York/N ./.
Mr./N Katz/N notes/N that/I some/D economists/N have/V been/V predicting/V a/D recession/N for/I at/I least/J two/C years/N ./.
Investors/N who/W listened/V ,/, and/C lightened/V up/R on/I stocks/N ,/, ``/C have/V just/R hurt/V themselves/P ,/, ''/N he/P says/V ./.
Mr./N Katz/N adds/V that/D people/N who/W jump/N in/I and/C out/I of/I the/D stock/N market/N need/V to/T be/V right/N about/I 70/C %/N of/I the/D time/N to/T beat/V a/D _OOV_/J strategy/N ./.
_OOV_/C trading/N runs/N up/I high/J commission/N costs/N ./.
And/R the/D _OOV_/N might/M miss/V the/D sudden/N _OOV_/C that/I account/N for/I much/R of/I the/D stock/N market/N 's/P gains/N over/I time/N ./.
Still/C ,/, few/J investors/N are/V able/V to/T sit/V tight/V when/R they/P are/V convinced/V a/D recession/N is/V coming/V ./.
After/N all/D ,/, in/I all/D five/C recessions/N since/I _OOV_/N ,/, stocks/N declined/V ./.
According/N to/T _OOV_/N Davis/N ,/, president/N of/I _OOV_/N Davis/N Research/N Inc./N in/I _OOV_/N ,/, _OOV_/N ,/, the/D average/J drop/V in/I the/D Dow/N Jones/N Industrial/N Average/N was/V about/I 21/C %/N ,/, and/C the/D decrease/N began/V an/D average/N of/I six/C months/N before/I a/D recession/N officially/N started/V ./.
By/I the/D time/N a/D recession/N is/V ``/C official/N ''/N -LRB-/N two/C consecutive/J quarters/N of/I declining/J gross/V national/J product/N -RRB-/N ,/, much/R of/I the/D damage/N to/T stocks/N has/V already/R been/V _OOV_/C ,/, in/I the/D typical/J case/N ,/, the/D recession/N is/V already/I half/V over/I ./.
About/N six/C months/N before/I a/D recession/N ends/N ,/, stocks/N typically/I begin/V to/T rise/N again/R ,/, as/I investors/N anticipate/V a/D recovery/N ./.
The/D average/J recession/N lasts/V about/I a/D year/N ./.
Unfortunately/C ,/, though/R ,/, recessions/N vary/J enough/P in/I length/N so/I that/D the/D average/N ca/I n't/R reliably/V be/V used/V to/T guide/N investors/N in/I timing/N stock/N sales/N or/C purchases/N ./.
But/C whatever/R their/P advice/N about/I timing/N ,/, none/R of/I these/J experts/N recommend/V _OOV_/J stocks/N entirely/R during/I a/D recession/N ./.
For/I the/D portion/N of/I an/D investor/N 's/P portfolio/N that/I stays/V in/I stocks/N ,/, professionals/N have/V a/D number/N of/I suggestions/N ./.
Mr./N Katz/N advocates/N issues/N with/I low/J _OOV_/N ratios/N --/: that/D is/V ,/, low/J prices/N in/I relation/N to/T the/D company/N 's/P earnings/N per/J share/N ./.
``/N _OOV_/N _OOV_/N ''/N stocks/N ,/, he/P says/V ,/, vastly/C outperform/V others/N ``/N during/I a/D recession/N or/C bear/N market/N ./. ''/'
In/I good/J times/N ,/, he/P says/V ,/, they/P lag/V a/D bit/N ,/, but/R overall/R they/P provide/V superior/J performance/N ./.
Prof./N _OOV_/N urges/N investors/N to/T discard/V stocks/N in/I small/J companies/N ./.
_OOV_/C shares/N typically/I fall/V more/R than/I _OOV_/J stocks/N in/I a/D recession/N ,/, he/P says/V ./.
And/N in/I any/D case/N ,/, he/P argues/V ,/, stocks/N of/I small/J companies/N are/V ``/C almost/R as/I overpriced/N as/I they/P were/V Sept./N 30/N ,/, 1987/N ,/, just/R before/I the/D crash/N ./. ''/'
For/D example/N ,/, Mr./N _OOV_/N says/V ,/, stocks/N of/I small/J companies/N are/V selling/V for/I about/I 19/J times/N cash/N flow/N ./.
_OOV_/N flow/N ,/, basically/J earnings/N plus/N depreciation/N ,/, is/V one/C common/J gauge/N of/I a/D company/N 's/P financial/J health/N ./. -RRB-/N
That/D ratio/N is/V dangerously/V close/J to/T the/D ratio/N of/I _OOV_/N that/I prevailed/V before/I the/D 1987/N _OOV_/N crash/V ,/, Mr./N _OOV_/N says/V ./.
And/J it/P 's/P way/N above/I the/D ratio/N -LRB-/C _OOV_/N times/N cash/N flow/N -RRB-/C that/I bigger/J companies/N are/V selling/V for/I ./.
Another/I major/J trick/N in/I making/V a/D portfolio/N _OOV_/N is/V choosing/V stocks/N in/I ``/C defensive/N ''/N industries/N ./.
Food/N ,/, tobacco/N ,/, drugs/N and/C utilities/N are/V the/D classic/J examples/N ./.
Recession/N or/C not/R ,/, people/N still/R eat/V ,/, smoke/N ,/, and/C take/V medicine/N when/I they/P 're/V sick/J ./.
George/N _OOV_/N III/N ,/, editor/N of/I _OOV_/J Letter/N in/I Boston/N ,/, offers/V one/C final/D tip/N for/I _OOV_/J investors/N ./.
``/C Keep/N some/J money/N available/V for/I opportunities/N ,/, ''/N he/P says/V ./.
``/C If/I the/D recession/N does/M hit/V ,/, there/V will/M be/V some/D great/J investment/N opportunities/N just/I when/R things/N seem/V the/D blackest/N ./. ''/'
Mr./N Dorfman/N covers/C investing/N issues/N from/I The/D Wall/N Street/N Journal/N 's/P New/N York/N bureau/N ./.
Some/D industry/N groups/N consistently/C weather/N the/D storm/N better/R than/I others/N ./.
The/D following/I shows/V the/D number/N of/I times/N these/J industries/N outperformed/V the/D Standard/N &/N Poor/N 's/P _OOV_/N Index/N during/I the/D first/J six/C months/N of/I the/D past/J seven/C recessions/N ./.
Bond/J prices/N posted/V strong/J gains/N as/I investors/N went/V on/I a/D bargain/J hunt/N ./.
But/C while/R the/D overall/J market/N improved/V ,/, the/D _OOV_/N junk-bond/N market/N continued/V to/T count/J casualties/N ,/, even/R as/I junk-bond/J prices/N rose/V ./.
Yesterday/J ,/, Prudential-Bache/C Securities/N Inc./N said/V it/P postponed/V a/D $/$ _OOV_/C million/C senior/J subordinated/V _OOV_/N offering/N by/I York/C International/N Corp/N ./.
And/N Donaldson/N ,/, Lufkin/N &/N Jenrette/N Securities/N Corp./N scrambled/V to/T restructure/V and/C improve/V the/D potential/J returns/V on/I a/D $/$ _OOV_/C million/C _OOV_/N offering/N by/I Chicago/N &/C North/N Western/N Acquisition/N Corp./N that/I was/V still/R being/V negotiated/V late/R last/J night/N ./.
The/D issue/N by/I Chicago/N &/C North/N Western/N is/V one/C of/I the/D so-called/N good/R junk-bond/N offerings/N on/I the/D _OOV_/J calendar/N ./.
Some/I analysts/N said/V the/D restructuring/N of/I the/D railroad/N concern/N 's/P issue/N shows/V how/R tough/J it/P is/V for/I underwriters/C to/T sell/V even/R the/D junk/N bonds/N of/I a/D company/N considered/V to/T be/V a/D relatively/R good/J credit/N risk/N ./.
Since/I last/J week/N 's/P junk-bond/J market/N debacle/N ,/, many/J new/J issues/N of/I high-yield/N ,/, high-risk/C corporate/N bonds/N have/V either/I been/V scaled/V back/R ,/, delayed/V or/J dropped/V ./.
On/I Wednesday/N ,/, Drexel/N Burnham/N Lambert/N Inc./N had/V to/T slash/R the/D size/N of/I Continental/N Airlines/N '/P junk-bond/C offering/V to/T $/$ 71/C million/C from/I $/$ 150/C million/C ./.
Salomon/C Brothers/N Inc./N has/V delayed/V Grand/N Union/N Co./N 's/P $/$ _OOV_/C billion/C junk-bond/N offering/N while/I it/P _OOV_/C the/D transaction/N ./.
Last/J week/N ,/, the/D Grand/N Union/N offering/V was/V sweetened/N to/T include/V warrants/N that/I allow/V _OOV_/C to/T acquire/V common/J stock/N ./.
Prudential-Bache/N said/V the/D York/J issue/N was/V delayed/V because/I of/I market/N conditions/N ./.
``/C Everything/N is/V going/V through/I _OOV_/C right/N now/R ,/, and/C -LCB-/N Chicago/N &/C North/N Western/N -RCB-/N is/V no/J exception/N ,/, ''/N said/V _OOV_/N _OOV_/N ,/, vice/N president/N ,/, high-yield/N research/N ,/, at/I _OOV_/N ./.
_OOV_/C managers/N say/V sweeteners/N like/I equity/N kickers/N and/C stricter/J protective/V covenants/N may/M increasingly/R be/V required/V to/T sell/V junk-bond/C deals/V ./.
Dan/N _OOV_/N ,/, managing/N director/N of/I high-yield/J investments/N at/I Chancellor/N Capital/N Management/N ,/, said/V the/D Chicago/N &/N North/N Western/N offering/V was/V restructured/N in/I part/N because/I ``/N several/I large/J insurance/N buyers/N right/N now/R are/V demanding/V equity/N as/I part/N of/I the/D package/N ./.
If/I you/P 're/V going/V to/T take/V the/D risk/N in/I this/D market/N ,/, you/P want/V something/N extra/N ./. ''/'
Mr./N _OOV_/N likes/V the/D offering/N ./.
But/C several/J mutual-fund/J managers/N ,/, nervous/N about/I the/D deteriorating/J quality/N of/I their/P junk-bond/N portfolios/N and/C shy/J about/I buying/N new/J issues/N ,/, said/V they/P 're/V staying/V away/R from/I any/D junk/N security/N that/I is/V n't/R considered/V first/J rate/N for/I its/P class/N ./.
While/N they/P consider/V the/D Chicago/N &/N North/N Western/N issue/N to/T be/V good/J ,/, they/P do/V n't/R view/V it/P as/I the/D best/J ./.
To/T lure/V buyers/N to/T the/D Chicago/N &/N North/N Western/N bonds/N ,/, portfolio/N managers/N said/V Donaldson/N Lufkin/N sweetened/N the/D transaction/N by/I offering/V the/D bonds/N with/I a/D _OOV_/J interest/N rate/N and/C a/D 10/C %/N equity/N kicker/N ./.
The/D bonds/N are/V expected/V to/T have/V a/D 14/J %/N coupon/N rate/N ./.
The/D equity/N arrangement/N apparently/V would/M allow/V _OOV_/C to/T buy/V a/D total/J of/I 10/C %/N of/I the/D stock/N of/I _OOV_/N Corp./N ,/, Chicago/N &/C North/N Western/N 's/P parent/N company/N ./.
Donaldson/N Lufkin/N declined/V to/T comment/V on/I the/D restructuring/N ./.
According/N to/T some/D analysts/N familiar/V with/I the/D negotiations/N ,/, the/D 10/J %/N of/I equity/N would/M come/V directly/I from/I Donaldson/N Lufkin/N and/C a/D fund/N affiliated/N with/I the/D investment/N bank/N _OOV_/N Group/N ,/, which/W would/M reduce/V their/P _OOV_/J equity/N holdings/N by/I 5/C %/N each/D ./.
That/I would/P leave/V the/D _OOV_/J fund/N with/I a/D 60/J %/N stake/N and/C Donaldson/N Lufkin/N with/I 15/C %/N ./.
Despite/C the/D problems/N with/I new/J issues/N ,/, high-yield/C bonds/N showed/V gains/N in/I the/D secondary/J ,/, or/C resell/N ,/, market/N ./.
_OOV_/J bonds/N ended/V about/I one-half/C point/N higher/J with/I so-called/N high-quality/N issues/N from/I RJR/N Capital/N Holdings/N Corp./N and/C _OOV_/C Gas/N Service/N Limited/N _OOV_/C rising/V one/C point/N ./.
In/I the/D Treasury/J market/N ,/, the/D benchmark/J 30-year/C bond/N rose/V _OOV_/C point/N ,/, or/C $/$ 8.75/C for/I each/D $/$ 1,000/C face/N amount/N ./.
The/D gain/N reflects/V fresh/J economic/N evidence/N that/I inflation/N is/V moderating/J while/I the/D economy/N slows/V ./.
That/D raised/V hopes/N that/D interest/N rates/N will/M continue/V to/T move/V lower/J ./.
The/D Labor/N Department/N reported/V that/D consumer/J prices/N rose/V just/R 0.2/C %/N last/J month/N ,/, slightly/R lower/J than/I some/D economists/N had/V expected/V ./.
But/C there/V were/V also/R rumors/V yesterday/N that/I several/J Japanese/J institutional/J investors/N were/V shifting/V their/P portfolios/N and/C buying/N long-term/J bonds/N while/R selling/N _OOV_/N Treasurys/N ./.
Short-term/N Treasury/N securities/N ended/V narrowly/I mixed/J ,/, with/I two-year/N notes/N posting/N slight/J declines/N while/I three-year/N notes/N were/V slightly/R higher/J ./.
Yesterday/N ,/, the/D Fed/N executed/V four-day/C matched/V sales/N ,/, a/D technical/J trading/N operation/N designed/V to/T drain/N reserves/N from/I the/D banking/N system/N ./.
The/D move/N was/V interpreted/V by/I some/J economists/N as/I a/D sign/N that/I the/D Fed/N does/V n't/R want/V the/D federal/J funds/N rate/N to/T move/V any/D lower/J than/I the/D 8/J %/N at/I which/D it/P has/V been/V hovering/V around/I during/I the/D past/J week/N ./.
The/D closely/N watched/V funds/N rate/N is/V what/T banks/N charge/N each/I other/J on/I overnight/N loans/N ./.
It/P is/V considered/V an/D early/J signal/N of/I Fed/J credit/N policy/N changes/N ./.
``/C The/D fact/N that/I they/P did/V four-day/N matched/V sales/N means/V they/P are/V not/R in/I a/D mood/N to/T ease/R aggressively/N ./.
They/P are/V telling/V us/N that/I -LCB-/N 8/C %/N -RCB-/N is/V as/I low/J as/I they/P want/V to/T see/V the/D fed/V funds/N rate/N ,/, ''/N said/V Robert/N _OOV_/N at/I _OOV_/C Bank/N PLC/N ./.
The/D benchmark/J 30-year/C bond/N was/V quoted/V late/R at/I a/D price/N of/I 101/C to/T yield/V _OOV_/C %/N ,/, compared/V with/I 100/C to/T yield/V _OOV_/C %/N Wednesday/N ./.
The/D latest/J 10-year/N notes/N were/V quoted/V late/R at/I 100/C to/T yield/V _OOV_/C %/N ,/, compared/V with/I 99/C to/T yield/V _OOV_/C %/N ./.
Short-term/J rates/N rose/V yesterday/N ./.
The/D discount/N rate/N on/I three-month/N Treasury/N bills/N rose/V to/T _OOV_/C %/N from/I _OOV_/C %/N Wednesday/N ,/, while/I the/D rate/N on/I six-month/J bills/N rose/V to/T _OOV_/C %/N from/I _OOV_/C %/N ./.
Meanwhile/N ,/, the/D Treasury/N sold/V $/$ _OOV_/C billion/C of/I _OOV_/J bills/N yesterday/N ./.
The/D average/J yield/V on/I the/D bills/N was/V _OOV_/C %/N ,/, down/I from/I _OOV_/C %/N at/I the/D previous/J _OOV_/J bill/N auction/N Sept./N 21/N ./.
Yesterday/N 's/P yield/N was/V the/D lowest/J since/I _OOV_/C %/N on/I July/N 27/N ./.
Here/N are/V details/N of/I the/D auction/N :/:
Rates/N are/V determined/V by/I the/D difference/N between/I the/D purchase/N price/N and/C face/N value/N ./.
Thus/N ,/, higher/J bidding/N narrows/N the/D investor/N 's/P return/N while/I lower/J bidding/V widens/V it/P ./.
The/D percentage/N rates/N are/V calculated/V on/I a/D 360-day/J year/N ,/, while/R the/D coupon-equivalent/N yield/N is/V based/V on/I a/D 365-day/J year/N ./.
_OOV_/C bond/N price/N climbed/V yesterday/N despite/J skittishness/C in/I the/D _OOV_/J market/N for/I high-yield/J securities/N ./.
Dealers/N said/V junk/J bond/N issues/N on/I average/N were/V up/R by/I to/T point/V with/I so-called/N quality/N issues/N from/I RJR/N Capital/N Holdings/N Corp./N and/C _OOV_/C Gas/N Service/N Limited/N _OOV_/C posting/N _OOV_/N gains/N ./.
_OOV_/C Gas/N Service/N 's/P 13/C %/N debentures/N traded/V at/I 102/N ,/, after/I trading/N around/I par/N earlier/R this/D week/N ,/, and/C RJR/N 's/P 13/C %/N subordinated/V debentures/N of/I 2001/N were/V at/I 101/C after/I trading/N at/I below/I par/N earlier/R this/D week/N ./.
Investment-grade/J bonds/N were/V unchanged/J ./.
Activity/N was/V brisk/N in/I the/D _OOV_/N general/J obligation/N market/N ,/, as/I a/D series/N of/I sell/N lists/J hit/V the/D Street/N and/C capped/V upward/N price/N movement/N in/I the/D sector/N ./.
Traders/C estimated/V that/I more/R than/I $/$ 140/C million/C of/I _OOV_/J bonds/N was/V put/V up/R for/I sale/N via/I _OOV_/N lists/N circulated/V by/I a/D handful/N of/I major/J brokers/N ./.
There/J was/V speculation/N that/I the/D supply/N was/V coming/V from/I a/D commercial/N bank/N 's/P portfolios/N ./.
According/N to/T market/N participants/N ,/, the/D bonds/N were/V met/V with/I decent/J bids/N ,/, but/R the/D volume/N of/I paper/N left/V high/J grades/N in/I the/D 10-year/N and/C under/I maturity/J range/N unchanged/J to/T _OOV_/C percentage/N point/N higher/J in/I yield/N ./.
_OOV_/C from/I the/D general/J obligation/N sector/N ,/, activity/N was/V modest/J ./.
Long/J dollar/N bonds/N were/V flat/N to/T up/R point/N ./.
New/N Jersey/N _OOV_/N Authority/N 's/P 7.20/C %/N issue/N of/I _OOV_/N was/V up/R at/I 98/J bid/N to/T yield/V about/I 7.32/C %/N ,/, down/I _OOV_/J percentage/N point/N ./.
The/D debt/N of/I some/D California/N issuers/N pulled/V off/R lows/J reached/V after/I Tuesday/N 's/P massive/J earthquake/N ,/, although/R traders/N said/V market/N participants/N remained/V cautious/J ./.
California/N expects/V to/T rely/V on/I federal/J emergency/N funds/N and/C its/P $/$ _OOV_/C billion/C in/I general/J fund/N reserves/N to/T meet/V the/D estimated/V $/$ 500/C million/C to/T $/$ 1/C billion/C in/I damages/N resulting/V from/I the/D quake/N ,/, according/V to/T a/D state/N official/N ./.
It/P 's/P also/R unclear/V precisely/I how/R the/D state/N will/M rebuild/V its/P reserve/N ,/, said/V _OOV_/N Katz/N ,/, assistant/N director/N of/I California/N 's/P department/N of/I finance/N ,/, although/R she/P noted/V that/I a/D bond/N offering/N for/I that/D purpose/N is/V n't/R anticipated/V ./.
Meanwhile/N ,/, new/C issuance/N was/V slow/J ./.
The/D largest/J sale/N in/I the/D competitive/J arena/N was/V a/D $/$ _OOV_/C million/C issue/N of/I school/N financing/N bonds/N from/I the/D _OOV_/N Public/N School/N Authority/N ./.
A/D balance/N of/I $/$ _OOV_/C million/C remained/V in/I late/J _OOV_/N ,/, according/V to/T the/D lead/V manager/N ./.
Mortgage/N securities/N generally/R ended/V to/T point/V higher/J ,/, but/R lagged/V gains/N in/I the/D Treasury/J market/N because/I of/I a/D shift/N in/I the/D shape/N of/I the/D Treasury/N yield/V curve/N and/C rumored/V mortgage/N sales/N by/I thrifts/N ./.
Premium/N Government/N National/N Mortgage/N Association/N securities/N with/I coupon/N rates/N of/I 13/C %/N and/C higher/J actually/I declined/V amid/V concerns/N about/I increased/V prepayments/N because/I of/I a/D plan/N being/V considered/V by/I Congress/C to/T speed/N the/D refinancing/N of/I _OOV_/J mortgages/N ./.
Ginnie/N Mae/N 13/C %/N securities/N were/V down/I about/I at/I _OOV_/N ./.
If/I the/D refinancing/N plan/N clears/V Congress/N ,/, there/V could/M be/V fairly/V heavy/R prepayments/N on/I the/D premium/N securities/N ,/, hurting/V any/D investor/N paying/V much/R above/I par/N for/I them/P ./.
In/I the/D _OOV_/J sector/N ,/, a/D shift/N in/I the/D Treasury/N yield/V curve/N resulting/V from/I the/D better/J performance/N of/I _OOV_/J issues/N over/I _OOV_/J securities/N hurt/V major/J coupons/N because/I it/P will/M become/V more/J difficult/J to/T structure/N new/J derivative/N securities/N offerings/N ./.
Ginnie/N Mae/N 9/C %/N securities/N ended/V at/I 98/N ,/, up/R 9/C ,/, 9/C %/N
%/N to/T a/D 12-year/J average/J life/N assumption/N ,/, as/I the/D spread/V above/I the/D Treasury/N 10-year/N note/N widened/V _OOV_/C percentage/N point/N to/T _OOV_/C ./.
While/N Remic/C issuance/N may/M slow/V in/I the/D coming/V days/N because/I of/I the/D shift/N in/I the/D Treasury/N yield/V curve/N ,/, underwriters/N continued/V to/T crank/V out/I new/J real/J estate/N mortgage/N investment/N conduits/N structured/V when/R the/D yield/V curve/N was/V more/J favorable/J ./.
Two/C new/C _OOV_/C totaling/N $/$ 900/C million/C were/V announced/V by/I Freddie/N Mac/N yesterday/N ./.
British/N government/N bonds/N ended/V little/J changed/V as/I investors/N awaited/V an/D economic/J policy/N address/N last/J night/N by/I Chancellor/N of/I the/D _OOV_/N Nigel/N _OOV_/N ./.
The/D Treasury/N 11/C %/N bond/N due/V was/V down/I at/I 111/C to/T yield/V _OOV_/C %/N ,/, while/R the/D 11/C %/N notes/N due/V 1991/N were/V unchanged/J at/I 98/C to/T yield/V _OOV_/C %/N ./.
In/I Japan/N ,/, the/D bellwether/N No./N 111/N 4.6/C %/N bond/N of/I 1998/N ended/V off/R _OOV_/C at/I _OOV_/N ,/, to/T yield/V _OOV_/C %/N ,/, and/C in/I West/N Germany/N ,/, the/D 7/C %/N benchmark/J issue/N due/V October/N 1999/N ended/V _OOV_/C point/N lower/I at/I _OOV_/C to/T yield/V _OOV_/C %/N ./.
