``/N We/, 're/V strongly/N recommending/V that/D anyone/P who/P has/D eaten/V in/I the/D cafeteria/N this/I month/N have/V the/D shot/N ,/, ''/N Mr./N _OOV_/N added/I ,/, ``/N and/C that/D means/V virtually/V everyone/P who/P works/N here/N ./.
I/P was/V appalled/V to/T read/V the/D _OOV_/N of/I facts/N in/I your/N Oct./N 13/N editorial/N ``/N _OOV_/N 's/, _OOV_/N _OOV_/N ./, ''/N
It/P is/V the/D _OOV_/N guerrillas/N who/P are/V aligned/N with/I the/D drug/N traffickers/N ,/, not/V the/D left/D wing/N ./.
This/N information/N was/V gleaned/N from/I your/P own/V news/N stories/N on/I the/D region/N ./.
Past/N _OOV_/N government/N tolerance/N of/I the/D ``/N _OOV_/N ''/N was/V due/V to/T the/D drug/N lords/N '/N history/N of/I wiping/N out/I leftists/N in/I the/D hinterlands/N ./.
Mary/N _OOV_/N Palo/N Alto/N ,/, Calif/N ./.
I/P suggest/V that/D The/N Wall/N Street/N Journal/N -LRB-/N as/I well/V as/D other/J U.S./N news/N publications/N of/I like/V mind/N -RRB-/N should/V put/V its/D money/N where/I its/D mouth/V is/V :/N _OOV_/N computer/N equipment/N to/T replace/V that/D damaged/V at/I El/N _OOV_/N ,/, buy/V ad/V space/N ,/, publish/V stories/N under/I the/D _OOV_/N of/I El/N _OOV_/N journalists/N ./.
Perhaps/R an/D arrangement/N could/P be/R worked/V out/V to/T ``/N sponsor/N ''/N El/N _OOV_/N journalists/N and/I staff/N by/I paying/V for/D added/D security/N in/I exchange/N for/I exclusive/V stories/N ./.
_OOV_/N El/N _OOV_/N 's/, courage/N with/I real/D support/N ./.
Douglas/N B./N Evans/N
_OOV_/N Co/N ./, -LRB-/N Atlanta/N -RRB-/N --/N _OOV_/N _OOV_/N and/I George/N _OOV_/N were/V elected/N vice/N presidents/N of/I this/D _OOV_/N company/N ./.
Mr./N _OOV_/N ,/, 46/N years/N old/I ,/, is/V the/D company/N 's/, director/N of/I quality/N assurance/N ;/, most/V recently/N ,/, he/P served/V as/D vice/N president/N ,/, operations/N ,/, for/D Coca-Cola/N _OOV_/N ./.
Mr./N _OOV_/N ,/, 48/N ,/, is/V manager/N for/I corporate/N manufacturing/N operations/N ;/, he/P was/V assistant/N vice/N president/N at/I the/D company/N ./.
In/D the/D wake/J of/I a/D slide/N in/I sterling/N ,/, a/D tailspin/N in/I the/D stock/N market/N ,/, and/V a/D string/N of/I problematic/N economic/N indicators/N ,/, British/N Chancellor/N of/I the/D _OOV_/N Nigel/N _OOV_/N promised/V gradual/N improvement/N in/I the/D U.K./N economy/N ./.
In/D a/D speech/N prepared/V for/D delivery/N to/T London/N 's/P financial/N community/N ,/, Mr./N _OOV_/N summed/V up/D current/V economic/N policy/N as/I a/D battle/N to/T _OOV_/N inflation/N out/V of/I the/D British/N economy/N ,/, using/V high/J interest/N rates/N as/I ``/N the/D essential/N instrument/N ''/N to/T carry/V out/V the/D campaign/N ./.
Two/N weeks/N after/I boosting/V base/N rates/N to/T 15/N %/N ,/, he/P pledged/N that/I ``/N rates/N will/V have/V to/T remain/D high/J for/D some/V time/N to/T come/V ./, ''/N
Mr./N _OOV_/N also/I made/V it/P clear/V that/D he/P would/P be/R watching/V exchange/N rates/N carefully/N ./.
A/N sinking/N pound/N makes/I imports/N more/V expensive/V and/J increases/J businesses/N '/, expectations/N of/I future/D inflation/N ,/, he/P argued/V ./.
In/D an/D apparent/V warning/N to/T currency/N traders/N who/P have/V lately/V been/V selling/V the/D British/N currency/N ,/, he/P stated/V that/V the/D exchange/N rates/N will/V have/V a/D ``/N major/I role/N in/I the/D assessment/N of/I monetary/N conditions/N ./, ''/N
In/D reaffirming/N the/D current/J monetary/N policy/N of/I using/J high/J interest/N rates/N to/T fight/V inflation/N and/I shore/N up/P the/D pound/N ,/, Mr./N _OOV_/N dismissed/V other/J approaches/N to/P managing/N the/D economy/N ./.
He/P said/V he/P monitors/N the/I _OOV_/N figures/N ,/, but/V does/V n't/R give/V them/P paramount/N importance/N ,/, as/D some/V private/N and/I government/N economists/N have/V suggested/V ./.
Mr./N _OOV_/N also/N dismissed/V the/D possibility/N of/I imposing/D direct/D credit/N controls/N on/I Britain/N 's/, financial/N system/N ./.
Mr./N _OOV_/N 's/, speech/N ,/, delivered/V at/I the/D Lord/N Mayor/N of/I London/N 's/, annual/N dinner/N at/I _OOV_/N House/N ,/, came/V on/I the/D heels/N of/I a/D grueling/N period/N for/I the/D U.K./N economy/N ./.
Two/N weeks/N ago/N ,/, in/I a/D campaign/N to/T blunt/V inflation/N at/I home/N and/C arrest/N a/D world-wide/N plunge/N in/I the/D pound/N ,/, he/P raised/V base/N rates/N a/I full/D percentage/N point/N to/T 15/N %/N ./.
Despite/N the/D increase/N ,/, the/D British/N currency/N slid/N below/N a/I perceived/V threshold/N of/I three/N marks/N early/I last/V week/N ./.
It/P was/V quoted/V at/I _OOV_/N marks/N in/I late/N New/N York/N trading/N Wednesday/N ./.
_OOV_/N up/I to/T the/D speech/N was/V a/D _OOV_/N of/I economic/N statistics/N suggesting/V that/V the/D British/N war/N on/I inflation/N will/I be/V more/V bruising/V than/V previously/V assumed/V ./.
_OOV_/N in/I September/N dropped/V to/T _OOV_/N ,/, the/D lowest/N level/N since/I 1980/N ./.
While/N lower/I _OOV_/N is/V generally/V good/V news/N ,/, the/D hefty/N drop/V last/D month/N indicates/I that/D the/D economy/N is/V n't/V slowing/V down/V as/D much/V as/D hoped/V --/N despite/I a/D doubling/N of/I interest/N rates/N over/I the/D last/D 16/N months/N ./.
Meanwhile/N ,/, average/N earnings/N in/I Britain/N were/V up/V 8.75/N %/N in/I August/N over/I the/D previous/D year/N ./.
Another/D inflationary/N sign/N came/V in/I a/D surge/N in/I _OOV_/N lending/N to/T a/D record/N #/N _OOV_/N billion/N -LRB-/N $/N _OOV_/N billion/N -RRB-/N last/I month/N ,/, a/D much/V higher/V level/N than/V economists/N had/V predicted/V ./.
In/D a/D separate/D speech/N prepared/V for/D delivery/N at/I the/D dinner/N ,/, Robin/N _OOV_/N ,/, Bank/N of/I England/N governor/N ,/, conceded/V that/D ``/N demand/N pressures/N were/V even/V more/V buoyant/V than/V had/V been/V appreciated/V ''/N when/V the/D British/N economy/N was/V heating/V up/V last/V year/N ./.
He/P added/V that/D ``/N there/V 's/P no/V _OOV_/N solution/N ''/N to/T the/D economic/N woes/N ,/, and/J said/V ``/N tight/N monetary/N policy/N is/V the/D right/N approach/N ./, ''/N
_OOV_/N the/I recent/J slide/V in/D stock/N prices/N ,/, the/D central/N bank/N governor/N stated/V that/D ``/N the/D markets/N now/V appear/V to/T have/V _OOV_/N ''/N after/V the/D ``/N nasty/V jolt/N ''/N of/I the/D _OOV_/N plunge/N in/I the/D Dow/N Jones/N Industrial/N Average/N a/I week/N ago/N ./.
Although/V the/D New/N York/N market/N plunge/N prompted/V a/D _OOV_/N drop/V in/I the/D London/N Financial/N Times-Stock/N Exchange/N 100/N Share/N Index/N ,/, Mr./N _OOV_/N declared/V ``/N that/I the/D experience/N owed/V nothing/P to/T the/D particular/D problems/N of/I the/D British/N economy/N ./, ''/N
Specifically/N ,/, he/P pointed/V out/V that/V compared/V with/D the/D U.S./N market/N ,/, the/D U.K./N has/I far/V fewer/V highly/N leveraged/N junk-bond/N _OOV_/N ./.
_OOV_/N future/D monetary/N arrangements/N ,/, Mr./N _OOV_/N repeated/I the/D Thatcher/N government/N 's/, commitment/N to/T join/V the/D exchange/N rate/N mechanism/N of/I the/D European/N _OOV_/N System/N ,/, but/V he/P did/V n't/V indicate/V when/R ./.
C./N Olivetti/N &/N Co./N ,/, claiming/V it/P has/D won/V the/D race/N in/I Europe/N to/T introduce/V computers/N based/I on/D a/D powerful/V new/V microprocessor/N chip/N ,/, unveiled/N its/N _OOV_/N computer/N yesterday/N ./.
The/D product/N is/V the/D first/J from/I a/D European/N company/N based/I on/D Intel/N Corp./N 's/, new/J _OOV_/N _OOV_/N microprocessor/N ,/, which/D works/N several/V times/N faster/V than/V previously/V available/V chips/N ./.
Hewlett-Packard/N Co./N became/V the/D first/D company/N world-wide/N to/T announce/V a/D product/N based/I on/D the/D chip/N earlier/V this/D month/N ,/, but/V it/P wo/V n't/V start/V shipping/N the/I computers/N until/V early/V next/V year/N ./.
An/N Olivetti/N spokesman/N said/V the/D company/N 's/, factories/N are/V already/V beginning/V to/T produce/V the/D machine/N ,/, and/J that/D it/P should/P be/R available/V in/I Europe/N by/I December/N ./.
``/N What/N this/I means/V is/V that/D _OOV_/N will/I have/V these/V machines/N in/I their/V offices/N before/V Americans/N do/V ,/, ''/N the/I spokesman/N said/V ./.
The/D new/J chip/N ``/N is/V a/D very/V big/V step/N in/I computing/N ,/, and/V it/P is/V important/V that/D Olivetti/N be/I one/N of/I the/D first/J out/I on/I the/D market/N with/I this/D product/N ,/, ''/N said/V _OOV_/N _OOV_/N Davis/N ,/, an/D analyst/N at/I James/N _OOV_/N &/N Co./N in/I London/N ./.
Executives/N at/I Olivetti/N ,/, whose/D earnings/N have/V been/V steadily/N sliding/V over/D the/D past/N couple/N of/I years/N ,/, have/V acknowledged/V that/D in/I the/D past/V they/P have/V lagged/V at/I getting/V new/J technology/N to/T market/N ./.
Ms./N Davis/N said/V the/D new/J machines/N could/P steal/V some/V sales/N away/P from/I Olivetti/N 's/, own/P minicomputers/N ,/, but/V would/R bring/V new/J sales/N among/V professionals/N such/V as/D engineers/N ,/, _OOV_/N and/C medical/N doctors/N ./.
Although/V Olivetti/N 's/, profits/N tumbled/N 40/N %/N in/I the/D first/J half/N of/I this/D year/N ,/, she/P believes/V Olivetti/N 's/, restructuring/N last/I fall/V and/J its/D introduction/N of/I new/J products/N will/V begin/V to/T bear/N fruit/N with/I an/D earnings/N rebound/V next/V year/N ,/, especially/V if/V it/P can/V fulfill/V its/D promise/N to/T deliver/V the/D new/J machines/N by/I December/N ./.
``/N We/, think/V the/D worst/N is/I over/I ''/N in/I the/D European/N _OOV_/N market/N ,/, she/P said/V ./.
Depending/N on/I the/D type/N of/I software/N and/I peripherals/N used/V ,/, the/D machines/N can/V serve/I either/V as/D the/D main/J computer/N in/I a/D network/N of/I many/V terminals/N -LRB-/N a/I role/N usually/V filled/V by/I a/D minicomputer/N -RRB-/N ,/, as/D a/D technical/N workstation/N or/I as/D a/D very/V fast/V personal/V computer/N ./.
``/N It/P 's/P the/D missing/N link/N ''/N in/I Olivetti/N 's/, product/N line/N between/I small/V personal/N computers/N and/I _OOV_/N minicomputers/N ,/, the/D Olivetti/N spokesman/N said/V ./.
He/P added/V that/D Olivetti/N will/I continue/V making/D its/D _OOV_/N minicomputer/N line/N ./.
The/D machines/N will/P cost/N around/I $/N _OOV_/N on/I average/N in/I Europe/N ./.
The/D Intel/N _OOV_/N chip/N can/V process/N 15/N million/N instructions/N per/V second/J ,/, or/V _OOV_/N ,/, while/V Intel/N 's/, previous/D _OOV_/N chip/N could/I handle/V only/D 3/N to/T 6/N _OOV_/N ./.
Olivetti/N also/N plans/N to/T sell/V the/D _OOV_/N computer/N in/I the/D U.S./N starting/V next/V year/N through/I Olivetti/N USA/N and/C through/D its/D _OOV_/N unit/N ,/, which/D specializes/N in/I automating/N _OOV_/N networks/N ./.
_OOV_/N Inc./N said/V it/P received/V approval/N from/I the/D French/N government/N for/I its/D proposed/V $/N _OOV_/C million/N acquisition/N of/I _OOV_/N _OOV_/N ./.
The/D approval/N satisfies/V the/I remaining/J conditions/N of/I the/D purchase/N ,/, which/V is/V expected/V to/T close/V within/D two/N weeks/N ./.
_OOV_/N ,/, the/D second-largest/N maker/N of/I food/N cans/N in/I France/N ,/, had/V 1988/N sales/N of/I $/N 150/N million/N ./.
_OOV_/N has/I _OOV_/N workers/N at/I four/N canning/N manufacturing/N plants/N and/I one/N plastic/N container/N facility/N ./.
_OOV_/N makes/I flexible/V packaging/N films/N and/C machinery/N ,/, and/I materials/N for/I the/D food/N and/I pharmaceutical/N industries/N ./.
Social/N Security/N benefits/N will/I rise/N _OOV_/N %/N next/V year/N to/T keep/V pace/N with/I inflation/N ,/, boosting/V the/D average/N monthly/N benefit/N to/T $/N _OOV_/N from/I $/N _OOV_/N ,/, the/D Department/N of/I Health/N and/C Human/N Services/N announced/I ./.
The/T higher/J payments/N will/V start/V with/D Social/N Security/N checks/N received/V on/D Jan./N 3/N ,/, 1990/N ./.
_OOV_/N Security/N Income/N payments/N to/T the/D disabled/V also/V will/V rise/N _OOV_/N %/N ,/, starting/V with/D checks/N received/V on/D Dec./N 29/N ,/, 1988/N ,/, increasing/V the/D maximum/N _OOV_/N payment/N to/T $/N _OOV_/N from/I $/N _OOV_/N a/D month/N ./.
The/D inflation/N adjustment/N also/N means/I that/V the/D maximum/N annual/N level/N of/I earnings/N subject/V to/T the/D wage/N tax/N that/I generates/V revenue/N for/I the/D Social/N Security/N trust/N fund/N will/I rise/N to/T $/N _OOV_/N in/I 1990/N from/I $/N _OOV_/N this/I year/N ./.
As/V mandated/V by/D law/N ,/, the/D tax/N rate/N will/I rise/N to/T _OOV_/N %/N in/I 1990/N from/I _OOV_/N %/N and/C wo/V n't/V rise/N any/I further/N in/I the/D future/N ./.
This/T means/V that/V the/D maximum/N yearly/N Social/N Security/N tax/N paid/V by/D workers/N and/I employers/N each/V will/D rise/N $/N _OOV_/N next/V year/N to/T $/N _OOV_/N ./.
_OOV_/N aged/N 65/N through/I 69/N will/I be/V able/V to/T earn/V $/N _OOV_/N without/I losing/V any/D Social/N Security/N benefits/N in/I 1990/N ,/, up/R from/I $/N _OOV_/N this/I year/N ./.
The/D exempt/N amount/N for/I beneficiaries/N under/I 65/N will/I rise/N to/I $/N _OOV_/N from/I $/N _OOV_/N ./.
The/D adjustments/N reflect/I the/D increase/N in/I the/D consumer/N price/N index/N for/I urban/I wage/N earners/N and/I clerical/V workers/N from/I the/D third/D quarter/N of/I last/D year/N to/T the/D third/D quarter/N of/I this/D year/N ./.
_OOV_/N companies/N should/V get/V healthier/N in/I the/D third/D quarter/N ./.
_OOV_/N houses/N are/V expected/V to/T report/N earnings/N increases/N of/I about/V 15/N %/N on/I average/N for/I the/D third/D quarter/N ,/, despite/D sales/N increases/N of/I less/V than/V 10/N %/N ,/, analysts/N say/V ./.
To/N offset/N sluggish/N sales/N growth/N ,/, companies/N have/V been/V cutting/V staff/N ,/, mostly/N through/I attrition/N ,/, and/J slowing/V the/D growth/N in/I research/N and/I development/N spending/N ./.
Sales/N growth/N in/I the/D quarter/N was/V slowed/V by/D mounting/N pressure/N from/I groups/N of/I buyers/N ,/, such/V as/D hospitals/N ,/, to/T hold/V down/D prices/N ./.
_OOV_/N were/V also/V hurt/V by/I the/D stronger/N U.S./N dollar/N ,/, which/D makes/V sales/N abroad/N more/V difficult/V ./.
In/D some/V cases/N ,/, competition/N has/I squeezed/V margins/N ./.
_OOV_/N ,/, _OOV_/N &/N Co./N ,/, for/I example/N ,/, faces/N stiff/V competition/N from/I a/D Japanese/N supplier/N in/I the/D important/V syringe/N market/N ./.
The/D Franklin/N Lakes/N ,/, N.J./N ,/, company/N is/V expected/V to/T report/N sales/N growth/N of/I only/D 5/N %/N to/T 6/N %/N ,/, but/V should/V still/V maintain/V earnings/N growth/N of/I 10/N %/N ,/, says/V _OOV_/N E./N _OOV_/N ,/, an/D analyst/N with/I Duff/N &/N Phelps/N Inc/N ./.
Among/N the/I first/J of/I the/D group/N to/T post/V results/N ,/, Abbott/N Laboratories/N said/V third-quarter/N net/N income/N jumped/V 14/N %/N to/I $/N _OOV_/N million/N ,/, or/V 88/N cents/N a/I share/N ,/, from/I $/N _OOV_/N million/N ,/, or/V _OOV_/N cents/N a/I share/N ,/, a/D year/N earlier/V ./.
Sales/N for/I the/D company/N ,/, based/V in/D Abbott/N Park/N ,/, Ill./N ,/, rose/V _OOV_/N %/N to/I $/N 1.31/N billion/N from/I $/N _OOV_/N billion/N ./.
_OOV_/N International/N Inc./N yesterday/V reported/V net/N climbed/N 20/N %/N in/I the/D third/N period/N to/T $/N 102/N million/N ,/, or/V 34/N cents/N a/I share/N ,/, from/I $/N 85/N million/N ,/, or/V 28/N cents/N a/I share/N ,/, a/D year/N earlier/V ./.
Sales/N for/I the/D _OOV_/N ,/, Ill./N ,/, company/N rose/V 5.8/N %/N to/I $/N _OOV_/N billion/N from/I $/N 1.71/N billion/N ./.
But/V not/V every/D company/N expects/V to/T report/N increased/V earnings/N ./.
C.R./N Bard/N Inc./N yesterday/V said/V third-quarter/N net/N plunged/N 51/N %/N to/I $/N _OOV_/N million/N ,/, or/V 18/N cents/N a/I share/N ,/, from/I $/N 20/N million/N ,/, or/V 35/N cents/N a/I share/N ,/, a/D year/N earlier/V ./.
Sales/N fell/V 1.2/N %/N to/I $/N _OOV_/N million/N from/I $/N _OOV_/N million/N ./.
The/D Murray/N Hill/N ,/, N.J./N ,/, company/N said/V full-year/N earnings/N may/V be/R off/V 33/N cents/N a/I share/N because/V the/D company/N removed/V a/D catheter/N from/I the/D market/N ./.
In/D 1988/N ,/, the/D company/N earned/V $/N _OOV_/N a/D share/N ./.
The/D Food/N and/C Drug/N Administration/N had/V raised/V questions/N about/V the/D device/N 's/, design/N ./.
Some/P analysts/N add/V that/D _OOV_/N pressures/N to/T reduce/V health/N costs/N will/I continue/V to/T _OOV_/N companies/N '/, bottom/N lines/N ./.
Takeover/N speculation/N ,/, which/V has/V been/V _OOV_/N stocks/N of/I supply/N houses/N ,/, may/V also/V ease/N ,/, says/V Peter/N _OOV_/N ,/, an/D analyst/N with/I Drexel/N Burnham/N Lambert/N Inc/N ./.
``/N As/V that/V _OOV_/N ,/, you/P 're/V going/V to/T see/J the/D stocks/N probably/V wane/V as/D well/V ,/, ''/N he/P says/V ./.
_OOV_/N companies/N ,/, meanwhile/V ,/, are/V reporting/N improved/V earnings/N ./.
_OOV_/N by/I strong/J performances/N by/I its/D psychiatric/N hospitals/N ,/, National/N Medical/N _OOV_/N Inc./N ,/, Los/N Angeles/N ,/, reported/V net/N income/N of/I $/N 50/N million/N ,/, or/V 65/N cents/N a/I share/N ,/, for/D the/D first/J quarter/N ended/I Aug./N 31/N ,/, up/R from/I $/N 41/N million/N ,/, or/V 56/N cents/N a/I share/N ,/, a/D year/N earlier/V ./.
_OOV_/N Inc./N ,/, Louisville/N ,/, Ky./N ,/, also/V reported/V favorable/V results/N ,/, with/V net/N income/N of/I $/N 66.7/N million/N ,/, or/V 66/N cents/N ,/, in/I the/D fourth/N quarter/N ended/I Aug./N 31/N ,/, up/R from/I $/N _OOV_/N million/N ,/, or/V 59/N cents/N ,/, a/D year/N earlier/V ./.
Analysts/N say/V the/D handful/N of/I hospital/N companies/N that/V are/V still/V publicly/N traded/V are/V benefiting/N from/I several/J trends/N ./.
Most/V important/V ,/, hospital/N admission/N rates/N are/V stabilizing/V after/V several/J years/N of/I decline/N ./.
Moreover/N ,/, companies/N have/V sold/V off/V many/V of/I their/V smaller/J ,/, less-profitable/N hospitals/N and/I have/V completed/V painful/J _OOV_/N ./.
_OOV_/N 's/, revenues/N ,/, for/I example/N ,/, are/V being/D boosted/V by/J large/I increases/N in/I enrollments/N in/I the/D company/N 's/, health/N maintenance/N organizations/N ./.
_OOV_/N _OOV_/N _OOV_/N ,/, an/D analyst/N with/I _OOV_/N _OOV_/N _OOV_/N :/N ``/N The/N shakeout/N in/I the/D publicly/N traded/V companies/N is/V over/D ./.
Initial/N claims/N for/I regular/I state/N unemployment/N benefits/N rose/V to/T a/D seasonally/N adjusted/V _OOV_/N during/I the/D week/N ended/I Oct./N 7/N from/I _OOV_/N the/I previous/D week/N ,/, the/D Labor/N Department/N said/V ./.
The/D number/N of/I people/N receiving/V regular/I state/N benefits/N in/I the/D week/N ended/I Sept./N 30/N decreased/N to/T a/D seasonally/N adjusted/V _OOV_/N ,/, or/V 2.2/N %/N of/I those/N covered/I by/D unemployment/N insurance/N ,/, from/I _OOV_/N the/I previous/D week/N ,/, when/V the/D insured/N unemployment/N rate/N also/V was/V 2.2/N %/N ./.
_OOV_/N all/I state/N and/I federal/N benefit/N programs/N ,/, the/D number/N of/I people/N receiving/V unemployment/N benefits/N in/I the/D week/N ended/I Sept./N 30/N fell/V to/T _OOV_/N from/I _OOV_/N a/I week/N earlier/V ./.
These/D figures/N are/V n't/V seasonally/N adjusted/V ./.
A/N Labor/N Department/N spokesman/N said/V the/D unusually/N high/V number/N of/I initial/V claims/N for/I state/N unemployment/N benefits/N reflects/I the/D impact/N of/I Hurricane/N Hugo/N on/I southern/N states/N ,/, particularly/V North/N Carolina/N and/I South/N Carolina/N ./.
The/D figure/N also/N may/I reflect/V initial/V claims/N filed/V by/I striking/V _OOV_/N Corp./N workers/N who/P have/V become/V eligible/N for/I unemployment/N benefits/N ,/, the/D official/N said/V ./.
Digital/N Equipment/N Corp./N reported/V a/D 32/N %/N decline/N in/I net/N income/N on/I a/D modest/J revenue/N gain/V in/I its/D fiscal/N first/I quarter/N ,/, causing/V some/V analysts/N to/T predict/V weaker/D results/N ahead/I than/V they/P had/V expected/V ./.
Although/V the/D second-largest/N computer/N maker/N had/V prepared/V Wall/N Street/N for/I a/D poor/V quarter/N ,/, analysts/N said/V they/P were/V troubled/V by/I signs/N of/I flat/N U.S./N orders/N and/I a/D slowdown/N in/I the/D rate/N of/I gain/V in/I foreign/N orders/N ./.
The/D Maynard/N ,/, Mass./N ,/, company/N is/V in/I a/D transition/N in/I which/D it/P is/V trying/V to/T reduce/V its/D reliance/N on/I _OOV_/N machines/N and/I establish/V a/D presence/N in/I workstations/N and/C mainframes/N ./.
Net/N for/I the/D quarter/N ended/I Sept./N 30/N fell/V to/D $/N _OOV_/N million/N ,/, or/V $/N _OOV_/N a/D share/N ,/, from/I $/N _OOV_/N million/N ,/, or/V $/N 1.71/N a/D share/N ,/, a/D year/N ago/N ./.
Revenue/N rose/V 6.4/N %/N to/I $/N _OOV_/N billion/N from/I $/N _OOV_/N billion/N ./.
Digital/N said/V a/D shift/N in/I its/D product/N mix/N toward/D _OOV_/N products/N and/I strong/J growth/N in/I workstation/N sales/N yielded/V lower/J gross/N margins/N ./.
A/D spokesman/N also/N said/V margins/N for/I the/D company/N 's/, service/N business/N narrowed/V somewhat/V because/V of/I heavy/V investments/N made/V in/I that/D sector/N ./.
The/D lack/N of/I a/D strong/N product/N at/I the/D high/J end/N of/I Digital/N 's/, line/N was/V a/D significant/J drag/N on/I sales/N ./.
Digital/N hopes/N to/T address/N that/I with/V the/D debut/N of/I its/J first/I _OOV_/N computers/N next/V Tuesday/N ./.
The/D new/V line/N is/I aimed/V directly/N at/I International/N Business/N Machines/N Corp/N ./.
``/N Until/N the/D new/J mainframe/N products/N kick/N in/I ,/, there/V wo/V n't/R be/P a/D lot/V of/I revenue/N contribution/N at/I the/D high/J end/N ,/, and/J that/D 's/P hurt/V us/N ,/, ''/N said/V Mark/N _OOV_/N ,/, Digital/N 's/, director/N of/I investor/N relations/N ./.
He/P said/V unfavorable/N currency/N translations/N were/V also/V a/D factor/N in/I the/D quarter/N ./.
_OOV_/N shares/N rose/V $/N 1.375/N to/I $/N _OOV_/N apiece/N in/I consolidated/N New/N York/N Stock/N Exchange/N trading/N yesterday/N ./.
But/V analysts/N said/V that/D against/V the/D backdrop/N of/I a/D nearly/I _OOV_/N rise/N in/I the/D Dow/N Jones/N Industrial/N Average/N ,/, that/V should/P n't/R necessarily/V be/V taken/V as/D a/D sign/N of/I great/D strength/N ./.
Some/P cut/V their/V earnings/N estimates/N for/I the/D stock/N this/I year/N and/C predicted/V more/V efforts/N to/T control/N costs/N ahead/I ./.
``/N I/, think/V the/D next/V few/V quarters/N will/P be/R difficult/V ,/, ''/N said/V Steven/N _OOV_/N of/I First/N Boston/N ./.
``/N _OOV_/N will/T remain/D under/I pressure/N ,/, and/V when/V the/D new/J mainframe/N does/V ship/N ,/, I/P 'm/V not/V sure/V it/P will/P be/R a/D big/D winner/N ./.
''/N Mr./N _OOV_/N said/V he/P was/V revising/V his/V estimate/N for/I _OOV_/N 's/, current/J year/N from/I $/N 8.20/N a/D share/N to/T ``/N well/I below/N $/N 8/N ,/, ''/N although/V he/P has/V n't/R settled/V on/I a/D final/V number/N ./.
One/P troubling/V aspect/N of/I _OOV_/N 's/, results/N ,/, analysts/N said/V ,/, was/V its/D performance/N in/I Europe/N ./.
_OOV_/N said/V its/D overseas/N business/N ,/, which/D now/V accounts/N for/I more/V than/V half/V of/I sales/N ,/, improved/V in/I the/D quarter/N ./.
It/P even/V took/V the/D unusually/N frank/N step/N of/I telling/V analysts/N in/I a/D morning/V conference/N call/V that/D orders/N in/I Europe/N were/V up/V in/I ``/N double/N digits/N ''/N in/I foreign-currency/N terms/N ./.
That/D gain/V probably/V translated/V into/D about/V 5/N %/N to/T 7/N %/N in/I dollar/N terms/N ,/, well/V below/N recent/V quarters/N '/, gains/N of/I above/N 20/N %/N ,/, reckons/N Jay/N _OOV_/N of/I _OOV_/N _OOV_/N _OOV_/N ./.
``/N That/V was/V a/D disappointment/N ''/N and/C a/D sign/N of/I overall/N _OOV_/N softness/N in/I Europe/N ,/, Mr./N _OOV_/N said/V ./.
Marc/N _OOV_/N ,/, with/V _OOV_/N Securities/N in/I New/N York/N ,/, dropped/V his/V estimate/N of/I _OOV_/N 's/, full-year/N net/N to/T $/N _OOV_/N a/D share/N from/I $/N 8/N ./.
Although/V overall/N revenues/N were/V stronger/V ,/, Mr./N _OOV_/N said/V ,/, _OOV_/N ``/N drew/V down/V its/D European/N backlog/N ''/N and/C had/V flat/N world-wide/N orders/N overall/N ./.
``/N The/V bottom/N line/N is/V that/V it/P 's/P more/V hand/P to/T mouth/V than/V it/V has/V been/V before/V ,/, ''/N he/P said/V ./.
Mr./N _OOV_/N said/V he/P believes/V that/V the/D _OOV_/N of/I _OOV_/N 's/, new/J mainframe/N will/I ``/N occur/V somewhat/V more/V leisurely/V ''/N than/V many/V of/I his/V investment/N colleagues/N expect/V ./.
He/P said/V current/J expectations/N are/V for/D an/D entry/N level/N machine/N to/T be/V shipped/V in/I December/N ,/, with/V all/D of/I the/D more/V sophisticated/V versions/N out/V by/I June/N ./.
For/N reasons/N he/P would/R n't/V elaborate/N on/D ,/, he/P said/V he/P 's/P sure/V that/V schedule/N wo/V n't/V be/V met/V ,/, meaning/N less/V profit/N impact/N from/I the/D product/N for/I _OOV_/N in/I the/D next/V few/V quarters/N ./.
John/N R./N _OOV_/N contributed/V to/T this/V article/N ./.
Colgate/N _OOV_/N Co./N reported/V third-quarter/N net/N income/N rose/V 27/N %/N ,/, bolstered/V by/V strong/J sales/N in/I its/D Latin/N American/N business/N and/I surprisingly/V healthy/V profits/N from/I U.S./N operations/N ./.
Colgate/N said/V net/N income/N for/I the/D quarter/N rose/V to/N $/N _OOV_/N million/N ,/, or/V $/N _OOV_/N a/D share/N ,/, on/D sales/N that/I increased/V 6/N %/N to/I $/N 1.3/N billion/N ./.
In/D the/D year-earlier/N period/N ,/, Colgate/N posted/N net/N income/N of/I $/N _OOV_/N million/N ,/, or/V 88/N cents/N a/I share/N ./.
Last/V year/N 's/, results/N included/V earnings/N from/I discontinued/V operations/N of/I $/N 13.1/N million/N ,/, or/V 19/N cents/N a/I share/N ./.
_OOV_/N Mark/N ,/, chairman/N and/C chief/N executive/N officer/N of/I Colgate/N ,/, said/V earnings/N growth/N was/V fueled/N by/D strong/J sales/N in/I Latin/N America/N ,/, the/D Far/N East/N and/I Europe/N ./.
Results/N were/V also/V bolstered/N by/I ``/N a/I very/V meaningful/V increase/N in/I operating/N profit/N at/I Colgate/N 's/, U.S./N business/N ,/, ''/N he/P said/V ./.
Operating/N profit/N at/I Colgate/N 's/, U.S./N household/N products/N and/I personal/N care/N businesses/N ,/, which/D include/V such/J well-known/N brands/N as/I Colgate/N toothpaste/N and/I _OOV_/N laundry/N detergent/N ,/, jumped/V more/V than/V 40/N %/N ,/, the/D company/N said/V ./.
Mr./N Mark/N attributed/V the/D improvement/N to/T cost/N savings/N achieved/V by/I consolidating/J manufacturing/N operations/N ,/, blending/N together/V two/N sales/N organizations/N and/I more/V carefully/V focusing/N the/D company/N 's/, promotional/N activities/N ./.
``/N We/, 've/V done/V a/D lot/V to/P improve/V -LRB-/N U.S/N ./, -RRB-/N results/N and/I a/D lot/V more/V will/P be/R done/V ,/, ''/N Mr./N Mark/N said/V ./.
``/N _OOV_/N profitability/N of/I U.S./N operations/N is/V an/D extremely/N high/V priority/N in/I the/D company/N ./, ''/N
Colgate/N 's/, results/N were/V at/I the/D high/J end/N of/I the/D range/N of/I analysts/N '/, forecasts/N ./.
The/D scope/N of/I the/D improvement/N in/I the/D U.S./N business/N caught/V some/V analysts/N by/I surprise/V ./.
The/D company/N 's/, domestic/N business/N ,/, especially/V its/D household/N products/N division/N ,/, has/V performed/V poorly/N for/I years/N ./.
Analysts/N say/V the/D earnings/N improvement/N came/V from/D cutting/N costs/N rather/T than/V increasing/J sales/N ./.
For/N the/D nine/N months/N ,/, net/N increased/J 14/N %/N to/I $/N _OOV_/N million/N ,/, or/V $/N _OOV_/N a/D share/N ./.
Sales/N rose/V 7/N %/N to/I $/N 3.8/N billion/N ./.
The/D company/N earned/V $/N _OOV_/N million/N ,/, or/V $/N 2.79/N a/D share/N ,/, in/I the/D year-earlier/N period/N ./.
Colgate/N 's/, 1988/N net/N income/N included/V $/N _OOV_/N million/N ,/, or/V 59/N cents/N a/I share/N ,/, from/I discontinued/V operations/N ./.
Colgate/N sold/V its/D hospital/N supply/N and/I home/N health/N care/N business/N last/I year/N ./.
Separately/N ,/, Colgate/N Wednesday/N finalized/N an/D agreement/N with/I _OOV_/N Corp./N ,/, a/D tiny/V dental/N products/N and/I pharmaceutical/N concern/N based/I in/D _OOV_/N ,/, Mass./N ,/, to/P market/N in/I the/D U.S./N four/N of/I _OOV_/N 's/, _OOV_/N dental/N products/N ./.
The/D products/N --/N _OOV_/N and/I bonding/N materials/N used/V by/I dentists/N --/N all/I contain/V fluoride/N that/I is/V released/V over/I time/N ./.
The/D move/V is/V part/N of/I a/D drive/V to/V increase/N Colgate/N 's/, business/N with/I dentists/N ,/, a/D company/N spokeswoman/N said/V ./.
Terms/N of/I the/D agreement/N were/V n't/V given/V ./.
_OOV_/N Limited/N _OOV_/N said/V it/P completed/V the/D sale/N of/I its/D _OOV_/N restaurant/N franchise/N system/N to/T a/D subsidiary/N of/I _OOV_/N Co./N for/I $/N 71/N million/N in/I cash/N ./.
_OOV_/N ,/, which/V is/V nearly/D _OOV_/N by/I Sam/N and/I Charles/N _OOV_/N of/I Dallas/N ,/, said/V it/P will/V distribute/V proceeds/N from/I the/D sale/N to/T unit/N holders/N as/I a/D _OOV_/N dividend/N as/I soon/V as/V possible/V ./.
The/D _OOV_/N franchise/N system/N ,/, which/D generates/V about/V $/N 600/N million/N in/I sales/N annually/N ,/, represented/I substantially/N all/V of/I the/D partnership/N 's/, assets/N ./.
The/D sale/N of/I the/D system/N has/I been/V challenged/V in/I a/D class-action/N suit/N on/I behalf/N of/I unit/N holders/N filed/N last/I week/N in/I a/D Delaware/N court/N ,/, _OOV_/N said/V ./.
The/D company/N said/V it/P believes/V the/D suit/N is/V without/V merit/N ./.
American/N Telephone/N &/N Telegraph/N Co./N unveiled/N a/D sweetened/N pension/N and/I _OOV_/N program/N for/I management/N that/I it/P hopes/N will/I enable/V it/P to/T save/V $/N _OOV_/N million/N in/I the/D next/V year/N ./.
AT&T/N also/N said/V net/N income/N rose/V 19/N %/N in/I the/D third/D quarter/N ./.
AT&T/N said/V its/D amended/N pension/N program/N will/P nearly/I double/V to/N _OOV_/N the/I number/N of/I managers/N eligible/V to/T retire/V with/V immediate/D pension/N payments/N ./.
AT&T/N said/V that/D based/I on/D studies/N of/I other/J companies/N that/I have/V offered/V retirement/N plans/N ,/, it/P expects/V about/V one-third/N of/I its/D eligible/N managers/N to/T retire/V under/V the/D new/J program/N ./.
AT&T/N said/V third-quarter/N net/N income/N grew/N ,/, despite/V stiff/V competition/N in/I all/D of/I the/D company/N 's/, markets/N ./.
Net/N income/N rose/V to/D $/N _OOV_/N million/N ,/, or/V 65/N cents/N a/I share/N ,/, from/I the/D year-earlier/N $/N _OOV_/N million/N or/I 55/N cents/N a/I share/N ./.
Revenue/N edged/N up/I to/V $/N 8.9/N billion/N from/I $/N _OOV_/N billion/N ./.
The/D latest/V period/N 's/, net/N was/N reduced/V $/N 102/N million/N ,/, or/V nine/N cents/N a/I share/N ,/, for/I a/D change/D in/I depreciation/N method/N and/I concurrent/N changes/N in/I estimates/N of/I _OOV_/N lives/N and/I net/N salvage/N for/I certain/D telecommunications/N equipment/N ./.
The/D results/N roughly/N matched/V estimates/N of/I securities/N analysts/N ,/, who/P were/V encouraged/V by/I AT&T/N increasing/I its/D operating/N margin/V to/T 13/N %/N from/I 11/N %/N a/I year/N ago/N ,/, because/V of/I continued/J _OOV_/N efforts/N ./.
Sales/N of/I long-distance/N services/N ,/, an/D extremely/N competitive/N market/N ,/, rose/V 6.4/N %/N ./.
But/V the/D growth/N was/V partly/V offset/V by/I lower/J equipment/N sales/N and/I rentals/N and/I price/N cuts/N on/I some/V products/N ./.
Under/N the/I amended/J pension/N program/N ,/, AT&T/N managers/N who/, have/V at/I least/N five/N years/N of/I service/N will/I have/V five/N years/N added/I to/T their/V age/N and/I length/N of/I service/N for/I pension/N purposes/N ./.
Managers/N who/P retire/V Dec./N 30/N will/I have/V an/D additional/N 15/N %/N added/I to/T their/V monthly/N pension/N for/I as/D long/V as/D five/N years/N or/I age/N 65/N ,/, whichever/N comes/V earlier/V ./.
An/N AT&T/N spokeswoman/N said/V the/D company/N would/P likely/V replace/V about/V one-third/N of/I its/D managers/N who/, choose/T to/T retire/V with/D new/J employees/N ./.
Analysts/N hailed/V the/D sweetened/N pension/N package/N ,/, which/V they/P said/V had/V been/V the/D subject/N of/I rumors/N for/I several/J months/N ./.
``/N This/N tells/V you/N AT&T/N is/I serious/V about/V continuing/I to/T manage/V their/V cost/N structure/N and/C is/D committed/V to/T _OOV_/N earnings/N growth/N ,/, ''/N said/V Jack/N _OOV_/N ,/, an/D analyst/N with/I PaineWebber/N Inc/N ./.
But/V other/V analysts/N expressed/V disappointment/N that/I the/D _OOV_/N move/V wo/V n't/V result/V in/I even/V greater/D earnings/N growth/N ./.
``/N This/N is/V a/D good/V move/V ,/, but/V it/V only/V gets/V you/P to/T where/V people/N 's/, expectations/N already/V are/V ,/, ''/N in/I terms/N of/I earnings/N growth/N ,/, said/V Joel/N D./N _OOV_/N ,/, an/D analyst/N with/I Donaldson/N ,/, Lufkin/N &/N Jenrette/N ./.
Mr./N _OOV_/N said/V he/P had/V hoped/V that/V a/D cost/N savings/N of/I $/N _OOV_/N million/N would/P result/D in/I even/V greater/D growth/N than/V the/D 20/N %/N annual/N earnings/N increase/N AT&T/N has/I told/V analysts/N it/P expects/V in/I the/D future/N ./.
AT&T/N said/V the/D special/D retirement/N option/N will/I increase/N fourth-quarter/N expenses/N ./.
But/V the/D company/N said/V the/D amount/N ca/V n't/V be/V determined/V until/V it/P knows/V how/D many/V managers/N opt/N to/T retire/V ./.
AT&T/N said/V the/D expense/N increase/N will/I be/V largely/V offset/V by/I a/D gain/V from/I its/D previously/N announced/I plan/N to/T swap/V its/D holdings/N in/I Ing/N ./, C./N Olivetti/N &/N Co./N for/I shares/N in/I Cie/N ./, _OOV_/N _OOV_/N ,/, an/D Italian/N holding/I company/N ./.
For/N the/D nine/N months/N ,/, AT&T/N said/V net/N income/N was/V $/N _OOV_/N billion/N ,/, or/V $/N 1.85/N a/D share/N ,/, up/V 19/N %/N from/I $/N _OOV_/N billion/N ,/, or/V $/N 1.56/N a/D share/N ./.
Revenue/N gained/I 3.1/N %/N to/I $/N _OOV_/N billion/N from/I $/N 26/N billion/N ./.
In/D composite/N trading/N yesterday/N on/I the/D New/N York/N Stock/N Exchange/N ,/, AT&T/N shares/N closed/V at/I $/N _OOV_/N ,/, up/P 87.5/N cents/N ./.
When/P it/P comes/V to/T buying/V and/J selling/N shares/N ,/, _OOV_/N Capital/N Management/N Inc./N takes/I a/D back/P seat/N to/T no/V one/N ./.
Every/N dollar/N 's/, worth/V of/I stock/N in/I the/D Los/N Angeles/N money/N manager/N 's/, portfolio/N is/V traded/N seven/N or/I eight/N times/N a/I year/N ,/, the/D firm/N estimates/N ./.
That/P makes/V it/N the/I most/J active/V trader/N among/V all/D the/D nation/N 's/, investment/N advisers/N ,/, according/V to/T Securities/N and/C Exchange/N Commission/N filings/N ./.
But/V wait/V a/D second/N ./.
_OOV_/N Capital/N is/I an/D index/N fund/N --/N the/D type/N of/I _OOV_/N long-term/N investor/N whose/I goal/N is/V to/T be/V nothing/P more/V than/V average/N ./.
_OOV_/N Capital/N 's/, frenetic/V trading/N reflects/I the/D changes/N sweeping/I through/D the/D previously/N sleepy/V world/N of/I indexing/N ./.
_OOV_/N for/I the/D most/J part/N has/I involved/V simply/D buying/V and/V then/P holding/D stocks/N in/I the/D correct/D mix/V to/T mirror/V a/D stock/N market/N barometer/N ,/, such/V as/D Standard/N &/N Poor/N 's/, 500-stock/N index/N ,/, and/I match/N its/I performance/N ./.
_OOV_/N investors/N have/V poured/V $/N 210/N billion/N into/I stock/N and/C bond/N indexing/N as/I a/D cheap/N and/I easy/V form/N of/I investment/N management/N that/I promises/N to/T post/V average/N market/N returns/N ./.
These/D big/V investors/N have/V flocked/V to/T indexing/N because/V relatively/V few/V ``/N active/N ''/N stock/N pickers/N have/V been/V able/V to/T consistently/N match/N the/I returns/N of/I the/D S&P/N 500/N or/I other/J _OOV_/N ,/, much/V less/V beat/V it/N ./.
And/P the/D fees/N investors/N pay/V for/D indexing/N run/V a/D few/V pennies/N for/I each/D $/N 100/N of/I assets/N --/N a/I fraction/N of/I the/D cost/N of/I active/N managers/N ./.
That/P 's/P because/V computers/N do/V most/V of/I the/D work/N ,/, and/J low/J trading/N activity/N keeps/V a/D lid/N on/I commission/N costs/N ./.
But/V today/N ,/, indexing/N is/I moving/V from/I a/D passive/N investment/N strategy/N to/T an/D increasingly/N active/V one/N ./.
Because/N _OOV_/N managers/N are/V no/V longer/V satisfied/V with/I merely/V being/V average/N ,/, they/P have/V developed/V ``/N enhanced/N ''/N indexing/N strategies/N that/V are/V intended/D to/T outperform/V the/D market/N as/I much/V as/D three/N percentage/N points/N ./.
``/N _OOV_/N has/I been/V the/D most/V single/V successful/V investment/N concept/N in/I the/D last/I decade/N ,/, but/V the/D index/N money/N has/I been/V just/V sort/N of/I sitting/N there/V ,/, ''/N says/V _OOV_/N M./N _OOV_/N ,/, president/N of/I _OOV_/N _OOV_/N Investors/N Inc./N ,/, an/D _OOV_/N based/I in/D _OOV_/N ,/, _OOV_/N ./.
``/N Now/N the/D interest/N is/V in/I what/N else/V can/V I/P do/V with/I that/D money/N ./, ''/N
Among/N the/I _OOV_/N indexing/N strategies/N :/N _OOV_/N portfolios/N can/V be/V built/V around/J thousands/N of/I stocks/N ,/, or/V just/V a/D few/V dozen/N ,/, rather/T than/V being/P restricted/V to/T the/D S&P/N 500/N companies/N ./.
They/P can/V ignore/V the/D S&P/N 500/N stocks/N altogether/N and/I focus/N on/I particular/D types/N of/I stocks/N ,/, such/V as/D smaller/V companies/N ,/, those/P paying/V high/J dividends/N or/I companies/N in/I a/D particular/D industry/N ,/, state/N or/I country/N ./.
With/N today/N 's/, _OOV_/N program/N trading/N techniques/N ,/, index/N funds/N can/V trade/N back/P and/V forth/N between/I stock-index/N futures/N and/I the/D actual/D stocks/N making/V up/V indexes/N such/V as/D the/D S&P/N 500/N ./.
Futures/N and/I options/N also/V make/V it/P possible/V to/T build/V ``/N synthetic/N ''/N index/N funds/N that/I do/V n't/V actually/V own/V a/D single/D share/N of/I stock/N ,/, but/V can/V produce/V returns/N that/I match/N or/I exceed/V the/D broad/J stock/N market/N ./.
One/P reason/N for/I these/V hybrids/N is/V that/D indexing/N 's/, rapid/J growth/N is/V slowing/N ,/, particularly/V for/D those/P ``/N plain/I vanilla/N ''/N funds/N that/I mirror/V the/I 500/N ./.
``/N There/V is/V n't/R a/D _OOV_/N -LCB-/N of/I big/J investors/N -RCB-/N out/I there/V still/V waiting/V to/T get/V into/V indexing/N ,/, ''/N says/V P./N James/N _OOV_/N ,/, vice/N president/N of/I _OOV_/N Investment/N Management/N Co./N ,/, Chicago/N ,/, which/D offers/N both/I indexing/N and/C active/J management/N services/N ./.
After/V tripling/N in/I size/N in/I the/D past/N five/N years/N ,/, index/N funds/N now/V hold/V about/V 20/N %/N of/I the/D stock/N owned/N by/I pension/N funds/N ./.
A/N further/I problem/N is/I _OOV_/N profits/N ./.
_OOV_/N funds/N have/V become/V so/R commonplace/J that/D fees/N they/P can/V charge/N have/V plunged/V to/T almost/D nothing/P ,/, and/N in/I some/V cases/N are/V just/V that/V ./.
To/N land/N customers/N for/I their/V _OOV_/N stock/N custodial/N business/N ,/, big/V banks/N sometimes/V will/R throw/N in/I basic/J indexing/N services/N for/I free/N ./.
``/N It/P 's/P like/V getting/V a/D free/J toaster/N when/V you/P open/V an/D account/N ,/, ''/N says/V _OOV_/N _OOV_/N 's/, Mr./N _OOV_/N ./.
As/P a/D result/D ,/, _OOV_/N have/V been/V looking/V for/D ways/N to/T give/V investors/N something/, more/V than/V the/D average/N for/I their/V money/N ./.
And/P many/V have/V been/V successful/V ,/, as/D in/I the/D case/N of/I the/D index/N fund/N operated/C by/D _OOV_/N _OOV_/N Capital/N ./.
_OOV_/N Capital/N has/I used/V enhanced/N indexing/N techniques/N to/T beat/V the/D S&P/N 500/N 's/, returns/N by/N 2.5/N to/T 3/N percentage/N points/N over/I the/D past/N four/N years/N ,/, with/V the/D same/D risk/N level/N as/I holding/V the/D S&P/N 500/N stocks/N ,/, according/V to/N James/N _OOV_/N ,/, the/D firm/N 's/, president/N ./.
_OOV_/N vary/I for/D _OOV_/N Capital/N ,/, which/N has/I $/N 300/N million/N under/I management/N ./.
The/D firm/N sometimes/V buys/V S&P/N 500/N futures/N when/V they/P are/V selling/N at/I a/D discount/N to/T the/D actual/D stocks/N ,/, and/J will/D switch/V back/P and/V forth/N between/I stocks/N and/I stock-index/N futures/N to/T take/V advantages/N of/I any/D momentary/V price/N _OOV_/N ./.
Mr./N _OOV_/N also/N goes/I through/V periods/N when/V he/P buys/V stocks/N in/I conjunction/N with/I options/N to/P boost/N returns/N and/I protect/V against/V declines/N ./.
And/P in/V some/V months/N ,/, he/P buys/V stock-index/N futures/N and/C not/D stocks/N at/I all/D ./.
``/N By/N their/V nature/N ,/, our/P trades/N are/V very/V short-term/N and/I are/V going/V to/T create/V high/J turnover/N ,/, ''/N Mr./N _OOV_/N adds/I ./.
``/N The/V more/V turnover/N ,/, the/D better/V for/I our/N clients/N ./, ''/N
Big/N _OOV_/N Bankers/N Trust/N Co./N also/I uses/N futures/N in/I a/D strategy/N that/I on/D average/N has/I added/V one/J percentage/N point/N to/T its/D enhanced/N fund/N 's/, returns/N ./.
J./N Thomas/N _OOV_/N ,/, president/N of/I _OOV_/N Advanced/N Investment/N Management/N Inc./N ,/, agrees/V it/P 's/P a/D good/V idea/N to/T jump/N between/I the/D S&P/N 500/N stocks/N and/I futures/N ./.
``/N You/N 're/V buying/V the/D S&P/N ,/, and/V you/P always/V want/V to/T hold/V the/D cheapest/N form/N of/I it/N ,/, ''/N he/P says/V ./.
But/V some/V _OOV_/N make/V little/V or/V no/V use/J of/D futures/N ,/, saying/V that/V these/V instruments/N present/I added/D risks/N for/I investors/N ./.
``/N If/N the/I futures/N markets/N have/V a/D problem/N ,/, then/P those/V products/N could/P have/V a/D problem/N ,/, ''/N says/V John/N _OOV_/N ,/, managing/N director/N of/I Prudential/N Insurance/N Co./N of/I America/N 's/, Investment/N Index/N Technologies/N Inc./N unit/N ./.
Prudential/N currently/N is/I seeking/V approval/N to/T offer/V a/D new/J fund/N offering/N a/D return/V equal/D to/T the/D S&P/N 500/N index/N plus/N of/I a/D percentage/N point/N ./.
An/N added/I feature/N is/V that/V the/D _OOV_/N improved/V return/V would/R be/V guaranteed/N by/I Prudential/N ./.
There/V are/V many/V other/J strategies/N to/T bolster/N the/D returns/N of/I index/N funds/N ./.
They/P include/V :/N
LIMITED/N RISK/N FUNDS/N :/P These/N guarantee/N protection/N against/V stock/N market/N declines/N while/V still/V passing/V along/J most/J gains/N ./.
Here/N a/I fund/N may/V promise/N to/T pay/V back/N ,/, say/V ,/, $/N 95/N of/I every/D $/N 100/N invested/V for/D a/D year/N ,/, even/V if/V the/D market/N goes/V much/V lower/V ./.
The/D fund/N could/I invest/V $/N 87/N for/I one/N year/N in/I Treasury/N bills/N yielding/V 8/N %/N to/T return/V the/D guaranteed/N $/N 95/N ./.
That/P leaves/V $/N 13/N ,/, which/V could/P be/R used/V to/T buy/V S&P/N 500/N options/N that/I will/V nearly/I match/N any/I gain/V in/I the/D S&P/N index/N ./.
_OOV_/N _OOV_/N FUNDS/N :/N Say/N a/I big/D investor/N is/V interested/V in/I growth/N stocks/N ./.
Instead/N of/I hiring/N one/N of/I the/D many/J active/J managers/N specializing/N in/I growth/N stocks/N ,/, _OOV_/N can/I design/N a/D portfolio/N around/I the/D same/D stocks/N ;/, the/D portfolio/N will/I be/V maintained/V by/D computer/N ,/, reducing/V both/D fees/N and/N ,/, in/I theory/N ,/, risk/N -LRB-/N because/V of/I the/D large/V number/N of/I stocks/N -RRB-/N ./.
``/N We/, see/V a/D lot/V of/I interest/N in/I those/D kind/N of/I things/N ,/, ''/N says/V Frank/N _OOV_/N ,/, a/D vice/N president/N of/I Bankers/N Trust/N ./.
``/N People/N comfortable/V with/V the/D passive/N approach/N are/V using/V them/P for/D other/I strategies/N ./, ''/N
_OOV_/N FUNDS/N :/N This/N is/V an/D index/N fund/N with/I a/D bet/N ./.
Instead/N of/I replicating/V the/I S&P/N 500/N or/I some/V other/J index/N exactly/N ,/, some/V stocks/N are/V _OOV_/N or/I _OOV_/N in/I the/D portfolio/N ./.
One/P simple/V approach/N is/V to/T exclude/V S&P/N 500/N companies/N considered/V bankruptcy/N candidates/N ;/, this/D can/V avoid/V weak/V sisters/N ,/, but/V also/V can/V hurt/V when/V a/D company/N like/V Chrysler/N Corp./N rebounds/N ./.
Another/D approach/N :/, An/N investor/N with/I $/N 100/N million/N might/V use/V $/N 75/N million/N to/T buy/V the/D S&P/N 500/N index/N and/I spend/V the/D other/J $/$ 25/C million/N on/I a/D favorite/N group/N of/I stocks/N ./.
_OOV_/N FUNDS/N :/N _OOV_/N can/V be/V constructed/V to/N serve/I social/N goals/N ,/, such/V as/D eliminating/V the/D stocks/N of/I companies/N doing/V business/N in/I South/N Africa/N ./.
Other/N funds/N have/V been/V designed/V to/T concentrate/V on/D stocks/N in/I a/D geographic/N area/N in/I order/N to/T encourage/V local/I investment/N ./.
Pennsylvania/N State/N Employees/N Retirement/N System/N ,/, for/I example/N ,/, has/V about/V $/N 130/C million/N invested/V in/I a/D fund/N of/I _OOV_/N companies/N that/V are/V either/V Pennsylvania-based/N or/I have/V 25/N %/N of/I their/V work/N forces/N in/I the/D state/N ./.
Short/N interest/N on/I the/D New/N York/N Stock/N Exchange/N declined/V for/D the/D second/J consecutive/N month/N ,/, this/V time/N 4.2/N %/N ,/, while/V the/D American/N Stock/N Exchange/N reported/V its/D third/I consecutive/N record/N month/N of/I short/D interest/N ./.
The/D Big/N Board/N reported/V that/V short/V interest/N dropped/V to/T _OOV_/N shares/N as/I of/I Oct./N 13/N from/I _OOV_/N shares/N in/I mid-September/N ./.
_OOV_/N short/I interest/N climbed/V 3/N %/N to/T _OOV_/N shares/N from/I _OOV_/N shares/N ./.
For/N the/I year-earlier/N month/N ,/, the/D Big/N Board/N reported/V _OOV_/N shares/N ,/, indicating/V a/D 13.5/N %/N _OOV_/N rise/N ,/, while/V the/D _OOV_/N reported/V _OOV_/N shares/N ,/, a/D 48/N %/N leap/N ./.
_OOV_/N short/I interest/N has/I been/V heading/V upward/N since/I mid-December/N ,/, with/D increases/N in/I each/N month/N since/I then/P except/D at/I _OOV_/N ./.
Traders/N who/P sell/V short/V borrow/N stock/N and/I sell/V it/N ,/, betting/N that/I the/D stock/N 's/, price/N will/I decline/N and/C that/D they/P can/V buy/V the/D shares/N back/P later/V at/I a/D lower/J price/N for/I return/V to/T the/D lender/N ./.
Short/N interest/N is/V the/D number/N of/I shares/N that/I have/V n't/V yet/V been/V purchased/V for/D return/V to/T lenders/N ./.
Although/V a/D substantial/N short/I position/N reflects/I heavy/V speculation/N that/I a/D stock/N 's/, price/N will/I decline/N ,/, some/V investors/N consider/V an/D increase/N in/I short/D interest/N bullish/N because/V the/D borrowed/V shares/N eventually/V must/V be/R bought/V back/P ./.
_OOV_/N in/I short/D interest/N of/I certain/D stocks/N also/V may/V be/P caused/V partly/N by/I _OOV_/N ./.
The/D figures/N occasionally/V include/J incomplete/D transactions/N in/I restricted/J stock/N ./.
The/D level/N of/I negative/N sentiment/N measured/I by/I the/D Big/N Board/N short/I interest/N ratio/N slipped/V to/T _OOV_/N from/I last/I month/N 's/, _OOV_/N ./.
The/D ratio/N is/V the/D number/N of/I trading/N days/N ,/, at/I the/D exchange/N 's/, average/N trading/N volume/N ,/, that/V would/R be/R required/V to/T convert/V the/D total/N short/I interest/N position/N ./.
Some/P analysts/N suggest/V ,/, however/V ,/, that/V the/D ratio/N has/I weakened/V in/I value/N as/I an/D indicator/N because/V options/N and/V other/J products/N can/V be/P used/V to/T hedge/N short/I positions/N ./.
_OOV_/N Corp./N led/V the/D Big/N Board/N list/N of/I largest/N short/I volumes/N with/I _OOV_/N shares/N ./.
_OOV_/N has/I proposed/V to/T acquire/V _OOV_/N Corp./N ,/, consisting/V of/D the/D auto/N parts/N division/N and/C some/D debt/N of/I _OOV_/N Corp./N ,/, for/I $/N _OOV_/N million/N of/I cash/N and/I securities/N ./.
Chemical/N Waste/N Management/N posted/N the/D biggest/J increase/N in/I short/D volume/N on/I the/D New/N York/N exchange/N ,/, up/V _OOV_/N shares/N to/T _OOV_/N ./.
Bristol-Myers/N Squibb/N Co./N ,/, the/D entity/N formed/N from/I the/D recent/J acquisition/N of/I Squibb/N Corp./N by/I Bristol-Myers/N Co./N ,/, logged/N the/D largest/N volume/N decline/N ,/, _OOV_/N shares/N ,/, to/T _OOV_/N ./.
Short/N interest/N in/I International/N Business/N Machines/N Corp./N plunged/V to/T _OOV_/N shares/N from/I _OOV_/N shares/N a/I month/N earlier/V ./.
Also/R closely/N watched/V is/D Exxon/N Corp./N ,/, where/V short/V interest/N slid/V to/T _OOV_/N shares/N from/I _OOV_/N ./.
On/P a/D percentage/N basis/N ,/, Germany/N Fund/N Inc./N led/V the/D gainers/N ,/, leaping/N to/T _OOV_/N shares/N from/I three/N shares/N ./.
_OOV_/N _OOV_/N Ltd./N led/V the/D percentage/N _OOV_/N ,/, dropping/V to/N 59/N shares/N from/I _OOV_/N ./.
The/D _OOV_/N short/I interest/N volume/N leader/N again/P was/V Texas/N Air/N Corp./N ,/, rising/V to/N _OOV_/N shares/N from/I _OOV_/N ./.
_OOV_/N Pharmaceutical/N Co./N posted/N the/D largest/N volume/N increase/N ,/, _OOV_/N shares/N ,/, to/T _OOV_/N ./.
The/D company/N is/V under/I an/D investigation/N concerning/I procedures/N to/T gain/V Food/N and/C Drug/N Administration/N approval/N of/I generic/N drugs/N ./.
_OOV_/N has/I denied/V any/D wrongdoing/N ./.
The/D largest/N volume/N drop/V --/N down/I _OOV_/N shares/N to/T _OOV_/N --/N came/V in/I shares/N represented/I by/N _OOV_/N Industries/N PLC/N 's/, American/N depositary/N receipts/N ./.
The/D company/N is/V facing/V a/D takeover/N proposal/N from/I the/D financier/N Sir/N James/N _OOV_/N ./.
First/N _OOV_/N Fund/N led/V the/D percentage/N increases/N ,/, rising/V to/N _OOV_/N shares/N from/I _OOV_/N ./.
Nelson/N Holdings/N International/N Ltd./N dropped/V the/D most/N on/I a/D percentage/N basis/N ,/, to/T 1,000/N shares/N from/I _OOV_/N ./.
The/D adjacent/V tables/N show/N the/D Big/N Board/N and/I _OOV_/N issues/N in/I which/D a/D short/D interest/N position/N of/I at/I least/N 100,000/N shares/N existed/V as/D of/I mid-October/N or/I in/I which/D there/V was/V a/D short/D position/N change/I of/I at/I least/N 50,000/N shares/N since/I mid-September/N ./.
Your/N Oct./N 12/N editorial/N ``/N _OOV_/N ,/, _OOV_/N _OOV_/N ?/, ''/N correctly/V states/N that/I I/P was/V critical/J of/D the/D Bush/N administration/N 's/, failure/N to/T have/V any/D plan/N in/I place/N to/T respond/V in/I a/D timely/N fashion/N to/T the/D opportunities/N to/T oust/N Manuel/N Noriega/N presented/I by/I the/D attempted/V military/N coup/N on/I Oct./N 3/N ./.
You/P are/V absolutely/V wrong/V ,/, however/V ,/, in/I _OOV_/N that/I this/V position/N is/V some/V kind/N of/I ``/N _OOV_/N ,/, ''/N something/. newly/N arrived/V at/I as/D a/D result/V of/I reading/N the/D opinion/N polls/N ./.
My/V position/N is/I one/N founded/N on/I both/D the/D facts/N and/I the/D law/N ./.
Although/V you/P may/V have/V forgotten/V ,/, public/N opinion/N about/I Gen./N Noriega/N is/V where/V it/P is/V in/I large/J measure/D because/V of/I my/P investigation/N of/I his/V years/N of/I involvement/N in/I narcotics/N smuggling/N -LRB-/N and/I simultaneous/V work/N as/I a/D U.S./N operative/N -RRB-/N ./.
The/D public/N made/V up/V its/P mind/N about/I Gen./N Noriega/N largely/N as/I a/D result/V of/I the/D hearings/N I/. chaired/N in/I the/D _OOV_/N on/I _OOV_/N and/C _OOV_/N of/I the/D Foreign/N Relations/N Committee/N on/I Feb./N 8/N ,/, 9/N ,/, 10/N and/I 11/N ,/, 1988/N ,/, and/V again/N on/I April/N 4/N ,/, 1988/N ./.
It/P was/V during/V those/P hearings/N that/I the/D nation/N first/I learned/V the/D breadth/N and/C depth/N of/I Gen./N Noriega/N 's/, criminality/N ,/, and/N of/I his/V enduring/N relationships/N with/I a/D variety/N of/I U.S./N government/N agencies/N ./.
Those/. hearings/V also/N highlighted/V how/D Gen./N Noriega/N was/V able/V to/T use/V his/V relationships/N with/I these/D agencies/N to/T delay/V U.S./N action/N against/V him/N ,/, and/V to/T exploit/V the/D administration/N 's/, obsession/N with/I overthrowing/N the/I _OOV_/N to/T protect/V his/V own/N _OOV_/N ./.
As/V former/V _OOV_/N to/T Costa/N _OOV_/N Francis/N J./N _OOV_/N testified/V before/V the/D subcommittee/N ,/, the/D Reagan/N administration/N knew/V that/D Gen./N Noriega/N was/V involved/V with/D narcotics/N ,/, but/V made/V a/D decision/N in/I the/D summer/N of/I 1986/N ``/N to/T put/V Gen./N Noriega/N on/I the/D shelf/N until/V _OOV_/N was/V settled/V ./P ''/N
As/P the/D report/N issued/N by/I the/I subcommittee/N concluded/N ,/, ``/N Our/N government/N did/V nothing/P regarding/I Gen./N Noriega/N 's/, drug/N business/N and/I substantial/V criminal/N involvement/N because/V the/D first/J priority/N was/V the/D _OOV_/N war/N ./.
This/T decision/N resulted/N in/I at/I least/N some/V drugs/N entering/I the/D United/N States/N as/I a/D hidden/V cost/N of/I the/D war/N ./, ''/N
Unfortunately/V ,/, this/V problem/N continued/V even/V after/I Gen./N Noriega/N 's/, indictment/N ./.
_OOV_/N 1988/N and/C this/D year/N ,/, I/P and/V others/N in/I Congress/N have/V pressed/V the/D U.S./N to/T develop/V a/D plan/N for/I pushing/V this/D ``/N _OOV_/N ''/N out/V of/I Panama/N ./.
_OOV_/N ,/, two/N administrations/N in/I a/D row/N have/V been/V unwilling/V and/J unable/V to/T develop/V any/D plan/N ,/, military/N or/I economic/N ,/, for/D supporting/V the/D Panamanian/N people/N in/I their/V attempts/N to/T restore/V democracy/N ./.
Sen./N John/N _OOV_/N -LRB-/N D./N ,/, _OOV_/N ./, -RRB-/N
For/N _OOV_/N ,/, these/V are/V tricky/N ,/, often/V treacherous/N ,/, times/N ./.
After/V years/N of/I hesitation/N ,/, economic/N and/I political/N reform/N was/V embraced/V at/I the/D end/N of/I 1986/N ,/, but/V ringing/V declarations/N have/V yet/V to/T be/V translated/V into/D much/V action/N ./.
Vietnam/N is/V finding/V that/V turning/V a/D stagnant/N socialist/N order/N into/I a/D dynamic/N free/I market/N does/V n't/V come/V easy/R ./.
Here/N is/V how/D three/N _OOV_/N are/V coping/N with/I change/D :/N
The/D Tire/N King/N
_OOV_/N Van/N _OOV_/N is/I living/N proof/N that/I old/V ways/N die/V hard/V ./.
Mr./N _OOV_/N used/V to/T be/V an/D oddity/N in/I _OOV_/N :/N a/D private/N entrepreneur/N ./.
His/V business/N success/N made/V him/P an/D official/N target/N in/I _OOV_/N days/N ./.
Mr./N _OOV_/N ,/, now/V 64/N years/N old/I ,/, invented/V a/D fountain/N pen/N he/P and/V his/V family/N produced/V from/D plastic/V waste/N ./.
Later/N ,/, he/P marketed/N glue/N ./.
Both/D products/N were/V immensely/N popular/V ./.
For/N his/V troubles/N ,/, Mr./N _OOV_/N was/V jailed/V three/N times/N between/I _OOV_/N and/I 1974/N ./.
Though/N his/P operation/N was/V registered/N and/I used/V only/D scrap/N ,/, he/P was/V accused/V of/I conducting/J illegal/N business/N and/I possessing/D illegal/N materials/N ./.
Once/P he/P was/V held/V for/D three/N months/N without/V being/N charged/V ./.
Things/N were/V supposed/V to/T change/V when/D Vietnam/N 's/P economic/N reforms/N gathered/V pace/N ,/, and/J for/D awhile/N they/P did/V ./.
After/V years/N of/I experimenting/N ,/, Mr./N _OOV_/N produced/V a/D heavy-duty/N bicycle/N tire/N that/I outlasted/V its/D _OOV_/N rival/N ./.
By/N 1982/N ,/, he/P was/V selling/N thousands/N of/I tires/N ./.
_OOV_/N published/V articles/N about/I him/P ,/, and/J he/P was/V hailed/V as/D ``/N the/D tire/N king/N ./, ''/N
His/V efforts/N earned/V a/D gold/N medal/N at/I a/D national/N exhibition/N --/N and/C attracted/J renewed/D attention/N from/I local/I authorities/N ./.
District/N police/N in/I 1983/N descended/N on/I his/V suburban/J home/N ,/, which/D he/P and/J his/V large/J family/N used/V as/D both/D residence/N and/C factory/N ,/, and/J demanded/V proof/N the/D house/N and/I equipment/N were/V his/V ./.
He/P produced/V it/N ./.
``/N That/V was/V the/D first/J time/N they/P lost/V and/J I/P won/V ,/, ''/N he/P says/V ./.
He/P was/V further/J questioned/V to/T determine/V if/V he/P was/V ``/N a/D real/D working/V man/N or/I an/D _OOV_/N ./, ''/N
_OOV_/N Mr./N _OOV_/N :/N ``/N When/N I/. showed/V it/P was/V from/I my/P own/N brain/N ,/, they/P lost/V for/D the/D second/N time/N ./, ''/N
But/R a/D few/V days/N later/V the/D police/N accused/V him/P of/I stealing/N electricity/N ,/, acquiring/N rubber/V without/V permission/N and/I buying/V stolen/V property/N ./.
_OOV_/N he/P was/V to/T be/R jailed/V again/N ,/, he/P fled/V to/T the/D countryside/N ./.
His/V family/N was/V given/D three/N hours/N to/T leave/V before/V the/D house/N and/C contents/N were/V confiscated/V ./.
With/N only/I the/D clothes/N they/P were/V wearing/N ,/, family/N members/N moved/V to/T a/D home/N owned/N by/I one/N of/I Mr./N _OOV_/N 's/, sons/N ./.
After/V six/N months/N on/I the/D run/N ,/, Mr./N _OOV_/N learned/V the/D order/N for/I his/P arrest/N had/V been/V canceled/V ./.
He/P rejoined/V his/V family/N in/I January/N 1984/N and/C began/J the/D long/D struggle/N for/I justice/N ,/, pressing/V everyone/N from/I _OOV_/N municipal/N officials/N to/T National/N _OOV_/N deputies/N for/I restoration/N of/I his/V rights/N ./.
He/P and/V his/V family/N kept/V afloat/N by/I repairing/V bicycles/N ,/, selling/N fruit/N and/I doing/V odd/D jobs/N ./.
Mr./N _OOV_/N achieved/V a/D breakthrough/N in/I 1987/N --/N and/I became/V a/D minor/N celebrity/N again/P --/P when/V his/V story/N was/V published/V in/I a/D weekly/N newspaper/N ./.
In/D 1988/N ,/, 18/N months/N after/V the/D sixth/N congress/N formally/N endorsed/V family-run/N private/N enterprise/N ,/, district/N authorities/N allowed/V Mr./N _OOV_/N to/T resume/V work/N ./.
By/N late/N last/I year/N he/P was/V invited/V back/P as/D ``/N the/D tire/N king/N ''/N to/T display/N his/V products/N at/I a/D national/N exhibition/N ./.
National/N leaders/N stopped/V by/I his/V stand/D to/T commend/N his/V achievements/N ./.
Mr./N _OOV_/N now/V produces/V 1,000/N bicycle/N and/I motorbike/N tires/N a/D month/N and/I 1,000/N tins/N of/I _OOV_/N glue/N in/I the/D son/N 's/, small/J house/N ./.
_OOV_/N people/N pack/N the/I house/N 's/P two/J rooms/N --/N the/I _OOV_/N ,/, four/N of/I their/V 10/N children/N with/I spouses/N ,/, and/J eight/J of/I 22/N grandchildren/N ./.
Most/, sleep/N on/I the/D floor/N ./.
Come/N daybreak/N ,/, eight/C family/N members/N and/I two/N other/J workers/N _OOV_/N a/D sheet/N of/I raw/N rubber/N that/I covers/I the/D floor/N of/I the/D house/N and/I spills/N out/I onto/V the/D street/N ./.
The/D primitive/N operations/N also/I burst/V out/V the/D back/T door/N into/I a/D small/J courtyard/N ,/, where/V an/D ancient/N press/N squeezes/N rubber/N solution/N into/I a/D flat/N strip/N and/C newly/N made/V tires/N are/J cooled/V in/I a/D bathtub/N filled/V with/D water/N ./.
Mr./N _OOV_/N talks/N _OOV_/N of/I expanding/J ,/, maybe/V even/V moving/D into/D the/D _OOV_/N field/N ./.
First/N ,/, however/V ,/, he/P has/V unfinished/V business/N ./.
When/P district/N authorities/N allowed/V him/P to/T resume/V manufacturing/N ,/, they/P released/V only/D one/N of/I his/P machines/N ./.
They/P did/V n't/R return/V the/D rubber/N stocks/N that/I represent/V his/V capital/N ./.
Nor/V did/V they/P return/V his/V house/N and/C contents/N ,/, which/D he/P values/N at/I about/V $/N _OOV_/N ./.
He/P wants/P to/T recover/V more/V than/V just/V his/V property/N ,/, though/V ./.
``/N I/, want/V my/P dignity/N back/P ,/, ''/N he/P says/V ./.
_OOV_/N _OOV_/N seemed/V an/D obvious/V choice/N when/V the/D _OOV_/N _OOV_/N Association/N was/V looking/V for/D a/D new/J editor/N to/T reform/N its/I weekly/N newspaper/N ,/, Van/N _OOV_/N ./.
After/V the/D sixth/N congress/N ,/, journalists/N seized/V the/D opportunity/N provided/I by/I the/D liberalization/N to/T probe/N previously/V taboo/N subjects/N ./.
Mr./N _OOV_/N ,/, 57/N years/N old/I ,/, had/V solid/V reformist/N credentials/N :/, He/P had/V lost/V his/V official/N position/N in/I the/D association/N in/I he/P early/V 1980s/N because/V he/P questioned/V the/D intrusion/N of/I politics/N into/I literature/N ./.
_OOV_/N editor/N in/I chief/N in/I July/N 1987/N ,/, Mr./N _OOV_/N rapidly/N turned/V the/D _OOV_/N Van/N _OOV_/N into/I Vietnam/N 's/, hottest/N paper/N ./.
_OOV_/N soared/N as/I the/D weekly/N went/V way/P beyond/D standard/N literary/N themes/N to/T cover/V _OOV_/N society/N and/I its/D ills/N ./.
_OOV_/N were/V electrified/V by/J the/D paper/N 's/, audacity/N and/C appalled/N by/I the/D dark/N side/N of/I life/N it/P uncovered/V ./.
One/P article/N recounted/V a/D decade-long/N struggle/N by/I a/D wounded/N soldier/N to/T prove/V ,/, officially/N ,/, he/P was/V alive/V ./.
Another/D described/V how/D _OOV_/N officials/N in/I _OOV_/N _OOV_/N province/N one/N night/N stormed/N through/I homes/N and/I confiscated/V rice/N from/I starving/N villagers/N ./.
The/D newspaper/N also/N ran/V a/D series/N of/I controversial/J short/I stories/N by/I _OOV_/N _OOV_/N _OOV_/N ,/, a/D former/V history/N teacher/N ,/, who/P stirred/V debate/N over/I his/V interpretation/N of/I _OOV_/N culture/N and/C took/V a/D thinly/N veiled/I swipe/N at/I writers/N who/P had/V blocked/V his/V entry/N into/I their/V official/N association/N ./.
Van/N _OOV_/N quickly/V made/V influential/V enemies/N ./.
``/N Those/, who/P manage/V ideology/N and/C a/D large/V number/N of/I writers/N reacted/V badly/V ''/N to/T the/D restyled/N paper/N ,/, says/V _OOV_/N _OOV_/N An/N ,/, a/D literary/N critic/N ./.
After/V months/N of/I internal/N _OOV_/N ,/, Mr./N _OOV_/N was/V fired/V last/I December/N ./.
His/V dismissal/V triggered/V a/D furor/N among/C intellectuals/N that/I continues/I today/N ./.
``/N Under/N Mr./N _OOV_/N ,/, Van/N _OOV_/N protected/I the/D people/N instead/N of/I the/D government/N ,/, ''/N says/V _OOV_/N _OOV_/N ,/, a/D poet/N who/P is/V the/D paper/N 's/, bureau/N chief/N for/I southern/N Vietnam/N ./.
``/N The/V paper/N reflected/I the/D truth/N ./.
For/N the/D leadership/N ,/, that/V was/V too/V painful/V to/T bear/N ./, ''/N
The/D `/N _OOV_/N '/.
_OOV_/N _OOV_/N _OOV_/N is/I Vietnam/N 's/, entrepreneur/N of/I the/D 1980s/N ./.
Her/D challenge/N is/V to/T keep/V her/P fledgling/N empire/N on/I top/N in/I the/D 1990s/N ./.
Mrs./N _OOV_/N did/V n't/R wait/V for/D the/D reforms/N to/T get/V her/P start/V ./.
She/P charged/V ahead/N of/I the/D government/N and/C the/D law/N to/T establish/V _OOV_/N City/N Food/N Co./N as/I the/D biggest/J rice/N dealer/N in/I the/D country/N ./.
Her/D success/N ,/, which/D included/V alleviating/N an/I urban/I food/N shortage/V in/I the/D early/J 1980s/N ,/, helped/V persuade/V _OOV_/N to/T take/V the/D reform/N path/N ./.
Her/N story/N is/V becoming/N part/N of/I local/D folklore/N ./.
A/N lifelong/N revolutionary/N with/I little/D education/N who/P fought/V both/D the/D French/N and/I the/D _OOV_/N _OOV_/N regime/N ,/, she/P switched/V effortlessly/N to/T commerce/N after/V the/D war/N ./.
Her/D instincts/N were/V capitalistic/N ,/, despite/V her/P background/N ./.
As/P she/P rode/V over/D regulations/N ,/, only/V her/P friendship/N with/I party/N leaders/N ,/, including/V _OOV_/N Van/N _OOV_/N ,/, then/P Ho/N Chi/N Minh/N City/N party/N secretary/N ,/, kept/V her/P out/V of/I jail/N ./.
Following/N Mr./N _OOV_/N 's/, appointment/N as/I _OOV_/N of/I the/D party/N at/I the/D sixth/N congress/N ,/, Mrs./N _OOV_/N has/I become/V the/D darling/N of/I ``/N doi/N moi/N ''/N ,/, the/D _OOV_/N version/N of/I perestroika/N ./.
The/P authorities/N have/V steered/V foreign/N reporters/N to/T her/P office/N to/T see/J an/D example/N of/I ``/N the/I new/J way/N of/I thinking/N ./, ''/N
Foreign/N publications/N have/V responded/V with/D articles/N declaring/I her/P Vietnam/N 's/, richest/N woman/N ./.
``/N Some/N people/N call/V me/P the/D communist/N billionaire/N ,/, ''/N she/P has/V told/V visitors/N ./.
Actually/V ,/, 67-year-old/N Mrs./N _OOV_/N is/V about/V as/D poor/V as/D almost/D everyone/P else/V in/I this/D impoverished/V land/N ./.
She/P has/V indeed/V turned/V _OOV_/N City/N Food/N into/I a/D budding/N conglomerate/N ,/, but/V the/D company/N itself/N remains/I state-owned/N ./.
She/P manages/V it/P with/V the/D title/N of/I _OOV_/N ./.
The/D heart/N of/I the/D business/N is/V the/D purchase/N of/I rice/N and/C other/J commodities/N ,/, such/V as/D corn/N and/I coffee/N ,/, from/I farmers/N in/I the/D south/N ,/, paying/V with/D fertilizer/N ,/, farm/N tools/N and/I other/V items/N ./.
Last/V year/N ,/, _OOV_/N City/N Food/N says/V it/P bought/V two/N million/N metric/N tons/N of/I _OOV_/N rice/N ,/, more/V than/V 10/N %/N of/I the/D country/N 's/, output/N ./.
The/D company/N operates/N a/D fleet/N of/I trucks/N and/I boats/N to/V transport/N the/D commodities/N to/T its/D warehouses/N ./.
A/N subsidiary/N company/N processes/N commodities/N into/I foods/N such/V as/D instant/N noodles/N that/I are/V sold/V with/D the/D rice/N through/I a/D vast/V retail/N network/N ./.
In/D recent/V years/N ,/, Mrs./N _OOV_/N has/I started/V to/T diversify/N the/D company/N ,/, taking/V a/D 20/N %/N stake/N in/I newly/N established/N ,/, partly/V private/V Industrial/N and/I Commercial/N Bank/N ,/, and/J setting/D up/P _OOV_/N _OOV_/N ,/, which/D owns/V and/J operates/J Vietnam/N 's/, first/D oil/N refinery/N ./.
Mrs./N _OOV_/N says/V _OOV_/N City/N Food/N last/I year/N increased/V pretax/N profit/N 60/N %/N to/T the/D equivalent/N of/I about/V $/N 2.7/N million/N on/I sales/N of/I $/N 150/N million/N ./.
She/P expects/V both/D revenue/N and/I profit/N to/T gain/V this/D year/N ./.
She/P is/V almost/D cavalier/N about/I the/D possibility/N Vietnam/N 's/P reforms/N will/I create/V rivals/N on/I her/P home/N turf/N ./.
``/N I/, do/V n't/V mind/N the/D competition/N inside/V the/D country/N ,/, ''/N she/P says/V ./.
``/N I/, am/V only/D afraid/V that/D with/D Vietnam/N 's/, _OOV_/N products/N we/P ca/V n't/V compete/V with/V neighboring/V countries/N ./.
The/D earthquake/N that/I hit/V the/D San/N Francisco/N Bay/N area/N is/V n't/V likely/V to/T result/V in/I wholesale/N downgrading/N of/I bond/N ratings/N ,/, officials/N at/I the/D two/J major/C rating/N agencies/N said/V ./.
Standard/N &/N Poor/N 's/, Corp./N is/V reviewing/V debt/N issued/I by/N 12/N California/N counties/N ,/, and/J ``/N there/V are/V potential/N isolated/V problems/N ,/, ''/N said/V _OOV_/N _OOV_/N ,/, a/D managing/N director/N ./.
The/D agency/N is/V preparing/V a/D report/N ,/, to/T be/P issued/I today/N ,/, on/I the/D earthquake/N 's/, impact/N on/I the/D and/J _OOV_/N industry/N ./.
The/T only/D securities/N so/V far/V to/T be/R singled/V out/V are/V those/P issued/I by/J Bay/N View/N Federal/N Savings/N &/N Loan/N ./.
Moody/N 's/, Investors/N Service/N Inc./N said/V it/P is/V reviewing/J ,/, with/V an/D eye/N toward/I a/D possible/V _OOV_/N ,/, the/D ratings/N on/I Bay/N View/N Federal/N bonds/N ,/, long-term/N deposits/N and/I the/D _OOV_/N rating/N of/I its/D parent/N company/N ,/, Bay/N View/N Capital/N Corp/N ./.
As/P for/D property/N and/I casualty/N insurers/N ,/, Moody/N 's/, said/V ``/N preliminary/V estimates/N suggest/V that/D losses/N should/, not/V have/V a/D significant/J impact/N on/I most/V insurers/N '/. financial/N condition/N ,/, ''/N but/V it/P ``/N raises/I concerns/N about/V potentially/N substantial/I risks/N ''/N longer-term/N ./.
``/N _OOV_/N from/I the/D earthquake/N are/V expected/V to/T be/P of/I similar/D magnitude/N to/T those/P of/I Hurricane/N Hugo/N ,/, ''/N according/I to/T Moody/N 's/P ./.
Your/N Oct./N 5/N editorial/N ``/N A/N Democratic/N Tax/N _OOV_/N ''/N contained/V an/D error/N ./.
In/D the/D third/D paragraph/N it/P referred/V to/T the/D senators/N seeking/V loophole/N suggestions/N from/I lobbyists/N for/I various/J sectors/N of/I the/D economy/N ./.
Among/N them/P ,/, ``/N banana/N farmers/N ./, ''/N
The/D only/V significant/V commercial/N banana/N farmers/N in/I the/D U.S./N are/V in/I Hawaii/N ./.
The/D Hawaii/N _OOV_/N Industry/N Association/N ,/, to/T which/D nearly/V all/V of/I them/P belong/V ,/, has/V no/V lobbyist/N ./.
Thomas/N _OOV_/N Reese/N _OOV_/N ./.
_OOV_/N _OOV_/N Co/N ./.
Western/N Digital/N Corp./N reported/V a/D net/N loss/N of/I $/N 2.7/N million/N ,/, or/V nine/N cents/N a/I share/N ,/, for/D its/D first/I quarter/N ended/I Sept./N 30/N ,/, citing/V factors/N as/I varied/J as/D hurricane/N damage/N ,/, an/D advance/D in/I graphics/N technology/N and/I the/D strengthening/J dollar/N ./.
In/D the/D year-ago/N period/N ,/, the/D company/N earned/V $/N 12.9/N million/N ,/, or/V 45/N cents/N a/I share/N ,/, on/D sales/N of/I $/N 247/N million/N ./.
Sales/N for/I the/D _OOV_/N period/N fell/V to/T about/V $/N 225/N million/N ,/, the/D maker/N of/I computer/N parts/N said/V ./.
_OOV_/N ,/, Chairman/N _OOV_/N W./N Johnson/N said/V he/P expects/V the/D company/N to/T be/R profitable/V in/V the/D current/J quarter/N ./.
``/N We/, are/V positioned/V to/T come/V through/I ,/, ''/N he/P said/V ,/, noting/V that/V the/D company/N 's/, backlog/N was/V up/R from/I the/D previous/D quarter/N ./.
In/D its/N second/I quarter/N last/I year/N ,/, Western/N Digital/N earned/V $/N _OOV_/N million/N ,/, or/V 44/N cents/N a/I share/N ,/, on/D sales/N of/I $/N _OOV_/N million/N ./.
Mr./N Johnson/N said/V Western/N Digital/N 's/, plant/N in/I Puerto/N Rico/N was/V affected/V by/I Hurricane/N Hugo/N ,/, losing/V three/N days/N '/N production/N because/V of/I the/D storm/N ,/, which/D wrecked/V much/V of/I the/D Caribbean/N island/N 's/, infrastructure/N ./.
Although/V the/D plant/N itself/V was/V n't/R damaged/V ,/, Mr./N Johnson/N said/V millions/N of/I dollars/N in/I first-quarter/N revenue/N were/V lost/V ./.
The/D revenue/N will/I be/V regained/V in/I the/D current/J period/N ,/, he/P added/V ./.
There/V are/V no/V plans/N to/T initiate/V a/D common/J stock/N dividend/N ,/, Mr./N Johnson/N said/V ,/, explaining/V that/V the/D board/N continues/I to/T believe/V shareholders/N are/V best/N served/V by/N _OOV_/N excess/N cash/N ./.
Mr./N Johnson/N said/V the/D first-quarter/N loss/N also/I heavily/N reflected/I a/D rapid/N change/I in/I graphics/N technology/N that/I left/V reseller/N channels/N with/I too/V many/V of/I the/D old/D computer/N graphics/N boards/N and/I too/V few/V new/J monitors/N compatible/N with/I the/D new/J graphics/N boards/N ./.
Western/N Digital/N does/V n't/V make/V the/D monitors/N ./.
An/J accelerating/N move/V by/I personal/N computer/N manufacturers/N '/, to/V include/V advanced/J graphics/N capabilities/N as/I standard/N equipment/N further/I dampened/V reseller/N purchases/N of/I Western/N Digital/N 's/, equipment/N ./.
``/N The/N other/I areas/N of/I the/D business/N --/N storage/N and/I microcomputers/N --/N were/V very/V good/V ,/, ''/N Mr./N Johnson/N said/V ./.
He/P said/V Western/N Digital/N has/I reacted/V swiftly/V to/T the/D movement/N to/T video/N graphics/N array/N ,/, _OOV_/N ,/, graphics/N technology/N from/I the/D old/D enhanced/N graphics/N adapter/N ,/, _OOV_/N ,/, which/V has/V a/D lower/J resolution/N standard/N ,/, technology/N and/I now/V is/V one/N of/I the/D leading/J producers/N of/I these/J newer/V units/N ./.
Other/N makers/N of/I video/N controller/N equipment/N also/V were/V caught/V in/I the/D _OOV_/N shift/N ,/, he/P said/V ,/, ``/N but/V we/P were/V able/V to/T respond/V much/V more/V quickly/V ./, ''/N
Still/N ,/, Mr./N Johnson/N said/V ,/, ``/N our/N stock/N is/V grossly/N undervalued/N ./, ''/N
He/P said/V the/D company/N has/I cut/V operating/N expenses/N by/I about/V 10/N %/N over/I the/D last/V few/V quarters/N ,/, while/V maintaining/N research/N and/I development/N at/I about/V 8/N %/N to/T 9/N %/N of/I sales/N ./.
As/V part/N of/I its/D reorganization/N this/I week/N ,/, Western/N Digital/N has/I divided/V its/D business/N into/I two/J segments/N --/N storage/N products/N ,/, including/V controllers/N and/I disk/N drives/N ;/, and/I microcomputer/N products/N ,/, which/D include/V graphics/N ,/, communications/N and/I peripheral/N control/N chips/N ./.
Graphics/N ,/, communications/N and/I peripheral/N control/N chips/N were/V combined/V because/V ,/, increasingly/N ,/, multiple/V functions/N are/V being/N governed/I by/I a/D single/D chip/N ./.
_OOV_/N ,/, which/D includes/V computer/N controllers/N and/I _OOV_/N disk/N drives/N ,/, represents/V nearly/J two-thirds/N of/I the/D company/N 's/, business/N ./.
_OOV_/N drives/N ,/, which/D allow/V a/D computer/N to/T access/N its/I memory/N ,/, generated/V 38/N %/N more/V revenue/N in/I the/D most/N recent/I period/N compared/V with/D the/D fiscal/N first/I quarter/N a/I year/N earlier/V ./.
Computer/N parts/N are/V getting/V ever/N smaller/V ,/, Mr./N Johnson/N said/V ,/, a/D shrinking/N that/I has/D propelled/V laptops/N into/I position/N as/I the/D _OOV_/N segment/N of/I the/D computer/N business/N ./.
As/V smaller/V and/J more/V powerful/V computers/N continue/V to/T be/R the/D focus/N of/I the/D industry/N ,/, he/P said/V ,/, Western/N Digital/N is/V strengthening/V development/N of/I laptop/N parts/N ./.
Next/N year/N Western/N Digital/N plans/N to/T consolidate/V its/D operations/N from/I 11/N buildings/N in/I _OOV_/N into/I two/N buildings/N in/I the/D same/D _OOV_/N new/I headquarters/N and/N ,/, a/D block/N away/N ,/, a/D modern/I $/N 100/N million/N silicon/N wafer/N fabrication/V plant/N ./.
The/D plan/N will/I help/V the/D company/N in/I its/D existing/N joint/N manufacturing/N agreement/N with/I AT&T/N ./.
About/N half/N of/I Western/N Digital/N 's/, business/N is/V overseas/N ,/, and/V Mr./N Johnson/N expects/I that/D proportion/N to/T continue/V ./.
_OOV_/N to/T dissolve/V many/V of/I the/D trade/N barriers/N within/I Europe/N in/I 1992/N creates/I significant/J opportunities/N for/I the/D company/N ,/, he/P said/V ,/, particularly/V since/D Western/N Digital/N already/V manufactures/N there/V ./.
Capitalizing/N on/I that/D presence/N ,/, Western/N Digital/N is/I launching/N a/D major/J effort/N to/T develop/V the/D embryonic/N reseller/N market/N in/I Europe/N ./.
_OOV_/N of/I state-owned/N Banca/N _OOV_/N del/N _OOV_/N approved/V a/D _OOV_/N _OOV_/N transaction/N and/I a/D change/D in/I the/D bank/N 's/, rules/N that/I will/V help/V it/P operate/V more/V like/V a/D private-sector/N institution/N ./.
Until/N now/N ,/, _OOV_/N 's/, top/D managers/N and/I its/D directors/N have/V been/V appointed/V by/I a/D Treasury/N decree/N ./.
But/V under/V the/D bank/N 's/, proposed/V statutes/N ,/, an/D assembly/N of/I shareholders/N must/V approve/V board/N members/N ./.
The/D bank/N 's/, chairman/N and/I director/N general/N ,/, who/P also/V sit/V on/I the/D board/N ,/, still/V would/R be/R appointed/N by/I the/D Treasury/N ./.
_OOV_/N ,/, which/V is/V controlled/V by/I the/D Italian/N Treasury/N ,/, was/V rocked/N by/I the/D disclosure/N last/I month/N that/I its/D Atlanta/N branch/N extended/I more/V than/V $/N 3/N billion/N in/I unauthorized/N credits/N to/T _OOV_/N ./.
The/D ensuing/V scandal/N ,/, in/I which/D the/D bank/N 's/, management/N resigned/N ,/, has/V helped/V renew/I calls/V for/D privatization/N ,/, or/V at/I least/N an/D overhaul/N ,/, of/I Italy/N 's/, banking/N system/N ,/, which/V is/V about/V 80/N %/N _OOV_/N ./.
In/D a/D related/J move/J ,/, the/D bank/N also/N proposed/V that/D board/N representation/N be/V linked/V more/V closely/N to/T the/D bank/N 's/, new/J shareholding/N structure/N ./.
_OOV_/N called/I a/D shareholders/N '/, assembly/N meeting/N in/I December/N to/T vote/N on/I the/D proposals/N ./.
_OOV_/N has/I about/V 75,000/N _OOV_/N shares/N that/I are/V listed/J on/I the/D Milan/N Stock/N Exchange/N ./.
The/D shares/N were/V suspended/V from/D trading/N following/I disclosure/N of/I the/D Atlanta/N scandal/N ;/, _OOV_/N ,/, the/D stock/N exchange/N regulatory/N body/N ,/, reportedly/V will/R decide/V soon/P whether/V to/T end/V the/D trading/N suspension/N ./.
Switzerland/N 's/, wholesale/N price/N index/N increased/J 0.3/N %/N in/I September/N from/I August/N ,/, and/J was/V up/V 3.9/N %/N from/I a/D year/N ago/N ,/, marking/N the/D first/J time/N this/I year/N that/I the/D index/N has/I fallen/V below/N 4/N %/N on/I a/D _OOV_/N basis/N ,/, the/D government/N reported/N ./.
The/D government/N attributed/V the/D 0.3/N %/N _OOV_/N rise/N in/I the/D index/N largely/N to/T higher/V energy/N prices/N ./.
In/D August/N ,/, the/D index/N was/V up/V 0.2/N %/N from/I the/D previous/D month/N ,/, and/J was/V up/V 4.5/N %/N on/I a/D _OOV_/N basis/N ./.
The/D wholesale/N price/N index/N ,/, based/I on/D 1963/N as/I 100/N ,/, was/V _OOV_/N in/I September/N ./.
American/N Express/N Co./N posted/N a/D 21/N %/N increase/N in/I third/D quarter/N net/N income/N despite/I a/D sharp/N rise/N in/I reserves/N for/I Third/N World/N loans/N at/I its/D banking/N unit/N ./.
Aided/N by/I a/D sharp/N gain/V in/I its/D travel/N business/N ,/, American/N Express/N said/V net/N rose/N to/N $/N _OOV_/N million/N ,/, or/V 77/N cents/N a/I share/N ,/, from/I $/N _OOV_/N million/N ,/, or/V 64/N cents/N a/I share/N ./.
The/D year-earlier/N figures/N included/V $/N _OOV_/N million/N ,/, or/V three/N cents/N a/I share/N ,/, in/I income/N from/I discontinued/V operations/N ./.
Income/N from/I continuing/I operations/N was/V up/V 26/N %/N ./.
Revenue/N rose/V 24/N %/N to/I $/N 6.5/N billion/N from/I $/N _OOV_/N billion/N ./.
The/D travel/N ,/, investment/N services/N ,/, insurance/N and/I banking/N concern/N added/I $/N 110/N million/N to/T reserves/N for/I credit/N losses/N at/I its/D American/N Express/N Bank/N unit/N ,/, boosting/V the/D reserve/N to/I $/N _OOV_/N million/N as/I of/I Sept./N 30/N ./.
The/D bank/N 's/, Third/N World/N debt/N portfolio/N totals/N $/N _OOV_/N million/N ,/, down/V from/I $/N 2.2/N billion/N at/I the/D end/N of/I 1986/N ./.
The/D bank/N charged/V off/V $/N 53/N million/N in/I loans/N during/I the/D quarter/N ./.
At/D the/D American/N Express/N Travel/N Related/N Services/N Co./N unit/N ,/, net/N rose/N 17/N %/N to/T a/D record/N $/N _OOV_/N million/N on/I a/D 19/N %/N revenue/N increase/N ./.
The/D figures/N exclude/V businesses/N now/V organized/V as/D American/N Express/N Information/N Services/N Co/N ./.
American/N Express/N card/N charge/N volume/N rose/N 12/N %/N ./.
Travel/N sales/N rose/V 11/N %/N ,/, led/V by/I gains/N in/I the/D U.S/N ./.
At/D _OOV_/N Financial/N Services/N ,/, the/D financial/N planning/N and/I mutual/N fund/N unit/N ,/, net/N rose/N 19/N %/N to/T a/D record/N $/N _OOV_/N million/N on/I a/D 33/N %/N revenue/N gain/V ./.
_OOV_/N owned/N or/I managed/V rose/V 20/N %/N to/I $/N 45/N billion/N ,/, and/V mutual/N fund/N sales/N rose/V 45/N %/N in/I the/D quarter/N to/I $/N _OOV_/N million/N ./.
American/N Express/N Bank/N earnings/N fell/V 50/N %/N to/I $/N _OOV_/N million/N from/I $/N _OOV_/N million/N despite/I a/D 29/N %/N revenue/N gain/V ./.
The/D results/N include/N $/N 106/N million/N of/I tax/N benefits/N associated/V with/J previous/D years/N '/N Third/N World/N loan/N activity/N ,/, compared/V with/D $/N 15/N million/N a/I year/N earlier/V ./.
Profit/N rose/V 38/N %/N at/I American/N Express/N Information/N Services/N to/I $/N _OOV_/N million/N ./.
Shearson/N Lehman/N Hutton/N Holdings/N Inc./N ,/, as/D previously/V reported/V ,/, had/V net/N of/I $/N _OOV_/N million/N ,/, reversing/V a/I $/N 3.5/N million/N loss/N a/I year/N earlier/V ;/V its/D latest/V results/N include/C a/D $/N 37/N million/N gain/V from/I the/D sale/N of/I an/D institutional/N money/N management/N business/N ./.
American/N Express/N 's/, share/N of/I Shearson/N 's/, earnings/N was/V $/N 41/N million/N ,/, after/V preferred/D stock/N dividends/N ;/, it/P owns/V about/J 68/N %/N of/I Shearson/N 's/, common/J ./.
For/N the/D nine/N months/N ,/, American/N Express/N said/V net/N rose/N 11/N %/N to/I $/N _OOV_/N million/N ,/, or/V $/N _OOV_/N a/D share/N ,/, from/I $/N _OOV_/N million/N ,/, or/V $/N _OOV_/N a/D share/N ./.
Revenue/N rose/V 24/N %/N to/I $/N _OOV_/N billion/N from/I $/N _OOV_/N billion/N ./.
_OOV_/N Inc./N ,/, hampered/N by/I a/D slowdown/N in/I its/D defense/N sales/N ,/, reported/V an/D 8/N %/N decline/N in/I per-share/N earnings/N on/I nearly/V flat/N revenue/N for/I its/D third/I quarter/N ./.
The/D aerospace/N and/I financial/N services/N concern/N said/V net/N income/N fell/V 5/N %/N to/I $/N _OOV_/N million/N from/I $/N 62.8/N million/N ./.
Revenue/N of/I $/N _OOV_/N billion/N was/V almost/V unchanged/D from/I last/V year/N 's/, $/N _OOV_/N billion/N ./.
Per-share/N net/N of/I 66/N cents/N ,/, down/V from/I 72/N cents/N ,/, fell/V by/I more/V than/V overall/V net/N because/V of/I more/V shares/N outstanding/N ./.
The/D company/N said/V that/D improved/V results/N in/I its/D financial-services/N sector/N were/V negated/N by/I increased/V costs/N in/I its/D government/N contract/N business/N ,/, lower/V operating/N earnings/N in/I its/D _OOV_/N sector/N and/C soft/J automotive/N markets/N ./.
Net/N was/V aided/V by/I a/D lower/J income/N tax/N rate/N ./.
Profit/N before/V taxes/N fell/V 17/N %/N to/I $/N _OOV_/N million/N from/I $/N _OOV_/N million/N ./.
For/N the/D nine/N months/N ,/, _OOV_/N reported/V net/N of/I $/N _OOV_/N million/N ,/, or/V $/N 2.06/N a/D share/N ,/, on/D revenue/N of/I $/N _OOV_/N billion/N ./.
A/N year/N ago/N ,/, net/N was/V $/N _OOV_/N million/N ,/, or/V $/N _OOV_/N a/D share/N ,/, on/D revenue/N of/I $/N 5.3/N billion/N ./.
The/D _OOV_/N results/N included/V a/D $/N 9.5/C million/N special/I charge/N in/I 1989/N for/I an/D arbitration/N settlement/N related/V to/T past/V export/N sales/N ,/, and/V $/N _OOV_/N million/N in/I extraordinary/D charges/N in/I 1988/N related/V to/T a/D former/V line/N of/I business/N and/N early/I redemption/N of/I debt/N ./.
_OOV_/N said/V that/D _OOV_/N '/N results/N do/V n't/V include/V earnings/N of/I _OOV_/N PLC/N ,/, a/D British/N maker/N of/I industrial/N _OOV_/N ,/, but/V do/V include/J interest/N costs/N of/I $/N _OOV_/N million/N on/I borrowings/N related/V to/T the/D proposed/J purchase/N of/I _OOV_/N ./.
A/N federal/N judge/N has/I issued/V a/D preliminary/N injunction/N against/V the/D purchase/N because/V of/D Federal/N Trade/N Commission/N concerns/N that/I the/D transaction/N would/P reduce/V competition/N in/I the/D production/N of/I two/J kinds/N of/I rivets/N ./.
For/N the/I quarter/N ,/, _OOV_/N said/V aerospace/N revenue/N ,/, including/V _OOV_/N helicopter/N and/C _OOV_/N manufacture/N ,/, declined/V _OOV_/N %/N to/I $/N _OOV_/N million/N from/I $/N _OOV_/N million/N ,/, an/D indication/N of/I slowing/N government/N defense/N work/N ./.
As/P the/D _OOV_/N brothers/N '/, personal/V bankruptcy/N cases/N _OOV_/N into/I their/V second/D year/N ,/, _OOV_/N S.A./N has/I proposed/V a/D deal/N to/T settle/V its/D huge/V claim/V against/V the/D troubled/J Texas/N oil/N men/N ./.
But/V the/D plan/N only/I threatens/V to/P heighten/N the/D tension/N and/C confusion/N already/V surrounding/V the/D cases/N that/I were/V filed/J in/I September/N 1988/N ./.
The/D _OOV_/N mineral/N concern/N 's/, $/N _OOV_/N million/N claim/V stems/V from/D 1988/N jury/N award/N in/I a/D case/N stemming/N from/I the/D brothers/N '/N alleged/V attempts/N to/T corner/N the/D _OOV_/N silver/N market/N ./.
_OOV_/N now/V says/V it/P is/V willing/V to/T settle/V for/D up/V to/T $/N _OOV_/N million/N from/I each/D brother/N ,/, although/V the/D actual/D amount/N would/P probably/V be/V much/V less/V ./.
Although/V the/D proposal/N must/V be/P approved/V by/D federal/N Judge/N Harold/N C./N _OOV_/N ,/, W./N Herbert/N _OOV_/N has/I agreed/V to/T the/D _OOV_/N mineral/N concern/N 's/, proposal/N ./.
Nelson/N _OOV_/N _OOV_/N is/V considering/D it/N ,/, although/V his/V attorney/N says/V he/P wo/V n't/V do/V it/P if/V the/D proposal/N _OOV_/N a/D tentative/V settlement/N he/, has/V reached/V with/D the/D Internal/N Revenue/N Service/N ,/, which/D claims/N the/D brothers/N owe/V $/N 1/N billion/N in/I back/P taxes/N and/C is/D by/V far/V the/D biggest/J creditor/N in/I both/D cases/N ./.
The/D tentative/V agreement/N between/I the/D _OOV_/N and/C Nelson/N _OOV_/N _OOV_/N is/I awaiting/V U.S./N Justice/N Department/N approval/N ./.
Under/N it/N ,/, the/D former/J billionaire/N 's/, assets/N would/P be/V liquidated/N with/I the/D _OOV_/N getting/V 80/N %/N of/I the/D proceeds/N and/I the/D rest/D being/N divided/I among/J other/J creditors/N ,/, including/V _OOV_/N and/I Manufacturers/N _OOV_/N Trust/N Co./N ,/, which/V is/V seeking/V repayment/N of/I a/D $/N 36/N million/N loan/N ./.
A/N _OOV_/N proposal/N has/I been/V made/V in/I the/D W./N Herbert/N _OOV_/N case/N although/I he/P and/V the/D _OOV_/N are/V at/I odds/N over/I the/D size/N of/I the/D _OOV_/N debt/N he/P would/R have/V to/T pay/V to/T the/D government/N from/I future/D earnings/N ./.
In/D both/V cases/N ,/, _OOV_/N and/I Manufacturers/N _OOV_/N have/V been/V fighting/V ferociously/N over/I their/V shares/N of/I the/D pie/N ./.
With/N support/N from/I the/D _OOV_/N ,/, Manufacturers/N _OOV_/N has/I filed/V suit/N asking/V Judge/N _OOV_/N to/T subordinate/D _OOV_/N 's/, claim/V to/T those/P of/I _OOV_/N _OOV_/N and/I the/D _OOV_/N ./.
_OOV_/N has/I threatened/V a/D ``/N volcano/N ''/N of/I litigation/N if/V the/D Manufacturers/N _OOV_/N Corp./N unit/N attempts/N to/T force/N such/V a/D plan/N through/I the/D court/N ./.
_OOV_/N said/V it/P would/P n't/R pursue/V such/J litigation/V if/V its/D settlement/N plan/N in/I the/D W./N Herbert/N _OOV_/N case/N is/V approved/J by/I Judge/N _OOV_/N ,/, who/P will/R consider/V the/D proposal/N at/I a/D hearing/V next/V week/N ./.
_OOV_/N attorney/N Thomas/N _OOV_/N _OOV_/N the/I plan/N as/I one/N step/N toward/I an/D overall/N settlement/N of/I the/D W./N Herbert/N _OOV_/N case/N but/I Hugh/N Ray/N ,/, attorney/N for/I Manufacturers/N _OOV_/N ,/, called/V it/N ``/N silly/V ''/N and/C said/V he/P would/R fight/V it/P in/I court/N ./.
``/N The/P thing/N is/V so/D fluid/N right/N now/N that/I there/V 's/P really/V no/V way/P to/T say/V what/P will/V happen/V ,/, ''/N says/V Justice/N Department/N attorney/N _OOV_/N _OOV_/N III/N ,/, who/P represents/V the/D _OOV_/N in/I the/D case/N ./.
``/N Developments/N like/V this/D are/V hard/V to/T predict/V ./.
Banc/N One/P Corp./N said/V it/P agreed/V in/I principle/N to/T buy/V five/N branch/N offices/N from/I _OOV_/N Inc./N ,/, Toledo/N ,/, Ohio/N ,/, following/V the/D planned/D merger/N of/I _OOV_/N into/I Society/N Corp./N ,/, Cleveland/N ./.
The/D five/N offices/N in/I Erie/N and/I _OOV_/N counties/N in/I northern/N Ohio/N have/V total/J assets/N of/I about/V $/N 88/N million/N ,/, Banc/N One/P said/V ./.
The/D purchase/N price/N will/V be/P established/J after/D Banc/N One/, has/V an/D opportunity/N to/P study/V the/D quality/N of/I the/D assets/N ,/, Banc/N One/P said/V ./.
Society/N Corp./N already/P has/D branches/N in/I the/D area/N ,/, and/J selling/N the/I _OOV_/N offices/N could/R avoid/V a/D problem/N with/I regulators/N over/I excessive/V concentration/N of/I banking/N in/I the/D two/J counties/N after/V the/D merger/N of/I _OOV_/N into/I Society/N ,/, according/V to/N industry/N sources/N ./.
The/D merger/N is/I scheduled/V to/T take/V place/N in/I the/D 1990/N first/I quarter/N ./.
_OOV_/N fears/N and/I relatively/V more/V attractive/V interest/N rates/N pushed/V _OOV_/N mutual/N fund/N assets/N up/V $/N _OOV_/N billion/N in/I the/D latest/V week/N ,/, the/D sharpest/N increase/N in/I almost/D two/N years/N ./.
The/D _OOV_/N funds/N tracked/N by/I the/D Investment/N Company/N Institute/N ,/, a/D _OOV_/N trade/N group/N ,/, rose/V to/N $/N _OOV_/N billion/N ,/, a/D record/N ./.
The/D $/N _OOV_/N billion/N increase/N was/V the/D strongest/J weekly/N inflow/N since/I January/N 1988/N ./.
The/D increase/N was/V spread/V fairly/V evenly/V among/V all/D three/N types/N of/I funds/N ./.
Individual/N investors/N ,/, represented/I in/D the/D _OOV_/N and/I broker-dealer/N fund/N categories/N ,/, pulled/V money/N from/I the/D stock/N market/N after/V its/D big/V drop/V last/V Friday/N and/C put/V the/D money/N into/I funds/N ,/, said/V _OOV_/N _OOV_/N ,/, vice/N president/N and/C chief/N economist/N of/I the/D Institute/N ./.
``/N _OOV_/N investors/N ,/, on/I the/D other/J hand/N ,/, reacted/V to/T the/D steep/N decline/N in/I yields/N on/I direct/D _OOV_/N instruments/N following/I the/D _OOV_/N decline/N last/I Friday/N ,/, ''/N Mr./N _OOV_/N said/V ./.
Yields/N on/I money/N funds/N dropped/V in/I the/D week/N ended/I Tuesday/N ,/, according/V to/N _OOV_/N 's/P Money/N Fund/N Report/N ,/, a/D _OOV_/N ,/, Mass./N ,/, newsletter/N ./.
The/D average/N _OOV_/N compounded/V yield/V fell/V to/T _OOV_/N %/N from/I 8.60/N %/N the/I week/N earlier/V ,/, _OOV_/N 's/, said/V ./.
At/D the/D auction/N of/I six-month/N U.S./N Treasury/N bills/N on/I Monday/N ,/, the/D average/N yield/V fell/V to/T _OOV_/N %/N from/I _OOV_/N %/N ./.
Likewise/N ,/, certificates/N of/I deposit/N on/I average/N posted/N lower/I yields/N in/I the/D week/N ended/I Tuesday/N ./.
The/D _OOV_/N _OOV_/N money/N funds/N rose/V $/N _OOV_/N billion/N to/I $/N _OOV_/N billion/N ./.
The/D _OOV_/N _OOV_/N funds/N increased/V $/N _OOV_/N billion/N to/I $/N _OOV_/N billion/N ,/, while/V 96/N broker-dealer/N funds/N increased/V $/N 1.3/N billion/N to/I $/N _OOV_/N billion/N ./.
Domestic/N lending/N for/I real/D estate/N and/I property/N development/N was/V the/D source/N of/I Bank/N _OOV_/N Malaysia/N _OOV_/N 's/, most/N recent/I spate/N of/I financial/N troubles/N ,/, the/D institution/N 's/, executive/N chairman/N ,/, _OOV_/N _OOV_/N _OOV_/N ,/, said/V ./.
Speaking/N to/T reporters/N this/I week/N after/V Bank/N _OOV_/N 's/, shareholders/N approved/V a/D rescue/N plan/N ,/, _OOV_/N _OOV_/N _OOV_/N said/V heavy/V lending/N to/T the/D property/N sector/N rocked/V the/D bank/N when/I property/N prices/N in/I Malaysia/N plummeted/N in/I _OOV_/N ./.
He/P said/V the/D bank/N could/P n't/R wait/V any/D longer/V for/D prices/N to/T recover/V and/J for/D borrowers/N to/T service/N their/V loans/N ./.
So/P the/D bank/N 's/, board/N decided/V to/T make/V 1.23/N billion/N _OOV_/N dollars/N -LRB-/N US$/N _OOV_/N million/N -RRB-/N in/I provisions/N for/I interest/N payments/N from/I loans/N previously/V recorded/V as/D revenue/N but/V never/P actually/V received/V by/I the/D bank/N ,/, and/V to/T submit/V a/D bailout/N package/N to/T replenish/V the/D bank/N 's/, _OOV_/N capital/N ./.
The/D predicament/N ,/, he/P added/V ,/, was/V similar/V to/T the/D Hong/N Kong/N _OOV_/N _OOV_/N collapse/N ,/, which/D exposed/V the/D involvement/N of/I Bank/N _OOV_/N 's/, former/V subsidiary/N in/I the/D colony/N in/I the/D largest/N banking/N scandal/N in/I Malaysia/N 's/, history/N ./.
The/D subsidiary/N ,/, _OOV_/N Malaysia/N Finance/N Ltd./N ,/, was/V left/V with/D _OOV_/N _OOV_/N billion/N in/I bad/V loans/N made/V to/T Hong/N Kong/N property/N speculators/N ./.
Both/D episodes/N wiped/V out/V Bank/N _OOV_/N 's/, shareholders/N '/, funds/N ./.
Each/N time/N ,/, the/D bank/N 's/, 90/N %/N shareholder/N --/N _OOV_/N _OOV_/N _OOV_/N ,/, or/V _OOV_/N ,/, the/D national/N oil/N company/N --/N has/I been/V called/V upon/N to/T rescue/V the/D institution/N ./.
In/D five/N years/N ,/, _OOV_/N ,/, which/D became/V the/D dominant/J shareholder/N in/I a/D 1984/N rescue/N exercise/N ,/, has/V spent/V about/V _OOV_/N 3.5/N billion/N to/T prop/V up/P the/D troubled/V bank/N ./.
_OOV_/N _OOV_/N _OOV_/N said/V the/D capital/N restructuring/N plan/N has/I been/V approved/V by/J Malaysia/N 's/, Capital/N _OOV_/N Committee/N and/I central/N bank/N ./.
Malaysia/N 's/, High/N Court/N is/V expected/V to/T approve/V the/D plan/N ./.
Once/P the/D plan/N is/V approved/J ,/, _OOV_/N _OOV_/N _OOV_/N said/V ,/, most/V of/I Bank/N _OOV_/N 's/, _OOV_/N loans/N will/V have/V been/V fully/V provided/V for/D and/J the/D bank/N will/I be/P on/D track/N to/T report/N a/I pretax/N profit/N of/I between/D _OOV_/N 160/N million/N and/I _OOV_/N 170/N million/N for/I the/D fiscal/N year/N ending/V March/N 31/N ./.
For/N the/I previous/D financial/N year/N ,/, the/D bank/N would/T have/V reported/V a/D pretax/N profit/N of/I _OOV_/N _OOV_/N million/N if/V it/P had/V n't/R made/V provisions/N for/I the/D _OOV_/N loans/N ,/, he/P said/V ./.
Malaysia/N 's/, Banking/N _OOV_/N Act/N prohibited/I the/D bank/N from/I identifying/I delinquent/N borrowers/N ,/, said/V _OOV_/N _OOV_/N _OOV_/N ./.
But/V public/N documents/N indicate/V 10/N %/N or/I more/V of/I the/D bank/N 's/, provisions/N were/V made/V for/D foregone/N interest/N on/I a/D _OOV_/N 200/N million/N loan/N to/T Malaysia/N 's/P dominant/V political/N party/N ,/, the/D United/N _OOV_/N National/N Organization/N ,/, to/T build/V its/D convention/N and/I headquarters/N complex/N in/I _OOV_/N _OOV_/N ./.
The/D loan/N to/T _OOV_/N was/V made/V in/I September/N 1983/N ./.
``/N We/, lent/V a/D lot/V of/I money/N all/V over/D the/D place/N ,/, ''/N said/V _OOV_/N _OOV_/N _OOV_/N ,/, who/P refused/V to/T discuss/V the/D bank/N 's/, outstanding/N loans/N to/.
As/V well/V as/D the/D _OOV_/N 1.23/N billion/N in/I provisions/N announced/V on/D Oct./N 6/N ,/, the/D restructuring/N package/N covers/I an/D additional/N _OOV_/N _OOV_/N million/N in/I provisions/N made/V in/I earlier/V years/N but/V never/P reflected/I in/I a/D reduction/N of/I the/D bank/N 's/, _OOV_/N capital/N ./.
At/D the/D end/N of/I the/D exercise/N ,/, the/D cash/N injection/N from/I _OOV_/N will/I increase/N the/D bank/N 's/, _OOV_/N capital/N to/T _OOV_/N 1.15/N billion/N after/V virtually/V being/P wiped/V out/D by/I the/D new/J provisions/N ./.
_OOV_/N _OOV_/N might/I have/V stepped/V from/I a/D recruiting/N poster/N for/I young/N Republicans/N ./.
White/N ,/, 24/N years/N old/I ,/, a/D singer/N in/I her/P church/N choir/N ,/, she/P symbolizes/V a/D generation/N that/I gave/V its/D heart/N and/I its/D vote/N to/T Ronald/N Reagan/N ./.
``/N I/P felt/V kind/N of/I safe/V ,/, ''/N she/P says/V ./.
No/V longer/V ./.
When/P the/D Supreme/N Court/N opened/I the/D door/N this/I year/N to/T new/V restrictions/N on/I abortion/N ,/, Ms./N _OOV_/N opened/I her/P mind/N to/T Democratic/N politics/N ./.
Then/P a/D political/N novice/N ,/, she/P stepped/V into/V a/D whirl/N of/I ``/N _OOV_/N ''/N marches/N ,/, house/N parties/N and/C _OOV_/N ./.
Now/N she/P leads/V a/D grassroots/N _OOV_/N campaign/N in/I _OOV_/N County/N for/I _OOV_/N Democratic/N gubernatorial/N candidate/N James/N _OOV_/N ./.
``/N This/N is/I one/N where/I I/P cross/N party/N lines/N ,/, ''/N she/P says/V ,/, rejecting/V the/D _OOV_/N stance/N of/I Rep./N _OOV_/N 's/, opponent/N ,/, _OOV_/N Rep./N James/N _OOV_/N ./.
``/N People/N my/, age/N thought/V it/P was/V n't/R going/V to/T be/R an/D issue/N ./.
Now/R it/N has/I --/N especially/V for/D people/N my/, age/N ./, ''/N
_OOV_/N bear/N out/V this/D warning/N ,/, but/V after/V a/D decade/N of/I increased/J Republican/N influence/N here/N ,/, the/D new/J politics/N of/I abortion/N have/V contributed/V to/T a/D world/N turned/V upside/V down/V for/D Mr./N _OOV_/N ./.
Unless/N he/P closes/V the/D gap/N ,/, Republicans/N risk/N losing/V not/V only/V the/D governorship/N but/V also/V the/D assembly/N next/V month/N ./.
Going/N into/I the/D 1990s/N ,/, the/D _OOV_/N is/I paying/V a/D price/N for/I the/D same/D conservative/N social/N agenda/N that/I it/P used/V to/T torment/N Democrats/N in/I the/D past/N ./.
This/T change/V comes/V less/N from/I a/D shift/N in/I public/N opinion/N ,/, which/V has/V n't/V changed/V much/V on/I abortion/N over/I the/D past/N decade/N ,/, than/V in/I the/D boundaries/N of/I the/D debate/N ./.
New/N Jersey/N 's/, own/P highest/N court/N remains/I a/D liberal/N bulwark/N against/V major/J restrictions/N on/I abortion/N ,/, but/V the/D U.S./N Supreme/N Court/N ruling/N ,/, Webster/N vs./N Missouri/N ,/, has/V engaged/V voters/N across/I the/D nation/N who/P had/V been/V insulated/V from/I the/D issue/N ./.
Before/V July/N ,/, _OOV_/N voters/N could/P safely/V make/V political/N decisions/N without/V focusing/N narrowly/N on/I abortion/N ./.
Now/N ,/, the/D threat/N of/I further/D restrictions/N adds/V a/D new/J dimension/N ,/, bringing/V an/D upsurge/N in/I political/N activity/N by/I _OOV_/N forces/N ./.
A/N recent/C _OOV_/N rally/N in/I _OOV_/N drew/V thousands/N ,/, and/N in/I a/D major/J reversal/N ,/, Congress/N is/I defying/N a/D presidential/N veto/N and/J demanding/V that/D _OOV_/N abortions/N be/V permitted/V in/I cases/N of/I rape/N and/C incest/N ./.
``/N If/N Webster/N had/V n't/V happened/V ,/, you/P would/V n't/V be/V here/N ,/, ''/N _OOV_/N _OOV_/N tells/V a/D reporter/N in/I the/D _OOV_/N office/N of/I the/D National/N Organization/N for/I Women/N ./.
``/N We/, could/P have/V shouted/V from/I the/D rooftops/N about/I _OOV_/N and/C no/D one/N would/I have/V heard/V us/N ./, ''/N
New/N Jersey/N is/V a/D proving/V ground/N for/I this/D aggressive/V _OOV_/N movement/N this/I year/N ./.
The/D infusion/N of/I activists/N can/V bring/V a/D clash/N of/I cultures/N ./.
In/D _OOV_/N Hill/N ,/, the/D National/N _OOV_/N Rights/N Action/N League/N ,/, whose/D goal/N is/V to/T sign/V up/V 50,000/N _OOV_/N voters/N ,/, targets/N a/I union/N breakfast/N to/T build/V labor/N support/N for/I its/D cause/V ./.
The/D league/N organizers/N seem/V more/V a/D fit/D with/V a/D convention/N next/V door/N of/I young/N aerobics/N instructors/N in/I _OOV_/N than/V the/D _OOV_/N union/N leaders/N ;/, ``/N I/P wish/P I/P could/R go/V work/V out/V ,/, ''/N says/V a/D slim/N activist/N ./.
A/N labor/N chief/N speaks/V sardonically/N of/I having/V to/P ``/N man/N and/I woman/N ''/N Election/N Day/N phones/N ./.
No/R age/N group/N is/I more/V sensitive/V than/V younger/V voters/N ,/, like/V Ms./N _OOV_/N ./.
A/N year/N ago/V this/V fall/V ,/, New/N Jersey/N voters/N under/I 30/N favored/V George/N Bush/N by/I 56/N %/N to/T 39/N %/N over/I Michael/N _OOV_/N ,/, according/V to/T a/D survey/N then/P by/I _OOV_/N University/N 's/, _OOV_/N Institute/N ./.
A/N matching/N _OOV_/N _OOV_/N _OOV_/N poll/N last/I month/N showed/V a/D complete/J reversal/N ./.
_OOV_/N in/I the/D same/D age/N group/N backed/V Democrat/N _OOV_/N 55/N %/N to/T 29/N %/N over/I Republican/N _OOV_/N ./.
_OOV_/N alone/V ca/V n't/V explain/V this/D shift/N ,/, but/P New/N Jersey/N is/V a/D model/N of/I how/D so/P personal/V an/D issue/N can/V become/V a/D baseline/N of/I sorts/N in/I judging/N a/D candidate/N ./.
By/P a/D _OOV_/N ratio/N ,/, voters/N appear/V more/V at/I ease/N with/I Mr./N _OOV_/N 's/, stance/N on/I abortion/N ,/, and/J polls/N indicate/V his/V lead/V widens/V when/V the/D candidates/N are/V specifically/D linked/V to/T the/D issue/N ./.
``/N The/P times/N are/V my/P times/N ,/, ''/N says/V Mr./N _OOV_/N ./.
The/D _OOV_/N County/N congressman/N still/I carries/V himself/P with/V a/D trademark/N ``/N _OOV_/N ''/N intensity/N ,/, but/V at/I a/D pause/V in/I _OOV_/N 's/, Columbus/N Day/N parade/N recently/N ,/, he/P was/V dancing/N with/I his/V wife/N in/I the/D middle/N of/I the/D avenue/N in/I the/D city/N 's/, old/D _OOV_/N ward/N ./.
After/V losing/V by/V fewer/V than/V 1,800/N votes/N in/I the/D 1981/N governor/N 's/, race/N ,/, he/P has/V prepared/V himself/P methodically/N for/I this/D moment/N ,/, including/J deciding/D in/I recent/V years/N he/P could/P no/V longer/V support/V curbs/N on/I federal/N funding/N for/I _OOV_/N abortions/N ./.
``/N If/N you/P 're/V going/V to/T be/V consistent/V and/J say/V it/P is/V a/D constitutionally/N protected/I right/N ,/, ''/N he/P asks/V ,/, ``/N how/I are/V you/P going/V to/T say/V an/D upscale/N woman/N who/, can/V drive/V to/T the/D hospital/N or/I clinic/N in/I a/D nice/V car/N has/I a/D constitutional/N right/N and/I someone/P who/P is/V not/V in/I great/D shape/N financially/V does/V not/V ?/V ''/N
Mr./N _OOV_/N ,/, by/I comparison/N ,/, seems/V a/D shadow/N of/I the/D confident/V hawk/N who/P defended/V Oliver/N North/N before/V national/N cameras/N at/I Iran-Contra/N hearings/N two/N years/N ago/N ./.
Looking/N back/P ,/, he/P says/V he/P erred/N by/I stating/V his/V ``/N personal/N ''/N opposition/N to/T abortion/N instead/N of/I assuring/N voters/N that/I he/P would/R n't/R impose/V his/V views/N on/I ``/N policy/N ''/N as/I governor/N ./.
It/P is/V a/D distinction/N that/I satisfies/V neither/V side/V in/I the/D debate/N ./.
``/N He/P does/V n't/V know/V himself/P ,/, ''/N _OOV_/N _OOV_/N of/I the/D _OOV_/N Rights/N League/N says/V of/D Mr./N _OOV_/N 's/, position/N ./.
Even/N abortion/N opponents/N ,/, however/V angry/V with/D Mr./N _OOV_/N ,/, ca/V n't/V hide/V their/V frustration/N with/I the/D Republican/N 's/, ambivalence/N ./.
``/N He/P does/V n't/V want/V to/T lead/V the/D people/N ,/, ''/N says/V Richard/N _OOV_/N ,/, president/N of/I New/N Jersey/N Right/N to/T Life/N ./.
Moreover/N ,/, by/I stepping/V outside/D the/D state/N 's/, _OOV_/N tradition/N ,/, Mr./N _OOV_/N _OOV_/N fears/N that/I he/P is/V too/V conservative/V as/D well/V on/I more/V pressing/V concerns/N such/V as/D auto/N insurance/N rates/N and/I the/D environment/N ./.
He/P hurt/V himself/P further/V this/D summer/N by/I bringing/V homosexual/N issues/N into/I the/D debate/N ;/, and/J by/D wavering/N on/I this/D issue/N and/C abortion/N ,/, he/P has/V weakened/V his/V credibility/N in/I what/N is/V already/V a/D _OOV_/N campaign/N on/I both/D sides/N ./.
_OOV_/N to/T Congress/N in/I 1978/N ,/, the/D _OOV_/N Mr./N _OOV_/N is/V part/N of/I a/D generation/N of/I young/N conservatives/N who/P were/V once/V very/V much/V in/I the/D lead/N of/I the/D _OOV_/N shift/N under/I Mr./N Reagan/N ./.
Like/N many/V of/I his/P colleagues/N ,/, he/P did/V n't/R serve/V in/I Vietnam/N in/I the/D 1960s/N yet/V embraced/V a/D _OOV_/N defense/N and/I foreign/N policy/N --/N even/V voting/N against/I a/D 1984/N resolution/N critical/N of/I the/D U.S./N mining/N of/I _OOV_/N harbors/N ./.
Jack/N Kemp/N and/I the/D writers/N _OOV_/N Kristol/N and/I George/N _OOV_/N were/V influences/N ,/, and/V Mr./N _OOV_/N 's/, own/J conservative/V credentials/N proved/V useful/V to/T the/D current/J New/N Jersey/N _OOV_/N governor/N ,/, Thomas/N _OOV_/N ,/, in/I the/D 1981/N Republican/N primary/V here/N ./.
The/T same/D partnership/N is/V now/V crucial/V to/P Mr./N _OOV_/N 's/, fortunes/N ,/, but/V the/D abortion/N issue/N is/V only/V a/D reminder/N of/I the/D gap/N between/I his/V record/N and/C that/D of/I the/D more/V moderate/N ,/, _OOV_/N Gov./N _OOV_/N ./.
While/V the/D _OOV_/N County/N congressman/N pursued/V an/D _OOV_/N ,/, _OOV_/N agenda/N in/I Washington/N ,/, Gov./N _OOV_/N was/V approving/V increased/J income/N and/I sales/N taxes/N at/I home/N and/I overseeing/N a/D near/V doubling/N in/I the/D size/N of/I New/N Jersey/N 's/, budget/N in/I his/V eight/N years/N in/I office/N ./.
_OOV_/N forces/N play/V down/V any/D differences/N with/I Mr./N _OOV_/N ,/, but/P this/D history/N makes/I it/P harder/V for/I the/D conservative/N to/T run/V against/V government/N ./.
Mr./N _OOV_/N 's/, free-market/N plan/N to/T bring/V down/D auto/N insurance/N rates/N met/V criticism/N from/I Gov./N _OOV_/N 's/, own/P insurance/N commissioner/N ./.
Mr./N _OOV_/N is/V further/V hobbled/N by/I a/D record/N of/I votes/N opposed/V to/D government/N regulation/N on/I behalf/N of/I consumers/N ./.
_OOV_/N in/I Spanish/N from/I his/P days/N in/I the/D Peace/N _OOV_/N ,/, Mr./N _OOV_/N actively/N courts/N minority/N voters/N but/V seems/V oddly/V over/D his/V head/N ./.
He/P is/V warm/N and/J polished/D before/V a/D Puerto/N _OOV_/N Congress/N in/I _OOV_/N Park/N ./.
Yet/N minutes/N after/I promising/V to/T appoint/V _OOV_/N to/I high/V posts/N in/I state/N government/N ,/, he/P is/V unable/V to/T say/V whether/V he/P has/V ever/N employed/N any/D in/I his/V congressional/J office/N ./.
``/N I/, do/V n't/R think/V we/P do/V now/N ,/, ''/N he/P says/V ./.
``/N I/, think/V we/P did/V ./P ''/N
Asked/N the/I same/D question/V after/V his/V appearance/N ,/, Democrat/N _OOV_/N identifies/I a/D staff/N member/N by/I name/N and/C explains/V her/P whereabouts/N today/N ./.
When/P he/P is/V presented/V with/D a/D poster/N celebrating/N the/D organization/N 's/, 20th/N anniversary/N ,/, he/P recognizes/V a/D photograph/N of/I one/N of/I the/D founders/N and/C recalls/V time/N spent/V together/N in/I _OOV_/N ./.
Details/N and/C _OOV_/N are/N essential/J _OOV_/N ./.
_OOV_/N to/T Congress/N as/I a/D ``/N Watergate/N baby/N ''/N in/I 1974/N ,/, he/P ran/V for/D governor/N three/N years/N later/V ./.
In/D the/D opinion/N of/I many/J ,/, he/P has/V n't/R stopped/V running/V since/R ,/, even/V though/V he/P declined/V a/D rematch/N with/I Gov./N _OOV_/N in/I 1985/N ./.
His/V base/N in/I South/N Jersey/N and/C on/D the/D House/N Energy/N and/C Commerce/N Committee/N helped/V him/P sustain/V a/D network/N of/I _OOV_/N committees/N to/T preserve/V his/V edge/N ./.
With/N limited/I budgets/N for/I television/N in/I a/D high-priced/N market/N ,/, Mr./N _OOV_/N 's/, higher/J recognition/N than/V his/V rival/V is/V a/D major/J advantage/N ./.
More/N than/V ever/N ,/, his/V _OOV_/N and/I _OOV_/N record/N is/V in/D sync/N with/I the/D state/N ./.
Auto/N insurance/N rates/N are/V soaring/N ./.
A/N _OOV_/N fire/N destroyed/V part/N of/I an/D interstate/N highway/N this/I summer/N ./.
In/D _OOV_/N ,/, an/D important/I swing/N area/N ,/, Republican/N _OOV_/N now/V run/V on/I a/D slogan/N promising/V to/T keep/V the/D county/N ``/N clean/N and/I green/N ./, ''/N
Mr./N _OOV_/N _OOV_/N this/I vindication/N ,/, but/V at/I age/N 52/N ,/, the/D congressman/N is/V also/N a/D product/N of/I his/V times/N and/I losses/N ./.
He/P speaks/V for/D the/D death/N penalty/N as/I if/V reading/V from/D _OOV_/N 21/N ;/, to/T increase/N state/N revenue/N he/P focuses/N not/I on/I ``/N taxes/N ''/N but/V on/D ``/N audits/N ''/N to/T cut/V waste/N ./.
_OOV_/N consultants/N match/N ads/N with/I Mr./N _OOV_/N 's/, team/N ,/, and/V Mr./N _OOV_/N _OOV_/N himself/P as/V the/D lean/N ,/, mean/V Democratic/N fighting/N machine/N of/I the/D 1990s/N ./.
_OOV_/N to/T a/D young/N audience/N ,/, he/P scraps/N an/I old/D reference/N to/N _OOV_/N and/I _OOV_/N and/C instead/D quotes/V the/D _OOV_/N _OOV_/N ./.
The/D lyric/V chosen/D --/N ``/N long/I strange/V night/N ''/N --/N may/I be/V an/D apt/N footnote/N to/T television/N spots/N by/I both/D candidates/N intended/V to/T portray/V each/N other/J as/D a/D liar/N ./.
The/D Democratic/N lawmaker/N fits/I a/D pattern/N of/I younger/N reformers/N arising/I out/V of/I old/D machines/N ,/, but/V his/P ties/N to/T _OOV_/N remain/I a/D sore/V point/V because/V of/I the/D county/N 's/P past/D corruption/N ./.
His/V campaign/N hierarchy/N is/V chosen/D from/D elsewhere/V in/I the/D state/N ,/, and/J faced/V with/D criticism/N of/I a/D sweetheart/N bank/N investment/N ,/, he/P has/V so/R far/V blunted/N the/D issue/N by/I donating/N the/D bulk/N of/I his/P profits/N to/T his/V alma/N mater/N ,/, _OOV_/N State/N College/N ./.
Mr./N _OOV_/N 's/, _OOV_/N on/I the/D abortion/N issue/N after/V the/D Webster/N ruling/N divides/V some/V of/I his/V old/D constituency/N ./.
_OOV_/N _OOV_/N ,/, an/V unlikely/V but/V enthusiastic/V pipe/N major/J in/I an/D _OOV_/N County/N Irish/N bagpipe/N band/N ,/, speaks/V sadly/N of/I Mr./N _OOV_/N ./.
``/N I/, am/V a/D devout/N _OOV_/N ,/, ''/N says/V Mr./N _OOV_/N ,/, a/D 40-year-old/N health/N officer/N ./.
``/N I/, ca/V n't/V support/V him/P because/V of/I abortion/N ./, ''/N
Bill/N _OOV_/N Sr./N ,/, 72/N ,/, is/V _OOV_/N too/V ,/, but/V _OOV_/N by/I Mr./N _OOV_/N 's/, stand/D on/D abortion/N ./.
A/N security/N guard/N at/I a/D cargo/N terminal/N ,/, he/P wears/N a/D Sons/N of/I Italy/N jacket/N and/I cap/N celebrating/I ``/N The/N US/N 1/N _OOV_/N ./, ''/N
``/N I/, still/V think/V the/D woman/N has/I the/D right/N to/T do/V with/D her/P body/N as/I she/P pleases/N ,/, ''/N he/P says/V ./.
``/N If/N you/P want/V more/V opinions/N ask/V my/P wife/N ./.
She/P has/V lots/V of/I opinions/N ./.
Consumer/N prices/N rose/V a/D surprisingly/N moderate/V 0.2/N %/N in/I September/N ,/, pushed/V up/V mostly/V by/V a/D jump/N in/I clothing/N costs/N ,/, the/D Labor/N Department/N reported/N ./.
Energy/N costs/N ,/, which/D drove/V wholesale/N prices/N up/V sharply/N during/I the/D month/N ,/, continued/V to/T decline/N at/I the/D retail/N level/N ,/, pulling/V down/D transportation/N and/I helping/V to/P ease/V housing/V costs/N ./.
The/D report/N was/V the/D brightest/N news/N the/D financial/N markets/N had/V seen/V since/V before/V the/D stock/N market/N plunged/V more/V than/V 190/N points/N last/I Friday/N ./.
The/D Dow/N Jones/N Industrial/N Average/N rallied/N on/I the/D news/N ,/, closing/V _OOV_/N points/N higher/N at/I _OOV_/N ./.
Bond/N prices/N also/V jumped/V as/D traders/N appeared/V to/T read/V the/D data/N as/I a/D sign/N that/I interest/N rates/N may/V fall/V ./.
But/V many/V economists/N were/V not/V nearly/V as/D jubilant/N ./.
The/D climb/N in/I wholesale/V energy/N prices/N is/V certain/V to/D push/V up/V retail/N energy/N prices/N in/I the/D next/V few/V months/N ,/, they/P warned/V ./.
They/P also/V said/V the/D dollar/N is/V leveling/N off/V after/V a/D rise/N this/I summer/N that/I helped/V to/T reduce/V the/D prices/N of/I imported/N goods/N ./.
``/N I/, think/V inflation/N is/V going/V to/T pick/V up/V through/I the/D fall/J ,/, ''/N said/V Joel/N _OOV_/N ,/, a/D specialist/N on/I inflation/N who/P runs/N an/D economic/N consulting/N firm/N here/N ./.
``/N It/P has/V been/V in/V what/N I/, would/P describe/V as/D a/D lull/N for/I the/D past/N several/V months/N ./, ''/N
``/N We/, 've/V had/V _OOV_/N declines/N in/I consumer/N energy/N prices/N in/I each/N of/I the/D past/N three/N months/N ,/, and/J at/I the/D wholesale/N level/N those/P are/V fully/N behind/I us/N now/N ,/, ''/N said/V Jay/N _OOV_/N ,/, chief/N domestic/N economist/N at/I Bankers/N Trust/N Co./N in/I New/N York/N ./.
Because/N wholesale/V energy/N prices/N shot/N up/I by/V a/D steep/N 6.5/N %/N last/I month/N ,/, many/V analysts/N expected/V energy/N prices/N to/T rise/N at/I the/D consumer/N level/N too/V ./.
As/P a/D result/D ,/, many/V economists/N were/V expecting/V the/D consumer/N price/N index/N to/N increase/N significantly/N more/V than/V it/P did/V ./.
But/V retail/N energy/N prices/N declined/V 0.9/N %/N in/I September/N ./.
Though/N analysts/N say/V competition/N will/I probably/V hold/V down/D increases/N in/I retail/N energy/N prices/N ,/, many/V expect/V some/V of/I the/D wholesale/N rise/N to/T be/P passed/I along/I to/T the/D consumer/N before/V the/D end/N of/I the/D year/N ./.
Still/N ,/, some/V analysts/N insisted/V that/V the/D worst/N of/I the/D inflation/N is/V behind/D ./.
``/N It/P increasingly/N appears/I that/D _OOV_/N was/V a/D temporary/D inflation/N _OOV_/N and/I not/V the/D beginning/N of/I a/D cyclical/N inflation/N problem/N ,/, ''/N argued/V Edward/N _OOV_/N ,/, chief/N economist/N at/I Prudential-Bache/N Securities/N Inc./N in/I New/N York/N ./.
In/D both/D 1987/N and/I 1988/N ,/, consumer/N prices/N rose/V _OOV_/N %/N ./.
A/D run-up/N in/I world/N oil/N prices/N last/I winter/N sent/V consumer/N prices/N soaring/N at/I a/D _OOV_/N %/N annual/N rate/N in/I the/D first/J five/N months/N of/I this/D year/N ,/, but/V the/D subsequent/D decline/N in/I energy/N prices/N has/I pulled/V the/D annual/N rate/N back/P down/V to/T _OOV_/N %/N ./.
Mr./N _OOV_/N predicted/V that/D world/N business/N competition/N will/I continue/V to/T restrain/V prices/N ./.
``/N The/V bottom/N line/N is/N ,/, it/P seems/V to/T me/P that/V the/D economic/N environment/N has/I become/V very/V ,/, very/V _OOV_/N for/I a/D lot/V of/I businesses/N ,/, ''/N he/P said/V ./.
``/N Back/N in/I _OOV_/N ,/, business/N was/V operating/N at/I fairly/D tight/N capacity/N ,/, so/P businesses/N felt/V they/P could/R raise/V prices/N ./, ''/N
Now/N ,/, he/P said/V ,/, a/D slowdown/N in/I economic/N activity/N has/I _OOV_/N demand/N ./.
The/D mild/N inflation/N figures/N renewed/N investors/N '/, hopes/N that/I the/D Federal/N Reserve/N will/I ease/V its/D interest-rate/N stance/N ./.
The/D steep/N climb/N in/I producer/N prices/N reported/V last/I Friday/N fostered/N pessimism/N about/I lower/J interest/N rates/N and/C contributed/J to/T the/D stock/N market/N 's/, 6.9/N %/N plunge/N that/I day/N ./.
In/D the/D past/N several/V days/N ,/, however/V ,/, the/D U.S./N 's/, central/N bank/N has/I allowed/V a/D key/N interest/N rate/N to/T fall/V slightly/N to/T try/V to/T stabilize/V the/D markets/N ./.
Analysts/N say/V Fed/N policy/N makers/N have/V been/V wary/V of/I relaxing/V credit/N too/V much/V because/V they/P were/V still/V uncertain/V about/V the/D level/N of/I inflation/N in/I the/D economy/N ./.
Excluding/N the/I volatile/N categories/N of/I energy/N and/I food/N --/N leaving/V what/P some/V economists/N call/V the/D core/J inflation/N rate/N --/N consumer/N prices/N still/I rose/V only/D 0.2/N %/N in/I September/N ./.
Transportation/N costs/N actually/V fell/V 0.5/N %/N ,/, and/J housing/J costs/N gained/V only/D 0.1/N %/N ./.
Apparel/N prices/N _OOV_/N up/I 1.7/N %/N ,/, but/V that/V was/V after/V three/N months/N of/I declines/N ./.
Medical/N costs/N continued/V their/V steep/N ascent/N ,/, rising/V _OOV_/N %/N after/V four/N consecutive/N months/N of/I 0.7/N %/N increases/N ./.
Car/N prices/N ,/, another/D area/N that/I contributed/V to/T the/D steep/N rise/N in/I the/D wholesale/N index/N last/I month/N ,/, still/V showed/V declines/N at/I the/D consumer/N level/N ./.
They/P dropped/V _OOV_/N %/N as/I dealers/N continued/I to/T offer/V rebates/N to/T attract/V customers/N ./.
Food/N prices/N rose/V 0.2/N %/N for/I the/D second/J month/N in/I a/D row/N ,/, far/V slower/V than/V the/D monthly/N rises/N earlier/V in/I the/D year/N ./.
Separately/N ,/, the/D Labor/N Department/N reported/V that/D average/N weekly/N earnings/N rose/V 0.3/N %/N in/I September/N ,/, after/V adjusting/J for/D inflation/N ,/, following/V a/D 0.7/N %/N decline/N in/I August/N ./.
All/N the/I numbers/N are/V adjusted/V for/D seasonal/N fluctuations/N ./.
Here/N are/V the/D seasonally/N adjusted/V changes/N in/I the/D components/N of/I the/D Labor/N Department/N 's/, consumer/N price/N index/N for/I September/N ./.
After/V watching/V interest/N in/I the/D sport/N plummet/N for/I years/N ,/, the/D ski/N industry/N is/V trying/V to/T give/V itself/N a/D lift/N ./.
_OOV_/N the/D country/N ,/, resorts/N are/V using/V everything/N from/I fireworks/N to/T _OOV_/N concerts/N to/T attract/V new/J customers/N ./.
Some/P have/V built/V health/N _OOV_/N ,/, business/N centers/N and/I shopping/N villages/N so/P visitors/N have/V more/V to/T do/V than/D ski/N ./.
And/P this/V week/N ,/, the/D industry/N 's/, efforts/N will/V go/V national/N for/I the/D first/J time/N when/V it/P unveils/N a/I $/N 7/C million/N advertising/N campaign/N ./.
Such/N efforts/N --/N unheard/V of/I only/D a/D few/V years/N ago/V --/N are/V the/D latest/V attempts/N to/T revive/V the/D sagging/N $/N 1.76/N billion/N U.S./N ski/N industry/N ./.
Since/V the/D start/V of/I the/D decade/N ,/, _OOV_/N sales/N have/V grown/V only/D 3/N %/N a/I year/N on/I average/N ,/, compared/V with/D 16/N %/N annual/N growth/N rates/N in/I the/D _OOV_/N and/C _OOV_/N ./.
Last/V season/N ,/, _OOV_/N sales/N fell/V for/D the/D first/J time/N in/I seven/N years/N ./.
By/P some/V estimates/N ,/, nearly/V a/D fourth/N of/I all/D U.S./N ski/N areas/N have/V been/V forced/V to/T shut/V down/V since/V the/D early/J _OOV_/N ./.
Competition/N and/C mounting/J insurance/N and/I equipment/N costs/N have/V been/V the/D undoing/N of/I many/J resorts/N ./.
But/R another/D big/V problem/N has/I been/V the/D aging/N of/I baby/N boomers/N ./.
_OOV_/N ,/, after/V all/D ,/, has/V mainly/V been/V for/D the/D young/N and/I daring/N and/I many/V baby/N boomers/N have/V outgrown/N skiing/N or/I have/V too/V many/V family/N responsibilities/N to/T stick/N with/I the/D sport/N ./.
In/D its/N new/I ad/N campaign/N ,/, created/V by/N _OOV_/N _OOV_/N _OOV_/N &/N _OOV_/N Inc./N ,/, Chicago/N ,/, the/D ski/N industry/N is/V trying/V to/T change/V its/D image/N as/I a/D sport/N primarily/N for/I young/V white/N people/N ./.
One/P _OOV_/N TV/N spot/N features/N a/I diverse/J group/N of/I skiers/N gracefully/I gliding/N down/I _OOV_/N slopes/N :/N senior/N citizens/N ,/, minorities/N ,/, families/N with/I children/N --/N even/V a/D blind/N skier/N ./.
``/N _OOV_/N school/N is/V great/N ,/, ''/N cries/N out/R a/D tot/N ,/, bundled/N in/I a/D _OOV_/N as/I he/P plows/N down/V a/D bunny/N slope/N ./.
``/N You/N 'll/, never/P _OOV_/N you/P try/V ,/, ''/N says/V a/D black/N skier/N ./.
``/N We/, used/V to/T show/V some/V _OOV_/N skier/N in/I his/P twenties/N or/I thirties/V going/V over/D the/D edge/N of/I a/D cliff/N ,/, ''/N says/V _OOV_/N _OOV_/N ,/, a/D spokeswoman/N for/I the/D United/N _OOV_/N Industries/N Association/N ,/, the/D trade/N group/N sponsoring/N the/D campaign/N ./.
_OOV_/N promotions/N have/V traditionally/V avoided/V the/D touchy/N issue/N of/I safety/N ./.
But/V the/D new/J commercials/N deal/N with/I it/P indirectly/N by/I showing/V a/D woman/N smiling/N as/I she/P tries/V to/T get/V up/R from/I a/D fall/J ./.
``/N We/, wanted/V to/T show/V it/P 's/P okay/V if/V you/P fall/V ,/, ''/N says/V Ms./N _OOV_/N ./.
``/N Most/, people/N think/V if/V you/P slip/V ,/, you/P 'll/P wind/V up/N in/I a/D body/N cast/N ./, ''/N
The/D ad/N campaign/N represents/I an/D unusual/V spirit/N of/I cooperation/N among/V resorts/N and/I ski/N equipment/N makers/N ;/, normally/N ,/, they/P only/D run/V ads/N hyping/N their/V own/V products/N and/I facilities/N ./.
But/V in/V these/V crunch/N times/N for/I the/D ski/N industry/N ,/, some/V resorts/N ,/, such/V as/D the/D _OOV_/N Fire/N ,/, Red/N River/N and/I _OOV_/N ski/N areas/N in/I New/N Mexico/N ,/, have/V even/V started/V _OOV_/N skiers/N to/T each/V other/J 's/P slopes/N and/I next/V year/N plan/N to/T sell/V tickets/N good/V for/D all/D local/I lifts/N ./.
Many/V resorts/N also/N are/I focusing/N more/V on/I the/D service/N side/N of/I their/V business/N ./.
Since/V 40/N %/N of/I skiers/N are/V parents/N ,/, many/V slopes/V are/V building/N nurseries/N ,/, expanding/V ski/N schools/N and/C adding/D entertainment/N for/I kids/N ./.
_OOV_/N ,/, Colo./N ,/, now/V has/V a/D _OOV_/N that/I looks/V like/V an/D old/D mining/N town/N ;/, kids/N can/I ski/N through/I and/I pan/N for/I fool/V 's/P gold/N ./.
For/N $/N 15/N ,/, they/P can/V enjoy/V their/V own/V nightly/N entertainment/N ,/, with/D dinner/N ,/, without/V mom/N and/I dad/N ./.
A/N few/V years/N ago/N ,/, parents/N usually/V had/V to/T hire/V a/D sitter/N or/I take/V turns/D skiing/N while/I one/N spouse/N stayed/V with/D the/D children/N ./.
``/N Most/, parents/N who/P had/V to/T go/V through/I that/D never/V came/V back/N ,/, ''/N says/V Michael/N _OOV_/N ,/, president/N of/I _OOV_/N Associates/N Inc./N ,/, which/D owns/V and/J operates/J the/D _OOV_/N and/C nearby/J Beaver/N _OOV_/N resorts/N ./.
To/N make/V skiing/N more/V convenient/V for/D _OOV_/N visitors/N ,/, several/V resorts/N are/V buying/V or/V starting/V their/V own/V travel/D agencies/N ./.
In/D one/N phone/N call/I ,/, ski/N buffs/N can/V make/V hotel/N and/I restaurant/N reservations/N ,/, buy/V lift/V tickets/N ,/, rent/V ski/N equipment/N and/I sign/N up/R for/D lessons/N ./.
And/P resorts/N are/V adding/V other/J amenities/N ,/, such/V as/D pricey/N restaurants/N ,/, health/N _OOV_/N and/I vacation/N packages/N with/I a/D twist/N ./.
During/J _OOV_/N Carnival/N week/N ,/, for/I example/N ,/, visitors/N at/I Sunday/N River/N in/I Maine/N can/V take/V a/D _OOV_/N balloon/N ride/N ./.
``/N People/N these/V days/N want/V something/P else/V to/T do/V besides/I ski/N and/C sit/V in/I the/D bar/N ,/, ''/N says/V Don/N _OOV_/N ,/, executive/N director/N of/I _OOV_/N Fire/N ,/, _OOV_/N 's/, Chamber/N of/I Commerce/N ./.
The/D ski/N industry/N hopes/N to/T increase/N the/I number/N of/I skiers/N by/I 3.5/N million/N to/T about/V _OOV_/N million/N in/I the/D next/V five/N years/N with/I its/D latest/V ads/N and/I promotions/N ./.
But/V some/V think/V that/V 's/P being/P overly/V optimistic/V ./.
For/N one/N thing/N ,/, it/P may/V be/V tough/V to/T attract/V people/N because/V skiing/N is/V still/V expensive/V :/P a/D lift/D ticket/N can/V cost/N up/V to/T $/N 35/N a/D day/N and/I equipment/N prices/N are/V rising/V ./.
And/P most/V _OOV_/N still/I prefer/V a/D warm/N climate/N for/I their/V winter/N excursions/N ./.
An/N American/N Express/N Co./N survey/N of/I its/D travel/N agents/N revealed/V that/V only/D 34/N %/N believe/V their/V clients/N will/I pick/V a/D trip/N this/I winter/N based/I on/D the/D availability/N of/I winter/N sports/N ,/, as/D opposed/V to/T 69/N %/N who/P think/V that/D _OOV_/N sports/N will/I be/P the/D deciding/D factor/N ./.
``/N Even/N if/V they/P could/R bring/V in/I that/D many/V new/J skiers/N ,/, I/P do/V n't/R know/V if/V -LCB-/N the/D industry/N -RCB-/N could/I handle/V that/D kind/N of/I an/D increase/N ,/, ''/N says/V _OOV_/N William/N Berry/N ,/, editor/N and/C publisher/N of/I the/D _OOV_/N Industry/N Letter/N in/I _OOV_/N ,/, _OOV_/N ./.
``/N Most/, people/N will/V come/V on/I the/D weekend/N ,/, the/D slopes/N will/I be/P overcrowded/V and/J then/P these/V -LCB-/N new/I skiers/N -RCB-/N wo/V n't/V come/V back/P ./.
They/P did/V n't/R play/V the/D third/D game/N of/I the/D World/N Series/N on/I Tuesday/N night/N as/D scheduled/V ,/, and/V they/P did/V n't/R play/V it/P on/I Wednesday/N or/I Thursday/N either/V ./.
But/V you/P knew/V that/D ,/, did/V n't/R you/P ?/.
They/P are/V supposed/V to/T play/V the/D game/N next/V Tuesday/N ,/, in/I _OOV_/N Park/N here/N ./.
The/D theory/N is/V that/D the/D stadium/N ,/, damaged/V by/I Tuesday/N 's/, earthquake/N ,/, will/T be/V repaired/V by/I then/R ,/, and/J that/D people/N will/P be/R able/V to/T get/V there/V ./.
Like/N just/I about/V everything/N else/V ,/, that/V remains/V to/T be/P seen/D ./.
_OOV_/N could/R intervene/D ./.
But/R ,/, at/I least/N ,/, the/D law/N of/I averages/N should/I have/V swung/V to/T the/D favorable/V side/N ./.
It/P may/V seem/V trivial/N to/T worry/V about/V the/D World/N Series/N amid/V the/D destruction/N to/T the/D Bay/N Area/N wrought/N by/I Tuesday/N 's/, quake/N ,/, but/V the/D name/N of/I this/D column/N is/N ``/N On/N Sports/N ,/, ''/N so/I I/P feel/V obliged/P to/T do/V so/P ./.
You/P might/V be/R interested/V to/T know/V that/D baseball/N ,/, not/V survival/N ,/, appeared/V to/T be/P the/D first/I thought/V of/I most/N of/I the/D crowd/N of/I _OOV_/N that/I had/V gathered/V at/I _OOV_/N at/I _OOV_/N p.m./N Tuesday/N ,/, a/D half-hour/N before/V game/N time/N ,/, when/V the/D quake/N struck/V ./.
As/P soon/P as/D the/D tremor/N passed/I ,/, many/V people/N spontaneously/V arose/V and/J cheered/N ,/, as/D though/V it/P had/V been/R a/D novel/N kind/N of/I _OOV_/N show/N ./.
One/D fan/N ,/, seated/N several/J rows/N in/I front/N of/I the/D open/N ,/, _OOV_/N auxiliary/V press/N section/N where/I I/P was/V stationed/N ,/, faced/V the/D assembled/V _OOV_/N and/I _OOV_/N shouted/V ,/, ``/N We/, arranged/V that/D just/V for/D you/P guys/V ''/N I/, thought/V and/J ,/, I/P 'm/V sure/V ,/, others/N did/V :/P ``/N You/N should/P n't/R have/V bothered/V ./, ''/N
I/P 'd/P slept/V through/D my/P only/D previous/D brush/N with/I natural/N disaster/N ,/, a/D tornado/N 15/N or/I so/D summers/N ago/V near/V _OOV_/N City/N ,/, Mich./N ,/, so/P I/P was/V unprepared/N for/D one/N reaction/N to/T such/V things/N :/P the/D urge/N to/T talk/V about/V them/P ./.
Perhaps/V primed/N by/I the/D daily/N diet/N of/I radio/N and/I TV/N reporters/N thrusting/N microphones/N into/I people/N 's/, faces/N and/C asking/V how/D they/P ``/N feel/V ''/N about/I one/N calamity/N or/I another/D ,/, fellow/V reporters/N and/I civilians/N who/P spied/N my/. press/N _OOV_/N were/V eager/V to/T chat/N ./.
``/N It/P felt/V like/V I/P was/V on/D a/D station/N platform/N and/I a/D train/N went/V by/I ,/, ''/N said/V one/N man/N ,/, describing/V my/V own/N reaction/N ./.
A/N women/N said/V she/P saw/V the/D park/N 's/, light/N standards/N sway/N ./.
A/N man/N said/V he/P saw/V the/D upper/J rim/N _OOV_/N ./.
I/P saw/V neither/V ./.
_OOV_/N of/I good/V sense/N to/T the/D contrary/V not/V withstanding/N ,/, the/D general/J inclination/N was/V to/T believe/V that/V the/D disturbance/N would/T be/V brief/V and/J that/D ball/N would/P be/R played/N ./.
``/N I/, was/V near/V the/D top/N of/I the/D stadium/N ,/, and/J saw/D a/D steel/N _OOV_/N bow/N six/C feet/N from/I where/D I/P sat/V ,/, but/V I/P stayed/V put/V for/D 10/N or/I 15/N minutes/N ,/, ''/N confessed/V a/D friend/N ./.
``/N I/, guess/V I/P thought/V ,/, `/N This/N is/I the/D World/N Series/N and/I I/P 'm/V not/V gon/N na/N wimp/N out/I '/P ''/N
Here/N in/I the/D Global/N _OOV_/N ,/, though/V ,/, folks/N do/V not/V stay/V uninformed/N for/I long/D ./.
_OOV_/N power/N was/V out/V in/I _OOV_/N _OOV_/N Park/N ,/, but/V _OOV_/N radios/N and/I television/N sets/N were/V plentiful/N ./.
Within/V a/D few/V minutes/N ,/, the/D true/V extent/N of/I the/D catastrophe/N was/V becoming/V clear/V ./.
Its/V _OOV_/N _OOV_/N measurement/N was/V reported/V as/D 6.5/N ,/, then/P 6.9/N ,/, then/P _OOV_/N ./.
A/N section/N of/I the/D Bay/N Bridge/N had/V collapsed/V ,/, as/D had/V a/D part/N of/I Interstate/N Highway/N 880/N in/I _OOV_/N ./.
People/N had/V died/V ./.
At/D _OOV_/N p.m./N ,/, scheduled/V game/N time/N having/P passed/I ,/, some/V fans/N chanted/N ``/N Let/N 's/, Play/N Ball/N ./, ''/N
No/R longer/V innocent/V ,/, they/P qualified/V as/D fools/N ./.
The/D stadium/N was/V ordered/V evacuated/J soon/P afterward/V ;/V the/D announcement/N ,/, made/V over/D police/N _OOV_/N ,/, cited/V the/D power/N outage/N ,/, but/V it/P later/V was/V revealed/V that/D there/V also/V had/V been/V damage/N of/I the/D sort/D reported/V by/I my/V friend/N ./.
Outside/N ,/, I/P spotted/N two/N young/C men/N _OOV_/N blocks/N of/I concrete/N ./.
``/N _OOV_/N of/I _OOV_/N ,/, ''/N they/P said/V ./.
The/D crowd/V remained/V good/V natured/N ,/, even/V bemused/N ./.
TV/N reporters/N interviewed/V fans/N in/I the/D parking/V lots/V while/V ,/, a/D few/V feet/N away/T ,/, others/N watched/V the/D interviews/N on/I their/V portable/N TVs/N ./.
The/D only/V frenzy/N I/, saw/V was/V commercial/N :/N _OOV_/N selling/N World/N Series/N commemorative/N stamps/N and/C dated/J _OOV_/N were/V besieged/V by/D fledgling/N speculators/N who/P saw/V future/D profit/N in/I the/D items/N ./.
The/D traffic/N jam/N out/I of/I the/D park/N was/V monumental/N ./.
It/P took/V me/N a/I half-hour/N to/T move/V 10/N feet/N from/I my/P parking/V spot/N in/I an/D outer/V lot/V to/P an/D aisle/N ,/, and/J an/D additional/N hour/N to/T reach/V an/D inner/J roadway/N a/I _OOV_/N away/N ./.
The/D _OOV_/N trip/N to/T my/P airport/N hotel/N that/I had/V taken/V 20/N minutes/N earlier/V in/I the/D day/N took/I more/V than/V three/N hours/N ./.
At/D my/P hotel/N ,/, the/D _OOV_/N ,/, power/N was/V out/V ,/, some/V interior/N plaster/N had/V broken/V loose/V and/J there/V had/V been/V water/N damage/N ,/, but/V little/V else/V ./.
With/N _OOV_/N randomness/N ,/, a/D hotel/N across/I the/D street/N ,/, the/D _OOV_/N ,/, had/V been/V hit/V harder/P :/P A/N large/I sheet/N of/I its/N concrete/N facade/N and/C several/J window/N _OOV_/N were/V torn/V away/N ./.
The/D _OOV_/N staff/N had/V ,/, kindly/N ,/, set/D out/D lighted/N candles/N in/I the/D ballroom/N ,/, prepared/V a/D _OOV_/N buffet/N and/I passed/I around/J pillows/N and/I blankets/N ./.
I/P fell/V asleep/N on/I the/D lobby/N floor/N ,/, next/V to/T a/D man/N wearing/N a/D Chicago/N _OOV_/N jacket/N ./.
I/P expected/V him/P to/T say/V ,/, ``/N I/, told/V you/P so/R ,/, ''/N but/V he/P already/V was/V snoring/N ./.
The/D journalistic/N consensus/N was/V that/V the/D earthquake/N made/V the/D World/N Series/N seem/V unimportant/V ./.
My/V response/N was/V that/D sports/N rarely/V are/V important/V ,/, only/V diverting/V ,/, and/V the/D quake/N merely/I highlighted/V that/D fact/N ./.
Should/V the/D rest/N of/I the/D Series/N be/V played/N at/I all/D ?/.
The/D quake/N and/I baseball/N were/V n't/R related/J ,/, unlike/V the/D massacre/N of/I athletes/N that/I attended/V the/D 1972/N _OOV_/N ./.
That/P heavily/N politicized/N event/N learned/V nothing/P from/I the/D horrifying/N experience/N ,/, and/V seems/V doomed/V to/T repeat/V it/N ./.
Two/N _OOV_/N _OOV_/N ./.
This/N has/I been/V widely/N dubbed/V the/D BART/N Series/N ,/, after/V the/D local/D subway/N line/N ,/, and/V the/D Bay/N Bridge/N Series/N ./.
_OOV_/N fly/N at/I _OOV_/N for/I the/D death/N of/I _OOV_/N _OOV_/N ,/, the/D late/N baseball/N commissioner/N ,/, and/V now/N the/D Bay/N Bridge/N lies/I in/I ruins/N ./.
A/N Series/N that/I was/V shaping/N up/N as/I the/D _OOV_/N since/I the/D _OOV_/N _OOV_/N _OOV_/N go/V of/I 1984/N has/I become/V memorable/V in/I the/D least/N fortunate/V way/N ./.
Still/N ,/, its/D edge/N is/V lost/V ./.
It/P now/V will/P be/R played/V mostly/J for/I the/D record/N ,/, and/V should/R be/R wrapped/V up/R as/D quickly/V as/V possible/V ,/, without/V ``/N off/V ''/N days/N ./.
And/P I/P will/R never/V again/P complain/V about/V a/D _OOV_/N ./.
The/D disarray/N in/I the/D junk-bond/N market/N that/I began/V last/I month/N with/I a/D credit/N crunch/N at/I Campeau/N Corp./N has/I offered/V commercial/N banks/N a/I golden/N opportunity/N to/T play/V a/D greater/D role/N in/I financing/N _OOV_/N takeovers/N ./.
But/V two/N big/N New/N York/N banks/N seem/V to/T have/V kicked/V those/V chances/V away/P ,/, for/D the/D moment/N ,/, with/V the/D embarrassing/N failure/N of/I _OOV_/N and/I Chase/N Manhattan/N Corp./N to/T deliver/V $/N 7.2/N billion/N in/I bank/N financing/N for/I a/D leveraged/N buy-out/N of/I United/N Airlines/N parent/N UAL/N Corp/N ./.
For/N more/V than/V a/D decade/N ,/, banks/N have/V been/V pressing/V Congress/N and/I banking/N regulators/N for/I expanded/I powers/N to/T act/N like/V securities/N firms/N in/I playing/N Wall/N Street/N 's/, lucrative/N takeover/N game/N ,/, from/I giving/D mergers/N advice/N all/V the/D way/N to/T selling/N and/I trading/N high-yield/N junk/N bonds/N ./.
Those/P expanded/V powers/N reached/V their/V zenith/D in/I July/N when/I Bankers/N Trust/N New/N York/N Corp./N provided/I mergers/N advice/N ,/, an/D equity/N investment/N and/I bank/N loans/N for/I the/D $/N _OOV_/N billion/N leveraged/N buy-out/N of/I _OOV_/N Airlines/N parent/N _OOV_/N Inc/N ./.
One/P of/I the/D major/J selling/N points/N used/V by/I Los/N Angeles/N financier/N Alfred/N _OOV_/N in/I getting/V the/D takeover/N approved/V was/V that/V the/D deal/N did/V n't/V include/V any/D junk/N bonds/N ./.
That/V was/V seen/V as/D an/D advantage/N in/I lobbying/N airline/N employees/N and/I Washington/N regulators/N for/I approval/N of/I the/D contested/J takeover/N ./.
All/N $/N _OOV_/N billion/N in/I debt/N for/I the/D deal/N was/V supplied/V by/D banks/N ./.
Charles/N _OOV_/N ,/, _OOV_/N of/I mergers/N and/I acquisitions/N at/I Salomon/N Brothers/N Inc./N ,/, says/V it/P is/V natural/N for/I banks/N to/T try/V to/T expand/V beyond/D their/V _OOV_/N business/N of/I providing/D senior/N debt/N for/I _OOV_/N ./.
But/V the/D UAL/N collapse/N ,/, he/P says/V ,/, ``/N may/I tell/V you/P it/P 's/P not/R going/V to/T work/V that/V easily/R ./, ''/N
David/N _OOV_/N ,/, a/D mergers/N adviser/N in/I La/N _OOV_/N ,/, Calif./N ,/, who/P aided/V Los/N Angeles/N investor/N Marvin/N Davis/N on/I the/D bids/N which/I put/V both/D UAL/N and/I _OOV_/N in/I play/N as/D takeover/N candidates/N this/V year/N ,/, says/V that/D banks/N have/V been/V ``/N preparing/V to/T play/V a/D larger/J and/I larger/V role/N in/I acquisition/N financing/N ./, ''/N
Mr./N _OOV_/N says/V that/D in/I the/D past/N ,/, banks/N would/T normally/V have/V loaned/V 65/N %/N of/I a/D total/N buy-out/N price/N ,/, with/V the/D loans/N secured/V by/I the/D target/N company/N 's/, assets/N ./.
Another/D 20/N %/N of/I the/D borrowed/V funds/N would/P come/V from/I the/D sale/N to/T investors/N of/I junk/N bonds/N ,/, which/D offer/V less/V security/N and/I typically/N carry/V higher/J yields/V than/V bank/N loans/N ./.
Mr./N _OOV_/N 's/, purchase/N of/I _OOV_/N ,/, Mr./N _OOV_/N notes/N ,/, ``/N was/V probably/V the/D most/J aggressive/V to/T date/N ,/, ''/N with/I bank/N debt/N at/I 85/N %/N of/I the/D purchase/N price/N ./.
But/V Mr./N _OOV_/N says/V that/D _OOV_/N 's/, ``/N failure/N to/T deliver/V ''/N on/I its/D promise/N to/T raise/V the/D UAL/N bank/N debt/N for/I a/D labor-management/N buy-out/N group/N ``/N is/I very/V distressing/V to/T potential/N users/N of/I a/D `/N _OOV_/N '/N letter/N from/I commercial/N banks/N ./, ''/N
His/V client/N ,/, Mr./N Davis/N ,/, used/V just/V such/V a/D letter/N from/I _OOV_/N in/I pursuing/J UAL/N ;/, _OOV_/N later/V agreed/V to/T work/N with/I a/D competing/N UAL/N buy-out/N group/N ./.
Executives/N of/I _OOV_/N and/I Chase/N Manhattan/N declined/V to/T comment/V on/I either/V the/D UAL/N situation/N ,/, or/V on/I the/D changing/D nature/N of/I banks/N '/N role/N in/I financing/N takeovers/N ./.
In/D the/D wake/J of/I Campeau/N 's/, problems/N ,/, prices/N of/I junk/N bonds/N tumbled/N ,/, throwing/N into/I doubt/N the/D ability/N of/I corporate/N _OOV_/N to/T finance/N large/I takeovers/N with/I the/D help/V of/I junk/N bond/N sales/N ./.
Mark/N _OOV_/N ,/, senior/N managing/N director/N at/I Manufacturers/N _OOV_/N Trust/N Co./N ,/, says/V the/D _OOV_/N in/I junk/N bonds/N may/V yet/V open/V new/J business/N opportunities/N to/T banks/N in/I structuring/N takeovers/N ./.
But/V he/P warns/V that/D banks/N will/I have/V ``/N to/T have/V enough/V discipline/N ''/N not/I to/T make/V loans/N that/I are/V too/V risky/V ./.
In/D fact/N ,/, Manufacturers/N _OOV_/N said/V in/I its/D third-quarter/N earnings/N report/N that/I fees/N from/I _OOV_/N loans/N to/T other/V banks/N dropped/V 48/N %/N ,/, to/T $/N 21/N million/N ./.
``/N We/, did/V n't/V take/V part/N in/I a/D lot/V of/I deals/N because/V their/V credit/N quality/N was/V poor/V ,/, ''/N says/V a/D bank/N spokesman/N ./.
James/N B./N Lee/N ,/, head/N of/I _OOV_/N and/C private/J placements/N at/I Chemical/N Banking/N Corp./N ,/, said/V he/P believes/V banks/N can/V still/V make/V a/D credible/N offer/V of/I _OOV_/N shopping/N for/D takeover/N finance/N ./.
As/V evidence/N ,/, he/P cites/V yesterday/V 's/P arrangement/N for/I the/D final/N financing/N of/I a/D $/N 3/N billion/N bid/N for/I American/N Medical/N International/N Inc./N in/I which/D Chemical/N served/V as/D both/I the/D lead/N bank/N and/C an/D equity/N investor/N ./.
Beyond/N the/D current/J weakness/N in/I the/D junk/N bond/N market/N ,/, banks/N have/V another/D advantage/N over/I investment/N banks/N in/I financing/N contested/V takeovers/N ./.
Arthur/N _OOV_/N Jr./N ,/, a/D takeover/N lawyer/N at/I Fried/N Frank/N Harris/N _OOV_/N &/N _OOV_/N ,/, notes/N that/I ``/N a/D political/N and/C emotional/N bias/N ''/N has/I developed/V against/V junk/N bonds/N ./.
One/P hostile/V bidder/N who/P deliberately/V avoided/V using/V junk/N bonds/N was/V Paramount/N Communications/N Inc./N in/I its/D initial/V offer/V to/T acquire/V Time/N Inc./N for/I $/N _OOV_/N billion/N ,/, or/V $/N 175/N a/D share/N ./.
A/N Paramount/N spokesman/N says/V that/D decision/N was/V based/J on/D the/D financial/N ,/, not/V political/N ,/, drawbacks/N of/I junk/N bonds/N ./.
But/V some/V observers/N believe/V Paramount/N Chairman/N Martin/N Davis/N wanted/V to/T avoid/V the/D possible/D taint/N of/I being/N perceived/V as/D a/D corporate/N raider/N in/I his/V controversial/J bid/N for/I Time/N ./.
In/D the/D end/N ,/, Mr./N Davis/N used/V junk/N bonds/N so/P that/D he/P could/R raise/V Paramount/N 's/, bid/N to/I $/N 200/N a/D share/N ./.
Some/N _OOV_/N quarterbacks/N said/V the/D initial/V lower/J bid/N ,/, without/V junk/N bonds/N ,/, was/V a/D factor/N in/I his/V losing/V the/D company/N ./.
Time/N eluded/V Paramount/N by/I acquiring/N Warner/N Communications/N Inc/N ./.
The/D success/N of/I the/D _OOV_/N financing/N ,/, and/V the/D failure/N of/I the/D UAL/N deal/N ,/, also/V seem/V to/T highlight/V the/D important/J new/J role/N in/I takeover/N financing/N being/V played/V by/J Japanese/N banks/N ./.
Japanese/N banks/N accounted/N for/I 50/N %/N of/I the/D _OOV_/N bank/N debt/N ,/, according/V to/T a/D report/N by/I Transportation/N Secretary/N Samuel/N _OOV_/N ./.
But/V it/P was/V _OOV_/N rejection/N by/I Japanese/N banks/N that/I helped/V seal/N the/I fate/N of/I the/D attempt/N to/T buy/V UAL/N ./.
_OOV_/N and/I Chase/N are/V attempting/V to/T put/V together/V a/D new/J ,/, lower/J bid/N ./.
_OOV_/N _OOV_/N ,/, chief/N economist/N of/I the/D Institute/N for/I Financial/N Affairs/N Inc./N ,/, a/D Tokyo/N research/N center/N on/I finance/N and/I economics/N ,/, says/V ,/, ``/N The/P junk/N bond/N market/N became/V very/V _OOV_/N ,/, and/V there/V 's/P a/D fear/N of/I a/D coming/V recession/N and/C the/D possible/D bankruptcy/N of/I _OOV_/N companies/N ./.
_OOV_/N Inc./N filed/N suit/N in/I federal/N court/N here/N ,/, alleging/N that/I a/D group/N that/I holds/I _OOV_/N %/N of/I its/D stock/N made/V ``/N false/V ,/, deceptive/N and/I misleading/V ''/N statements/N in/I recent/J regulatory/N filings/N and/I public/N announcements/N ./.
_OOV_/N 's/, complaint/N claims/N that/I the/D group/N ,/, led/V by/D investor/N Malcolm/N _OOV_/N _OOV_/N ,/, violated/V securities/N laws/N by/I failing/V to/T disclose/V plans/N to/T purchase/N 15/N %/N of/I the/D company/N 's/, shares/N outstanding/N and/C that/D when/V the/D required/D Hart-Scott-Rodino/N filing/N eventually/N was/V made/V ,/, it/P did/V n't/R disclose/V the/D group/N 's/, alleged/V earlier/V violation/N of/I the/D so-called/N _OOV_/N requirements/N of/I the/D law/N ./.
Mr./N _OOV_/N could/P n't/R immediately/P be/P reached/V to/T comment/V ./.
But/V when/V _OOV_/N last/I week/N publicly/N questioned/V the/D legality/N of/I the/D group/N 's/, filing/N procedures/N ,/, the/D Rochester/N ,/, N.Y./N ,/, investor/N said/V ``/N we/P complied/V with/I every/D law/N ,/, ''/N and/C he/P denied/V any/D wrongdoing/N ./.
The/D _OOV_/N group/N said/V in/I a/D Securities/N and/C Exchange/N Commission/N filing/N in/I early/J October/N that/I it/P may/V seek/V a/D controlling/V interest/N in/I _OOV_/N ,/, or/V seek/V representation/N on/I the/D company/N 's/, board/N ./.
_OOV_/N has/I said/V it/P does/V n't/R intend/V to/T be/V acquired/V by/I the/D _OOV_/N group/N or/I any/D other/J party/N ./.
Inland/N Steel/N Industries/N Inc./N ,/, battered/N by/I lower/J volume/N and/C higher/J costs/N ,/, posted/N a/D 75/N %/N drop/V in/I third-quarter/N earnings/N ./.
The/D nation/N 's/, _OOV_/N steelmaker/N earned/V $/N _OOV_/N million/N ,/, or/V 43/N cents/N a/I share/N ,/, compared/V with/D $/N 61/N million/N ,/, or/V $/N _OOV_/N a/D share/N ,/, a/D year/N earlier/V ,/, when/V the/D industry/N was/V enjoying/V peak/N demand/N and/I strong/J pricing/N ./.
Sales/N fell/V to/D $/N _OOV_/N million/N from/I $/N 1.02/N billion/N ./.
The/D earnings/N also/I mark/N a/D significant/J drop/V from/I the/D second/D quarter/N 's/, $/N _OOV_/N million/N or/V $/N 1.25/N a/D share/N ./.
Moreover/N ,/, the/D earnings/N were/V well/V below/N analysts/N '/, expectations/N of/I about/V $/N _OOV_/N a/D share/N ./.
In/D composite/N trading/N on/I the/D New/N York/N Stock/N Exchange/N ,/, Inland/N closed/V yesterday/N at/I $/N _OOV_/N a/D share/N ,/, down/V $/N 1/N ./.
The/D company/N attributed/V the/D earnings/N drop/V to/T lower/V volume/N related/J to/D seasonal/N demand/N and/I the/D soft/J consumer/N durable/V market/N ,/, especially/V in/I the/D automotive/N sector/N ./.
However/P ,/, the/D company/N also/V lost/V orders/N because/V of/I prolonged/J labor/N talks/N in/I the/D second/J quarter/N ./.
Third-quarter/N shipments/N slipped/V 7/N %/N from/I the/D year-ago/N period/N ,/, and/J 17/N %/N from/I this/D year/N 's/, second/D quarter/N ./.
Profit/N of/I steel/N shipped/V for/D the/D company/N 's/, steel/N segment/N slid/V to/T $/N 26/N a/D ton/N ,/, from/I $/N 66/N a/D ton/N a/D year/N earlier/V and/V $/N 57/N a/D ton/N a/D quarter/N earlier/V ./.
Analysts/N noted/V that/V the/D disappointing/N results/N do/V n't/V reflect/V lower/J prices/N for/I steel/N products/N ./.
Charles/N Bradford/N ,/, an/D analyst/N with/I Merrill/N Lynch/N Capital/N Markets/N ,/, said/V higher/J prices/N for/I galvanized/N and/I _OOV_/N products/N offset/V lower/J prices/N for/I bar/N ,/, _OOV_/N and/I structural/N steel/N ./.
Structural/N steel/N ,/, which/D primarily/N serves/I the/D construction/N market/N ,/, was/V especially/V hurt/V by/I a/D 15/N %/N price/N drop/V ,/, Mr./N Bradford/N said/V ./.
The/D company/N said/V its/D integrated/V steel/N sector/N was/V also/V hurt/V by/I higher/J raw/J material/N ,/, repair/V and/J maintenance/N ,/, and/J labor/N costs/N ./.
The/D increased/V labor/N costs/N became/V effective/V Aug./N 1/N under/I terms/N of/I the/D four-year/N labor/N agreement/N with/I the/D United/N _OOV_/N union/N ./.
Meanwhile/N ,/, the/D company/N 's/, service/N center/N segment/N ,/, which/D saw/V operating/N profit/N drop/V to/T $/N 11.5/N million/N from/I $/N _OOV_/N million/N a/I year/N ago/N ,/, experienced/V much/V of/I the/D same/D demand/N and/I cost/N problems/N ,/, as/D well/V as/D start-up/N costs/N associated/V with/D a/D coil/N processing/N facility/N in/I Chicago/N and/C an/D upgraded/N computer/N information/N system/N ./.
Inland/N Chairman/N Frank/N W./N _OOV_/N said/V the/D company/N 's/, short-term/N outlook/N is/I ``/N clouded/N by/I uncertainties/N in/I the/D economy/N and/I financial/N markets/N ./, ''/N
However/P ,/, he/P noted/V that/D steel/N mill/N bookings/N are/V up/V from/I early/V summer/N levels/N ,/, and/J that/D he/P expects/V the/D company/N to/T improve/V its/D cost/N performance/N in/I the/D fourth/N quarter/N ./.
In/D the/D first/D nine/N months/N ,/, profit/N was/V $/N 113/N million/N ,/, or/V $/N _OOV_/N a/D share/N ,/, on/D sales/N of/I $/N _OOV_/N billion/N ,/, compared/V with/D $/N _OOV_/N million/N ,/, or/V $/N _OOV_/N a/D share/N ,/, on/D sales/N of/I $/N _OOV_/N billion/N ,/, a/D year/N earlier/V ./.
The/D ``/N seismic/N ''/N activity/N of/I a/D financial/N market/N bears/N a/I resemblance/N to/T the/D seismic/N activity/N of/I the/D earth/N ./.
When/P things/P are/V quiet/V -LRB-/N low/I volatility/N -RRB-/N ,/, the/D structures/N on/I which/D markets/N stand/V can/V be/V relatively/V inefficient/V and/V still/V perform/V their/V functions/N adequately/N ./.
However/P ,/, when/V powerful/V forces/N start/V shaking/V the/D market/N 's/, structure/N ,/, the/D more/V ``/N _OOV_/N ''/N it/P is/V ,/, the/D better/V its/D chance/N for/I survival/N ./.
America/N 's/, financial/N markets/N do/V not/V yet/V have/V all/V the/D required/J modern/I features/N required/I to/T make/V them/P fully/V ``/N _OOV_/N ./, ''/N
Investors/N lack/V equal/D access/N to/T the/D markets/N '/, trading/N arena/N and/I its/D information/N ./.
That/D structural/N lack/V is/V crucial/V because/V investors/N are/V the/D only/D source/N of/I market/N liquidity/N ./.
And/P liquidity/N is/V what/N markets/N need/V to/T damp/V quakes/N and/C aftershocks/N ./.
In/D today/V 's/P markets/N ,/, specialists/N -LRB-/N on/I the/D New/N York/N Stock/N Exchange/N -RRB-/N and/I ``/N upstairs/N ''/N market/N makers/N -LRB-/N in/I the/D over-the-counter/N market/N -RRB-/N are/V the/D only/D market/N participants/N allowed/V to/T play/V a/D direct/D role/N in/I the/D _OOV_/N process/N ./.
When/P they/P halt/V trading/N ,/, all/V market/N liquidity/N is/I gone/V ./.
And/P when/R any/D component/N of/I the/D market/N --/N cash/N ,/, futures/N or/I options/N --/N loses/D liquidity/N ,/, the/D price/N discovery/N system/N -LRB-/N the/I way/N prices/N are/V determined/V -RRB-/N becomes/N flawed/N or/I is/V lost/V entirely/N for/I a/D time/N ./.
Last/V Friday/N the/I 13th/N -LRB-/N as/I well/V as/D two/N years/N ago/V this/V week/N -RRB-/N the/D markets/N became/V _OOV_/N ./.
When/P that/V happened/V ,/, ``/N seismic/N ''/N tremors/N of/I fear/N --/N much/V like/V the/D shock/N waves/N created/V by/D an/D earthquake/N --/N _OOV_/N through/I the/D market/N and/C increased/J the/D market/N 's/, volatility/N ./.
_OOV_/N of/I important/J ,/, needed/V information/N can/V cause/V fear/N ./.
_OOV_/N is/V the/D father/N of/I panic/N ./.
_OOV_/N frequently/I results/N in/I irrational/V behavior/N ./.
And/P in/I financial/N markets/N ,/, irrational/V behavior/N is/V sometimes/N translated/I into/D catastrophe/N ./.
When/P market/N tremors/N start/I ,/, it/P is/V crucial/V that/V as/D much/V information/N about/I transaction/N prices/N and/I the/D _OOV_/N curve/N -LRB-/N buy/V and/J sell/V orders/N at/I various/J prices/N -RRB-/N be/R made/V available/V to/T all/V ,/, not/V just/V to/T market/N makers/N ./.
Because/N of/I a/D lack/N of/I information/N and/I access/N ,/, many/V investors/N --/N including/V the/D very/V ones/N whose/I buying/V power/N could/P restore/D stability/N and/C damp/N volatility/N --/N are/V forced/V to/T stand/V on/D the/D sidelines/N when/V they/P are/V most/V needed/V ,/, because/V of/I their/V ignorance/N of/I important/J market/N information/N ./.
To/N add/I _OOV_/N power/N to/T America/N 's/P markets/N ,/, a/D modern/J ,/, electronic/N trading/N system/N should/P be/V implemented/V that/D permits/I equal/D access/N to/T the/D trading/N arena/N -LRB-/N and/I the/D information/N that/I would/V automatically/N accompany/V such/J access/N -RRB-/N by/I investors/N --/N particularly/I institutional/N investors/N ./.
_OOV_/N to/T some/V opinions/N ,/, the/D trading/N activities/N of/I specialists/N and/V other/J market/N makers/N do/V not/V provide/V liquidity/N to/T the/D market/N as/I a/D whole/N ./.
What/D market/N makers/N provide/I is/V immediacy/N ,/, a/D very/V valuable/V service/N ./.
_OOV_/N is/V not/V a/D service/N ./.
It/P is/V a/D market/N attribute/N --/N the/D ability/N to/T absorb/V selling/N orders/N without/V causing/V significant/J price/N changes/N in/I the/D absence/N of/I news/N ./.
Market/N makers/N buy/V what/P investors/N wish/P to/T sell/V ;/V their/V business/N is/I _OOV_/N these/I unwanted/V positions/N as/I quickly/V as/V possible/V to/T other/V investors/N ,/, and/J at/I a/D profit/N ./.
As/P a/D result/D ,/, while/V any/D one/N customer/N may/V purchase/N immediacy/N by/I selling/N to/T a/D market/N maker/N -LRB-/N which/I is/V _OOV_/N for/I the/D investor/N -RRB-/N ,/, the/D market/N as/I a/D whole/D remains/N in/I the/D same/D circumstances/N it/P was/V before/V the/D transaction/N :/, The/N unwanted/V position/N is/V still/V an/D unwanted/V position/N ;/, only/V the/D identity/N of/I the/D seller/N has/I changed/D ./.
In/D fact/V it/P can/V be/P argued/V that/D increasing/V capital/N commitments/N by/I market/N makers/N -LRB-/N a/I result/V of/I some/V _OOV_/N crash/N studies/N -RRB-/N also/I increases/V market/N volatility/N ,/, since/V the/D more/V securities/N are/V held/I by/D market/N makers/N at/I any/D given/V time/N ,/, the/D more/V selling/N pressure/N is/I overhanging/N the/D market/N ./.
In/D an/D open/J electronic/N system/N ,/, any/D investor/N wishing/V to/T pay/V for/D real-time/N access/N to/T the/D trading/N arena/N through/I a/D registered/N broker-dealer/N would/P be/R able/V to/T see/J the/D entire/D _OOV_/N curve/N -LRB-/N buy/V and/J sell/V orders/N at/I each/D price/N -RRB-/N entered/V by/D dealers/N and/I investors/N alike/V ,/, and/V to/T enter/V and/J execute/V orders/N ./.
Current/N quotations/N would/T reflect/V the/D combined/J financial/N judgment/N of/I all/D market/N participants/N --/N not/I just/V those/P of/I intermediaries/N who/P become/V extremely/N _OOV_/N during/I times/N of/I crisis/N ./.
Investors/N and/I professionals/N alike/V would/D compete/V on/I the/D level/N playing/V field/N Congress/N sought/V and/J called/V a/D ``/N national/N market/N system/N ''/N -LRB-/N not/I yet/V achieved/V -RRB-/N almost/I 15/N years/N ago/V when/V it/P passed/I the/D Securities/N Reform/N Act/N of/I _OOV_/N ./.
Last/V Friday/N 's/, market/N _OOV_/N did/V not/V result/V in/I severe/J ``/N aftershocks/N ./, ''/N
Were/N we/P smart/N or/I just/V lucky/N ?/.
I/P 'm/V not/V certain/V ./.
But/V I/P am/V sure/V we/P need/V to/T maximize/V our/N ``/N earthquake/N ''/N protection/N by/I making/V certain/V that/D our/N market/N structures/N let/V investors/N add/V their/V mighty/N _OOV_/N power/N to/T our/P nation/N 's/, markets/N ./.
Mr./N _OOV_/N is/I chairman/N of/I his/V own/V consulting/N company/N in/I _OOV_/N ,/, N.J/N ./.
NOW/N YOU/N _OOV_/N IT/N ,/, now/V you/P do/V n't/R ./.
The/D recession/N ,/, that/V is/V ./.
The/D economy/N 's/, _OOV_/N steps/N leave/V investors/N wondering/V whether/D things/N are/V slowing/V down/V or/D speeding/V up/R ./.
So/P often/V are/V government/N statistics/N revised/I that/D they/P seem/V to/T resemble/V a/D spinning/N weather/N vane/N ./.
For/N the/I past/J seven/N years/N ,/, investors/N have/V had/V the/D wind/N at/I their/V backs/N ,/, in/I the/D form/N of/I a/D generally/N growing/I economy/N ./.
Some/P may/V have/V forgotten/V --/N and/I some/V younger/V ones/N may/V never/P have/V experienced/V --/N what/P it/P 's/P like/V to/T invest/V during/V a/D recession/N ./.
_OOV_/N tactics/N are/V called/V for/D ,/, as/D losing/V money/N becomes/V easier/V and/V making/D money/N becomes/V tougher/N ./.
For/N those/P investors/N who/P believe/V --/N or/I fear/V --/N that/I 1990/N will/I be/P a/D recession/N year/N ,/, many/V economists/N and/I money/N managers/N agree/V on/D steps/N that/I can/V be/P taken/V to/T lower/V the/D risks/N in/I a/D portfolio/N ./.
In/D a/D nutshell/N ,/, pros/N advise/N investors/N who/, expect/V a/D slowdown/N to/T hold/V fewer/V stocks/N than/V usual/D and/J to/T favor/V shares/N of/I big/D companies/N in/I ``/N defensive/N ''/N industries/N ./.
A/N heavy/V dose/N of/I cash/N is/V prescribed/N ,/, along/I with/D a/D _OOV_/N allotment/N to/T bonds/N --/N preferably/I government/N bonds/N ./.
It/P 's/P tempting/N to/T think/V these/V defensive/N steps/N can/V be/P delayed/V until/N a/D recession/N is/V clearly/N at/I hand/N ./.
But/V that/V may/V not/R be/R possible/V ,/, because/V recessions/N often/V take/V investors/N by/I surprise/V ./.
``/N They/, always/V seem/V to/T come/V a/D bit/N later/V than/V you/P expect/V ./.
When/P they/P do/V hit/N ,/, they/P hit/V fast/N ,/, ''/N says/V David/N A./N _OOV_/N ,/, chief/N financial/N economist/N at/I the/D Data/N Resources/N division/N of/I McGraw-Hill/N Inc/N ./.
Though/N he/P himself/P does/V n't/V expect/V a/D recession/N soon/, ,/, Mr./N _OOV_/N advises/N people/N who/, do/V that/D ``/N the/D best/N thing/N to/T be/P in/I is/V long/V that/V is/V ,/, _OOV_/N to/T 30-year/N Treasury/N bonds/N ./, ''/N
The/D reason/N is/V simple/V ,/, Mr./N _OOV_/N says/V :/N ``/N Interest/N rates/N almost/I always/D decline/N during/I recession/N ./, ''/N
As/V surely/V as/D a/D _OOV_/N tilts/N ,/, falling/D interest/N rates/N force/N up/P the/D price/N of/I previously/N issued/I bonds/N ./.
They/P are/V worth/V more/V because/V they/P pay/V higher/J interest/N than/V newly/N issued/I bonds/N do/V ./.
That/D effect/N holds/I true/V for/I both/D short-term/N and/I long-term/N bonds/N ./.
But/V short-term/N bonds/N ca/V n't/V rise/N too/V much/V ,/, because/V everyone/P knows/V they/P will/R be/V redeemed/N at/I a/D preset/N price/N fairly/V soon/P ./.
_OOV_/N bonds/N ,/, with/V many/V years/N left/V before/V maturity/N ,/, swing/V more/V widely/N in/I price/N ./.
But/V not/V just/V any/D bonds/N will/V do/V ./.
Corporate/N bonds/N ``/N are/V usually/V not/R a/D good/V bet/N in/I a/D recession/N ,/, ''/N Mr./N _OOV_/N says/V ./.
As/V times/V get/V tougher/N ,/, investors/N fret/N about/V whether/D companies/N will/V have/V enough/R money/N to/T pay/V their/V debts/N ./.
This/T hurts/N the/D price/N of/I corporate/N bonds/N ./.
Also/R ,/, he/P notes/N ,/, ``/N most/I corporate/N bonds/N are/V _OOV_/N ./, ''/N
That/P means/V that/V a/D corporation/N ,/, after/V a/D specified/V amount/N of/I time/N has/I passed/I ,/, can/V buy/V back/P its/D bonds/N by/I paying/V investors/N the/I face/N value/N -LRB-/N plus/N ,/, in/I some/V cases/N ,/, a/D sweetener/N -RRB-/N ./.
When/P interest/N rates/N have/V dropped/V ,/, it/P makes/V sense/N for/I corporations/N to/T do/V just/V that/V ;/V they/P then/P save/D on/D interest/N costs/N ./.
But/V the/D investors/N are/V left/V stranded/N with/I money/N to/T _OOV_/N at/I a/D time/V when/V interest/N rates/N are/V _OOV_/N ./.
If/N corporate/N bonds/N are/V bad/V in/D recessions/N ,/, junk/N bonds/N are/V likely/V to/T be/R the/D worst/N of/I all/D ./.
It/P 's/P an/D ``/N absolute/I necessity/N ''/N to/T get/V out/V of/I junk/N bonds/N when/V a/D recession/N is/V in/I the/D _OOV_/N ,/, says/V _OOV_/N _OOV_/N ,/, professor/N of/I finance/N at/I Cornell/N University/N ./.
``/N Such/N bonds/N are/V very/V sensitive/V to/T the/D downside/N ,/, and/J this/D could/P be/R a/D disaster/N ./, ''/N
Municipal/N bonds/N are/V generally/V a/D bit/N safer/V than/D corporate/N bonds/N in/I a/D recession/N ,/, but/V not/V as/D safe/V as/D bonds/N issued/I by/J the/I federal/N government/N ./.
During/V an/D economic/N slump/N ,/, local/I tax/N revenues/N often/V go/V down/V ,/, raising/V the/D risks/N associated/V with/D at/I least/N some/V _OOV_/N ./.
And/P ,/, like/V corporates/N ,/, many/V municipal/J bonds/N are/V _OOV_/N ./.
But/R a/D few/V experts/N ,/, going/V against/V the/D consensus/N ,/, do/V n't/R think/V bonds/N would/I help/P investors/N even/V if/V a/D recession/N is/V in/I the/D _OOV_/N ./.
One/P of/I these/J is/D Jeffrey/N L./N Beach/N ,/, director/N of/I research/N for/I _OOV_/N _OOV_/N &/N Co./N ,/, a/D brokerage/N house/N in/I Houston/N ,/, who/P thinks/V that/D ``/N we/P 're/V either/V in/I a/D recession/N or/I about/V to/T go/V into/D one/N ./, ''/N
What/R 's/, more/V ,/, he/P thinks/V this/V could/P be/R a/D _OOV_/N recession/N than/V usual/V :/N ``/N Once/N the/D downturn/N comes/V ,/, it/P 's/P going/V to/T be/V very/V hard/V to/T reverse/V ./, ''/N
Investors/N ,/, he/P advises/N ,/, ``/N should/P be/R cautious/V ,/, ''/N holding/I fewer/V stocks/N than/V usual/D and/J also/N shunning/I bonds/N ./.
Because/N he/P sees/V ``/N 5/N %/N to/T 6/N %/N base/N rate/N of/I inflation/N in/I the/D economy/N ,/, ''/N he/P doubts/N that/I interest/N rates/N will/V fall/V much/V any/V time/N soon/, ./.
Instead/N ,/, Mr./N Beach/N says/V ,/, investors/N ``/N probably/V should/P be/R carrying/V a/D very/V high/V level/N of/I cash/N ,/, ''/N by/I which/D he/P means/V such/V so-called/N cash/N equivalents/N as/I _OOV_/N funds/N and/I Treasury/N bills/N ./.
_OOV_/N _OOV_/N ,/, president/N of/I _OOV_/N Financial/N Inc./N in/I _OOV_/N ,/, Pa./N ,/, also/V recommends/N that/I investors/N go/V heavily/N for/I cash/N ./.
He/P is/V n't/R sure/V a/D recession/N is/V coming/V ,/, but/V says/V the/D other/J likely/V alternative/V --/N _OOV_/N inflation/N --/N is/V just/V as/D bad/V ./.
``/N This/N late/N in/I an/D expansion/N ,/, ''/N the/I economy/N tends/V to/T veer/N off/V either/V into/D damaging/V inflation/N or/I into/V a/D recession/N ,/, Mr./N _OOV_/N says/V ./.
The/D Federal/N Reserve/N Board/N 's/, plan/N for/I a/D ``/N soft/V landing/N ,/, ''/N he/P says/V ,/, requires/V the/D Fed/N to/T navigate/N ``/N an/D _OOV_/N corridor/N ./, ''/N
A/N soft/V landing/N is/V n't/V something/P that/V can/V be/V achieved/V once/P and/J for/D all/D ,/, Mr./N _OOV_/N adds/I ./.
It/P has/V to/T be/V engineered/V over/D and/J over/D again/N ,/, month/N after/I month/N ./.
He/P believes/V that/V the/D task/N facing/V Fed/N Chairman/N Alan/N Greenspan/N is/V so/R difficult/V that/V it/P resembles/V ``/N juggling/N a/I _OOV_/N ax/N and/C a/D buzz/N saw/I ./P ''/N
And/P ,/, in/I a/D sense/N ,/, that/V 's/P the/D kind/N of/I task/N individuals/N face/N in/I deciding/V what/N to/T do/V about/V stocks/N --/N the/D mainstay/N of/I most/J serious/V investors/N '/, portfolios/N ./.
It/P comes/V down/V to/T a/D question/N of/I whether/N to/T try/V to/T ``/N time/N ''/N the/D market/N ./.
For/N people/N who/, can/V ride/N out/D market/N waves/N through/I good/V times/N and/I bad/N ,/, stocks/N have/V been/V rewarding/N long-term/N investments/N ./.
Most/V studies/N show/N that/D _OOV_/N investors/N historically/V have/V earned/V an/D annual/N return/N from/I stocks/N of/I 9/N %/N to/T 10/N %/N ,/, including/V both/D dividends/N and/I price/N appreciation/N ./.
That/P 's/P well/V above/V what/N bonds/N or/I bank/N certificates/N have/V paid/V ./.
Moreover/N ,/, because/V no/D one/N knows/V for/D sure/V just/V when/V a/D recession/N is/V coming/V ,/, some/V analysts/N think/V investors/N should/P n't/V even/V worry/V too/V much/V about/V timing/N ./.
``/N _OOV_/N to/T time/V the/D economy/N is/V a/D mistake/N ,/, ''/N says/V David/N Katz/N ,/, chief/N investment/N officer/N of/I Value/N Matrix/N Management/N Inc./N in/I New/N York/N ./.
Mr./N Katz/N notes/N that/I some/V economists/N have/V been/V predicting/V a/D recession/N for/I at/I least/N two/N years/N ./.
Investors/N who/P listened/V ,/, and/V lightened/N up/I on/I stocks/N ,/, ``/N have/V just/V hurt/V themselves/P ,/, ''/N he/P says/V ./.
Mr./N Katz/N adds/I that/D people/N who/P jump/N in/I and/J out/D of/I the/D stock/N market/N need/V to/T be/R right/N about/I 70/N %/N of/I the/D time/N to/T beat/V a/D _OOV_/N strategy/N ./.
_OOV_/N trading/N runs/N up/I high/V commission/N costs/N ./.
And/P the/D _OOV_/N might/V miss/V the/D sudden/J _OOV_/N that/I account/N for/I much/V of/I the/D stock/N market/N 's/, gains/N over/I time/N ./.
Still/N ,/, few/V investors/N are/V able/V to/T sit/V tight/N when/V they/P are/V convinced/V a/D recession/N is/V coming/V ./.
After/V all/V ,/, in/I all/D five/N recessions/N since/I _OOV_/N ,/, stocks/N declined/V ./.
According/N to/T _OOV_/N Davis/N ,/, president/N of/I _OOV_/N Davis/N Research/N Inc./N in/I _OOV_/N ,/, _OOV_/N ,/, the/D average/N drop/V in/I the/D Dow/N Jones/N Industrial/N Average/N was/V about/V 21/N %/N ,/, and/V the/D decrease/N began/I an/D average/N of/I six/N months/N before/V a/D recession/N officially/N started/V ./.
By/P the/D time/N a/D recession/N is/I ``/N official/N ''/N -LRB-/N two/N consecutive/N quarters/N of/I declining/J gross/N national/N product/N -RRB-/N ,/, much/V of/I the/D damage/N to/T stocks/N has/I already/V been/V _OOV_/N ,/, in/I the/D typical/N case/N ,/, the/D recession/N is/V already/V half/V over/D ./.
About/N six/N months/N before/V a/D recession/N ends/N ,/, stocks/N typically/V begin/V to/T rise/N again/N ,/, as/D investors/N anticipate/V a/D recovery/N ./.
The/D average/N recession/N lasts/V about/V a/D year/N ./.
Unfortunately/V ,/, though/V ,/, recessions/N vary/I enough/V in/I length/N so/R that/D the/D average/N ca/V n't/V reliably/V be/V used/V to/T guide/N investors/N in/I timing/J stock/N sales/N or/I purchases/N ./.
But/V whatever/P their/V advice/N about/V timing/N ,/, none/N of/I these/J experts/N recommend/V _OOV_/N stocks/N entirely/N during/I a/D recession/N ./.
For/N the/I portion/N of/I an/D investor/N 's/, portfolio/N that/I stays/N in/I stocks/N ,/, professionals/N have/V a/D number/N of/I suggestions/N ./.
Mr./N Katz/N advocates/N issues/N with/I low/J _OOV_/N ratios/N --/N that/I is/V ,/, low/J prices/N in/I relation/N to/T the/D company/N 's/, earnings/N per/V share/N ./.
``/N _OOV_/N _OOV_/N ''/N stocks/N ,/, he/P says/V ,/, vastly/N outperform/V others/N ``/N during/I a/D recession/N or/I bear/N market/N ./, ''/N
In/D good/V times/N ,/, he/P says/V ,/, they/P lag/V a/D bit/N ,/, but/V overall/V they/P provide/V superior/D performance/N ./.
Prof./N _OOV_/N urges/N investors/N to/T discard/V stocks/N in/I small/J companies/N ./.
_OOV_/N shares/N typically/N fall/I more/V than/V _OOV_/N stocks/N in/I a/D recession/N ,/, he/P says/V ./.
And/P in/V any/D case/N ,/, he/P argues/V ,/, stocks/N of/I small/J companies/N are/V ``/N almost/I as/D overpriced/N as/I they/P were/V Sept./N 30/N ,/, 1987/N ,/, just/V before/V the/D crash/N ./, ''/N
For/N example/N ,/, Mr./N _OOV_/N says/V ,/, stocks/N of/I small/J companies/N are/V selling/N for/I about/V 19/N times/N cash/N flow/N ./.
_OOV_/N flow/N ,/, basically/V earnings/N plus/V depreciation/N ,/, is/V one/N common/I gauge/N of/I a/D company/N 's/, financial/N health/N ./, -RRB-/N
That/D ratio/N is/V dangerously/N close/V to/T the/D ratio/N of/I _OOV_/N that/I prevailed/V before/V the/D 1987/N _OOV_/N crash/N ,/, Mr./N _OOV_/N says/V ./.
And/P it/P 's/P way/P above/V the/D ratio/N -LRB-/N _OOV_/N times/N cash/N flow/N -RRB-/N that/I bigger/D companies/N are/V selling/N for/I ./.
Another/D major/V trick/N in/I making/D a/D portfolio/N _OOV_/N is/V choosing/D stocks/N in/I ``/N defensive/N ''/N industries/N ./.
Food/N ,/, tobacco/N ,/, drugs/N and/I utilities/N are/V the/D classic/J examples/N ./.
Recession/N or/I not/R ,/, people/N still/V eat/V ,/, smoke/N ,/, and/V take/V medicine/N when/V they/P 're/V sick/V ./.
George/N _OOV_/N III/N ,/, editor/N of/I _OOV_/N Letter/N in/I Boston/N ,/, offers/N one/N final/I tip/N for/I _OOV_/N investors/N ./.
``/N Keep/N some/V money/N available/V for/D opportunities/N ,/, ''/N he/P says/V ./.
``/N If/N the/I recession/N does/V hit/N ,/, there/V will/T be/R some/V great/D investment/N opportunities/N just/V when/V things/P seem/V the/D blackest/N ./, ''/N
Mr./N Dorfman/N covers/I investing/N issues/N from/I The/P Wall/N Street/N Journal/N 's/, New/N York/N bureau/N ./.
Some/P industry/N groups/N consistently/N weather/N the/D storm/N better/V than/V others/N ./.
The/D following/V shows/D the/D number/N of/I times/N these/I industries/N outperformed/V the/I Standard/N &/N Poor/N 's/, _OOV_/N Index/N during/I the/D first/D six/N months/N of/I the/D past/J seven/N recessions/N ./.
Bond/N prices/N posted/V strong/V gains/N as/I investors/N went/V on/I a/D bargain/P hunt/N ./.
But/V while/V the/D overall/N market/N improved/V ,/, the/D _OOV_/N junk-bond/N market/N continued/V to/T count/V casualties/N ,/, even/V as/D junk-bond/N prices/N rose/V ./.
Yesterday/N ,/, Prudential-Bache/N Securities/N Inc./N said/V it/P postponed/V a/D $/N _OOV_/C million/N senior/N subordinated/I _OOV_/N offering/N by/I York/N International/N Corp/N ./.
And/P Donaldson/N ,/, Lufkin/N &/N Jenrette/N Securities/N Corp./N scrambled/V to/T restructure/N and/I improve/V the/D potential/N returns/N on/I a/D $/N _OOV_/N million/N _OOV_/N offering/N by/I Chicago/N &/N North/N Western/N Acquisition/N Corp./N that/I was/V still/V being/V negotiated/V late/N last/I night/N ./.
The/D issue/N by/I Chicago/N &/N North/N Western/N is/I one/N of/I the/D so-called/N good/V junk-bond/N offerings/N on/I the/D _OOV_/N calendar/N ./.
Some/V analysts/N said/V the/D restructuring/N of/I the/D railroad/N concern/N 's/, issue/N shows/I how/D tough/V it/P is/V for/D underwriters/N to/T sell/V even/V the/D junk/N bonds/N of/I a/D company/N considered/V to/T be/R a/D relatively/N good/V credit/N risk/N ./.
Since/V last/V week/N 's/, junk-bond/N market/N debacle/N ,/, many/V new/J issues/N of/I high-yield/N ,/, high-risk/N corporate/N bonds/N have/V either/V been/V scaled/V back/N ,/, delayed/V or/D dropped/V ./.
On/P Wednesday/N ,/, Drexel/N Burnham/N Lambert/N Inc./N had/V to/T slash/N the/I size/N of/I Continental/N Airlines/N '/N junk-bond/N offering/N to/T $/N 71/N million/N from/I $/N 150/N million/N ./.
Salomon/N Brothers/N Inc./N has/I delayed/V Grand/N Union/N Co./N 's/, $/N _OOV_/N billion/N junk-bond/N offering/N while/V it/N _OOV_/N the/D transaction/N ./.
Last/V week/N ,/, the/D Grand/N Union/N offering/N was/V sweetened/N to/T include/V warrants/N that/I allow/V _OOV_/N to/T acquire/V common/J stock/N ./.
Prudential-Bache/N said/V the/D York/N issue/N was/V delayed/V because/V of/I market/N conditions/N ./.
``/N Everything/N is/V going/V through/D _OOV_/N right/N now/N ,/, and/J -LCB-/N Chicago/N &/N North/N Western/N -RCB-/N is/V no/V exception/N ,/, ''/N said/V _OOV_/N _OOV_/N ,/, vice/N president/N ,/, high-yield/N research/N ,/, at/I _OOV_/N ./.
_OOV_/N managers/N say/V sweeteners/N like/V equity/N kickers/N and/I stricter/N protective/N covenants/N may/N increasingly/N be/R required/V to/T sell/V junk-bond/N deals/N ./.
Dan/N _OOV_/N ,/, managing/N director/N of/I high-yield/N investments/N at/I Chancellor/N Capital/N Management/N ,/, said/V the/D Chicago/N &/N North/N Western/N offering/N was/V restructured/N in/I part/N because/I ``/N several/C large/J insurance/N buyers/N right/N now/N are/V demanding/V equity/N as/I part/N of/I the/D package/N ./.
If/N you/P 're/V going/V to/T take/V the/D risk/N in/I this/D market/N ,/, you/P want/V something/P extra/V ./, ''/N
Mr./N _OOV_/N likes/V the/D offering/N ./.
But/V several/V mutual-fund/N managers/N ,/, nervous/N about/I the/D deteriorating/N quality/N of/I their/V junk-bond/N portfolios/N and/I shy/V about/V buying/V new/J issues/N ,/, said/V they/P 're/V staying/V away/P from/I any/D junk/N security/N that/I is/V n't/R considered/V first/I rate/N for/I its/D class/N ./.
While/V they/P consider/V the/D Chicago/N &/N North/N Western/N issue/N to/T be/R good/V ,/, they/P do/V n't/V view/N it/P as/V the/D best/N ./.
To/N lure/N buyers/N to/T the/D Chicago/N &/N North/N Western/N bonds/N ,/, portfolio/N managers/N said/V Donaldson/N Lufkin/N sweetened/N the/I transaction/N by/I offering/V the/D bonds/N with/I a/D _OOV_/N interest/N rate/N and/I a/D 10/N %/N equity/N kicker/N ./.
The/D bonds/N are/V expected/V to/T have/V a/D 14/N %/N coupon/N rate/N ./.
The/D equity/N arrangement/N apparently/I would/V allow/V _OOV_/N to/T buy/V a/D total/N of/I 10/N %/N of/I the/D stock/N of/I _OOV_/N Corp./N ,/, Chicago/N &/N North/N Western/N 's/, parent/N company/N ./.
Donaldson/N Lufkin/N declined/V to/T comment/V on/D the/D restructuring/N ./.
According/N to/T some/V analysts/N familiar/I with/D the/D negotiations/N ,/, the/D 10/N %/N of/I equity/N would/P come/V directly/N from/I Donaldson/N Lufkin/N and/C a/D fund/N affiliated/N with/I the/D investment/N bank/N _OOV_/N Group/N ,/, which/D would/V reduce/V their/V _OOV_/N equity/N holdings/N by/I 5/N %/N each/N ./.
That/P would/R leave/V the/D _OOV_/N fund/N with/I a/D 60/N %/N stake/N and/I Donaldson/N Lufkin/N with/I 15/N %/N ./.
Despite/N the/D problems/N with/I new/J issues/N ,/, high-yield/N bonds/N showed/V gains/N in/I the/D secondary/N ,/, or/V resell/N ,/, market/N ./.
_OOV_/N bonds/N ended/I about/V one-half/N point/N higher/J with/D so-called/N high-quality/N issues/N from/I RJR/N Capital/N Holdings/N Corp./N and/I _OOV_/N Gas/N Service/N Limited/N _OOV_/N rising/I one/J point/N ./.
In/D the/D Treasury/N market/N ,/, the/D benchmark/N 30-year/N bond/N rose/V _OOV_/N point/N ,/, or/V $/N 8.75/N for/I each/D $/N 1,000/N face/V amount/N ./.
The/D gain/V reflects/I fresh/N economic/N evidence/N that/I inflation/N is/V moderating/N while/I the/D economy/N slows/N ./.
That/P raised/V hopes/N that/I interest/N rates/N will/I continue/V to/T move/V lower/J ./.
The/D Labor/N Department/N reported/V that/D consumer/N prices/N rose/V just/D 0.2/N %/N last/I month/N ,/, slightly/N lower/I than/V some/V economists/N had/V expected/V ./.
But/V there/V were/V also/V rumors/N yesterday/V that/V several/J Japanese/N institutional/N investors/N were/V shifting/D their/V portfolios/N and/I buying/V long-term/N bonds/N while/V selling/N _OOV_/N Treasurys/N ./.
Short-term/N Treasury/N securities/N ended/I narrowly/N mixed/N ,/, with/I two-year/N notes/N posting/N slight/V declines/N while/V three-year/N notes/N were/V slightly/N higher/N ./.
Yesterday/N ,/, the/D Fed/N executed/V four-day/N matched/V sales/N ,/, a/D technical/N trading/N operation/N designed/V to/T drain/N reserves/N from/I the/D banking/N system/N ./.
The/D move/V was/V interpreted/V by/I some/V economists/N as/I a/D sign/N that/I the/D Fed/N does/V n't/V want/V the/D federal/N funds/N rate/N to/T move/V any/D lower/V than/V the/D 8/N %/N at/I which/D it/V has/V been/V hovering/V around/N during/I the/D past/N week/N ./.
The/D closely/N watched/V funds/N rate/N is/V what/N banks/N charge/N each/I other/J on/D overnight/N loans/N ./.
It/P is/V considered/V an/D early/J signal/N of/I Fed/N credit/N policy/N changes/N ./.
``/N The/V fact/V that/V they/P did/V four-day/N matched/V sales/N means/V they/P are/V not/V in/I a/D mood/N to/T ease/V aggressively/N ./.
They/P are/V telling/V us/N that/I -LCB-/N 8/N %/N -RCB-/N is/V as/D low/V as/D they/P want/V to/T see/J the/D fed/N funds/N rate/N ,/, ''/N said/V Robert/N _OOV_/N at/I _OOV_/N Bank/N PLC/N ./.
The/D benchmark/N 30-year/N bond/N was/V quoted/V late/N at/I a/D price/N of/I 101/N to/T yield/V _OOV_/N %/N ,/, compared/V with/D 100/N to/T yield/V _OOV_/N %/N Wednesday/N ./.
The/D latest/V 10-year/N notes/N were/V quoted/V late/N at/I 100/N to/T yield/V _OOV_/N %/N ,/, compared/V with/D 99/N to/T yield/V _OOV_/N %/N ./.
Short-term/N rates/N rose/V yesterday/N ./.
The/D discount/N rate/N on/I three-month/N Treasury/N bills/N rose/V to/N _OOV_/N %/N from/I _OOV_/N %/N Wednesday/N ,/, while/V the/D rate/N on/I six-month/N bills/N rose/V to/N _OOV_/N %/N from/I _OOV_/N %/N ./.
Meanwhile/N ,/, the/D Treasury/N sold/V $/N _OOV_/N billion/N of/I _OOV_/N bills/N yesterday/N ./.
The/D average/N yield/V on/I the/D bills/N was/V _OOV_/N %/N ,/, down/V from/I _OOV_/N %/N at/I the/D previous/D _OOV_/N bill/N auction/N Sept./N 21/N ./.
Yesterday/V 's/P yield/V was/V the/D lowest/N since/I _OOV_/N %/N on/I July/N 27/N ./.
Here/N are/V details/N of/I the/D auction/N :/.
Rates/N are/V determined/V by/I the/D difference/N between/I the/D purchase/N price/N and/I face/V value/N ./.
Thus/N ,/, higher/J bidding/N narrows/N the/D investor/N 's/, return/V while/V lower/J bidding/N widens/V it/N ./.
The/D percentage/N rates/N are/V calculated/V on/D a/D 360-day/N year/N ,/, while/V the/D coupon-equivalent/N yield/V is/V based/J on/D a/D 365-day/N year/N ./.
_OOV_/N bond/N price/N climbed/V yesterday/V despite/V skittishness/N in/I the/D _OOV_/N market/N for/I high-yield/N securities/N ./.
Dealers/N said/V junk/N bond/N issues/N on/I average/N were/V up/V by/I to/D point/N with/I so-called/N quality/N issues/N from/I RJR/N Capital/N Holdings/N Corp./N and/I _OOV_/N Gas/N Service/N Limited/N _OOV_/N posting/N _OOV_/N gains/N ./.
_OOV_/N Gas/N Service/N 's/, 13/N %/N debentures/N traded/N at/I 102/N ,/, after/V trading/N around/I par/N earlier/I this/D week/N ,/, and/J RJR/N 's/, 13/N %/N subordinated/N debentures/N of/I 2001/N were/V at/I 101/N after/I trading/N at/I below/N par/N earlier/V this/D week/N ./.
Investment-grade/N bonds/N were/V unchanged/D ./.
Activity/N was/V brisk/N in/I the/D _OOV_/N general/N obligation/N market/N ,/, as/D a/D series/N of/I sell/V lists/N hit/N the/D Street/N and/I capped/N upward/N price/N movement/N in/I the/D sector/N ./.
Traders/N estimated/N that/I more/V than/V $/N 140/N million/N of/I _OOV_/N bonds/N was/V put/V up/R for/D sale/N via/V _OOV_/N lists/N circulated/V by/I a/D handful/N of/I major/J brokers/N ./.
There/V was/V speculation/N that/I the/D supply/N was/V coming/V from/I a/D commercial/N bank/N 's/, portfolios/N ./.
According/N to/T market/N participants/N ,/, the/D bonds/N were/V met/V with/V decent/V bids/N ,/, but/V the/D volume/N of/I paper/N left/V high/J grades/N in/I the/D 10-year/N and/C under/I maturity/N range/N unchanged/I to/T _OOV_/N percentage/N point/N higher/I in/I yield/V ./.
_OOV_/N from/I the/D general/J obligation/N sector/N ,/, activity/N was/V modest/V ./.
Long/N dollar/N bonds/N were/V flat/V to/T up/V point/N ./.
New/N Jersey/N _OOV_/N Authority/N 's/, 7.20/N %/N issue/N of/I _OOV_/N was/V up/V at/I 98/N bid/N to/T yield/V about/V 7.32/N %/N ,/, down/V _OOV_/N percentage/N point/N ./.
The/D debt/N of/I some/V California/N issuers/N pulled/V off/N lows/N reached/I after/V Tuesday/N 's/, massive/V earthquake/N ,/, although/V traders/N said/V market/N participants/N remained/V cautious/N ./.
California/N expects/I to/T rely/V on/D federal/N emergency/N funds/N and/I its/D $/N _OOV_/N billion/N in/I general/J fund/N reserves/N to/T meet/V the/D estimated/N $/N 500/N million/N to/T $/N 1/N billion/N in/I damages/N resulting/V from/I the/D quake/N ,/, according/V to/T a/D state/N official/N ./.
It/P 's/P also/N unclear/V precisely/V how/P the/D state/N will/I rebuild/V its/D reserve/N ,/, said/V _OOV_/N Katz/N ,/, assistant/N director/N of/I California/N 's/, department/N of/I finance/N ,/, although/V she/P noted/V that/V a/D bond/N offering/N for/D that/D purpose/N is/V n't/R anticipated/V ./.
Meanwhile/N ,/, new/V issuance/N was/V slow/V ./.
The/D largest/N sale/N in/I the/D competitive/N arena/N was/V a/D $/N _OOV_/N million/N issue/N of/I school/N financing/N bonds/N from/I the/D _OOV_/N Public/N School/N Authority/N ./.
A/N balance/N of/I $/N _OOV_/N million/N remained/V in/D late/N _OOV_/N ,/, according/V to/T the/D lead/N manager/N ./.
Mortgage/N securities/N generally/V ended/V to/D point/N higher/N ,/, but/V lagged/V gains/N in/I the/D Treasury/N market/N because/V of/I a/D shift/N in/I the/D shape/N of/I the/D Treasury/N yield/V curve/N and/I rumored/V mortgage/N sales/N by/I thrifts/N ./.
Premium/N Government/N National/N Mortgage/N Association/N securities/N with/I coupon/N rates/N of/I 13/N %/N and/C higher/J actually/V declined/V amid/V concerns/N about/V increased/J prepayments/N because/V of/I a/D plan/N being/P considered/V by/I Congress/N to/T speed/N the/I refinancing/N of/I _OOV_/N mortgages/N ./.
Ginnie/N Mae/N 13/N %/N securities/N were/V down/V about/V at/I _OOV_/N ./.
If/N the/I refinancing/N plan/N clears/N Congress/N ,/, there/V could/R be/R fairly/V heavy/V prepayments/N on/I the/D premium/N securities/N ,/, hurting/N any/D investor/N paying/V much/V above/V par/N for/I them/P ./.
In/D the/D _OOV_/N sector/N ,/, a/D shift/N in/I the/D Treasury/N yield/V curve/N resulting/V from/I the/D better/V performance/N of/I _OOV_/N issues/N over/I _OOV_/N securities/N hurt/V major/J coupons/N because/V it/P will/V become/V more/V difficult/V to/T structure/N new/N derivative/N securities/N offerings/N ./.
Ginnie/N Mae/N 9/N %/N securities/N ended/I at/I 98/N ,/, up/V 9/N ,/, 9/N %/N
%/N to/T a/D 12-year/N average/N life/N assumption/N ,/, as/D the/D spread/V above/V the/D Treasury/N 10-year/N note/N widened/N _OOV_/N percentage/N point/N to/T _OOV_/N ./.
While/N Remic/N issuance/N may/I slow/V in/I the/D coming/V days/N because/V of/I the/D shift/N in/I the/D Treasury/N yield/V curve/N ,/, underwriters/N continued/I to/T crank/N out/I new/V real/N estate/N mortgage/N investment/N conduits/N structured/N when/I the/D yield/V curve/N was/V more/V favorable/V ./.
Two/N new/I _OOV_/N totaling/N $/N 900/N million/N were/V announced/V by/N Freddie/N Mac/N yesterday/N ./.
British/N government/N bonds/N ended/I little/V changed/D as/D investors/N awaited/N an/D economic/N policy/N address/N last/I night/N by/N Chancellor/N of/I the/D _OOV_/N Nigel/N _OOV_/N ./.
The/D Treasury/N 11/N %/N bond/N due/V was/V down/V at/I 111/N to/T yield/V _OOV_/N %/N ,/, while/V the/D 11/N %/N notes/N due/J 1991/N were/V unchanged/D at/I 98/N to/T yield/V _OOV_/N %/N ./.
In/D Japan/N ,/, the/D bellwether/N No./N 111/N 4.6/N %/N bond/N of/I 1998/N ended/I off/N _OOV_/N at/I _OOV_/N ,/, to/T yield/V _OOV_/N %/N ,/, and/N in/I West/N Germany/N ,/, the/D 7/N %/N benchmark/N issue/N due/V October/N 1999/N ended/I _OOV_/N point/N lower/I at/I _OOV_/N to/T yield/V _OOV_/N %/N ./.
