``/N We/, 're/P strongly/V recommending/N that/V anyone/V who/V has/D eaten/N in/I the/D cafeteria/N this/I month/N have/V the/D shot/V ,/, ''/N Mr./N _OOV_/N added/N ,/, ``/N and/N that/V means/V virtually/D everyone/V who/V works/N here/N ./.
I/P was/V appalled/V to/V read/V the/D _OOV_/N of/I facts/N in/I your/, Oct./N 13/N editorial/N ``/N _OOV_/N 's/, _OOV_/N _OOV_/N ./, ''/N
It/P is/V the/D _OOV_/N guerrillas/N who/V are/V aligned/I with/D the/D drug/N traffickers/N ,/, not/V the/D left/D wing/N ./.
This/N information/N was/I gleaned/N from/I your/, own/V news/N stories/N on/I the/D region/N ./.
Past/N _OOV_/N government/N tolerance/N of/I the/D ``/N _OOV_/N ''/N was/V due/V to/V the/D drug/N lords/, '/N history/N of/I wiping/V out/V leftists/N in/I the/D hinterlands/N ./.
Mary/N _OOV_/N Palo/N Alto/N ,/, Calif/N ./.
I/P suggest/V that/V The/. Wall/N Street/N Journal/N -LRB-/N as/I well/V as/D other/I U.S./N news/N publications/N of/I like/V mind/V -RRB-/N should/V put/V its/D money/N where/V its/D mouth/N is/V :/N _OOV_/N computer/N equipment/N to/V replace/V that/V damaged/N at/I El/N _OOV_/N ,/, buy/V ad/N space/N ,/, publish/V stories/V under/N the/I _OOV_/N of/I El/N _OOV_/N journalists/N ./.
Perhaps/P an/D arrangement/N could/V be/D worked/N out/V to/D ``/N sponsor/N ''/N El/N _OOV_/N journalists/N and/I staff/N by/I paying/N for/I added/N security/N in/I exchange/N for/I exclusive/N stories/N ./.
_OOV_/N El/N _OOV_/N 's/, courage/V with/D real/N support/N ./.
Douglas/N B./N Evans/N
_OOV_/N Co/N ./, -LRB-/N Atlanta/N -RRB-/N --/N _OOV_/N _OOV_/N and/N George/N _OOV_/N were/I elected/N vice/N presidents/N of/I this/D _OOV_/N company/N ./.
Mr./N _OOV_/N ,/, 46/N years/N old/I ,/, is/V the/D company/N 's/, director/N of/I quality/N assurance/N ;/, most/I recently/N ,/, he/V served/N as/I vice/N president/N ,/, operations/N ,/, for/D Coca-Cola/N _OOV_/N ./.
Mr./N _OOV_/N ,/, 48/N ,/, is/V manager/N for/I corporate/N manufacturing/N operations/N ;/, he/V was/I assistant/N vice/N president/N at/I the/D company/N ./.
In/V the/D wake/N of/I a/D slide/N in/I sterling/N ,/, a/D tailspin/N in/I the/D stock/N market/N ,/, and/V a/D string/N of/I problematic/D economic/N indicators/N ,/, British/N Chancellor/N of/I the/D _OOV_/N Nigel/N _OOV_/N promised/N gradual/I improvement/N in/I the/D U.K./N economy/N ./.
In/V a/D speech/N prepared/N for/I delivery/N to/I London/N 's/, financial/N community/N ,/, Mr./N _OOV_/N summed/I up/V current/N economic/N policy/N as/I a/D battle/D to/V _OOV_/N inflation/N out/V of/D the/D British/N economy/N ,/, using/N high/N interest/N rates/N as/I ``/N the/I essential/N instrument/I ''/N to/V carry/N out/V the/D campaign/N ./.
Two/N weeks/N after/V boosting/N base/N rates/N to/I 15/N %/N ,/, he/V pledged/N that/I ``/N rates/N will/V have/V to/V remain/V high/N for/I some/V time/D to/V come/V ./, ''/N
Mr./N _OOV_/N also/N made/I it/V clear/D that/V he/V would/V be/V watching/V exchange/N rates/N carefully/V ./.
A/N sinking/N pound/N makes/I imports/N more/I expensive/V and/N increases/N businesses/N '/N expectations/N of/I future/V inflation/N ,/, he/V argued/N ./.
In/V an/I apparent/V warning/N to/I currency/N traders/N who/V have/V lately/N been/I selling/N the/I British/N currency/N ,/, he/V stated/V that/V the/D exchange/N rates/N will/V have/V a/D ``/N major/N role/N in/I the/D assessment/N of/I monetary/N conditions/N ./, ''/N
In/V reaffirming/N the/I current/N monetary/N policy/N of/I using/N high/N interest/N rates/N to/V fight/P inflation/N and/N shore/N up/V the/D pound/N ,/, Mr./N _OOV_/N dismissed/N other/I approaches/N to/I managing/N the/I economy/N ./.
He/P said/V he/V monitors/N the/I _OOV_/N figures/N ,/, but/V does/V n't/P give/V them/V paramount/V importance/I ,/, as/V some/D private/N and/N government/N economists/N have/V suggested/V ./.
Mr./N _OOV_/N also/N dismissed/N the/I possibility/N of/I imposing/V direct/J credit/N controls/N on/I Britain/N 's/, financial/N system/N ./.
Mr./N _OOV_/N 's/, speech/N ,/, delivered/N at/I the/D Lord/N Mayor/N of/I London/N 's/, annual/N dinner/N at/I _OOV_/N House/N ,/, came/V on/I the/D heels/N of/I a/D grueling/N period/I for/I the/D U.K./N economy/N ./.
Two/N weeks/N ago/N ,/, in/I a/D campaign/N to/V blunt/V inflation/N at/I home/N and/V arrest/N a/I world-wide/N plunge/N in/I the/D pound/N ,/, he/V raised/V base/N rates/N a/I full/D percentage/N point/V to/D 15/N %/N ./.
Despite/N the/I increase/N ,/, the/D British/N currency/N slid/I below/N a/I perceived/V threshold/N of/I three/N marks/I early/N last/I week/N ./.
It/P was/V quoted/N at/I _OOV_/N marks/N in/I late/N New/N York/N trading/N Wednesday/N ./.
_OOV_/N up/V to/V the/D speech/N was/I a/D _OOV_/N of/I economic/N statistics/N suggesting/V that/V the/D British/N war/N on/I inflation/N will/V be/V more/D bruising/N than/I previously/V assumed/V ./.
_OOV_/N in/I September/N dropped/I to/D _OOV_/N ,/, the/D lowest/N level/N since/I 1980/N ./.
While/N lower/I _OOV_/N is/I generally/V good/V news/N ,/, the/D hefty/N drop/V last/V month/N indicates/V that/V the/D economy/N is/N n't/, slowing/N down/V as/V much/D as/V hoped/V --/N despite/V a/D doubling/N of/I interest/N rates/N over/I the/D last/V 16/N months/N ./.
Meanwhile/N ,/, average/N earnings/N in/I Britain/N were/V up/D 8.75/N %/N in/I August/N over/I the/D previous/D year/N ./.
Another/N inflationary/N sign/I came/V in/I a/D surge/N in/I _OOV_/N lending/N to/V a/D record/N #/N _OOV_/N billion/N -LRB-/N $/N _OOV_/N billion/N -RRB-/N last/I month/N ,/, a/V much/D higher/N level/N than/I economists/N had/V predicted/N ./.
In/V a/D separate/N speech/N prepared/N for/I delivery/N at/I the/D dinner/N ,/, Robin/N _OOV_/N ,/, Bank/N of/I England/N governor/N ,/, conceded/V that/D ``/N demand/N pressures/N were/V even/V more/D buoyant/N than/I had/V been/V appreciated/V ''/N when/V the/D British/N economy/N was/I heating/N up/V last/V year/N ./.
He/P added/N that/I ``/N there/I 's/, no/D _OOV_/N solution/N ''/N to/V the/D economic/N woes/N ,/, and/V said/V ``/N tight/I monetary/N policy/N is/I the/D right/V approach/N ./, ''/N
_OOV_/N the/I recent/N slide/N in/I stock/N prices/N ,/, the/D central/N bank/N governor/N stated/V that/D ``/N the/I markets/N now/I appear/V to/V have/D _OOV_/N ''/N after/V the/D ``/N nasty/N jolt/N ''/N of/I the/D _OOV_/N plunge/N in/I the/D Dow/N Jones/N Industrial/N Average/N a/I week/V ago/N ./.
Although/N the/I New/N York/N market/N plunge/I prompted/N a/I _OOV_/N drop/V in/I the/D London/N Financial/N Times-Stock/N Exchange/N 100/N Share/N Index/N ,/, Mr./N _OOV_/N declared/N ``/N that/V the/D experience/N owed/N nothing/V to/V the/D particular/D problems/N of/I the/D British/N economy/N ./, ''/N
Specifically/N ,/, he/V pointed/D out/V that/V compared/I with/D the/D U.S./N market/N ,/, the/D U.K./N has/I far/V fewer/D highly/N leveraged/N junk-bond/N _OOV_/N ./.
_OOV_/N future/I monetary/N arrangements/N ,/, Mr./N _OOV_/N repeated/I the/D Thatcher/N government/N 's/, commitment/N to/V join/V the/D exchange/N rate/N mechanism/N of/I the/D European/N _OOV_/N System/N ,/, but/V he/V did/V n't/P indicate/V when/V ./.
C./N Olivetti/N &/N Co./N ,/, claiming/V it/V has/D won/V the/D race/N in/I Europe/N to/V introduce/D computers/N based/N on/I a/D powerful/D new/N microprocessor/N chip/N ,/, unveiled/N its/I _OOV_/N computer/N yesterday/V ./.
The/N product/N is/I the/D first/N from/I a/D European/N company/N based/N on/I Intel/N Corp./N 's/, new/N _OOV_/N _OOV_/N microprocessor/N ,/, which/D works/N several/I times/V faster/V than/D previously/D available/N chips/N ./.
Hewlett-Packard/N Co./N became/N the/I first/I company/N world-wide/N to/I announce/N a/I product/N based/N on/I the/D chip/N earlier/I this/D month/N ,/, but/V it/V wo/V n't/P start/D shipping/N the/I computers/N until/I early/N next/V year/N ./.
An/N Olivetti/N spokesman/N said/V the/D company/N 's/, factories/N are/V already/D beginning/V to/V produce/N the/I machine/N ,/, and/V that/V it/D should/V be/V available/N in/I Europe/N by/I December/N ./.
``/N What/, this/V means/V is/V that/D _OOV_/N will/V have/V these/D machines/N in/I their/V offices/N before/V Americans/N do/V ,/, ''/N the/I spokesman/N said/V ./.
The/N new/N chip/N ``/N is/V a/D very/V big/N step/N in/I computing/N ,/, and/V it/D is/D important/N that/I Olivetti/N be/I one/N of/I the/D first/N out/V on/I the/D market/N with/I this/D product/N ,/, ''/N said/V _OOV_/N _OOV_/N Davis/N ,/, an/D analyst/N at/I James/N _OOV_/N &/N Co./N in/I London/N ./.
Executives/N at/I Olivetti/N ,/, whose/V earnings/N have/V been/V steadily/V sliding/V over/I the/D past/D couple/N of/I years/N ,/, have/V acknowledged/V that/V in/I the/D past/D they/V have/V lagged/N at/I getting/V new/N technology/N to/I market/N ./.
Ms./J Davis/N said/V the/D new/N machines/N could/V steal/V some/V sales/N away/V from/D Olivetti/N 's/, own/V minicomputers/N ,/, but/V would/V bring/V new/N sales/N among/I professionals/N such/N as/I engineers/N ,/, _OOV_/N and/N medical/N doctors/N ./.
Although/N Olivetti/N 's/, profits/N tumbled/N 40/N %/N in/I the/D first/I half/N of/I this/D year/N ,/, she/V believes/V Olivetti/N 's/, restructuring/N last/V fall/D and/N its/I introduction/N of/I new/J products/N will/V begin/V to/D bear/V fruit/N with/I an/D earnings/N rebound/N next/V year/N ,/, especially/V if/V it/D can/V fulfill/V its/I promise/V to/V deliver/N the/I new/N machines/N by/I December/N ./.
``/N We/, think/V the/D worst/N is/V over/D ''/N in/I the/D European/N _OOV_/N market/N ,/, she/V said/V ./.
Depending/N on/I the/D type/N of/I software/N and/N peripherals/N used/N ,/, the/D machines/N can/V serve/V either/V as/V the/D main/N computer/N in/I a/D network/N of/I many/V terminals/N -LRB-/N a/I role/V usually/V filled/V by/I a/D minicomputer/N -RRB-/N ,/, as/V a/D technical/N workstation/N or/V as/V a/D very/V fast/V personal/N computer/N ./.
``/N It/, 's/, the/D missing/N link/N ''/N in/I Olivetti/N 's/, product/N line/N between/I small/V personal/N computers/N and/I _OOV_/N minicomputers/N ,/, the/D Olivetti/N spokesman/N said/V ./.
He/P added/N that/I Olivetti/N will/V continue/V making/V its/D _OOV_/N minicomputer/N line/N ./.
The/N machines/N will/V cost/N around/I $/N _OOV_/N on/I average/N in/I Europe/N ./.
The/N Intel/N _OOV_/N chip/N can/V process/N 15/N million/N instructions/N per/N second/N ,/, or/V _OOV_/N ,/, while/V Intel/N 's/, previous/D _OOV_/N chip/N could/V handle/V only/I 3/N to/I 6/N _OOV_/N ./.
Olivetti/N also/N plans/N to/V sell/N the/I _OOV_/N computer/N in/I the/D U.S./N starting/N next/V year/N through/I Olivetti/N USA/N and/N through/I its/D _OOV_/N unit/N ,/, which/D specializes/N in/I automating/N _OOV_/N networks/N ./.
_OOV_/N Inc./N said/V it/D received/N approval/N from/I the/D French/N government/N for/I its/D proposed/N $/N _OOV_/N million/N acquisition/N of/I _OOV_/N _OOV_/N ./.
The/P approval/N satisfies/N the/I remaining/D conditions/N of/I the/D purchase/N ,/, which/D is/V expected/V to/V close/D within/D two/N weeks/N ./.
_OOV_/N ,/, the/D second-largest/N maker/N of/I food/N cans/N in/I France/N ,/, had/V 1988/N sales/N of/I $/N 150/N million/N ./.
_OOV_/N has/I _OOV_/N workers/N at/I four/N canning/N manufacturing/N plants/N and/I one/N plastic/N container/N facility/N ./.
_OOV_/N makes/V flexible/V packaging/N films/N and/I machinery/N ,/, and/V materials/N for/I the/D food/N and/I pharmaceutical/N industries/N ./.
Social/N Security/N benefits/N will/V rise/D _OOV_/N %/N next/V year/N to/V keep/V pace/V with/I inflation/N ,/, boosting/N the/I average/N monthly/N benefit/N to/V $/N _OOV_/N from/I $/N _OOV_/N ,/, the/D Department/N of/I Health/N and/N Human/N Services/N announced/N ./.
The/P higher/N payments/N will/V start/D with/D Social/N Security/N checks/N received/N on/I Jan./N 3/N ,/, 1990/N ./.
_OOV_/N Security/N Income/N payments/N to/V the/D disabled/N also/V will/V rise/D _OOV_/N %/N ,/, starting/N with/I checks/N received/N on/I Dec./N 29/N ,/, 1988/N ,/, increasing/N the/I maximum/N _OOV_/N payment/N to/V $/N _OOV_/N from/I $/N _OOV_/N a/I month/N ./.
The/P inflation/N adjustment/N also/N means/V that/V the/D maximum/N annual/N level/N of/I earnings/N subject/V to/V the/D wage/N tax/N that/I generates/N revenue/N for/I the/D Social/N Security/N trust/N fund/N will/V rise/D to/V $/N _OOV_/N in/I 1990/N from/I $/N _OOV_/N this/I year/N ./.
As/, mandated/N by/I law/N ,/, the/D tax/N rate/N will/V rise/D to/D _OOV_/N %/N in/I 1990/N from/I _OOV_/N %/N and/N wo/V n't/P rise/D any/V further/V in/I the/D future/N ./.
This/N means/V that/V the/D maximum/N yearly/N Social/N Security/N tax/N paid/N by/I workers/N and/N employers/N each/V will/V rise/D $/N _OOV_/N next/V year/N to/V $/N _OOV_/N ./.
_OOV_/N aged/N 65/N through/I 69/N will/V be/V able/V to/V earn/V $/N _OOV_/N without/V losing/V any/V Social/N Security/N benefits/N in/I 1990/N ,/, up/V from/D $/N _OOV_/N this/I year/N ./.
The/N exempt/N amount/N for/I beneficiaries/N under/N 65/N will/V rise/D to/V $/N _OOV_/N from/I $/N _OOV_/N ./.
The/P adjustments/N reflect/I the/D increase/N in/I the/D consumer/N price/N index/N for/I urban/N wage/N earners/N and/N clerical/N workers/N from/I the/D third/D quarter/N of/I last/V year/N to/V the/D third/D quarter/N of/I this/D year/N ./.
_OOV_/N companies/N should/V get/V healthier/N in/I the/D third/D quarter/N ./.
_OOV_/N houses/N are/V expected/V to/D report/N earnings/N increases/N of/I about/I 15/N %/N on/I average/N for/I the/D third/D quarter/N ,/, despite/V sales/N increases/N of/I less/V than/D 10/N %/N ,/, analysts/V say/V ./.
To/N offset/N sluggish/N sales/N growth/N ,/, companies/N have/V been/V cutting/N staff/N ,/, mostly/N through/I attrition/N ,/, and/V slowing/N the/I growth/N in/I research/N and/N development/N spending/N ./.
Sales/N growth/N in/I the/D quarter/N was/I slowed/N by/I mounting/N pressure/N from/I groups/N of/I buyers/N ,/, such/N as/I hospitals/N ,/, to/V hold/V down/V prices/N ./.
_OOV_/N were/I also/N hurt/N by/I the/D stronger/D U.S./N dollar/N ,/, which/D makes/V sales/N abroad/N more/I difficult/V ./.
In/V some/D cases/N ,/, competition/V has/I squeezed/N margins/I ./.
_OOV_/N ,/, _OOV_/N &/N Co./N ,/, for/V example/N ,/, faces/V stiff/V competition/N from/I a/D Japanese/N supplier/N in/I the/D important/N syringe/N market/N ./.
The/. Franklin/N Lakes/N ,/, N.J./N ,/, company/N is/V expected/V to/D report/N sales/N growth/N of/I only/D 5/N %/N to/V 6/N %/N ,/, but/V should/V still/D maintain/N earnings/N growth/N of/I 10/N %/N ,/, says/V _OOV_/N E./N _OOV_/N ,/, an/D analyst/N with/I Duff/N &/N Phelps/N Inc/N ./.
Among/N the/I first/N of/I the/D group/N to/I post/N results/N ,/, Abbott/N Laboratories/N said/V third-quarter/N net/N income/N jumped/I 14/N %/N to/V $/N _OOV_/N million/N ,/, or/V 88/N cents/N a/I share/N ,/, from/V $/N _OOV_/N million/N ,/, or/V _OOV_/N cents/N a/I share/N ,/, a/D year/N earlier/I ./.
Sales/N for/I the/D company/N ,/, based/N in/I Abbott/N Park/N ,/, Ill./N ,/, rose/V _OOV_/N %/N to/V $/N 1.31/N billion/N from/I $/N _OOV_/N billion/N ./.
_OOV_/N International/N Inc./N yesterday/V reported/N net/N climbed/N 20/N %/N in/I the/D third/N period/I to/V $/N 102/N million/N ,/, or/V 34/N cents/N a/I share/N ,/, from/V $/N 85/N million/N ,/, or/V 28/N cents/N a/I share/N ,/, a/D year/N earlier/I ./.
Sales/N for/I the/D _OOV_/N ,/, Ill./N ,/, company/N rose/I 5.8/N %/N to/V $/N _OOV_/N billion/N from/I $/N 1.71/N billion/N ./.
But/P not/V every/V company/N expects/I to/V report/N increased/N earnings/N ./.
C.R./N Bard/N Inc./N yesterday/V said/V third-quarter/N net/N plunged/I 51/N %/N to/V $/N _OOV_/N million/N ,/, or/V 18/N cents/N a/I share/N ,/, from/V $/N 20/N million/N ,/, or/V 35/N cents/N a/I share/N ,/, a/D year/N earlier/I ./.
Sales/N fell/V 1.2/N %/N to/V $/N _OOV_/N million/N from/I $/N _OOV_/N million/N ./.
The/N Murray/N Hill/N ,/, N.J./N ,/, company/N said/V full-year/N earnings/N may/V be/V off/V 33/N cents/N a/I share/N because/V the/D company/N removed/N a/I catheter/N from/I the/D market/N ./.
In/D 1988/N ,/, the/D company/N earned/N $/N _OOV_/N a/I share/N ./.
The/N Food/N and/N Drug/N Administration/N had/V raised/V questions/V about/N the/I device/N 's/, design/N ./.
Some/N analysts/N add/V that/D _OOV_/N pressures/N to/V reduce/N health/N costs/N will/V continue/V to/D _OOV_/N companies/N '/N bottom/N lines/N ./.
Takeover/N speculation/N ,/, which/D has/V been/D _OOV_/N stocks/N of/I supply/N houses/N ,/, may/V also/V ease/N ,/, says/V Peter/N _OOV_/N ,/, an/D analyst/N with/I Drexel/N Burnham/N Lambert/N Inc/N ./.
``/N As/, that/D _OOV_/N ,/, you/P 're/P going/V to/V see/N the/I stocks/N probably/I wane/V as/V well/N ,/, ''/N he/V says/V ./.
_OOV_/N companies/N ,/, meanwhile/V ,/, are/V reporting/N improved/N earnings/N ./.
_OOV_/N by/I strong/V performances/N by/I its/D psychiatric/N hospitals/N ,/, National/N Medical/N _OOV_/N Inc./N ,/, Los/N Angeles/N ,/, reported/N net/N income/N of/I $/N 50/N million/N ,/, or/V 65/N cents/N a/I share/N ,/, for/V the/D first/N quarter/N ended/I Aug./N 31/N ,/, up/V from/D $/N 41/N million/N ,/, or/V 56/N cents/N a/I share/N ,/, a/D year/N earlier/I ./.
_OOV_/N Inc./N ,/, Louisville/N ,/, Ky./N ,/, also/V reported/N favorable/N results/N ,/, with/D net/N income/N of/I $/N 66.7/N million/N ,/, or/V 66/N cents/N ,/, in/I the/D fourth/D quarter/N ended/I Aug./N 31/N ,/, up/V from/D $/N _OOV_/N million/N ,/, or/V 59/N cents/N ,/, a/D year/N earlier/I ./.
Analysts/N say/V the/D handful/N of/I hospital/N companies/N that/V are/V still/D publicly/N traded/N are/V benefiting/N from/I several/D trends/N ./.
Most/N important/N ,/, hospital/N admission/N rates/N are/V stabilizing/N after/V several/I years/N of/I decline/N ./.
Moreover/N ,/, companies/N have/V sold/N off/V many/V of/I their/V smaller/N ,/, less-profitable/N hospitals/N and/V have/D completed/N painful/N _OOV_/N ./.
_OOV_/N 's/, revenues/N ,/, for/V example/N ,/, are/V being/D boosted/N by/I large/N increases/N in/I enrollments/N in/I the/D company/N 's/, health/N maintenance/N organizations/N ./.
_OOV_/N _OOV_/N _OOV_/N ,/, an/D analyst/N with/I _OOV_/N _OOV_/N _OOV_/N :/N ``/N The/. shakeout/N in/I the/D publicly/N traded/N companies/N is/I over/N ./.
Initial/N claims/N for/I regular/D state/N unemployment/N benefits/N rose/V to/V a/D seasonally/N adjusted/N _OOV_/N during/N the/I week/V ended/V Oct./N 7/N from/I _OOV_/N the/I previous/D week/N ,/, the/D Labor/N Department/N said/V ./.
The/P number/N of/I people/N receiving/V regular/D state/N benefits/N in/I the/D week/V ended/V Sept./N 30/N decreased/N to/V a/D seasonally/N adjusted/N _OOV_/N ,/, or/V 2.2/N %/N of/I those/V covered/N by/I unemployment/N insurance/N ,/, from/D _OOV_/N the/I previous/D week/N ,/, when/V the/D insured/N unemployment/N rate/N also/N was/I 2.2/N %/N ./.
_OOV_/N all/I state/N and/I federal/N benefit/N programs/N ,/, the/D number/N of/I people/N receiving/N unemployment/N benefits/N in/I the/D week/V ended/V Sept./N 30/N fell/V to/V _OOV_/N from/I _OOV_/N a/I week/V earlier/N ./.
These/N figures/I are/V n't/P seasonally/N adjusted/N ./.
A/N Labor/N Department/N spokesman/N said/V the/D unusually/N high/N number/N of/I initial/N claims/N for/I state/N unemployment/N benefits/N reflects/I the/D impact/N of/I Hurricane/N Hugo/N on/I southern/N states/N ,/, particularly/N North/N Carolina/N and/N South/N Carolina/N ./.
The/N figure/I also/V may/V reflect/D initial/N claims/N filed/N by/I striking/D _OOV_/N Corp./N workers/N who/V have/V become/V eligible/V for/V unemployment/N benefits/N ,/, the/D official/N said/V ./.
Digital/N Equipment/N Corp./N reported/N a/I 32/N %/N decline/N in/I net/N income/N on/I a/D modest/N revenue/N gain/N in/I its/D fiscal/N first/I quarter/N ,/, causing/N some/I analysts/V to/V predict/V weaker/D results/N ahead/V than/D they/V had/V expected/N ./.
Although/N the/D second-largest/N computer/N maker/N had/V prepared/N Wall/N Street/N for/I a/D poor/N quarter/N ,/, analysts/V said/V they/P were/V troubled/N by/I signs/N of/I flat/N U.S./N orders/N and/V a/D slowdown/N in/I the/D rate/N of/I gain/N in/I foreign/N orders/N ./.
The/N Maynard/N ,/, Mass./N ,/, company/N is/N in/I a/D transition/N in/I which/D it/V is/V trying/V to/V reduce/N its/I reliance/N on/I _OOV_/N machines/N and/N establish/N a/I presence/N in/I workstations/N and/N mainframes/N ./.
Net/N for/I the/D quarter/N ended/I Sept./N 30/N fell/V to/V $/N _OOV_/N million/N ,/, or/V $/N _OOV_/N a/I share/N ,/, from/V $/N _OOV_/N million/N ,/, or/V $/N 1.71/N a/I share/N ,/, a/D year/N ago/N ./.
Revenue/N rose/N 6.4/N %/N to/V $/N _OOV_/N billion/N from/I $/N _OOV_/N billion/N ./.
Digital/N said/V a/D shift/N in/I its/D product/N mix/N toward/I _OOV_/N products/N and/N strong/I growth/N in/I workstation/N sales/N yielded/I lower/N gross/N margins/N ./.
A/N spokesman/N also/N said/V margins/D for/I the/D company/N 's/, service/N business/N narrowed/I somewhat/D because/V of/D heavy/N investments/N made/I in/I that/D sector/N ./.
The/P lack/N of/I a/D strong/V product/N at/I the/D high/N end/I of/I Digital/N 's/, line/N was/I a/D significant/V drag/N on/I sales/N ./.
Digital/N hopes/V to/V address/N that/V with/D the/D debut/N of/I its/D first/I _OOV_/N computers/N next/V Tuesday/N ./.
The/N new/N line/N is/I aimed/N directly/V at/I International/N Business/N Machines/N Corp/N ./.
``/N Until/N the/I new/N mainframe/N products/N kick/I in/I ,/, there/V wo/V n't/P be/V a/D lot/V of/I revenue/N contribution/N at/I the/D high/N end/N ,/, and/V that/V 's/, hurt/V us/N ,/, ''/N said/V Mark/N _OOV_/N ,/, Digital/N 's/, director/N of/I investor/N relations/N ./.
He/P said/V unfavorable/V currency/N translations/N were/I also/N a/I factor/N in/I the/D quarter/N ./.
_OOV_/N shares/N rose/V $/N 1.375/N to/V $/N _OOV_/N apiece/I in/I consolidated/N New/N York/N Stock/N Exchange/N trading/N yesterday/V ./.
But/P analysts/V said/V that/V against/V the/D backdrop/N of/I a/D nearly/I _OOV_/N rise/I in/I the/D Dow/N Jones/N Industrial/N Average/N ,/, that/V should/V n't/P necessarily/V be/V taken/V as/V a/D sign/N of/I great/V strength/J ./.
Some/N cut/V their/V earnings/N estimates/N for/I the/D stock/N this/I year/N and/N predicted/V more/D efforts/N to/V control/N costs/N ahead/N ./.
``/N I/, think/V the/D next/V few/D quarters/N will/V be/V difficult/V ,/, ''/N said/V Steven/N _OOV_/N of/I First/N Boston/N ./.
``/N _OOV_/N will/V remain/V under/N pressure/N ,/, and/V when/V the/D new/N mainframe/N does/V ship/N ,/, I/P 'm/P not/V sure/V it/V will/V be/V a/D big/N winner/N ./.
''/N Mr./N _OOV_/N said/V he/V was/V revising/N his/V estimate/N for/I _OOV_/N 's/, current/N year/N from/I $/N 8.20/N a/I share/N to/I ``/N well/N below/N $/N 8/N ,/, ''/N although/I he/V has/I n't/P settled/N on/I a/D final/V number/N ./.
One/V troubling/V aspect/D of/D _OOV_/N 's/, results/N ,/, analysts/V said/V ,/, was/V its/D performance/N in/I Europe/N ./.
_OOV_/N said/V its/D overseas/N business/N ,/, which/D now/N accounts/N for/I more/V than/D half/N of/I sales/N ,/, improved/N in/I the/D quarter/N ./.
It/P even/V took/V the/D unusually/J frank/N step/N of/I telling/V analysts/N in/I a/D morning/V conference/N call/V that/V orders/N in/I Europe/N were/V up/V in/I ``/N double/N digits/N ''/N in/I foreign-currency/N terms/N ./.
That/P gain/V probably/V translated/N into/I about/N 5/N %/N to/V 7/N %/N in/I dollar/N terms/N ,/, well/V below/N recent/I quarters/N '/N gains/N of/I above/V 20/N %/N ,/, reckons/N Jay/N _OOV_/N of/I _OOV_/N _OOV_/N _OOV_/N ./.
``/N That/, was/V a/D disappointment/V ''/N and/N a/I sign/V of/D overall/N _OOV_/N softness/N in/I Europe/N ,/, Mr./N _OOV_/N said/V ./.
Marc/N _OOV_/N ,/, with/D _OOV_/N Securities/N in/I New/N York/N ,/, dropped/N his/V estimate/N of/I _OOV_/N 's/, full-year/N net/N to/V $/N _OOV_/N a/I share/N from/I $/N 8/N ./.
Although/N overall/I revenues/N were/V stronger/D ,/, Mr./N _OOV_/N said/V ,/, _OOV_/N ``/N drew/I down/V its/I European/N backlog/N ''/N and/N had/V flat/V world-wide/N orders/N overall/N ./.
``/N The/, bottom/N line/N is/I that/V it/V 's/, more/V hand/D to/V mouth/V than/D it/V has/D been/V before/V ,/, ''/N he/V said/V ./.
Mr./N _OOV_/N said/V he/V believes/V that/V the/D _OOV_/N of/I _OOV_/N 's/, new/N mainframe/N will/V ``/N occur/V somewhat/D more/D leisurely/N ''/N than/I many/V of/I his/V investment/N colleagues/N expect/V ./.
He/P said/V current/N expectations/I are/V for/I an/D entry/N level/N machine/N to/V be/V shipped/N in/I December/N ,/, with/V all/D of/D the/D more/D sophisticated/N versions/I out/V by/V June/N ./.
For/N reasons/V he/V would/V n't/P elaborate/D on/N ,/, he/V said/V he/V 's/, sure/V that/V schedule/N wo/V n't/P be/V met/N ,/, meaning/V less/D profit/N impact/N from/I the/D product/N for/I _OOV_/N in/I the/D next/V few/D quarters/N ./.
John/N R./N _OOV_/N contributed/N to/V this/D article/N ./.
Colgate/N _OOV_/N Co./N reported/N third-quarter/N net/N income/N rose/I 27/N %/N ,/, bolstered/N by/I strong/V sales/N in/I its/D Latin/N American/N business/N and/N surprisingly/I healthy/N profits/N from/I U.S./N operations/N ./.
Colgate/N said/V net/N income/N for/I the/D quarter/N rose/V to/V $/N _OOV_/N million/N ,/, or/V $/N _OOV_/N a/I share/N ,/, on/I sales/N that/V increased/N 6/N %/N to/V $/N 1.3/N billion/N ./.
In/V the/D year-earlier/N period/N ,/, Colgate/N posted/N net/N income/N of/I $/N _OOV_/N million/N ,/, or/V 88/N cents/N a/I share/N ./.
Last/N year/N 's/, results/N included/I earnings/N from/I discontinued/N operations/N of/I $/N 13.1/N million/N ,/, or/V 19/N cents/N a/I share/N ./.
_OOV_/N Mark/N ,/, chairman/N and/N chief/N executive/N officer/N of/I Colgate/N ,/, said/V earnings/N growth/N was/I fueled/N by/I strong/V sales/N in/I Latin/N America/N ,/, the/D Far/N East/N and/N Europe/N ./.
Results/N were/I also/N bolstered/N by/I ``/N a/I very/V meaningful/V increase/N in/I operating/N profit/N at/I Colgate/N 's/, U.S./N business/N ,/, ''/N he/V said/V ./.
Operating/N profit/N at/I Colgate/N 's/, U.S./N household/N products/N and/N personal/V care/N businesses/N ,/, which/D include/N such/N well-known/N brands/N as/I Colgate/N toothpaste/N and/I _OOV_/N laundry/N detergent/N ,/, jumped/V more/D than/D 40/N %/N ,/, the/D company/N said/V ./.
Mr./N Mark/N attributed/I the/D improvement/N to/I cost/N savings/N achieved/I by/I consolidating/N manufacturing/N operations/N ,/, blending/N together/I two/N sales/N organizations/N and/V more/D carefully/V focusing/N the/D company/N 's/, promotional/N activities/N ./.
``/N We/, 've/P done/N a/I lot/V to/V improve/N -LRB-/N U.S/N ./, -RRB-/N results/N and/V a/D lot/V more/D will/V be/V done/N ,/, ''/N Mr./N Mark/N said/V ./.
``/N _OOV_/N profitability/N of/I U.S./N operations/N is/I an/D extremely/V high/N priority/N in/I the/D company/N ./, ''/N
Colgate/N 's/, results/N were/V at/I the/D high/N end/I of/I the/D range/N of/I analysts/N '/N forecasts/N ./.
The/P scope/N of/I the/D improvement/N in/I the/D U.S./N business/N caught/V some/D analysts/N by/I surprise/V ./.
The/N company/N 's/, domestic/N business/N ,/, especially/N its/I household/N products/N division/N ,/, has/V performed/V poorly/N for/I years/N ./.
Analysts/N say/V the/D earnings/N improvement/N came/I from/I cutting/N costs/N rather/V than/D increasing/N sales/N ./.
For/N the/I nine/N months/N ,/, net/N increased/N 14/N %/N to/V $/N _OOV_/N million/N ,/, or/V $/N _OOV_/N a/I share/N ./.
Sales/N rose/N 7/N %/N to/V $/N 3.8/N billion/N ./.
The/N company/N earned/N $/N _OOV_/N million/N ,/, or/V $/N 2.79/N a/I share/N ,/, in/I the/D year-earlier/N period/N ./.
Colgate/N 's/, 1988/N net/N income/N included/I $/N _OOV_/N million/N ,/, or/V 59/N cents/N a/I share/N ,/, from/I discontinued/N operations/N ./.
Colgate/N sold/N its/I hospital/N supply/N and/N home/N health/N care/N business/N last/V year/N ./.
Separately/N ,/, Colgate/N Wednesday/N finalized/N an/I agreement/N with/I _OOV_/N Corp./N ,/, a/D tiny/N dental/N products/N and/I pharmaceutical/N concern/N based/N in/I _OOV_/N ,/, Mass./N ,/, to/V market/N in/I the/D U.S./N four/N of/I _OOV_/N 's/, _OOV_/N dental/N products/N ./.
The/N products/N --/N _OOV_/N and/N bonding/N materials/N used/N by/I dentists/N --/N all/I contain/N fluoride/N that/V is/V released/N over/I time/N ./.
The/P move/V is/V part/I of/I a/D drive/N to/I increase/N Colgate/N 's/, business/N with/I dentists/N ,/, a/D company/N spokeswoman/N said/V ./.
Terms/N of/I the/D agreement/N were/V n't/P given/V ./.
_OOV_/N Limited/N _OOV_/N said/V it/D completed/N the/I sale/N of/I its/D _OOV_/N restaurant/N franchise/I system/N to/V a/D subsidiary/N of/I _OOV_/N Co./N for/I $/N 71/N million/N in/I cash/N ./.
_OOV_/N ,/, which/D is/N nearly/I _OOV_/N by/I Sam/N and/N Charles/N _OOV_/N of/I Dallas/N ,/, said/V it/V will/V distribute/N proceeds/N from/I the/D sale/N to/I unit/N holders/N as/I a/D _OOV_/N dividend/N as/V soon/V as/V possible/V ./.
The/N _OOV_/N franchise/I system/N ,/, which/D generates/N about/I $/N 600/N million/N in/I sales/N annually/N ,/, represented/N substantially/N all/I of/I the/D partnership/N 's/, assets/N ./.
The/N sale/N of/I the/D system/N has/I been/V challenged/N in/I a/D class-action/N suit/N on/I behalf/N of/I unit/N holders/N filed/N last/V week/V in/I a/D Delaware/N court/N ,/, _OOV_/N said/V ./.
The/N company/N said/V it/V believes/V the/D suit/V is/V without/V merit/V ./.
American/N Telephone/N &/N Telegraph/N Co./N unveiled/N a/I sweetened/N pension/N and/N _OOV_/N program/N for/I management/N that/V it/V hopes/V will/V enable/N it/V to/V save/V $/N _OOV_/N million/N in/I the/D next/V year/N ./.
AT&T/N also/N said/V net/N income/N rose/I 19/N %/N in/I the/D third/D quarter/N ./.
AT&T/N said/V its/D amended/N pension/N program/N will/V nearly/D double/N to/I _OOV_/N the/I number/N of/I managers/N eligible/V to/V retire/V with/D immediate/N pension/N payments/N ./.
AT&T/N said/V that/D based/N on/I studies/N of/I other/I companies/N that/V have/V offered/V retirement/N plans/N ,/, it/V expects/D about/N one-third/N of/I its/D eligible/N managers/N to/V retire/V under/N the/I new/N program/N ./.
AT&T/N said/V third-quarter/N net/N income/N grew/N ,/, despite/V stiff/V competition/J in/I all/D of/D the/D company/N 's/, markets/N ./.
Net/N income/N rose/V to/V $/N _OOV_/N million/N ,/, or/V 65/N cents/N a/I share/N ,/, from/V the/D year-earlier/N $/N _OOV_/N million/N or/N 55/N cents/N a/I share/N ./.
Revenue/N edged/I up/V to/V $/N 8.9/N billion/N from/I $/N _OOV_/N billion/N ./.
The/N latest/N period/I 's/P net/N was/I reduced/N $/N 102/N million/N ,/, or/V nine/N cents/N a/I share/N ,/, for/V a/D change/N in/I depreciation/N method/N and/I concurrent/N changes/N in/I estimates/N of/I _OOV_/N lives/N and/I net/N salvage/N for/I certain/V telecommunications/N equipment/N ./.
The/P results/N roughly/N matched/I estimates/N of/I securities/N analysts/N ,/, who/V were/V encouraged/N by/I AT&T/N increasing/N its/I operating/N margin/N to/I 13/N %/N from/I 11/N %/N a/I year/N ago/N ,/, because/V of/D continued/I _OOV_/N efforts/N ./.
Sales/N of/I long-distance/N services/N ,/, an/V extremely/V competitive/N market/N ,/, rose/V 6.4/N %/N ./.
But/P the/D growth/N was/I partly/I offset/N by/I lower/D equipment/N sales/N and/N rentals/N and/N price/N cuts/N on/I some/D products/N ./.
Under/N the/I amended/N pension/N program/N ,/, AT&T/N managers/N who/V have/V at/V least/D five/N years/N of/I service/N will/V have/D five/N years/N added/N to/V their/V age/V and/N length/N of/I service/N for/I pension/N purposes/N ./.
Managers/N who/V retire/V Dec./N 30/N will/V have/V an/D additional/N 15/N %/N added/N to/V their/V monthly/N pension/N for/I as/V long/D as/D five/N years/N or/V age/V 65/N ,/, whichever/V comes/D earlier/N ./.
An/N AT&T/N spokeswoman/N said/V the/D company/N would/V likely/V replace/N about/I one-third/N of/I its/D managers/N who/V choose/V to/V retire/V with/D new/N employees/N ./.
Analysts/N hailed/I the/D sweetened/N pension/N package/N ,/, which/D they/V said/V had/V been/V the/D subject/N of/I rumors/N for/I several/I months/N ./.
``/N This/N tells/V you/P AT&T/N is/V serious/V about/N continuing/V to/V manage/V their/V cost/N structure/N and/N is/I committed/N to/V _OOV_/N earnings/N growth/N ,/, ''/N said/V Jack/N _OOV_/N ,/, an/D analyst/N with/I PaineWebber/N Inc/N ./.
But/P other/V analysts/J expressed/N disappointment/V that/V the/D _OOV_/N move/I wo/V n't/P result/V in/I even/V greater/D earnings/N growth/N ./.
``/N This/N is/V a/D good/V move/V ,/, but/V it/V only/D gets/V you/P to/V where/V people/N 's/, expectations/V already/D are/V ,/, ''/N in/I terms/N of/I earnings/N growth/N ,/, said/V Joel/N D./N _OOV_/N ,/, an/D analyst/N with/I Donaldson/N ,/, Lufkin/N &/N Jenrette/N ./.
Mr./N _OOV_/N said/V he/V had/V hoped/V that/V a/D cost/N savings/N of/I $/N _OOV_/N million/N would/V result/V in/I even/V greater/D growth/N than/I the/D 20/N %/N annual/N earnings/N increase/N AT&T/N has/I told/P analysts/V it/V expects/D in/I the/D future/N ./.
AT&T/N said/V the/D special/N retirement/N option/N will/V increase/N fourth-quarter/N expenses/N ./.
But/P the/D company/N said/V the/D amount/N ca/N n't/, be/V determined/V until/I it/V knows/V how/V many/V managers/N opt/N to/V retire/V ./.
AT&T/N said/V the/D expense/N increase/N will/V be/V largely/I offset/N by/I a/D gain/N from/I its/D previously/I announced/N plan/N to/V swap/N its/I holdings/N in/I Ing/N ./, C./N Olivetti/N &/N Co./N for/I shares/N in/I Cie/N ./, _OOV_/N _OOV_/N ,/, an/D Italian/N holding/I company/N ./.
For/N the/I nine/N months/N ,/, AT&T/N said/V net/N income/N was/I $/N _OOV_/N billion/N ,/, or/V $/N 1.85/N a/I share/N ,/, up/V 19/N %/N from/I $/N _OOV_/N billion/N ,/, or/V $/N 1.56/N a/I share/N ./.
Revenue/N gained/I 3.1/N %/N to/V $/N _OOV_/N billion/N from/I $/N 26/N billion/N ./.
In/D composite/N trading/N yesterday/V on/I the/D New/N York/N Stock/N Exchange/N ,/, AT&T/N shares/N closed/N at/I $/N _OOV_/N ,/, up/V 87.5/N cents/N ./.
When/P it/V comes/V to/V buying/N and/I selling/N shares/N ,/, _OOV_/N Capital/N Management/N Inc./N takes/V a/D back/V seat/N to/V no/D one/N ./.
Every/N dollar/N 's/, worth/N of/I stock/N in/I the/D Los/N Angeles/N money/N manager/N 's/, portfolio/N is/I traded/N seven/N or/V eight/N times/I a/D year/N ,/, the/D firm/N estimates/N ./.
That/P makes/V it/V the/D most/I active/N trader/N among/N all/D the/D nation/N 's/, investment/N advisers/N ,/, according/V to/V Securities/N and/N Exchange/N Commission/N filings/N ./.
But/P wait/V a/D second/N ./.
_OOV_/N Capital/N is/I an/D index/N fund/N --/N the/I type/N of/I _OOV_/N long-term/N investor/N whose/V goal/D is/V to/V be/V nothing/V more/V than/D average/N ./.
_OOV_/N Capital/N 's/, frenetic/V trading/N reflects/I the/D changes/N sweeping/I through/V the/D previously/I sleepy/N world/N of/I indexing/N ./.
_OOV_/N for/I the/D most/I part/I has/I involved/N simply/V buying/N and/V then/V holding/D stocks/N in/I the/D correct/V mix/N to/V mirror/V a/D stock/N market/N barometer/N ,/, such/N as/I Standard/N &/N Poor/N 's/, 500-stock/N index/N ,/, and/V match/D its/D performance/N ./.
_OOV_/N investors/N have/V poured/V $/N 210/N billion/N into/I stock/N and/N bond/N indexing/N as/I a/D cheap/N and/N easy/V form/N of/I investment/N management/N that/V promises/V to/V post/N average/N market/N returns/N ./.
These/N big/N investors/N have/V flocked/N to/V indexing/N because/V relatively/V few/D ``/N active/N ''/N stock/N pickers/N have/V been/V able/V to/V consistently/V match/V the/D returns/N of/I the/D S&P/N 500/N or/N other/I _OOV_/N ,/, much/V less/D beat/V it/V ./.
And/, the/D fees/N investors/N pay/N for/I indexing/N run/N a/I few/D pennies/N for/I each/V $/N 100/N of/I assets/N --/N a/I fraction/N of/I the/D cost/N of/I active/N managers/N ./.
That/P 's/, because/V computers/N do/V most/I of/I the/D work/N ,/, and/V low/N trading/N activity/N keeps/V a/D lid/N on/I commission/N costs/N ./.
But/P today/N ,/, indexing/N is/I moving/N from/I a/D passive/N investment/N strategy/I to/V an/D increasingly/N active/N one/N ./.
Because/V _OOV_/N managers/N are/V no/V longer/D satisfied/V with/D merely/V being/V average/N ,/, they/P have/D developed/N ``/N enhanced/N ''/N indexing/N strategies/N that/V are/V intended/V to/V outperform/N the/I market/N as/V much/D as/D three/N percentage/N points/V ./.
``/N _OOV_/N has/I been/V the/D most/I single/N successful/I investment/N concept/N in/I the/D last/V decade/N ,/, but/V the/D index/N money/N has/I been/V just/V sort/V of/I sitting/V there/V ,/, ''/N says/V _OOV_/N M./N _OOV_/N ,/, president/N of/I _OOV_/N _OOV_/N Investors/N Inc./N ,/, an/D _OOV_/N based/N in/I _OOV_/N ,/, _OOV_/N ./.
``/N Now/, the/D interest/N is/I in/I what/V else/V can/V I/P do/V with/V that/V money/V ./, ''/N
Among/N the/I _OOV_/N indexing/N strategies/N :/N _OOV_/N portfolios/N can/V be/D built/N around/I thousands/N of/I stocks/N ,/, or/V just/V a/D few/D dozen/N ,/, rather/V than/D being/V restricted/N to/V the/D S&P/N 500/N companies/N ./.
They/, can/V ignore/V the/D S&P/N 500/N stocks/N altogether/I and/V focus/V on/I particular/D types/N of/I stocks/N ,/, such/N as/I smaller/N companies/N ,/, those/V paying/V high/N dividends/N or/V companies/N in/I a/D particular/D industry/N ,/, state/N or/V country/N ./.
With/N today/N 's/, _OOV_/N program/N trading/N techniques/N ,/, index/N funds/N can/V trade/N back/I and/V forth/D between/D stock-index/N futures/N and/N the/I actual/D stocks/N making/I up/V indexes/N such/N as/I the/D S&P/N 500/N ./.
Futures/N and/N options/N also/N make/V it/D possible/V to/V build/N ``/N synthetic/N ''/N index/N funds/N that/V do/V n't/P actually/V own/V a/D single/N share/N of/I stock/N ,/, but/V can/V produce/V returns/V that/V match/V or/V exceed/N the/I broad/N stock/N market/N ./.
One/V reason/V for/V these/D hybrids/N is/I that/V indexing/N 's/, rapid/N growth/N is/I slowing/N ,/, particularly/N for/I those/D ``/N plain/N vanilla/N ''/N funds/N that/V mirror/V the/D 500/N ./.
``/N There/N is/V n't/P a/D _OOV_/N -LCB-/N of/I big/N investors/N -RCB-/N out/V there/V still/D waiting/V to/V get/V into/D indexing/N ,/, ''/N says/V P./N James/N _OOV_/N ,/, vice/N president/N of/I _OOV_/N Investment/N Management/N Co./N ,/, Chicago/N ,/, which/D offers/N both/I indexing/N and/N active/N management/N services/N ./.
After/N tripling/I in/I size/N in/I the/D past/D five/N years/N ,/, index/N funds/N now/V hold/V about/I 20/N %/N of/I the/D stock/N owned/N by/I pension/N funds/N ./.
A/N further/I problem/N is/I _OOV_/N profits/N ./.
_OOV_/N funds/N have/V become/V so/D commonplace/V that/V fees/N they/P can/V charge/N have/V plunged/V to/V almost/D nothing/V ,/, and/N in/I some/D cases/N are/V just/V that/V ./.
To/N land/N customers/N for/I their/V _OOV_/N stock/N custodial/N business/N ,/, big/N banks/N sometimes/V will/V throw/D in/D basic/N indexing/N services/N for/I free/N ./.
``/N It/, 's/, like/V getting/V a/D free/N toaster/N when/V you/P open/N an/I account/N ,/, ''/N says/V _OOV_/N _OOV_/N 's/, Mr./N _OOV_/N ./.
As/, a/D result/N ,/, _OOV_/N have/V been/V looking/V for/V ways/D to/V give/V investors/N something/V more/D than/V the/D average/N for/I their/V money/N ./.
And/P many/V have/V been/V successful/N ,/, as/V in/I the/D case/N of/I the/D index/N fund/N operated/N by/I _OOV_/N _OOV_/N Capital/N ./.
_OOV_/N Capital/N has/I used/N enhanced/N indexing/N techniques/N to/V beat/V the/D S&P/N 500/N 's/, returns/V by/I 2.5/N to/I 3/N percentage/N points/V over/D the/D past/D four/N years/N ,/, with/V the/D same/V risk/V level/N as/V holding/V the/D S&P/N 500/N stocks/N ,/, according/V to/D James/N _OOV_/N ,/, the/D firm/N 's/, president/N ./.
_OOV_/N vary/I for/D _OOV_/N Capital/N ,/, which/D has/D $/N 300/N million/N under/N management/N ./.
The/N firm/N sometimes/V buys/N S&P/N 500/N futures/N when/V they/V are/V selling/N at/I a/D discount/N to/V the/D actual/V stocks/N ,/, and/V will/V switch/N back/V and/V forth/D between/D stocks/N and/I stock-index/N futures/N to/V take/V advantages/N of/I any/V momentary/V price/N _OOV_/N ./.
Mr./N _OOV_/N also/N goes/V through/V periods/V when/V he/V buys/N stocks/N in/I conjunction/N with/I options/N to/V boost/N returns/I and/V protect/N against/V declines/N ./.
And/P in/I some/D months/N ,/, he/V buys/N stock-index/N futures/N and/V not/V stocks/N at/I all/V ./.
``/N By/, their/V nature/V ,/, our/P trades/N are/V very/D short-term/N and/N are/V going/V to/V create/V high/N turnover/N ,/, ''/N Mr./N _OOV_/N adds/N ./.
``/N The/, more/I turnover/N ,/, the/D better/V for/V our/V clients/N ./, ''/N
Big/N _OOV_/N Bankers/N Trust/N Co./N also/I uses/N futures/N in/I a/D strategy/D that/V on/I average/N has/I added/J one/N percentage/N point/V to/V its/D enhanced/N fund/N 's/, returns/V ./.
J./N Thomas/N _OOV_/N ,/, president/N of/I _OOV_/N Advanced/N Investment/N Management/N Inc./N ,/, agrees/V it/V 's/P a/V good/V idea/V to/V jump/V between/I the/D S&P/N 500/N stocks/N and/I futures/N ./.
``/N You/, 're/P buying/N the/D S&P/N ,/, and/N you/P always/V want/V to/V hold/V the/D cheapest/N form/N of/I it/V ,/, ''/N he/V says/V ./.
But/P some/D _OOV_/N make/V little/V or/V no/D use/N of/I futures/N ,/, saying/V that/V these/D instruments/N present/I added/N risks/N for/I investors/N ./.
``/N If/, the/D futures/N markets/N have/V a/D problem/N ,/, then/V those/D products/N could/V have/V a/D problem/N ,/, ''/N says/V John/N _OOV_/N ,/, managing/N director/N of/I Prudential/N Insurance/N Co./N of/I America/N 's/, Investment/N Index/N Technologies/N Inc./N unit/N ./.
Prudential/N currently/N is/I seeking/V approval/N to/V offer/V a/D new/N fund/N offering/N a/I return/V equal/V to/V the/D S&P/N 500/N index/N plus/N of/I a/D percentage/N point/N ./.
An/N added/N feature/I is/V that/V the/D _OOV_/N improved/N return/V would/V be/V guaranteed/N by/I Prudential/N ./.
There/N are/V many/V other/V strategies/N to/V bolster/V the/D returns/N of/I index/N funds/N ./.
They/V include/N :/N
LIMITED/N RISK/N FUNDS/N :/N These/N guarantee/N protection/N against/V stock/N market/N declines/N while/V still/D passing/N along/I most/I gains/N ./.
Here/N a/I fund/N may/V promise/V to/V pay/V back/V ,/, say/V ,/, $/N 95/N of/I every/V $/N 100/N invested/N for/I a/D year/N ,/, even/V if/V the/D market/N goes/V much/D lower/N ./.
The/. fund/N could/V invest/N $/N 87/N for/I one/N year/N in/I Treasury/N bills/N yielding/N 8/N %/N to/V return/V the/D guaranteed/N $/N 95/N ./.
That/P leaves/N $/N 13/N ,/, which/D could/V be/V used/N to/V buy/V S&P/N 500/N options/N that/V will/V nearly/D match/V any/V gain/V in/I the/D S&P/N index/N ./.
_OOV_/N _OOV_/N FUNDS/N :/N Say/N a/I big/N investor/N is/I interested/N in/I growth/N stocks/N ./.
Instead/N of/I hiring/N one/N of/I the/D many/V active/N managers/N specializing/N in/I growth/N stocks/N ,/, _OOV_/N can/V design/N a/I portfolio/N around/I the/D same/D stocks/N ;/, the/D portfolio/N will/V be/V maintained/N by/I computer/N ,/, reducing/N both/I fees/N and/N ,/, in/I theory/N ,/, risk/N -LRB-/N because/V of/I the/D large/N number/N of/I stocks/N -RRB-/N ./.
``/N We/, see/N a/I lot/V of/D interest/N in/I those/V kind/V of/I things/V ,/, ''/N says/V Frank/N _OOV_/N ,/, a/D vice/N president/N of/I Bankers/N Trust/N ./.
``/N People/N comfortable/V with/V the/D passive/N approach/I are/V using/N them/V for/I other/V strategies/N ./, ''/N
_OOV_/N FUNDS/N :/N This/, is/V an/D index/N fund/N with/I a/D bet/N ./.
Instead/N of/I replicating/N the/I S&P/N 500/N or/N some/D other/V index/N exactly/V ,/, some/V stocks/N are/V _OOV_/N or/N _OOV_/N in/I the/D portfolio/N ./.
One/V simple/V approach/N is/I to/V exclude/N S&P/N 500/N companies/N considered/I bankruptcy/N candidates/N ;/, this/V can/V avoid/V weak/V sisters/N ,/, but/D also/V can/V hurt/V when/V a/D company/N like/I Chrysler/N Corp./N rebounds/N ./.
Another/N approach/N :/N An/N investor/N with/I $/N 100/N million/N might/V use/V $/N 75/N million/N to/V buy/V the/D S&P/N 500/N index/N and/N spend/V the/D other/V $/N 25/N million/N on/I a/D favorite/N group/N of/I stocks/N ./.
_OOV_/N FUNDS/N :/N _OOV_/N can/V be/V constructed/N to/V serve/V social/N goals/N ,/, such/N as/I eliminating/N the/I stocks/N of/I companies/N doing/V business/N in/I South/N Africa/N ./.
Other/N funds/N have/V been/D designed/N to/V concentrate/N on/I stocks/N in/I a/D geographic/N area/N in/I order/V to/V encourage/V local/N investment/N ./.
Pennsylvania/N State/N Employees/N Retirement/N System/N ,/, for/V example/N ,/, has/V about/V $/N 130/N million/N invested/N in/I a/D fund/N of/I _OOV_/N companies/N that/V are/V either/V Pennsylvania-based/N or/N have/D 25/N %/N of/I their/V work/I forces/N in/I the/D state/N ./.
Short/N interest/N on/I the/D New/N York/N Stock/N Exchange/N declined/N for/I the/D second/N consecutive/I month/N ,/, this/V time/D 4.2/N %/N ,/, while/V the/D American/N Stock/N Exchange/N reported/N its/I third/N consecutive/I record/N month/N of/I short/N interest/N ./.
The/N Big/N Board/N reported/N that/V short/V interest/N dropped/I to/D _OOV_/N shares/N as/I of/D Oct./N 13/N from/I _OOV_/N shares/N in/I mid-September/N ./.
_OOV_/N short/I interest/N climbed/N 3/N %/N to/I _OOV_/N shares/N from/I _OOV_/N shares/N ./.
For/N the/I year-earlier/N month/N ,/, the/D Big/N Board/N reported/N _OOV_/N shares/N ,/, indicating/V a/D 13.5/N %/N _OOV_/N rise/I ,/, while/V the/D _OOV_/N reported/N _OOV_/N shares/N ,/, a/D 48/N %/N leap/N ./.
_OOV_/N short/I interest/N has/I been/V heading/J upward/N since/I mid-December/N ,/, with/V increases/N in/I each/V month/N since/I then/V except/V at/D _OOV_/N ./.
Traders/N who/V sell/N short/I borrow/N stock/N and/N sell/N it/V ,/, betting/P that/V the/D stock/N 's/, price/N will/V decline/I and/V that/V they/P can/V buy/V the/D shares/N back/V later/V at/I a/D lower/N price/N for/I return/V to/V the/D lender/N ./.
Short/N interest/N is/V the/D number/N of/I shares/N that/V have/V n't/P yet/V been/D purchased/N for/I return/V to/V lenders/N ./.
Although/N a/I substantial/N short/N position/D reflects/D heavy/N speculation/V that/V a/D stock/N 's/, price/N will/V decline/N ,/, some/V investors/N consider/I an/D increase/N in/I short/I interest/N bullish/N because/V the/D borrowed/D shares/N eventually/V must/V be/V bought/N back/V ./.
_OOV_/N in/I short/I interest/N of/I certain/V stocks/N also/V may/V be/V caused/N partly/I by/I _OOV_/N ./.
The/N figures/I occasionally/V include/N incomplete/I transactions/N in/I restricted/N stock/N ./.
The/P level/N of/I negative/N sentiment/V measured/N by/I the/D Big/N Board/N short/I interest/N ratio/N slipped/V to/D _OOV_/N from/I last/V month/N 's/, _OOV_/N ./.
The/P ratio/N is/I the/D number/N of/I trading/N days/N ,/, at/V the/D exchange/N 's/, average/N trading/N volume/N ,/, that/V would/V be/V required/N to/V convert/V the/D total/N short/I interest/N position/I ./.
Some/N analysts/V suggest/V ,/, however/V ,/, that/V the/D ratio/N has/I weakened/N in/I value/N as/I an/D indicator/N because/V options/N and/N other/I products/N can/V be/V used/N to/I hedge/N short/N positions/I ./.
_OOV_/N Corp./N led/N the/I Big/N Board/N list/N of/I largest/N short/I volumes/N with/I _OOV_/N shares/N ./.
_OOV_/N has/I proposed/N to/V acquire/V _OOV_/N Corp./N ,/, consisting/N of/I the/D auto/N parts/N division/N and/N some/I debt/N of/I _OOV_/N Corp./N ,/, for/V $/N _OOV_/N million/N of/I cash/N and/V securities/N ./.
Chemical/N Waste/N Management/N posted/N the/I biggest/N increase/N in/I short/I volume/N on/I the/D New/N York/N exchange/N ,/, up/V _OOV_/N shares/N to/I _OOV_/N ./.
Bristol-Myers/N Squibb/N Co./N ,/, the/D entity/N formed/N from/I the/D recent/I acquisition/N of/I Squibb/N Corp./N by/I Bristol-Myers/N Co./N ,/, logged/N the/I largest/N volume/N decline/N ,/, _OOV_/N shares/N ,/, to/V _OOV_/N ./.
Short/N interest/N in/I International/N Business/N Machines/N Corp./N plunged/V to/D _OOV_/N shares/N from/I _OOV_/N shares/N a/I month/N earlier/I ./.
Also/V closely/N watched/V is/D Exxon/N Corp./N ,/, where/V short/V interest/N slid/N to/I _OOV_/N shares/N from/I _OOV_/N ./.
On/N a/I percentage/N basis/N ,/, Germany/N Fund/N Inc./N led/N the/D gainers/N ,/, leaping/V to/D _OOV_/N shares/N from/I three/N shares/N ./.
_OOV_/N _OOV_/N Ltd./N led/N the/I percentage/N _OOV_/N ,/, dropping/V to/D 59/N shares/N from/I _OOV_/N ./.
The/N _OOV_/N short/I interest/N volume/N leader/N again/V was/V Texas/N Air/N Corp./N ,/, rising/V to/D _OOV_/N shares/N from/I _OOV_/N ./.
_OOV_/N Pharmaceutical/N Co./N posted/N the/I largest/N volume/N increase/N ,/, _OOV_/N shares/N ,/, to/V _OOV_/N ./.
The/N company/N is/I under/N an/I investigation/N concerning/N procedures/N to/V gain/V Food/N and/N Drug/N Administration/N approval/N of/I generic/N drugs/N ./.
_OOV_/N has/I denied/V any/V wrongdoing/N ./.
The/N largest/N volume/N drop/V --/N down/V _OOV_/N shares/N to/I _OOV_/N --/N came/V in/I shares/N represented/N by/I _OOV_/N Industries/N PLC/N 's/, American/N depositary/N receipts/N ./.
The/N company/N is/V facing/D a/D takeover/N proposal/N from/I the/D financier/N Sir/N James/N _OOV_/N ./.
First/N _OOV_/N Fund/N led/N the/I percentage/N increases/N ,/, rising/V to/D _OOV_/N shares/N from/I _OOV_/N ./.
Nelson/N Holdings/N International/N Ltd./N dropped/I the/D most/I on/I a/D percentage/N basis/N ,/, to/V 1,000/N shares/N from/I _OOV_/N ./.
The/N adjacent/N tables/N show/V the/D Big/N Board/N and/N _OOV_/N issues/N in/I which/D a/D short/N interest/N position/I of/D at/N least/D 100,000/N shares/N existed/I as/V of/D mid-October/N or/N in/I which/D there/D was/V a/D short/N position/D change/N of/I at/N least/D 50,000/N shares/N since/I mid-September/N ./.
Your/N Oct./N 12/N editorial/N ``/N _OOV_/N ,/, _OOV_/N _OOV_/N ?/, ''/N correctly/V states/N that/V I/P was/V critical/N of/I the/D Bush/N administration/N 's/, failure/N to/V have/V any/V plan/N in/I place/D to/V respond/N in/I a/D timely/N fashion/V to/V the/D opportunities/N to/V oust/V Manuel/N Noriega/N presented/N by/I the/D attempted/V military/N coup/N on/I Oct./N 3/N ./.
You/, are/V absolutely/V wrong/V ,/, however/V ,/, in/I _OOV_/N that/V this/V position/D is/V some/V kind/V of/D ``/N _OOV_/N ,/, ''/N something/V newly/N arrived/N at/I as/V a/D result/N of/I reading/N the/I opinion/N polls/N ./.
My/N position/I is/D one/N founded/N on/I both/D the/D facts/N and/N the/I law/N ./.
Although/N you/P may/V have/V forgotten/V ,/, public/N opinion/N about/I Gen./N Noriega/N is/N where/V it/D is/N in/I large/N measure/N because/V of/I my/P investigation/N of/I his/V years/N of/I involvement/N in/I narcotics/N smuggling/N -LRB-/N and/N simultaneous/N work/N as/I a/D U.S./N operative/N -RRB-/N ./.
The/N public/N made/V up/V its/D mind/N about/I Gen./N Noriega/N largely/I as/V a/D result/N of/I the/D hearings/N I/, chaired/N in/I the/D _OOV_/N on/I _OOV_/N and/N _OOV_/N of/I the/D Foreign/N Relations/N Committee/N on/I Feb./N 8/N ,/, 9/N ,/, 10/N and/N 11/N ,/, 1988/N ,/, and/V again/V on/I April/N 4/N ,/, 1988/N ./.
It/P was/V during/V those/V hearings/N that/V the/D nation/N first/I learned/V the/D breadth/N and/N depth/N of/I Gen./N Noriega/N 's/, criminality/N ,/, and/N of/I his/V enduring/I relationships/N with/I a/D variety/N of/I U.S./N government/N agencies/N ./.
Those/V hearings/N also/N highlighted/I how/V Gen./N Noriega/N was/V able/V to/V use/N his/V relationships/N with/I these/D agencies/N to/V delay/V U.S./N action/N against/V him/V ,/, and/V to/V exploit/N the/I administration/N 's/, obsession/N with/I overthrowing/N the/I _OOV_/N to/V protect/N his/V own/V _OOV_/N ./.
As/, former/N _OOV_/N to/I Costa/N _OOV_/N Francis/N J./N _OOV_/N testified/N before/V the/D subcommittee/N ,/, the/D Reagan/N administration/N knew/V that/D Gen./N Noriega/N was/I involved/N with/I narcotics/N ,/, but/V made/V a/D decision/N in/I the/D summer/N of/I 1986/N ``/N to/V put/V Gen./N Noriega/N on/I the/D shelf/N until/I _OOV_/N was/I settled/N ./, ''/N
As/, the/D report/N issued/N by/I the/D subcommittee/N concluded/N ,/, ``/N Our/N government/N did/V nothing/V regarding/N Gen./N Noriega/N 's/, drug/N business/N and/N substantial/I criminal/N involvement/N because/V the/D first/I priority/N was/I the/D _OOV_/N war/N ./.
This/N decision/N resulted/N in/I at/I least/D some/D drugs/N entering/N the/D United/N States/N as/V a/D hidden/D cost/N of/I the/D war/N ./, ''/N
Unfortunately/V ,/, this/V problem/N continued/I even/V after/V Gen./N Noriega/N 's/, indictment/N ./.
_OOV_/N 1988/N and/N this/D year/N ,/, I/P and/V others/N in/I Congress/N have/V pressed/V the/D U.S./N to/V develop/N a/I plan/N for/I pushing/V this/D ``/N _OOV_/N ''/N out/V of/D Panama/N ./.
_OOV_/N ,/, two/N administrations/N in/I a/D row/N have/V been/V unwilling/V and/V unable/V to/V develop/N any/V plan/N ,/, military/N or/V economic/N ,/, for/V supporting/N the/D Panamanian/N people/N in/I their/V attempts/V to/V restore/V democracy/N ./.
Sen./N John/N _OOV_/N -LRB-/N D./N ,/, _OOV_/N ./, -RRB-/N
For/N _OOV_/N ,/, these/V are/V tricky/V ,/, often/V treacherous/N ,/, times/N ./.
After/N years/N of/I hesitation/V ,/, economic/N and/N political/N reform/N was/I embraced/N at/I the/D end/N of/I 1986/N ,/, but/V ringing/V declarations/N have/V yet/V to/V be/V translated/N into/I much/D action/N ./.
Vietnam/N is/I finding/V that/V turning/D a/D stagnant/J socialist/N order/I into/D a/D dynamic/N free/N market/N does/V n't/P come/V easy/V ./.
Here/N is/V how/V three/N _OOV_/N are/V coping/N with/I change/N :/N
The/N Tire/N King/N
_OOV_/N Van/N _OOV_/N is/I living/N proof/V that/V old/V ways/D die/N hard/V ./.
Mr./N _OOV_/N used/N to/V be/V an/D oddity/N in/I _OOV_/N :/N a/I private/N entrepreneur/N ./.
His/V business/N success/N made/I him/V an/D official/N target/N in/I _OOV_/N days/N ./.
Mr./N _OOV_/N ,/, now/V 64/N years/N old/I ,/. invented/V a/D fountain/N pen/N he/V and/V his/V family/N produced/N from/I plastic/N waste/N ./.
Later/N ,/, he/V marketed/N glue/N ./.
Both/N products/N were/V immensely/V popular/N ./.
For/N his/V troubles/N ,/, Mr./N _OOV_/N was/I jailed/N three/N times/I between/D _OOV_/N and/N 1974/N ./.
Though/N his/V operation/N was/I registered/N and/N used/N only/I scrap/N ,/, he/V was/V accused/N of/I conducting/N illegal/N business/N and/N possessing/V illegal/N materials/N ./.
Once/V he/V was/V held/D for/I three/N months/V without/V being/V charged/N ./.
Things/N were/V supposed/V to/V change/V when/D Vietnam/N 's/, economic/N reforms/N gathered/V pace/N ,/, and/N for/I awhile/N they/V did/V ./.
After/N years/N of/I experimenting/N ,/, Mr./N _OOV_/N produced/N a/I heavy-duty/N bicycle/N tire/N that/I outlasted/N its/I _OOV_/N rival/N ./.
By/V 1982/N ,/, he/V was/V selling/N thousands/N of/I tires/N ./.
_OOV_/N published/N articles/N about/I him/V ,/, and/V he/V was/V hailed/I as/D ``/N the/I tire/N king/N ./, ''/N
His/V efforts/N earned/N a/D gold/N medal/N at/I a/D national/N exhibition/N --/N and/N attracted/N renewed/V attention/N from/I local/N authorities/N ./.
District/N police/N in/I 1983/N descended/N on/I his/V suburban/N home/N ,/, which/D he/V and/V his/V large/J family/N used/N as/I both/D residence/N and/N factory/N ,/, and/V demanded/V proof/N the/I house/N and/I equipment/N were/V his/V ./.
He/P produced/N it/V ./.
``/N That/, was/V the/D first/V time/D they/V lost/D and/N I/P won/N ,/, ''/N he/V says/V ./.
He/P was/V further/V questioned/V to/V determine/V if/V he/V was/I ``/N a/I real/D working/N man/V or/V an/D _OOV_/N ./, ''/N
_OOV_/N Mr./N _OOV_/N :/N ``/N When/, I/P showed/V it/D was/V from/I my/P own/V brain/N ,/, they/V lost/D for/N the/I second/D time/N ./, ''/N
But/P a/V few/D days/N later/I the/D police/N accused/N him/V of/D stealing/V electricity/N ,/, acquiring/V rubber/N without/V permission/V and/V buying/N stolen/V property/N ./.
_OOV_/N he/V was/V to/V be/V jailed/N again/V ,/, he/V fled/V to/V the/D countryside/N ./.
His/V family/N was/V given/D three/N hours/N to/V leave/P before/V the/D house/V and/N contents/N were/V confiscated/N ./.
With/N only/I the/D clothes/V they/V were/V wearing/V ,/, family/N members/N moved/N to/V a/D home/N owned/N by/I one/N of/I Mr./N _OOV_/N 's/, sons/N ./.
After/N six/N months/N on/I the/D run/N ,/, Mr./N _OOV_/N learned/V the/D order/V for/I his/V arrest/N had/V been/V canceled/N ./.
He/P rejoined/N his/V family/N in/I January/N 1984/N and/N began/N the/I long/D struggle/N for/I justice/N ,/, pressing/V everyone/V from/D _OOV_/N municipal/N officials/N to/V National/N _OOV_/N deputies/N for/I restoration/I of/I his/V rights/N ./.
He/P and/V his/V family/N kept/V afloat/N by/I repairing/N bicycles/N ,/, selling/N fruit/N and/N doing/V odd/V jobs/N ./.
Mr./N _OOV_/N achieved/I a/D breakthrough/N in/I 1987/N --/N and/N became/I a/D minor/D celebrity/N again/V --/N when/V his/V story/V was/V published/N in/I a/D weekly/N newspaper/N ./.
In/D 1988/N ,/, 18/N months/N after/V the/D sixth/I congress/N formally/N endorsed/N family-run/N private/N enterprise/N ,/, district/N authorities/N allowed/V Mr./N _OOV_/N to/V resume/V work/N ./.
By/V late/N last/V year/N he/V was/V invited/N back/V as/D ``/N the/I tire/N king/V ''/N to/V display/N his/V products/N at/I a/D national/N exhibition/N ./.
National/N leaders/N stopped/V by/I his/V stand/V to/V commend/N his/V achievements/N ./.
Mr./N _OOV_/N now/I produces/N 1,000/N bicycle/N and/I motorbike/N tires/N a/I month/N and/I 1,000/N tins/N of/I _OOV_/N glue/N in/I the/D son/N 's/, small/N house/N ./.
_OOV_/N people/N pack/V the/I house/N 's/, two/N rooms/N --/N the/I _OOV_/N ,/, four/N of/I their/D 10/N children/N with/I spouses/N ,/, and/V eight/N of/I 22/N grandchildren/N ./.
Most/N sleep/, on/I the/D floor/N ./.
Come/N daybreak/N ,/, eight/N family/N members/N and/N two/N other/I workers/N _OOV_/N a/I sheet/N of/I raw/N rubber/N that/I covers/N the/I floor/N of/I the/D house/N and/I spills/N out/V onto/V the/D street/N ./.
The/N primitive/I operations/N also/N burst/N out/V the/D back/V door/V into/D a/D small/N courtyard/N ,/, where/V an/D ancient/I press/N squeezes/N rubber/N solution/N into/I a/D flat/N strip/I and/N newly/N made/I tires/N are/V cooled/N in/I a/D bathtub/N filled/I with/D water/N ./.
Mr./N _OOV_/N talks/N _OOV_/N of/I expanding/N ,/, maybe/V even/D moving/N into/I the/D _OOV_/N field/N ./.
First/N ,/, however/V ,/, he/V has/D unfinished/N business/N ./.
When/P district/N authorities/N allowed/V him/V to/V resume/V manufacturing/N ,/, they/P released/N only/I one/N of/I his/V machines/N ./.
They/P did/V n't/P return/V the/D rubber/N stocks/N that/V represent/V his/V capital/N ./.
Nor/V did/V they/P return/V his/V house/V and/N contents/N ,/, which/D he/V values/N at/I about/N $/N _OOV_/N ./.
He/, wants/V to/V recover/V more/D than/V just/V his/V property/N ,/, though/V ./.
``/N I/, want/V my/P dignity/V back/V ,/, ''/N he/V says/V ./.
_OOV_/N _OOV_/N seemed/V an/V obvious/D choice/V when/V the/D _OOV_/N _OOV_/N Association/N was/V looking/V for/V a/D new/N editor/N to/V reform/N its/I weekly/N newspaper/N ,/, Van/N _OOV_/N ./.
After/N the/I sixth/I congress/N ,/, journalists/N seized/N the/I opportunity/V provided/N by/I the/D liberalization/N to/I probe/N previously/I taboo/V subjects/N ./.
Mr./N _OOV_/N ,/, 57/N years/N old/I ,/, had/V solid/N reformist/N credentials/N :/N He/, had/V lost/V his/V official/N position/I in/I the/D association/N in/I he/V early/I 1980s/N because/V he/V questioned/V the/D intrusion/N of/I politics/N into/I literature/N ./.
_OOV_/N editor/N in/I chief/N in/I July/N 1987/N ,/, Mr./N _OOV_/N rapidly/N turned/V the/D _OOV_/N Van/N _OOV_/N into/I Vietnam/N 's/, hottest/N paper/N ./.
_OOV_/N soared/N as/I the/D weekly/N went/V way/V beyond/D standard/N literary/I themes/V to/V cover/I _OOV_/N society/N and/N its/I ills/N ./.
_OOV_/N were/I electrified/N by/I the/D paper/N 's/, audacity/V and/N appalled/N by/I the/D dark/N side/D of/D life/V it/D uncovered/N ./.
One/V article/N recounted/V a/D decade-long/N struggle/N by/I a/D wounded/N soldier/V to/V prove/V ,/, officially/N ,/, he/V was/V alive/V ./.
Another/N described/I how/V _OOV_/N officials/N in/I _OOV_/N _OOV_/N province/N one/N night/V stormed/N through/I homes/N and/I confiscated/V rice/N from/I starving/N villagers/N ./.
The/. newspaper/N also/N ran/N a/I series/N of/I controversial/N short/I stories/V by/I _OOV_/N _OOV_/N _OOV_/N ,/, a/D former/N history/N teacher/N ,/, who/V stirred/V debate/N over/I his/V interpretation/N of/I _OOV_/N culture/N and/N took/V a/D thinly/N veiled/V swipe/N at/I writers/N who/V had/V blocked/N his/V entry/N into/I their/V official/N association/N ./.
Van/N _OOV_/N quickly/I made/D influential/N enemies/V ./.
``/N Those/N who/V manage/N ideology/I and/V a/D large/N number/N of/I writers/N reacted/N badly/V ''/N to/V the/D restyled/N paper/N ,/, says/V _OOV_/N _OOV_/N An/N ,/, a/D literary/I critic/N ./.
After/N months/V of/I internal/N _OOV_/N ,/, Mr./N _OOV_/N was/I fired/N last/I December/N ./.
His/V dismissal/V triggered/N a/I furor/N among/I intellectuals/N that/V continues/D today/N ./.
``/N Under/N Mr./N _OOV_/N ,/, Van/N _OOV_/N protected/N the/I people/N instead/I of/I the/D government/N ,/, ''/N says/V _OOV_/N _OOV_/N ,/, a/D poet/N who/V is/V the/D paper/N 's/, bureau/N chief/N for/I southern/N Vietnam/N ./.
``/N The/N paper/N reflected/I the/D truth/V ./.
For/N the/I leadership/N ,/, that/V was/V too/V painful/V to/V bear/N ./, ''/N
The/N `/N _OOV_/N '/N
_OOV_/N _OOV_/N _OOV_/N is/I Vietnam/N 's/, entrepreneur/N of/I the/D 1980s/N ./.
Her/N challenge/I is/V to/V keep/V her/V fledgling/N empire/I on/I top/N in/I the/D 1990s/N ./.
Mrs./N _OOV_/N did/V n't/P wait/V for/I the/D reforms/N to/V get/V her/P start/V ./.
She/P charged/N ahead/I of/I the/D government/N and/N the/I law/N to/V establish/N _OOV_/N City/N Food/N Co./N as/I the/D biggest/J rice/N dealer/V in/I the/D country/N ./.
Her/N success/N ,/, which/D included/V alleviating/N an/I urban/N food/N shortage/N in/I the/D early/I 1980s/N ,/, helped/N persuade/V _OOV_/N to/V take/V the/D reform/N path/N ./.
Her/N story/V is/V becoming/N part/I of/D local/N folklore/N ./.
A/N lifelong/N revolutionary/N with/I little/V education/N who/V fought/V both/D the/D French/N and/N the/D _OOV_/N _OOV_/N regime/N ,/, she/V switched/N effortlessly/N to/I commerce/N after/V the/D war/N ./.
Her/N instincts/V were/D capitalistic/N ,/, despite/V her/V background/N ./.
As/, she/V rode/V over/D regulations/N ,/, only/D her/P friendship/N with/I party/N leaders/N ,/, including/N _OOV_/N Van/N _OOV_/N ,/, then/V Ho/N Chi/N Minh/N City/N party/N secretary/N ,/, kept/V her/V out/V of/D jail/N ./.
Following/N Mr./N _OOV_/N 's/, appointment/N as/I _OOV_/N of/I the/D party/N at/I the/D sixth/I congress/N ,/, Mrs./N _OOV_/N has/I become/V the/D darling/N of/I ``/N doi/N moi/N ''/N ,/, the/D _OOV_/N version/N of/I perestroika/N ./.
The/N authorities/N have/V steered/I foreign/N reporters/N to/V her/P office/N to/I see/N an/I example/N of/I ``/N the/I new/N way/V of/D thinking/V ./, ''/N
Foreign/N publications/N have/V responded/V with/I articles/N declaring/N her/V Vietnam/N 's/, richest/N woman/N ./.
``/N Some/N people/N call/V me/V the/D communist/N billionaire/N ,/, ''/N she/, has/D told/V visitors/N ./.
Actually/V ,/, 67-year-old/N Mrs./N _OOV_/N is/N about/I as/V poor/N as/V almost/D everyone/V else/V in/I this/D impoverished/N land/N ./.
She/, has/V indeed/D turned/V _OOV_/N City/N Food/N into/I a/D budding/N conglomerate/N ,/, but/V the/D company/N itself/I remains/D state-owned/N ./.
She/V manages/V it/V with/D the/D title/N of/I _OOV_/N ./.
The/P heart/N of/I the/D business/N is/V the/D purchase/N of/I rice/N and/N other/I commodities/N ,/, such/N as/I corn/N and/N coffee/N ,/, from/V farmers/N in/I the/D south/N ,/, paying/V with/D fertilizer/N ,/, farm/N tools/N and/N other/I items/N ./.
Last/N year/N ,/, _OOV_/N City/N Food/N says/V it/D bought/N two/N million/N metric/N tons/N of/I _OOV_/N rice/N ,/, more/V than/D 10/N %/N of/I the/D country/N 's/, output/N ./.
The/N company/N operates/N a/I fleet/N of/I trucks/N and/N boats/N to/I transport/N the/I commodities/N to/V its/D warehouses/N ./.
A/N subsidiary/N company/N processes/N commodities/N into/I foods/N such/N as/I instant/N noodles/N that/V are/V sold/N with/I the/D rice/N through/I a/D vast/I retail/N network/N ./.
In/V recent/N years/N ,/, Mrs./N _OOV_/N has/I started/V to/V diversify/N the/I company/N ,/, taking/V a/D 20/N %/N stake/N in/I newly/J established/N ,/, partly/V private/N Industrial/N and/N Commercial/N Bank/N ,/, and/V setting/D up/V _OOV_/N _OOV_/N ,/, which/D owns/N and/N operates/N Vietnam/N 's/, first/I oil/N refinery/N ./.
Mrs./N _OOV_/N says/V _OOV_/N City/N Food/N last/V year/N increased/N pretax/N profit/N 60/N %/N to/V the/D equivalent/N of/I about/N $/N 2.7/N million/N on/I sales/N of/I $/N 150/N million/N ./.
She/, expects/D both/D revenue/N and/N profit/N to/V gain/V this/D year/N ./.
She/, is/V almost/D cavalier/N about/I the/D possibility/N Vietnam/N 's/, reforms/N will/V create/V rivals/D on/I her/P home/N turf/N ./.
``/N I/, do/V n't/P mind/V the/D competition/V inside/V the/D country/N ,/, ''/N she/, says/V ./.
``/N I/, am/V only/D afraid/V that/V with/D Vietnam/N 's/, _OOV_/N products/N we/, ca/N n't/, compete/V with/D neighboring/N countries/N ./.
The/N earthquake/N that/V hit/V the/D San/N Francisco/N Bay/N area/N is/V n't/P likely/V to/V result/V in/I wholesale/N downgrading/N of/I bond/N ratings/N ,/, officials/N at/I the/D two/N major/N rating/N agencies/N said/V ./.
Standard/N &/N Poor/N 's/, Corp./N is/I reviewing/N debt/N issued/N by/I 12/N California/N counties/N ,/, and/V ``/N there/I are/V potential/N isolated/N problems/N ,/, ''/N said/V _OOV_/N _OOV_/N ,/, a/D managing/N director/N ./.
The/N agency/N is/I preparing/N a/I report/N ,/, to/V be/V issued/N today/N ,/, on/I the/D earthquake/N 's/, impact/N on/I the/D and/J _OOV_/N industry/N ./.
The/P only/I securities/N so/V far/D to/V be/V singled/V out/V are/V those/V issued/N by/I Bay/N View/N Federal/N Savings/N &/N Loan/N ./.
Moody/N 's/, Investors/N Service/N Inc./N said/V it/V is/D reviewing/N ,/, with/V an/I eye/V toward/V a/D possible/V _OOV_/N ,/, the/D ratings/N on/I Bay/N View/N Federal/N bonds/N ,/, long-term/N deposits/N and/N the/D _OOV_/N rating/N of/I its/D parent/N company/N ,/, Bay/N View/N Capital/N Corp/N ./.
As/, for/I property/N and/N casualty/N insurers/N ,/, Moody/N 's/, said/V ``/N preliminary/N estimates/N suggest/V that/V losses/N should/V not/V have/V a/D significant/V impact/N on/I most/I insurers/N '/N financial/N condition/N ,/, ''/N but/V it/D ``/N raises/V concerns/N about/I potentially/N substantial/N risks/N ''/N longer-term/N ./.
``/N _OOV_/N from/I the/D earthquake/N are/N expected/I to/V be/V of/D similar/D magnitude/N to/V those/V of/D Hurricane/N Hugo/N ,/, ''/N according/I to/D Moody/N 's/, ./.
Your/N Oct./N 5/N editorial/N ``/N A/N Democratic/N Tax/N _OOV_/N ''/N contained/N an/I error/N ./.
In/V the/D third/D paragraph/N it/I referred/V to/V the/D senators/N seeking/V loophole/V suggestions/N from/I lobbyists/N for/I various/I sectors/N of/I the/D economy/N ./.
Among/N them/V ,/, ``/N banana/N farmers/N ./, ''/N
The/P only/I significant/I commercial/N banana/N farmers/N in/I the/D U.S./N are/N in/I Hawaii/N ./.
The/N Hawaii/N _OOV_/N Industry/N Association/N ,/, to/V which/D nearly/V all/D of/D them/V belong/N ,/, has/V no/D lobbyist/N ./.
Thomas/N _OOV_/N Reese/N _OOV_/N ./.
_OOV_/N _OOV_/N Co/N ./.
Western/N Digital/N Corp./N reported/N a/I net/N loss/N of/I $/N 2.7/N million/N ,/, or/V nine/N cents/N a/I share/N ,/, for/V its/D first/N quarter/N ended/I Sept./N 30/N ,/, citing/N factors/N as/I varied/D as/D hurricane/N damage/N ,/, an/V advance/D in/I graphics/N technology/N and/N the/I strengthening/N dollar/N ./.
In/V the/D year-ago/N period/N ,/, the/D company/N earned/N $/N 12.9/N million/N ,/, or/V 45/N cents/N a/I share/N ,/, on/I sales/N of/I $/N 247/N million/N ./.
Sales/N for/I the/D _OOV_/N period/I fell/V to/V about/V $/N 225/N million/N ,/, the/D maker/N of/I computer/N parts/N said/V ./.
_OOV_/N ,/, Chairman/N _OOV_/N W./N Johnson/N said/V he/V expects/D the/D company/N to/V be/V profitable/N in/I the/D current/N quarter/N ./.
``/N We/, are/V positioned/D to/V come/V through/V ,/, ''/N he/V said/V ,/, noting/V that/V the/D company/N 's/, backlog/N was/V up/V from/I the/D previous/N quarter/N ./.
In/V its/I second/N quarter/N last/I year/N ,/, Western/N Digital/N earned/N $/N _OOV_/N million/N ,/, or/V 44/N cents/N a/I share/N ,/, on/I sales/N of/I $/N _OOV_/N million/N ./.
Mr./N Johnson/N said/V Western/N Digital/N 's/. plant/N in/I Puerto/N Rico/N was/I affected/N by/I Hurricane/N Hugo/N ,/, losing/V three/N days/N '/N production/N because/V of/I the/D storm/N ,/, which/D wrecked/N much/I of/I the/D Caribbean/N island/N 's/, infrastructure/N ./.
Although/N the/D plant/N itself/I was/V n't/P damaged/N ,/, Mr./N Johnson/N said/V millions/N of/I dollars/N in/I first-quarter/N revenue/N were/V lost/V ./.
The/N revenue/N will/V be/V regained/D in/I the/D current/N period/N ,/, he/V added/N ./.
There/N are/V no/D plans/N to/V initiate/N a/I common/I stock/N dividend/N ,/, Mr./N Johnson/N said/V ,/, explaining/V that/V the/D board/N continues/I to/V believe/V shareholders/N are/V best/I served/N by/I _OOV_/N excess/N cash/N ./.
Mr./N Johnson/N said/V the/D first-quarter/N loss/N also/I heavily/N reflected/I a/D rapid/N change/N in/I graphics/N technology/N that/V left/D reseller/N channels/N with/I too/V many/V of/I the/D old/D computer/N graphics/N boards/N and/N too/V few/D new/N monitors/N compatible/N with/I the/D new/N graphics/N boards/N ./.
Western/N Digital/N does/V n't/P make/V the/D monitors/N ./.
An/N accelerating/N move/I by/I personal/N computer/N manufacturers/N '/N to/V include/N advanced/N graphics/N capabilities/N as/I standard/N equipment/N further/I dampened/N reseller/N purchases/N of/I Western/N Digital/N 's/, equipment/N ./.
``/N The/N other/I areas/N of/I the/D business/N --/N storage/N and/I microcomputers/N --/N were/V very/V good/V ,/, ''/N Mr./N Johnson/N said/V ./.
He/P said/V Western/N Digital/N has/I reacted/N swiftly/V to/V the/D movement/N to/V video/N graphics/N array/N ,/, _OOV_/N ,/, graphics/N technology/N from/I the/D old/D enhanced/N graphics/N adapter/N ,/, _OOV_/N ,/, which/D has/D a/D lower/N resolution/N standard/N ,/, technology/N and/N now/N is/I one/N of/I the/D leading/N producers/N of/I these/D newer/N units/N ./.
Other/N makers/N of/I video/N controller/N equipment/N also/N were/V caught/V in/I the/D _OOV_/N shift/N ,/, he/V said/V ,/, ``/N but/I we/P were/V able/V to/V respond/N much/V more/D quickly/N ./, ''/N
Still/N ,/, Mr./N Johnson/N said/V ,/, ``/N our/V stock/N is/I grossly/N undervalued/N ./, ''/N
He/P said/V the/D company/N has/I cut/D operating/N expenses/N by/I about/I 10/N %/N over/I the/D last/V few/D quarters/N ,/, while/V maintaining/N research/N and/N development/N at/N about/I 8/N %/N to/V 9/N %/N of/I sales/N ./.
As/, part/I of/I its/D reorganization/N this/V week/V ,/, Western/N Digital/N has/I divided/N its/I business/N into/I two/N segments/N --/N storage/N products/N ,/, including/N controllers/N and/N disk/N drives/N ;/, and/N microcomputer/N products/N ,/, which/D include/N graphics/N ,/, communications/N and/N peripheral/N control/N chips/N ./.
Graphics/N ,/, communications/N and/N peripheral/N control/N chips/N were/I combined/N because/V ,/, increasingly/N ,/, multiple/N functions/N are/V being/V governed/N by/I a/D single/D chip/N ./.
_OOV_/N ,/, which/D includes/N computer/N controllers/N and/N _OOV_/N disk/N drives/N ,/, represents/V nearly/D two-thirds/N of/I the/D company/N 's/, business/N ./.
_OOV_/N drives/N ,/, which/D allow/V a/D computer/N to/V access/N its/I memory/N ,/, generated/N 38/N %/N more/I revenue/N in/I the/D most/I recent/N period/I compared/N with/I the/D fiscal/N first/I quarter/N a/I year/N earlier/I ./.
Computer/N parts/N are/V getting/V ever/V smaller/N ,/, Mr./N Johnson/N said/V ,/, a/D shrinking/N that/V has/D propelled/N laptops/N into/I position/D as/V the/D _OOV_/N segment/N of/I the/D computer/N business/N ./.
As/, smaller/N and/V more/D powerful/D computers/N continue/V to/V be/V the/D focus/N of/I the/D industry/N ,/, he/V said/V ,/, Western/N Digital/N is/I strengthening/V development/N of/I laptop/N parts/N ./.
Next/N year/N Western/N Digital/N plans/N to/V consolidate/N its/I operations/N from/I 11/N buildings/N in/I _OOV_/N into/I two/N buildings/N in/I the/D same/D _OOV_/N new/N headquarters/N and/N ,/, a/D block/N away/V ,/, a/D modern/N $/N 100/N million/N silicon/N wafer/N fabrication/N plant/N ./.
The/P plan/N will/V help/V the/D company/N in/I its/D existing/I joint/N manufacturing/N agreement/N with/I AT&T/N ./.
About/N half/N of/I Western/N Digital/N 's/, business/N is/I overseas/N ,/, and/V Mr./N Johnson/N expects/I that/V proportion/V to/V continue/V ./.
_OOV_/N to/V dissolve/N many/V of/I the/D trade/N barriers/N within/I Europe/N in/I 1992/N creates/N significant/I opportunities/N for/I the/D company/N ,/, he/V said/V ,/, particularly/N since/I Western/N Digital/N already/I manufactures/N there/I ./.
Capitalizing/N on/I that/V presence/V ,/, Western/N Digital/N is/I launching/N a/I major/N effort/N to/V develop/N the/I embryonic/N reseller/N market/N in/I Europe/N ./.
_OOV_/N of/I state-owned/N Banca/N _OOV_/N del/N _OOV_/N approved/N a/I _OOV_/N _OOV_/N transaction/N and/V a/D change/N in/I the/D bank/N 's/, rules/D that/V will/V help/V it/V operate/N more/I like/V a/D private-sector/N institution/N ./.
Until/N now/N ,/, _OOV_/N 's/, top/N managers/N and/N its/I directors/N have/V been/V appointed/N by/I a/D Treasury/N decree/N ./.
But/P under/N the/I bank/N 's/, proposed/N statutes/N ,/, an/D assembly/N of/I shareholders/N must/V approve/N board/N members/N ./.
The/N bank/N 's/, chairman/N and/N director/N general/N ,/, who/V also/V sit/V on/I the/D board/N ,/, still/D would/V be/V appointed/N by/I the/D Treasury/N ./.
_OOV_/N ,/, which/D is/V controlled/N by/I the/D Italian/N Treasury/N ,/, was/V rocked/N by/I the/D disclosure/N last/I month/N that/V its/D Atlanta/N branch/N extended/I more/D than/V $/N 3/N billion/N in/I unauthorized/N credits/N to/D _OOV_/N ./.
The/N ensuing/V scandal/N ,/, in/I which/D the/D bank/N 's/, management/N resigned/N ,/, has/D helped/N renew/V calls/V for/I privatization/N ,/, or/V at/V least/D an/D overhaul/N ,/, of/D Italy/N 's/, banking/N system/N ,/, which/D is/V about/I 80/N %/N _OOV_/N ./.
In/V a/D related/N move/V ,/, the/D bank/N also/I proposed/N that/I board/N representation/N be/V linked/N more/I closely/N to/V the/D bank/N 's/, new/N shareholding/N structure/N ./.
_OOV_/N called/N a/I shareholders/N '/N assembly/N meeting/N in/I December/N to/V vote/N on/I the/D proposals/N ./.
_OOV_/N has/I about/N 75,000/N _OOV_/N shares/N that/V are/V listed/N on/I the/D Milan/N Stock/N Exchange/N ./.
The/N shares/N were/I suspended/N from/I trading/N following/I disclosure/N of/I the/D Atlanta/N scandal/N ;/, _OOV_/N ,/, the/D stock/N exchange/N regulatory/N body/N ,/, reportedly/N will/V decide/V soon/V whether/V to/V end/V the/D trading/N suspension/N ./.
Switzerland/N 's/, wholesale/N price/N index/N increased/N 0.3/N %/N in/I September/N from/I August/V ,/, and/V was/V up/D 3.9/N %/N from/I a/D year/N ago/N ,/, marking/D the/D first/V time/V this/D year/N that/V the/D index/N has/I fallen/V below/N 4/N %/N on/I a/D _OOV_/N basis/N ,/, the/D government/N reported/N ./.
The/N government/N attributed/I the/D 0.3/N %/N _OOV_/N rise/I in/I the/D index/N largely/N to/I higher/N energy/N prices/N ./.
In/V August/V ,/, the/D index/N was/V up/D 0.2/N %/N from/I the/D previous/D month/N ,/, and/V was/V up/D 4.5/N %/N on/I a/D _OOV_/N basis/N ./.
The/N wholesale/N price/N index/N ,/, based/N on/I 1963/N as/I 100/N ,/, was/V _OOV_/N in/I September/N ./.
American/N Express/N Co./N posted/N a/I 21/N %/N increase/N in/I third/D quarter/N net/N income/N despite/V a/D sharp/D rise/D in/I reserves/N for/I Third/N World/N loans/N at/I its/D banking/N unit/N ./.
Aided/N by/I a/D sharp/D gain/N in/I its/D travel/N business/N ,/, American/N Express/N said/V net/N rose/N to/V $/N _OOV_/N million/N ,/, or/V 77/N cents/N a/I share/N ,/, from/V $/N _OOV_/N million/N ,/, or/V 64/N cents/N a/I share/N ./.
The/N year-earlier/N figures/I included/N $/N _OOV_/N million/N ,/, or/V three/N cents/N a/I share/N ,/, in/I income/N from/I discontinued/N operations/N ./.
Income/N from/I continuing/N operations/N was/V up/D 26/N %/N ./.
Revenue/N rose/N 24/N %/N to/V $/N 6.5/N billion/N from/I $/N _OOV_/N billion/N ./.
The/P travel/N ,/, investment/N services/N ,/, insurance/N and/V banking/N concern/N added/N $/N 110/N million/N to/I reserves/N for/I credit/N losses/N at/I its/I American/N Express/N Bank/N unit/N ,/, boosting/N the/I reserve/N to/V $/N _OOV_/N million/N as/I of/D Sept./N 30/N ./.
The/N bank/N 's/, Third/N World/N debt/N portfolio/N totals/N $/N _OOV_/N million/N ,/, down/V from/D $/N 2.2/N billion/N at/I the/D end/N of/I 1986/N ./.
The/N bank/N charged/N off/V $/N 53/N million/N in/I loans/N during/N the/I quarter/N ./.
At/N the/I American/N Express/N Travel/N Related/N Services/N Co./N unit/N ,/, net/N rose/I 17/N %/N to/V a/D record/N $/N _OOV_/N million/N on/I a/D 19/N %/N revenue/N increase/N ./.
The/N figures/I exclude/N businesses/N now/I organized/N as/I American/N Express/N Information/N Services/N Co/N ./.
American/N Express/N card/N charge/N volume/N rose/I 12/N %/N ./.
Travel/N sales/N rose/I 11/N %/N ,/, led/N by/I gains/N in/I the/D U.S/N ./.
At/N _OOV_/N Financial/N Services/N ,/, the/D financial/N planning/N and/N mutual/N fund/N unit/N ,/, net/N rose/I 19/N %/N to/V a/D record/N $/N _OOV_/N million/N on/I a/D 33/N %/N revenue/N gain/N ./.
_OOV_/N owned/N or/V managed/N rose/I 20/N %/N to/V $/N 45/N billion/N ,/, and/V mutual/N fund/N sales/N rose/I 45/N %/N in/I the/D quarter/N to/V $/N _OOV_/N million/N ./.
American/N Express/N Bank/N earnings/N fell/V 50/N %/N to/V $/N _OOV_/N million/N from/I $/N _OOV_/N million/N despite/V a/D 29/N %/N revenue/N gain/N ./.
The/P results/N include/N $/N 106/N million/N of/I tax/N benefits/N associated/N with/I previous/D years/N '/N Third/N World/N loan/N activity/N ,/, compared/V with/D $/N 15/N million/N a/I year/N earlier/I ./.
Profit/N rose/N 38/N %/N at/I American/N Express/N Information/N Services/N to/V $/N _OOV_/N million/N ./.
Shearson/N Lehman/N Hutton/N Holdings/N Inc./N ,/, as/V previously/I reported/N ,/, had/V net/N of/I $/N _OOV_/N million/N ,/, reversing/V a/D $/N 3.5/N million/N loss/N a/I year/N earlier/I ;/N its/I latest/N results/N include/N a/I $/N 37/N million/N gain/N from/I the/D sale/N of/I an/D institutional/N money/N management/N business/N ./.
American/N Express/N 's/, share/N of/I Shearson/N 's/, earnings/N was/V $/N 41/N million/N ,/, after/V preferred/D stock/N dividends/N ;/, it/D owns/N about/I 68/N %/N of/I Shearson/N 's/, common/N ./.
For/N the/I nine/N months/N ,/, American/N Express/N said/V net/N rose/I 11/N %/N to/V $/N _OOV_/N million/N ,/, or/V $/N _OOV_/N a/I share/N ,/, from/V $/N _OOV_/N million/N ,/, or/V $/N _OOV_/N a/I share/N ./.
Revenue/N rose/N 24/N %/N to/V $/N _OOV_/N billion/N from/I $/N _OOV_/N billion/N ./.
_OOV_/N Inc./N ,/, hampered/N by/I a/D slowdown/N in/I its/D defense/N sales/N ,/, reported/N an/I 8/N %/N decline/N in/I per-share/N earnings/N on/N nearly/I flat/N revenue/N for/I its/D third/N quarter/N ./.
The/N aerospace/N and/N financial/N services/N concern/N said/V net/N income/N fell/V 5/N %/N to/V $/N _OOV_/N million/N from/I $/N 62.8/N million/N ./.
Revenue/N of/I $/N _OOV_/N billion/N was/V almost/D unchanged/N from/I last/V year/N 's/, $/N _OOV_/N billion/N ./.
Per-share/N net/N of/I 66/N cents/N ,/, down/V from/D 72/N cents/N ,/, fell/V by/V more/D than/V overall/D net/N because/V of/I more/D shares/N outstanding/N ./.
The/N company/N said/V that/V improved/N results/N in/I its/D financial-services/N sector/N were/V negated/N by/I increased/N costs/N in/I its/D government/N contract/N business/N ,/, lower/V operating/N earnings/N in/I its/D _OOV_/N sector/N and/N soft/N automotive/N markets/N ./.
Net/N was/I aided/N by/I a/D lower/N income/N tax/N rate/N ./.
Profit/N before/I taxes/N fell/V 17/N %/N to/V $/N _OOV_/N million/N from/I $/N _OOV_/N million/N ./.
For/N the/I nine/N months/N ,/, _OOV_/N reported/N net/N of/I $/N _OOV_/N million/N ,/, or/V $/N 2.06/N a/I share/N ,/, on/I revenue/N of/I $/N _OOV_/N billion/N ./.
A/N year/N ago/N ,/, net/N was/I $/N _OOV_/N million/N ,/, or/V $/N _OOV_/N a/I share/N ,/, on/I revenue/N of/I $/N 5.3/N billion/N ./.
The/. _OOV_/N results/N included/I a/D $/N 9.5/N million/N special/N charge/N in/I 1989/N for/I an/D arbitration/N settlement/N related/N to/V past/D export/N sales/N ,/, and/V $/N _OOV_/N million/N in/I extraordinary/V charges/N in/I 1988/N related/N to/V a/D former/N line/N of/I business/N and/N early/I redemption/V of/I debt/N ./.
_OOV_/N said/V that/D _OOV_/N '/N results/N do/V n't/P include/N earnings/N of/I _OOV_/N PLC/N ,/, a/D British/N maker/N of/I industrial/N _OOV_/N ,/, but/V do/V include/N interest/N costs/N of/I $/N _OOV_/N million/N on/I borrowings/N related/N to/V the/D proposed/N purchase/N of/I _OOV_/N ./.
A/N federal/N judge/N has/I issued/N a/I preliminary/N injunction/N against/V the/D purchase/N because/V of/D Federal/N Trade/N Commission/N concerns/N that/V the/D transaction/N would/V reduce/N competition/I in/I the/D production/N of/I two/N kinds/N of/I rivets/N ./.
For/N the/I quarter/N ,/, _OOV_/N said/V aerospace/N revenue/N ,/, including/N _OOV_/N helicopter/N and/N _OOV_/N manufacture/N ,/, declined/V _OOV_/N %/N to/V $/N _OOV_/N million/N from/I $/N _OOV_/N million/N ,/, an/V indication/D of/D slowing/N government/N defense/N work/N ./.
As/, the/D _OOV_/N brothers/N '/N personal/V bankruptcy/N cases/N _OOV_/N into/I their/V second/D year/N ,/, _OOV_/N S.A./N has/I proposed/N a/I deal/N to/V settle/V its/D huge/N claim/V against/V the/D troubled/N Texas/N oil/N men/V ./.
But/P the/D plan/N only/I threatens/V to/V heighten/N the/I tension/D and/V confusion/V already/D surrounding/V the/D cases/N that/V were/V filed/N in/I September/N 1988/N ./.
The/N _OOV_/N mineral/N concern/N 's/, $/N _OOV_/N million/N claim/V stems/N from/I 1988/N jury/N award/N in/I a/D case/N stemming/N from/I the/D brothers/N '/N alleged/N attempts/V to/V corner/N the/I _OOV_/N silver/N market/N ./.
_OOV_/N now/N says/V it/V is/V willing/V to/V settle/V for/V up/V to/V $/N _OOV_/N million/N from/I each/V brother/N ,/, although/V the/D actual/V amount/V would/V probably/V be/V much/D less/N ./.
Although/N the/I proposal/N must/V be/V approved/N by/I federal/N Judge/N Harold/N C./N _OOV_/N ,/, W./N Herbert/N _OOV_/N has/I agreed/N to/V the/D _OOV_/N mineral/N concern/N 's/, proposal/N ./.
Nelson/N _OOV_/N _OOV_/N is/V considering/D it/V ,/, although/V his/V attorney/N says/V he/V wo/V n't/P do/V it/D if/V the/D proposal/N _OOV_/N a/I tentative/N settlement/N he/V has/D reached/N with/I the/D Internal/N Revenue/N Service/N ,/, which/D claims/N the/I brothers/V owe/V $/N 1/N billion/N in/I back/D taxes/N and/N is/I by/V far/D the/D biggest/N creditor/N in/I both/D cases/N ./.
The/P tentative/N agreement/N between/I the/D _OOV_/N and/N Nelson/N _OOV_/N _OOV_/N is/I awaiting/N U.S./N Justice/N Department/N approval/N ./.
Under/N it/V ,/, the/D former/N billionaire/N 's/, assets/N would/V be/V liquidated/N with/I the/D _OOV_/N getting/V 80/N %/N of/I the/D proceeds/N and/V the/D rest/V being/D divided/N among/I other/V creditors/N ,/, including/N _OOV_/N and/N Manufacturers/N _OOV_/N Trust/N Co./N ,/, which/D is/V seeking/V repayment/N of/I a/D $/N 36/N million/N loan/N ./.
A/N _OOV_/N proposal/N has/I been/V made/V in/I the/D W./N Herbert/N _OOV_/N case/N although/I he/V and/V the/D _OOV_/N are/N at/I odds/V over/D the/D size/N of/I the/D _OOV_/N debt/N he/V would/V have/V to/V pay/V to/V the/D government/N from/I future/D earnings/N ./.
In/V both/D cases/N ,/, _OOV_/N and/N Manufacturers/N _OOV_/N have/V been/D fighting/V ferociously/N over/I their/V shares/N of/I the/D pie/N ./.
With/N support/N from/I the/D _OOV_/N ,/, Manufacturers/N _OOV_/N has/I filed/N suit/V asking/V Judge/N _OOV_/N to/I subordinate/N _OOV_/N 's/, claim/V to/V those/V of/D _OOV_/N _OOV_/N and/N the/D _OOV_/N ./.
_OOV_/N has/I threatened/V a/D ``/N volcano/N ''/N of/I litigation/N if/V the/D Manufacturers/N _OOV_/N Corp./N unit/N attempts/V to/V force/N such/V a/D plan/N through/I the/D court/N ./.
_OOV_/N said/V it/V would/V n't/P pursue/V such/V litigation/N if/V its/D settlement/N plan/N in/I the/D W./N Herbert/N _OOV_/N case/N is/I approved/N by/I Judge/N _OOV_/N ,/, who/V will/V consider/D the/D proposal/N at/I a/D hearing/N next/V week/V ./.
_OOV_/N attorney/N Thomas/N _OOV_/N _OOV_/N the/I plan/N as/I one/N step/N toward/I an/D overall/N settlement/N of/I the/D W./N Herbert/N _OOV_/N case/N but/I Hugh/N Ray/N ,/, attorney/N for/I Manufacturers/N _OOV_/N ,/, called/V it/D ``/N silly/V ''/N and/N said/V he/V would/V fight/P it/V in/I court/N ./.
``/N The/, thing/V is/V so/V fluid/N right/V now/V that/V there/D 's/, really/V no/V way/D to/V say/V what/V will/V happen/V ,/, ''/N says/V Justice/N Department/N attorney/N _OOV_/N _OOV_/N III/N ,/, who/V represents/V the/D _OOV_/N in/I the/D case/N ./.
``/N Developments/N like/V this/D are/V hard/V to/V predict/N ./.
Banc/N One/, Corp./N said/V it/D agreed/N in/I principle/N to/V buy/V five/N branch/N offices/N from/I _OOV_/N Inc./N ,/, Toledo/N ,/, Ohio/N ,/, following/D the/D planned/N merger/N of/I _OOV_/N into/I Society/N Corp./N ,/, Cleveland/N ./.
The/N five/N offices/N in/I Erie/N and/N _OOV_/N counties/N in/I northern/N Ohio/N have/V total/N assets/N of/I about/N $/N 88/N million/N ,/, Banc/N One/, said/V ./.
The/P purchase/N price/N will/V be/D established/N after/V Banc/N One/N has/I an/D opportunity/V to/V study/N the/I quality/N of/I the/D assets/N ,/, Banc/N One/, said/V ./.
Society/N Corp./N already/I has/I branches/N in/I the/D area/N ,/, and/V selling/N the/I _OOV_/N offices/N could/V avoid/V a/D problem/N with/I regulators/N over/I excessive/N concentration/N of/I banking/N in/I the/D two/N counties/N after/V the/D merger/N of/I _OOV_/N into/I Society/N ,/, according/V to/D industry/N sources/N ./.
The/N merger/N is/I scheduled/N to/V take/V place/D in/I the/D 1990/N first/I quarter/N ./.
_OOV_/N fears/V and/V relatively/V more/D attractive/N interest/N rates/N pushed/I _OOV_/N mutual/N fund/N assets/N up/V $/N _OOV_/N billion/N in/I the/D latest/N week/N ,/, the/D sharpest/J increase/N in/I almost/D two/N years/N ./.
The/N _OOV_/N funds/N tracked/N by/I the/D Investment/N Company/N Institute/N ,/, a/D _OOV_/N trade/N group/N ,/, rose/V to/V $/N _OOV_/N billion/N ,/, a/D record/N ./.
The/P $/N _OOV_/N billion/N increase/N was/I the/D strongest/D weekly/N inflow/N since/I January/N 1988/N ./.
The/P increase/N was/I spread/V fairly/D evenly/D among/V all/D three/N types/N of/I funds/N ./.
Individual/N investors/N ,/, represented/N in/I the/D _OOV_/N and/N broker-dealer/N fund/N categories/N ,/, pulled/V money/V from/I the/D stock/N market/N after/V its/I big/N drop/V last/V Friday/V and/V put/V the/D money/N into/I funds/N ,/, said/V _OOV_/N _OOV_/N ,/, vice/N president/N and/N chief/N economist/N of/I the/D Institute/N ./.
``/N _OOV_/N investors/N ,/, on/I the/D other/V hand/R ,/, reacted/N to/V the/D steep/N decline/N in/I yields/N on/I direct/J _OOV_/N instruments/N following/I the/D _OOV_/N decline/N last/I Friday/N ,/, ''/N Mr./N _OOV_/N said/V ./.
Yields/N on/I money/V funds/N dropped/N in/I the/D week/V ended/N Tuesday/N ,/, according/V to/D _OOV_/N 's/, Money/N Fund/N Report/N ,/, a/D _OOV_/N ,/, Mass./N ,/, newsletter/N ./.
The/P average/N _OOV_/N compounded/N yield/N fell/V to/V _OOV_/N %/N from/I 8.60/N %/N the/I week/V earlier/N ,/, _OOV_/N 's/, said/V ./.
At/N the/I auction/N of/I six-month/N U.S./N Treasury/N bills/N on/I Monday/N ,/, the/D average/N yield/N fell/V to/V _OOV_/N %/N from/I _OOV_/N %/N ./.
Likewise/N ,/, certificates/N of/I deposit/N on/I average/N posted/N lower/N yields/N in/I the/D week/V ended/N Tuesday/N ./.
The/N _OOV_/N _OOV_/N money/N funds/N rose/V $/N _OOV_/N billion/N to/V $/N _OOV_/N billion/N ./.
The/N _OOV_/N _OOV_/N funds/N increased/N $/N _OOV_/N billion/N to/V $/N _OOV_/N billion/N ,/, while/V 96/N broker-dealer/N funds/N increased/N $/N 1.3/N billion/N to/V $/N _OOV_/N billion/N ./.
Domestic/N lending/N for/I real/V estate/N and/N property/N development/N was/I the/D source/N of/I Bank/N _OOV_/N Malaysia/N _OOV_/N 's/, most/I recent/N spate/N of/I financial/N troubles/N ,/, the/D institution/N 's/, executive/N chairman/N ,/, _OOV_/N _OOV_/N _OOV_/N ,/, said/V ./.
Speaking/N to/V reporters/N this/V week/V after/V Bank/N _OOV_/N 's/, shareholders/N approved/N a/I rescue/N plan/N ,/, _OOV_/N _OOV_/N _OOV_/N said/V heavy/V lending/N to/V the/D property/N sector/N rocked/N the/D bank/N when/I property/N prices/N in/I Malaysia/N plummeted/N in/I _OOV_/N ./.
He/P said/V the/D bank/N could/V n't/P wait/V any/V longer/D for/V prices/N to/V recover/V and/V for/I borrowers/N to/I service/N their/V loans/N ./.
So/P the/D bank/N 's/, board/N decided/V to/V make/V 1.23/N billion/N _OOV_/N dollars/N -LRB-/N US$/N _OOV_/N million/N -RRB-/N in/I provisions/N for/I interest/N payments/N from/I loans/N previously/I recorded/N as/I revenue/N but/I never/V actually/V received/N by/I the/D bank/N ,/, and/V to/V submit/V a/D bailout/N package/N to/I replenish/N the/I bank/N 's/, _OOV_/N capital/N ./.
The/N predicament/N ,/, he/V added/N ,/, was/V similar/D to/V the/D Hong/N Kong/N _OOV_/N _OOV_/N collapse/N ,/, which/D exposed/N the/D involvement/N of/I Bank/N _OOV_/N 's/, former/N subsidiary/N in/I the/D colony/N in/I the/D largest/N banking/N scandal/N in/I Malaysia/N 's/, history/N ./.
The/N subsidiary/N ,/, _OOV_/N Malaysia/N Finance/N Ltd./N ,/, was/V left/D with/D _OOV_/N _OOV_/N billion/N in/I bad/V loans/N made/V to/D Hong/N Kong/N property/N speculators/N ./.
Both/N episodes/V wiped/V out/V Bank/N _OOV_/N 's/, shareholders/N '/N funds/N ./.
Each/N time/V ,/, the/D bank/N 's/, 90/N %/N shareholder/N --/N _OOV_/N _OOV_/N _OOV_/N ,/, or/V _OOV_/N ,/, the/D national/N oil/N company/N --/N has/I been/V called/V upon/V to/V rescue/N the/I institution/N ./.
In/V five/N years/N ,/, _OOV_/N ,/, which/D became/N the/I dominant/I shareholder/N in/I a/D 1984/N rescue/N exercise/N ,/, has/D spent/N about/I _OOV_/N 3.5/N billion/N to/V prop/V up/V the/D troubled/N bank/N ./.
_OOV_/N _OOV_/N _OOV_/N said/V the/D capital/N restructuring/N plan/N has/I been/V approved/N by/I Malaysia/N 's/, Capital/N _OOV_/N Committee/N and/N central/N bank/N ./.
Malaysia/N 's/, High/N Court/N is/I expected/V to/D approve/N the/I plan/N ./.
Once/V the/D plan/N is/V approved/N ,/, _OOV_/N _OOV_/N _OOV_/N said/V ,/, most/V of/I Bank/N _OOV_/N 's/, _OOV_/N loans/N will/V have/V been/V fully/D provided/N for/I and/V the/D bank/N will/V be/V on/D track/N to/I report/N a/I pretax/N profit/N of/I between/D _OOV_/N 160/N million/N and/N _OOV_/N 170/N million/N for/I the/D fiscal/N year/N ending/I March/N 31/N ./.
For/N the/I previous/D financial/N year/N ,/, the/D bank/N would/V have/V reported/N a/I pretax/N profit/N of/I _OOV_/N _OOV_/N million/N if/, it/V had/V n't/P made/V provisions/N for/I the/D _OOV_/N loans/N ,/, he/V said/V ./.
Malaysia/N 's/, Banking/N _OOV_/N Act/N prohibited/N the/I bank/N from/I identifying/I delinquent/N borrowers/N ,/, said/V _OOV_/N _OOV_/N _OOV_/N ./.
But/P public/N documents/N indicate/I 10/N %/N or/V more/D of/I the/D bank/N 's/, provisions/N were/V made/V for/I foregone/N interest/N on/I a/D _OOV_/N 200/N million/N loan/N to/I Malaysia/N 's/, dominant/I political/N party/N ,/, the/D United/N _OOV_/N National/N Organization/N ,/, to/V build/N its/I convention/N and/I headquarters/N complex/N in/I _OOV_/N _OOV_/N ./.
The/N loan/N to/I _OOV_/N was/I made/V in/I September/N 1983/N ./.
``/N We/, lent/V a/D lot/V of/D money/N all/V over/D the/D place/V ,/, ''/N said/V _OOV_/N _OOV_/N _OOV_/N ,/, who/V refused/P to/V discuss/N the/D bank/N 's/, outstanding/V loans/N to/V
As/, well/V as/V the/D _OOV_/N 1.23/N billion/N in/I provisions/N announced/N on/I Oct./N 6/N ,/, the/D restructuring/N package/N covers/N an/I additional/N _OOV_/N _OOV_/N million/N in/I provisions/N made/I in/I earlier/D years/N but/I never/V reflected/D in/I a/D reduction/N of/I the/D bank/N 's/, _OOV_/N capital/N ./.
At/N the/I end/N of/I the/D exercise/N ,/, the/D cash/N injection/N from/I _OOV_/N will/V increase/N the/I bank/N 's/, _OOV_/N capital/N to/I _OOV_/N 1.15/N billion/N after/V virtually/D being/V wiped/V out/V by/V the/D new/N provisions/N ./.
_OOV_/N _OOV_/N might/V have/V stepped/V from/I a/D recruiting/N poster/N for/I young/N Republicans/N ./.
White/N ,/, 24/N years/N old/I ,/, a/D singer/N in/I her/P church/V choir/N ,/, she/V symbolizes/V a/D generation/N that/V gave/V its/I heart/N and/N its/I vote/N to/V Ronald/N Reagan/N ./.
``/N I/, felt/V kind/V of/I safe/N ,/, ''/N she/, says/V ./.
No/N longer/V ./.
When/P the/D Supreme/N Court/N opened/N the/I door/V this/D year/N to/I new/N restrictions/N on/I abortion/N ,/, Ms./N _OOV_/N opened/N her/V mind/V to/D Democratic/N politics/N ./.
Then/V a/D political/N novice/N ,/, she/V stepped/V into/I a/D whirl/N of/I ``/N _OOV_/N ''/N marches/N ,/, house/N parties/I and/V _OOV_/N ./.
Now/V she/V leads/V a/D grassroots/N _OOV_/N campaign/N in/I _OOV_/N County/N for/I _OOV_/N Democratic/N gubernatorial/N candidate/I James/N _OOV_/N ./.
``/N This/N is/I one/N where/V I/P cross/V party/N lines/N ,/, ''/N she/, says/V ,/, rejecting/V the/D _OOV_/N stance/N of/I Rep./N _OOV_/N 's/, opponent/R ,/, _OOV_/N Rep./N James/N _OOV_/N ./.
``/N People/N my/, age/N thought/V it/V was/V n't/P going/V to/V be/V an/D issue/N ./.
Now/V it/V has/D --/N especially/N for/I people/N my/, age/N ./, ''/N
_OOV_/N bear/N out/V this/V warning/N ,/, but/V after/V a/D decade/N of/I increased/N Republican/N influence/I here/N ,/, the/D new/J politics/N of/I abortion/N have/V contributed/V to/V a/D world/N turned/V upside/V down/V for/V Mr./N _OOV_/N ./.
Unless/N he/V closes/N the/I gap/N ,/, Republicans/N risk/N losing/V not/V only/D the/D governorship/N but/I also/V the/D assembly/N next/V month/N ./.
Going/N into/I the/D 1990s/N ,/, the/D _OOV_/N is/V paying/V a/D price/N for/I the/D same/N conservative/I social/N agenda/N that/V it/D used/N to/V torment/V Democrats/N in/I the/D past/V ./.
This/N change/N comes/V less/D from/V a/D shift/N in/I public/N opinion/N ,/, which/D has/V n't/P changed/V much/D on/I abortion/N over/I the/D past/D decade/N ,/, than/V in/I the/D boundaries/N of/I the/D debate/N ./.
New/N Jersey/N 's/, own/V highest/N court/N remains/I a/D liberal/I bulwark/N against/I major/N restrictions/N on/I abortion/N ,/, but/V the/D U.S./N Supreme/N Court/N ruling/N ,/, Webster/N vs./N Missouri/N ,/, has/D engaged/N voters/N across/I the/D nation/N who/V had/V been/V insulated/N from/I the/D issue/N ./.
Before/N July/N ,/, _OOV_/N voters/I could/V safely/V make/V political/N decisions/N without/V focusing/V narrowly/V on/I abortion/N ./.
Now/N ,/, the/D threat/N of/I further/V restrictions/N adds/V a/D new/N dimension/N ,/, bringing/V an/D upsurge/N in/I political/N activity/N by/I _OOV_/N forces/N ./.
A/N recent/I _OOV_/N rally/N in/I _OOV_/N drew/I thousands/N ,/, and/N in/I a/D major/N reversal/I ,/, Congress/N is/I defying/V a/D presidential/N veto/N and/V demanding/V that/D _OOV_/N abortions/N be/V permitted/N in/I cases/N of/I rape/N and/I incest/N ./.
``/N If/, Webster/N had/V n't/P happened/V ,/, you/P would/V n't/P be/V here/N ,/, ''/N _OOV_/N _OOV_/N tells/V a/D reporter/N in/I the/D _OOV_/N office/N of/I the/D National/N Organization/N for/I Women/N ./.
``/N We/, could/V have/V shouted/V from/I the/D rooftops/N about/I _OOV_/N and/N no/D one/N would/V have/V heard/V us/N ./, ''/N
New/N Jersey/N is/V a/D proving/N ground/V for/V this/D aggressive/V _OOV_/N movement/N this/D year/N ./.
The/N infusion/N of/I activists/N can/V bring/V a/D clash/V of/D cultures/N ./.
In/D _OOV_/N Hill/N ,/, the/D National/N _OOV_/N Rights/N Action/N League/N ,/, whose/V goal/D is/V to/V sign/V up/D 50,000/N _OOV_/N voters/N ,/, targets/N a/I union/N breakfast/N to/V build/N labor/N support/N for/I its/D cause/N ./.
The/N league/I organizers/N seem/V more/D a/D fit/V with/D a/D convention/N next/V door/V of/I young/N aerobics/N instructors/N in/I _OOV_/N than/I the/D _OOV_/N union/N leaders/N ;/, ``/N I/, wish/V I/P could/V go/V work/V out/V ,/, ''/N says/V a/D slim/V activist/N ./.
A/N labor/N chief/N speaks/V sardonically/N of/I having/V to/D ``/N man/N and/V woman/N ''/N Election/N Day/N phones/N ./.
No/N age/N group/N is/V more/D sensitive/N than/I younger/V voters/V ,/, like/V Ms./N _OOV_/N ./.
A/N year/N ago/V this/D fall/V ,/, New/N Jersey/N voters/I under/N 30/N favored/I George/N Bush/N by/I 56/N %/N to/V 39/N %/N over/I Michael/N _OOV_/N ,/, according/V to/V a/D survey/N then/V by/I _OOV_/N University/N 's/, _OOV_/N Institute/N ./.
A/N matching/N _OOV_/N _OOV_/N _OOV_/N poll/N last/V month/N showed/I a/D complete/N reversal/I ./.
_OOV_/N in/I the/D same/V age/J group/N backed/N Democrat/N _OOV_/N 55/N %/N to/V 29/N %/N over/I Republican/N _OOV_/N ./.
_OOV_/N alone/V ca/N n't/, explain/V this/D shift/N ,/, but/V New/N Jersey/N is/V a/D model/N of/I how/V so/V personal/N an/I issue/N can/V become/V a/D baseline/N of/I sorts/N in/I judging/D a/D candidate/N ./.
By/V a/D _OOV_/N ratio/N ,/, voters/V appear/V more/D at/N ease/N with/I Mr./N _OOV_/N 's/, stance/V on/D abortion/N ,/, and/V polls/V indicate/V his/V lead/V widens/N when/V the/D candidates/N are/V specifically/V linked/N to/V the/D issue/N ./.
``/N The/, times/I are/V my/P times/N ,/, ''/N says/V Mr./N _OOV_/N ./.
The/N _OOV_/N County/N congressman/N still/I carries/N himself/V with/D a/D trademark/N ``/N _OOV_/N ''/N intensity/N ,/, but/V at/I a/D pause/N in/I _OOV_/N 's/, Columbus/N Day/N parade/N recently/N ,/, he/V was/V dancing/V with/V his/V wife/N in/I the/D middle/D of/I the/D avenue/N in/I the/D city/N 's/, old/D _OOV_/N ward/N ./.
After/N losing/V by/V fewer/D than/D 1,800/N votes/N in/I the/D 1981/N governor/N 's/, race/N ,/, he/V has/D prepared/N himself/V methodically/N for/I this/V moment/V ,/, including/N deciding/I in/I recent/N years/I he/V could/V no/V longer/D support/N curbs/N on/I federal/N funding/N for/I _OOV_/N abortions/N ./.
``/N If/, you/P 're/P going/V to/V be/V consistent/D and/N say/V it/V is/V a/D constitutionally/N protected/N right/V ,/, ''/N he/V asks/V ,/, ``/N how/V are/V you/P going/V to/V say/V an/D upscale/N woman/N who/V can/V drive/N to/V the/D hospital/N or/V clinic/N in/I a/D nice/V car/N has/I a/D constitutional/N right/I and/V someone/V who/V is/V not/V in/I great/V shape/V financially/N does/V not/V ?/P ''/N
Mr./N _OOV_/N ,/, by/V comparison/N ,/, seems/V a/D shadow/N of/I the/D confident/V hawk/N who/V defended/V Oliver/N North/N before/I national/N cameras/N at/I Iran-Contra/N hearings/N two/N years/N ago/N ./.
Looking/V back/V ,/, he/V says/V he/V erred/V by/I stating/N his/V ``/N personal/N ''/N opposition/N to/V abortion/N instead/I of/D assuring/N voters/I that/V he/V would/V n't/P impose/N his/V views/V on/I ``/N policy/N ''/N as/I governor/N ./.
It/P is/V a/D distinction/V that/V satisfies/N neither/V side/D in/I the/D debate/N ./.
``/N He/, does/V n't/P know/V himself/V ,/, ''/N _OOV_/N _OOV_/N of/I the/D _OOV_/N Rights/N League/N says/V of/I Mr./N _OOV_/N 's/, position/V ./.
Even/N abortion/N opponents/V ,/, however/V angry/V with/V Mr./N _OOV_/N ,/, ca/N n't/, hide/V their/V frustration/V with/D the/D Republican/N 's/, ambivalence/N ./.
``/N He/, does/V n't/P want/V to/V lead/V the/D people/N ,/, ''/N says/V Richard/N _OOV_/N ,/, president/N of/I New/N Jersey/N Right/N to/V Life/N ./.
Moreover/N ,/, by/V stepping/D outside/V the/D state/N 's/, _OOV_/N tradition/N ,/, Mr./N _OOV_/N _OOV_/N fears/V that/V he/V is/V too/V conservative/N as/I well/V on/I more/D pressing/N concerns/N such/N as/I auto/N insurance/N rates/N and/N the/D environment/N ./.
He/P hurt/V himself/V further/V this/D summer/N by/I bringing/V homosexual/N issues/N into/I the/D debate/N ;/, and/N by/I wavering/N on/I this/D issue/N and/I abortion/N ,/, he/V has/D weakened/V his/V credibility/N in/I what/V is/V already/D a/D _OOV_/N campaign/N on/I both/D sides/D ./.
_OOV_/N to/I Congress/N in/I 1978/N ,/, the/D _OOV_/N Mr./N _OOV_/N is/N part/I of/I a/D generation/N of/I young/N conservatives/V who/V were/V once/V very/V much/D in/I the/D lead/N of/I the/D _OOV_/N shift/I under/N Mr./N Reagan/N ./.
Like/N many/I of/I his/V colleagues/N ,/, he/V did/V n't/P serve/N in/I Vietnam/N in/I the/D 1960s/N yet/I embraced/V a/D _OOV_/N defense/N and/I foreign/N policy/N --/N even/I voting/N against/V a/D 1984/N resolution/N critical/N of/I the/D U.S./N mining/N of/I _OOV_/N harbors/N ./.
Jack/N Kemp/N and/N the/D writers/N _OOV_/N Kristol/N and/N George/N _OOV_/N were/I influences/N ,/, and/V Mr./N _OOV_/N 's/, own/V conservative/I credentials/N proved/I useful/N to/V the/D current/N New/N Jersey/N _OOV_/N governor/N ,/, Thomas/N _OOV_/N ,/, in/I the/D 1981/N Republican/N primary/N here/N ./.
The/P same/I partnership/N is/N now/I crucial/V to/V Mr./N _OOV_/N 's/, fortunes/V ,/, but/V the/D abortion/N issue/N is/V only/D a/D reminder/N of/I the/D gap/N between/I his/V record/N and/V that/V of/I the/D more/D moderate/N ,/, _OOV_/N Gov./N _OOV_/N ./.
While/V the/D _OOV_/N County/N congressman/N pursued/N an/I _OOV_/N ,/, _OOV_/N agenda/N in/I Washington/N ,/, Gov./N _OOV_/N was/I approving/N increased/N income/N and/N sales/N taxes/N at/I home/N and/I overseeing/N a/I near/N doubling/I in/I the/D size/N of/I New/N Jersey/N 's/, budget/N in/I his/V eight/N years/N in/I office/N ./.
_OOV_/N forces/N play/V down/V any/V differences/D with/V Mr./N _OOV_/N ,/, but/V this/D history/N makes/V it/D harder/V for/I the/D conservative/V to/V run/N against/I government/N ./.
Mr./N _OOV_/N 's/, free-market/N plan/N to/V bring/V down/V auto/N insurance/N rates/N met/N criticism/N from/I Gov./N _OOV_/N 's/, own/V insurance/N commissioner/N ./.
Mr./N _OOV_/N is/I further/V hobbled/I by/I a/D record/N of/I votes/N opposed/V to/V government/N regulation/N on/I behalf/N of/I consumers/N ./.
_OOV_/N in/I Spanish/N from/I his/V days/N in/I the/D Peace/N _OOV_/N ,/, Mr./N _OOV_/N actively/N courts/N minority/N voters/V but/R seems/V oddly/V over/D his/V head/N ./.
He/P is/V warm/N and/I polished/N before/V a/D Puerto/N _OOV_/N Congress/N in/I _OOV_/N Park/N ./.
Yet/N minutes/N after/V promising/N to/V appoint/V _OOV_/N to/V high/N posts/N in/I state/N government/N ,/, he/V is/V unable/V to/V say/V whether/V he/V has/I ever/D employed/N any/V in/I his/V congressional/N office/N ./.
``/N I/, do/V n't/P think/V we/P do/V now/N ,/, ''/N he/V says/V ./.
``/N I/, think/V we/P did/V ./, ''/N
Asked/N the/I same/V question/V after/V his/V appearance/V ,/, Democrat/N _OOV_/N identifies/N a/I staff/N member/N by/I name/I and/N explains/I her/P whereabouts/V today/N ./.
When/P he/V is/V presented/N with/I a/D poster/N celebrating/I the/D organization/N 's/, 20th/N anniversary/N ,/, he/V recognizes/N a/I photograph/N of/I one/N of/I the/D founders/N and/N recalls/V time/D spent/N together/I in/I _OOV_/N ./.
Details/N and/N _OOV_/N are/V essential/N _OOV_/N ./.
_OOV_/N to/I Congress/N as/I a/D ``/N Watergate/N baby/N ''/N in/I 1974/N ,/, he/V ran/N for/I governor/N three/N years/N later/I ./.
In/V the/D opinion/N of/I many/V ,/, he/V has/I n't/P stopped/V running/N since/I ,/, even/V though/D he/V declined/N a/I rematch/I with/D Gov./N _OOV_/N in/I 1985/N ./.
His/V base/N in/I South/N Jersey/N and/N on/I the/D House/N Energy/N and/N Commerce/N Committee/N helped/N him/V sustain/V a/D network/N of/I _OOV_/N committees/N to/V preserve/V his/V edge/N ./.
With/N limited/N budgets/N for/I television/N in/I a/D high-priced/N market/N ,/, Mr./N _OOV_/N 's/, higher/N recognition/N than/I his/V rival/V is/V a/D major/N advantage/N ./.
More/N than/V ever/V ,/, his/V _OOV_/N and/N _OOV_/N record/N is/N in/I sync/N with/I the/D state/N ./.
Auto/N insurance/N rates/N are/V soaring/N ./.
A/N _OOV_/N fire/V destroyed/V part/D of/I an/D interstate/N highway/N this/I summer/N ./.
In/D _OOV_/N ,/, an/D important/N swing/I area/N ,/, Republican/N _OOV_/N now/N run/N on/I a/D slogan/N promising/N to/V keep/V the/D county/N ``/N clean/N and/I green/N ./, ''/N
Mr./N _OOV_/N _OOV_/N this/I vindication/N ,/, but/V at/I age/N 52/N ,/, the/D congressman/N is/I also/V a/D product/N of/I his/V times/D and/V losses/N ./.
He/P speaks/V for/V the/D death/V penalty/V as/V if/V reading/N from/I _OOV_/N 21/N ;/, to/V increase/N state/N revenue/N he/V focuses/N not/V on/D ``/N taxes/N ''/N but/V on/D ``/N audits/N ''/N to/V cut/V waste/N ./.
_OOV_/N consultants/N match/I ads/N with/I Mr./N _OOV_/N 's/, team/V ,/, and/V Mr./N _OOV_/N _OOV_/N himself/V as/V the/D lean/N ,/, mean/V Democratic/N fighting/V machine/N of/I the/D 1990s/N ./.
_OOV_/N to/V a/D young/V audience/V ,/, he/V scraps/N an/I old/I reference/N to/I _OOV_/N and/N _OOV_/N and/N instead/I quotes/V the/D _OOV_/N _OOV_/N ./.
The/, lyric/N chosen/I --/N ``/N long/I strange/V night/V ''/N --/N may/V be/V an/D apt/N footnote/N to/I television/N spots/N by/I both/D candidates/N intended/I to/V portray/V each/V other/V as/V a/D liar/N ./.
The/N Democratic/N lawmaker/N fits/V a/D pattern/N of/I younger/N reformers/I arising/N out/V of/D old/I machines/N ,/, but/V his/V ties/N to/I _OOV_/N remain/V a/D sore/V point/V because/V of/I the/D county/N 's/, past/D corruption/N ./.
His/V campaign/N hierarchy/N is/V chosen/V from/I elsewhere/N in/I the/D state/N ,/, and/V faced/V with/D criticism/N of/I a/D sweetheart/N bank/N investment/N ,/, he/V has/D so/V far/D blunted/N the/I issue/N by/I donating/N the/I bulk/N of/I his/V profits/N to/V his/V alma/N mater/N ,/, _OOV_/N State/N College/N ./.
Mr./N _OOV_/N 's/, _OOV_/N on/I the/D abortion/N issue/N after/V the/D Webster/N ruling/N divides/N some/I of/I his/V old/D constituency/N ./.
_OOV_/N _OOV_/N ,/, an/V unlikely/D but/V enthusiastic/V pipe/N major/N in/I an/D _OOV_/N County/N Irish/N bagpipe/N band/N ,/, speaks/V sadly/V of/I Mr./N _OOV_/N ./.
``/N I/, am/V a/D devout/V _OOV_/N ,/, ''/N says/V Mr./N _OOV_/N ,/, a/D 40-year-old/N health/N officer/N ./.
``/N I/, ca/N n't/, support/N him/V because/V of/D abortion/N ./, ''/N
Bill/N _OOV_/N Sr./N ,/, 72/N ,/, is/V _OOV_/N too/V ,/, but/D _OOV_/N by/I Mr./N _OOV_/N 's/, stand/V on/D abortion/N ./.
A/N security/N guard/N at/I a/D cargo/N terminal/N ,/, he/V wears/V a/D Sons/N of/I Italy/N jacket/N and/N cap/N celebrating/I ``/N The/, US/N 1/N _OOV_/N ./, ''/N
``/N I/, still/D think/V the/D woman/N has/I the/D right/V to/V do/V with/V her/V body/V as/V she/V pleases/N ,/, ''/N he/V says/V ./.
``/N If/, you/P want/V more/D opinions/N ask/, my/P wife/N ./.
She/V has/D lots/N of/I opinions/N ./.
Consumer/N prices/N rose/V a/D surprisingly/D moderate/V 0.2/N %/N in/I September/N ,/, pushed/V up/D mostly/N by/I a/D jump/N in/I clothing/N costs/N ,/, the/D Labor/N Department/N reported/N ./.
Energy/N costs/N ,/, which/D drove/V wholesale/N prices/N up/V sharply/D during/V the/D month/N ,/, continued/V to/V decline/V at/I the/D retail/N level/N ,/, pulling/V down/D transportation/N and/N helping/N to/V ease/V housing/N costs/N ./.
The/N report/N was/V the/D brightest/N news/N the/I financial/N markets/N had/V seen/D since/D before/V the/D stock/N market/N plunged/V more/D than/D 190/N points/V last/V Friday/N ./.
The/N Dow/N Jones/N Industrial/N Average/N rallied/V on/I the/D news/N ,/, closing/D _OOV_/N points/I higher/N at/I _OOV_/N ./.
Bond/N prices/N also/I jumped/N as/I traders/N appeared/V to/V read/V the/D data/N as/I a/D sign/V that/V interest/N rates/N may/V fall/V ./.
But/P many/V economists/N were/V not/V nearly/D as/D jubilant/N ./.
The/P climb/V in/I wholesale/N energy/N prices/N is/V certain/V to/V push/V up/D retail/N energy/N prices/N in/I the/D next/V few/D months/N ,/, they/P warned/V ./.
They/V also/V said/V the/D dollar/N is/I leveling/V off/V after/V a/D rise/D this/D summer/N that/V helped/N to/V reduce/N the/I prices/N of/I imported/N goods/N ./.
``/N I/, think/V inflation/N is/V going/V to/V pick/V up/V through/V the/D fall/N ,/, ''/N said/V Joel/N _OOV_/N ,/, a/D specialist/N on/I inflation/N who/V runs/N an/I economic/N consulting/N firm/N here/N ./.
``/N It/, has/V been/V in/I what/V I/P would/V describe/V as/V a/D lull/N for/I the/D past/D several/I months/N ./, ''/N
``/N We/, 've/P had/V _OOV_/N declines/N in/I consumer/N energy/N prices/N in/I each/N of/I the/D past/D three/N months/N ,/, and/N at/I the/D wholesale/N level/N those/V are/V fully/V behind/D us/N now/N ,/, ''/N said/V Jay/N _OOV_/N ,/, chief/N domestic/N economist/N at/I Bankers/N Trust/N Co./N in/I New/N York/N ./.
Because/V wholesale/N energy/N prices/N shot/V up/V by/V a/D steep/D 6.5/N %/N last/V month/N ,/, many/V analysts/J expected/N energy/N prices/N to/V rise/D at/I the/D consumer/N level/N too/V ./.
As/, a/D result/N ,/, many/V economists/N were/V expecting/V the/D consumer/N price/N index/N to/I increase/N significantly/I more/V than/D it/V did/V ./.
But/V retail/N energy/N prices/N declined/N 0.9/N %/N in/I September/N ./.
Though/N analysts/N say/V competition/V will/V probably/V hold/V down/V increases/N in/I retail/N energy/N prices/N ,/, many/V expect/V some/V of/I the/D wholesale/N rise/I to/V be/V passed/N along/I to/V the/D consumer/N before/V the/D end/N of/I the/D year/N ./.
Still/N ,/, some/V analysts/V insisted/V that/V the/D worst/N of/I the/D inflation/N is/V behind/D ./.
``/N It/, increasingly/N appears/V that/D _OOV_/N was/I a/D temporary/N inflation/N _OOV_/N and/N not/V the/D beginning/N of/I a/D cyclical/N inflation/N problem/N ,/, ''/N argued/N Edward/N _OOV_/N ,/, chief/N economist/N at/I Prudential-Bache/N Securities/N Inc./N in/I New/N York/N ./.
In/V both/D 1987/N and/N 1988/N ,/, consumer/N prices/N rose/I _OOV_/N %/N ./.
A/N run-up/N in/I world/I oil/N prices/N last/V winter/N sent/V consumer/N prices/N soaring/N at/I a/D _OOV_/N %/N annual/N rate/N in/I the/D first/I five/N months/N of/I this/D year/N ,/, but/V the/D subsequent/D decline/N in/I energy/N prices/N has/I pulled/V the/D annual/N rate/N back/V down/V to/D _OOV_/N %/N ./.
Mr./N _OOV_/N predicted/N that/I world/I business/N competition/N will/V continue/V to/V restrain/V prices/N ./.
``/N The/, bottom/N line/N is/N ,/, it/V seems/V to/V me/P that/V the/D economic/N environment/N has/I become/V very/V ,/, very/D _OOV_/N for/I a/D lot/V of/I businesses/N ,/, ''/N he/V said/V ./.
``/N Back/N in/I _OOV_/N ,/, business/N was/I operating/N at/I fairly/D tight/N capacity/N ,/, so/V businesses/N felt/V they/P could/V raise/V prices/N ./, ''/N
Now/N ,/, he/V said/V ,/, a/D slowdown/N in/I economic/N activity/N has/I _OOV_/N demand/N ./.
The/N mild/N inflation/N figures/I renewed/V investors/N '/, hopes/V that/V the/D Federal/N Reserve/N will/V ease/V its/I interest-rate/N stance/N ./.
The/P steep/V climb/V in/I producer/N prices/N reported/N last/V Friday/V fostered/N pessimism/V about/N lower/I interest/N rates/N and/I contributed/N to/V the/D stock/N market/N 's/, 6.9/N %/N plunge/V that/D day/N ./.
In/V the/D past/D several/I days/N ,/, however/V ,/, the/D U.S./N 's/, central/N bank/N has/I allowed/V a/D key/N interest/N rate/N to/V fall/D slightly/N to/V try/V to/V stabilize/N the/I markets/N ./.
Analysts/N say/V Fed/N policy/N makers/N have/V been/V wary/V of/I relaxing/N credit/N too/V much/D because/V they/V were/V still/D uncertain/V about/N the/I level/N of/I inflation/N in/I the/D economy/N ./.
Excluding/N the/I volatile/N categories/N of/I energy/N and/I food/N --/N leaving/V what/V some/D economists/N call/V the/D core/N inflation/N rate/N --/N consumer/N prices/N still/I rose/V only/D 0.2/N %/N in/I September/N ./.
Transportation/N costs/N actually/V fell/V 0.5/N %/N ,/, and/V housing/N costs/N gained/I only/D 0.1/N %/N ./.
Apparel/N prices/N _OOV_/N up/I 1.7/N %/N ,/, but/V that/V was/V after/V three/N months/N of/I declines/N ./.
Medical/N costs/N continued/I their/V steep/D ascent/N ,/, rising/D _OOV_/N %/N after/V four/N consecutive/I months/N of/I 0.7/N %/N increases/N ./.
Car/N prices/N ,/, another/D area/N that/I contributed/V to/V the/D steep/N rise/I in/I the/D wholesale/N index/N last/I month/N ,/, still/D showed/N declines/N at/I the/D consumer/N level/N ./.
They/, dropped/I _OOV_/N %/N as/I dealers/N continued/I to/V offer/N rebates/N to/V attract/V customers/N ./.
Food/N prices/N rose/I 0.2/N %/N for/I the/D second/D month/N in/I a/D row/N ,/, far/V slower/V than/D the/D monthly/N rises/N earlier/I in/I the/D year/N ./.
Separately/N ,/, the/D Labor/N Department/N reported/N that/I average/N weekly/N earnings/N rose/N 0.3/N %/N in/I September/N ,/, after/V adjusting/N for/I inflation/N ,/, following/D a/D 0.7/N %/N decline/N in/I August/N ./.
All/N the/I numbers/N are/V adjusted/N for/I seasonal/N fluctuations/N ./.
Here/N are/V the/D seasonally/N adjusted/N changes/N in/I the/D components/N of/I the/D Labor/N Department/N 's/, consumer/N price/N index/N for/I September/N ./.
After/N watching/V interest/N in/I the/D sport/I plummet/N for/I years/N ,/, the/D ski/N industry/N is/V trying/V to/V give/V itself/D a/D lift/N ./.
_OOV_/N the/I country/N ,/, resorts/N are/V using/N everything/V from/D fireworks/N to/I _OOV_/N concerts/N to/V attract/V new/N customers/N ./.
Some/N have/V built/N health/N _OOV_/N ,/, business/N centers/N and/N shopping/N villages/N so/V visitors/N have/V more/D to/V do/V than/D ski/N ./.
And/P this/V week/V ,/, the/D industry/N 's/, efforts/N will/V go/V national/N for/I the/D first/V time/D when/V it/D unveils/N a/I $/N 7/N million/N advertising/N campaign/N ./.
Such/N efforts/N --/N unheard/V of/I only/D a/D few/D years/N ago/V --/N are/V the/D latest/N attempts/V to/V revive/V the/D sagging/N $/N 1.76/N billion/N U.S./N ski/N industry/N ./.
Since/V the/D start/N of/I the/D decade/N ,/, _OOV_/N sales/N have/V grown/N only/D 3/N %/N a/I year/N on/I average/N ,/, compared/V with/D 16/N %/N annual/N growth/N rates/N in/I the/D _OOV_/N and/N _OOV_/N ./.
Last/N season/N ,/, _OOV_/N sales/N fell/V for/V the/D first/N time/I in/I seven/N years/N ./.
By/V some/V estimates/N ,/, nearly/V a/D fourth/N of/I all/D U.S./N ski/N areas/N have/V been/V forced/V to/V shut/V down/V since/D the/D early/I _OOV_/N ./.
Competition/N and/N mounting/N insurance/N and/I equipment/N costs/N have/V been/V the/D undoing/N of/I many/V resorts/N ./.
But/P another/D big/N problem/N has/I been/V the/D aging/N of/I baby/N boomers/N ./.
_OOV_/N ,/, after/V all/D ,/, has/D mainly/N been/V for/I the/D young/N and/N daring/I and/V many/V baby/N boomers/N have/V outgrown/N skiing/N or/V have/V too/V many/V family/N responsibilities/N to/V stick/V with/D the/D sport/N ./.
In/V its/I new/N ad/N campaign/N ,/, created/N by/I _OOV_/N _OOV_/N _OOV_/N &/N _OOV_/N Inc./N ,/, Chicago/N ,/, the/D ski/N industry/N is/V trying/V to/V change/N its/I image/N as/I a/D sport/I primarily/N for/I young/N white/N people/N ./.
One/V _OOV_/N TV/N spot/I features/N a/I diverse/N group/N of/I skiers/N gracefully/I gliding/N down/V _OOV_/N slopes/N :/N senior/N citizens/N ,/, minorities/N ,/, families/N with/I children/N --/N even/V a/D blind/N skier/N ./.
``/N _OOV_/N school/N is/I great/V ,/, ''/N cries/V out/V a/D tot/N ,/, bundled/N in/I a/D _OOV_/N as/I he/V plows/N down/V a/D bunny/N slope/N ./.
``/N You/, 'll/P never/V _OOV_/N you/, try/V ,/, ''/N says/V a/D black/V skier/N ./.
``/N We/, used/N to/V show/V some/D _OOV_/N skier/N in/I his/V twenties/V or/V thirties/V going/V over/D the/D edge/N of/I a/D cliff/N ,/, ''/N says/V _OOV_/N _OOV_/N ,/, a/D spokeswoman/N for/I the/D United/N _OOV_/N Industries/N Association/N ,/, the/D trade/N group/N sponsoring/N the/I campaign/N ./.
_OOV_/N promotions/N have/V traditionally/V avoided/V the/D touchy/N issue/N of/I safety/N ./.
But/P the/D new/N commercials/N deal/N with/V it/D indirectly/N by/I showing/N a/I woman/N smiling/V as/V she/V tries/V to/V get/V up/V from/V a/D fall/N ./.
``/N We/, wanted/V to/V show/V it/V 's/, okay/V if/V you/P fall/V ,/, ''/N says/V Ms./N _OOV_/N ./.
``/N Most/N people/N think/V if/V you/P slip/V ,/, you/P 'll/P wind/V up/V in/I a/D body/V cast/V ./, ''/N
The/P ad/N campaign/N represents/I an/D unusual/V spirit/V of/D cooperation/N among/I resorts/N and/N ski/N equipment/N makers/N ;/, normally/N ,/, they/P only/D run/N ads/N hyping/N their/V own/V products/N and/I facilities/N ./.
But/P in/I these/D crunch/N times/I for/I the/D ski/N industry/N ,/, some/V resorts/N ,/, such/N as/I the/D _OOV_/N Fire/N ,/, Red/N River/N and/I _OOV_/N ski/N areas/N in/I New/N Mexico/N ,/, have/V even/V started/J _OOV_/N skiers/N to/V each/V other/V 's/, slopes/V and/V next/V year/N plan/N to/V sell/N tickets/N good/V for/V all/D local/N lifts/N ./.
Many/N resorts/N also/N are/V focusing/N more/I on/I the/D service/N side/I of/D their/D business/N ./.
Since/V 40/N %/N of/I skiers/N are/V parents/N ,/, many/V slopes/N are/V building/N nurseries/N ,/, expanding/I ski/N schools/N and/N adding/I entertainment/N for/I kids/N ./.
_OOV_/N ,/, Colo./N ,/, now/N has/I a/D _OOV_/N that/V looks/V like/V an/N old/I mining/N town/N ;/, kids/N can/V ski/N through/I and/V pan/N for/I fool/N 's/, gold/N ./.
For/N $/N 15/N ,/, they/P can/V enjoy/V their/V own/V nightly/J entertainment/N ,/, with/V dinner/N ,/, without/V mom/N and/N dad/N ./.
A/N few/I years/N ago/N ,/, parents/N usually/V had/V to/V hire/N a/I sitter/N or/V take/V turns/V skiing/N while/I one/N spouse/N stayed/V with/D the/D children/N ./.
``/N Most/N parents/N who/V had/V to/V go/V through/V that/V never/V came/V back/V ,/, ''/N says/V Michael/N _OOV_/N ,/, president/N of/I _OOV_/N Associates/N Inc./N ,/, which/D owns/N and/N operates/N the/I _OOV_/N and/N nearby/N Beaver/N _OOV_/N resorts/N ./.
To/N make/V skiing/N more/I convenient/N for/I _OOV_/N visitors/N ,/, several/I resorts/N are/V buying/N or/V starting/I their/V own/V travel/J agencies/N ./.
In/D one/N phone/N call/N ,/, ski/N buffs/N can/V make/V hotel/N and/N restaurant/N reservations/N ,/, buy/V lift/V tickets/N ,/, rent/N ski/N equipment/N and/N sign/I up/V for/I lessons/N ./.
And/P resorts/N are/V adding/N other/I amenities/N ,/, such/N as/I pricey/N restaurants/N ,/, health/N _OOV_/N and/N vacation/N packages/N with/I a/D twist/N ./.
During/N _OOV_/N Carnival/N week/N ,/, for/V example/N ,/, visitors/N at/I Sunday/N River/N in/I Maine/N can/V take/V a/D _OOV_/N balloon/N ride/N ./.
``/N People/N these/I days/N want/V something/V else/V to/V do/V besides/V ski/N and/N sit/V in/I the/D bar/N ,/, ''/N says/V Don/N _OOV_/N ,/, executive/N director/N of/I _OOV_/N Fire/N ,/, _OOV_/N 's/, Chamber/N of/I Commerce/N ./.
The/N ski/N industry/N hopes/V to/V increase/N the/I number/N of/I skiers/N by/I 3.5/N million/N to/V about/I _OOV_/N million/N in/I the/D next/V five/N years/N with/I its/D latest/N ads/N and/N promotions/N ./.
But/P some/V think/V that/V 's/, being/V overly/V optimistic/V ./.
For/N one/N thing/V ,/, it/V may/V be/V tough/V to/V attract/V people/N because/V skiing/N is/V still/D expensive/N :/N a/I lift/N ticket/N can/V cost/N up/V to/V $/N 35/N a/I day/N and/I equipment/N prices/N are/V rising/D ./.
And/P most/I _OOV_/N still/I prefer/V a/D warm/N climate/N for/I their/V winter/N excursions/N ./.
An/N American/N Express/N Co./N survey/N of/I its/D travel/N agents/N revealed/V that/V only/D 34/N %/N believe/P their/V clients/N will/V pick/V a/D trip/N this/V winter/I based/N on/I the/D availability/N of/I winter/J sports/N ,/, as/V opposed/V to/D 69/N %/N who/V think/V that/D _OOV_/N sports/N will/V be/V the/D deciding/V factor/N ./.
``/N Even/N if/, they/V could/V bring/V in/V that/D many/D new/N skiers/N ,/, I/P do/V n't/P know/V if/D -LCB-/N the/I industry/N -RCB-/N could/V handle/V that/V kind/V of/I an/D increase/N ,/, ''/N says/V _OOV_/N William/N Berry/N ,/, editor/N and/N publisher/N of/I the/D _OOV_/N Industry/N Letter/N in/I _OOV_/N ,/, _OOV_/N ./.
``/N Most/N people/N will/V come/V on/I the/D weekend/N ,/, the/D slopes/V will/V be/V overcrowded/N and/V then/V these/D -LCB-/N new/N skiers/I -RCB-/N wo/V n't/P come/V back/V ./.
They/P did/V n't/P play/V the/D third/D game/N of/I the/D World/N Series/N on/I Tuesday/N night/V as/V scheduled/N ,/, and/V they/V did/V n't/P play/V it/D on/N Wednesday/N or/V Thursday/N either/V ./.
But/P you/P knew/V that/V ,/, did/V n't/P you/P ?/.
They/P are/V supposed/V to/V play/V the/D game/D next/V Tuesday/N ,/, in/I _OOV_/N Park/N here/N ./.
The/N theory/N is/I that/V the/D stadium/N ,/, damaged/N by/I Tuesday/N 's/, earthquake/N ,/, will/V be/V repaired/N by/I then/V ,/, and/V that/D people/V will/V be/V able/V to/V get/V there/V ./.
Like/N just/V about/N everything/V else/V ,/, that/V remains/D to/V be/V seen/D ./.
_OOV_/N could/V intervene/V ./.
But/P ,/, at/V least/D ,/, the/D law/N of/I averages/N should/V have/V swung/D to/V the/D favorable/N side/I ./.
It/P may/V seem/V trivial/N to/V worry/V about/V the/D World/N Series/N amid/N the/I destruction/V to/V the/D Bay/N Area/N wrought/I by/V Tuesday/N 's/, quake/V ,/, but/V the/D name/N of/I this/D column/N is/I ``/N On/N Sports/N ,/, ''/N so/V I/P feel/V obliged/P to/V do/V so/V ./.
You/, might/V be/V interested/N to/V know/V that/D baseball/N ,/, not/V survival/N ,/, appeared/V to/V be/V the/D first/V thought/V of/D most/I of/I the/D crowd/V of/D _OOV_/N that/V had/V gathered/V at/I _OOV_/N at/I _OOV_/N p.m./N Tuesday/N ,/, a/D half-hour/N before/V game/D time/N ,/, when/V the/D quake/D struck/N ./.
As/, soon/V as/V the/D tremor/N passed/N ,/, many/V people/N spontaneously/V arose/D and/V cheered/N ,/, as/V though/D it/V had/V been/V a/D novel/V kind/V of/D _OOV_/N show/N ./.
One/V fan/N ,/, seated/V several/I rows/N in/I front/D of/I the/D open/N ,/, _OOV_/N auxiliary/N press/N section/N where/I I/P was/V stationed/N ,/, faced/V the/D assembled/D _OOV_/N and/N _OOV_/N shouted/N ,/, ``/N We/, arranged/V that/V just/V for/V you/P guys/V ''/N I/, thought/V and/N ,/, I/P 'm/P sure/V ,/, others/V did/V :/N ``/N You/, should/V n't/P have/V bothered/V ./, ''/N
I/P 'd/V slept/V through/V my/P only/V previous/V brush/N with/I natural/N disaster/N ,/, a/D tornado/N 15/N or/N so/D summers/N ago/N near/N _OOV_/N City/N ,/, Mich./N ,/, so/V I/P was/V unprepared/N for/I one/N reaction/N to/I such/V things/V :/N the/I urge/V to/V talk/N about/I them/P ./.
Perhaps/P primed/N by/I the/D daily/N diet/N of/I radio/N and/N TV/N reporters/N thrusting/N microphones/N into/I people/N 's/, faces/V and/N asking/V how/V they/V ``/N feel/V ''/N about/I one/N calamity/N or/V another/D ,/, fellow/N reporters/N and/N civilians/N who/V spied/N my/, press/N _OOV_/N were/V eager/V to/V chat/N ./.
``/N It/, felt/V like/V I/P was/V on/I a/D station/N platform/N and/N a/I train/N went/N by/I ,/, ''/N said/V one/N man/N ,/, describing/V my/P own/V reaction/N ./.
A/N women/N said/V she/V saw/V the/D park/N 's/, light/V standards/N sway/I ./.
A/N man/V said/V he/V saw/V the/D upper/N rim/N _OOV_/N ./.
I/P saw/V neither/V ./.
_OOV_/N of/I good/V sense/V to/V the/D contrary/V not/V withstanding/N ,/, the/D general/N inclination/I was/V to/V believe/V that/V the/D disturbance/N would/V be/V brief/I and/V that/V ball/P would/V be/V played/V ./.
``/N I/, was/V near/N the/I top/N of/I the/D stadium/N ,/, and/V saw/V a/D steel/N _OOV_/N bow/I six/N feet/N from/I where/V I/P sat/V ,/, but/V I/P stayed/V put/V for/D 10/N or/N 15/N minutes/N ,/, ''/N confessed/V a/D friend/N ./.
``/N I/, guess/V I/P thought/V ,/, `/N This/N is/V the/D World/N Series/N and/N I/, 'm/P not/V gon/V na/N wimp/N out/V '/N ''/N
Here/N in/I the/D Global/N _OOV_/N ,/, though/V ,/, folks/N do/V not/V stay/V uninformed/N for/I long/N ./.
_OOV_/N power/I was/V out/V in/D _OOV_/N _OOV_/N Park/N ,/, but/D _OOV_/N radios/N and/N television/N sets/N were/V plentiful/N ./.
Within/N a/I few/D minutes/N ,/, the/D true/V extent/D of/D the/D catastrophe/N was/I becoming/V clear/D ./.
Its/N _OOV_/N _OOV_/N measurement/N was/I reported/N as/I 6.5/N ,/, then/V 6.9/N ,/, then/V _OOV_/N ./.
A/N section/N of/I the/D Bay/N Bridge/N had/V collapsed/N ,/, as/V had/V a/D part/I of/D Interstate/N Highway/N 880/N in/I _OOV_/N ./.
People/N had/V died/N ./.
At/N _OOV_/N p.m./N ,/, scheduled/N game/I time/V having/D passed/N ,/, some/V fans/V chanted/V ``/N Let/N 's/, Play/N Ball/N ./, ''/N
No/N longer/V innocent/V ,/, they/P qualified/N as/V fools/N ./.
The/N stadium/N was/I ordered/V evacuated/N soon/V afterward/V ;/, the/D announcement/N ,/, made/V over/D police/N _OOV_/N ,/, cited/N the/I power/I outage/N ,/, but/V it/D later/V was/V revealed/V that/V there/D also/V had/V been/V damage/N of/I the/D sort/V reported/N by/I my/P friend/N ./.
Outside/N ,/, I/P spotted/N two/N young/N men/V _OOV_/N blocks/N of/I concrete/N ./.
``/N _OOV_/N of/I _OOV_/N ,/, ''/N they/P said/V ./.
The/P crowd/V remained/V good/V natured/N ,/, even/V bemused/N ./.
TV/N reporters/N interviewed/N fans/V in/I the/D parking/N lots/V while/V ,/, a/V few/D feet/N away/V ,/, others/V watched/V the/D interviews/N on/I their/V portable/N TVs/N ./.
The/P only/I frenzy/N I/, saw/V was/I commercial/N :/N _OOV_/N selling/N World/N Series/N commemorative/N stamps/N and/N dated/N _OOV_/N were/I besieged/N by/I fledgling/N speculators/N who/V saw/V future/V profit/N in/I the/D items/N ./.
The/N traffic/N jam/N out/V of/D the/D park/N was/I monumental/N ./.
It/P took/V me/V a/D half-hour/N to/V move/D 10/N feet/N from/I my/P parking/N spot/I in/I an/D outer/N lot/V to/V an/D aisle/N ,/, and/V an/D additional/N hour/N to/V reach/V an/D inner/N roadway/N a/I _OOV_/N away/V ./.
The/N _OOV_/N trip/N to/V my/P airport/N hotel/N that/V had/V taken/D 20/N minutes/N earlier/I in/I the/D day/N took/V more/D than/D three/N hours/N ./.
At/N my/, hotel/N ,/, the/D _OOV_/N ,/, power/V was/V out/V ,/, some/V interior/N plaster/N had/V broken/V loose/D and/V there/D had/V been/V water/N damage/N ,/, but/V little/V else/V ./.
With/N _OOV_/N randomness/N ,/, a/D hotel/N across/I the/D street/N ,/, the/D _OOV_/N ,/, had/V been/V hit/V harder/V :/N A/N large/N sheet/N of/I its/D concrete/N facade/I and/N several/I window/N _OOV_/N were/V torn/V away/V ./.
The/N _OOV_/N staff/N had/V ,/, kindly/N ,/, set/V out/V lighted/N candles/V in/I the/D ballroom/N ,/, prepared/N a/D _OOV_/N buffet/N and/N passed/N around/I pillows/N and/N blankets/N ./.
I/P fell/V asleep/V on/I the/D lobby/N floor/N ,/, next/V to/V a/D man/V wearing/V a/D Chicago/N _OOV_/N jacket/N ./.
I/P expected/V him/V to/V say/V ,/, ``/N I/, told/V you/P so/V ,/, ''/N but/V he/V already/D was/V snoring/N ./.
The/N journalistic/N consensus/V was/V that/V the/D earthquake/N made/I the/D World/N Series/N seem/V unimportant/D ./.
My/, response/N was/V that/D sports/N rarely/I are/V important/N ,/, only/V diverting/N ,/, and/V the/D quake/D merely/V highlighted/V that/V fact/D ./.
Should/N the/I rest/V of/I the/D Series/N be/V played/D at/N all/I ?/.
The/N quake/I and/N baseball/N were/V n't/P related/N ,/, unlike/D the/D massacre/N of/I athletes/N that/D attended/N the/I 1972/N _OOV_/N ./.
That/P heavily/N politicized/N event/I learned/V nothing/V from/V the/D horrifying/V experience/N ,/, and/V seems/V doomed/V to/V repeat/V it/V ./.
Two/N _OOV_/N _OOV_/N ./.
This/N has/I been/D widely/I dubbed/N the/D BART/N Series/N ,/, after/V the/D local/N subway/N line/N ,/, and/V the/D Bay/N Bridge/N Series/N ./.
_OOV_/N fly/N at/I _OOV_/N for/I the/D death/N of/I _OOV_/N _OOV_/N ,/, the/D late/N baseball/N commissioner/N ,/, and/N now/I the/D Bay/N Bridge/N lies/N in/I ruins/N ./.
A/N Series/N that/V was/D shaping/N up/V as/V the/D _OOV_/N since/I the/D _OOV_/N _OOV_/N _OOV_/N go/V of/D 1984/N has/I become/V memorable/V in/I the/D least/V fortunate/V way/V ./.
Still/N ,/, its/D edge/N is/I lost/V ./.
It/P now/V will/V be/V played/D mostly/N for/I the/D record/N ,/, and/V should/V be/V wrapped/V up/D as/V quickly/V as/V possible/V ,/, without/V ``/N off/V ''/N days/N ./.
And/, I/P will/V never/V again/V complain/V about/V a/D _OOV_/N ./.
The/N disarray/I in/I the/D junk-bond/N market/N that/I began/V last/V month/N with/I a/D credit/N crunch/N at/I Campeau/N Corp./N has/I offered/V commercial/N banks/N a/I golden/V opportunity/V to/V play/V a/D greater/D role/N in/I financing/N _OOV_/N takeovers/N ./.
But/P two/N big/N New/N York/N banks/N seem/V to/V have/V kicked/V those/V chances/V away/V ,/, for/V the/D moment/V ,/, with/V the/D embarrassing/N failure/N of/I _OOV_/N and/N Chase/N Manhattan/N Corp./N to/V deliver/N $/N 7.2/N billion/N in/I bank/N financing/N for/I a/D leveraged/N buy-out/N of/I United/N Airlines/N parent/N UAL/N Corp/N ./.
For/N more/I than/V a/D decade/N ,/, banks/N have/V been/V pressing/V Congress/N and/N banking/N regulators/N for/I expanded/N powers/I to/V act/N like/V securities/N firms/N in/I playing/D Wall/N Street/N 's/, lucrative/N takeover/N game/N ,/, from/V giving/D mergers/N advice/N all/V the/D way/V to/V selling/N and/I trading/N high-yield/N junk/N bonds/N ./.
Those/V expanded/N powers/N reached/I their/V zenith/D in/I July/N when/I Bankers/N Trust/N New/N York/N Corp./N provided/N mergers/N advice/N ,/, an/D equity/N investment/N and/N bank/N loans/N for/I the/D $/N _OOV_/N billion/N leveraged/N buy-out/N of/I _OOV_/N Airlines/N parent/N _OOV_/N Inc/N ./.
One/N of/I the/D major/N selling/N points/V used/N by/I Los/N Angeles/N financier/N Alfred/N _OOV_/N in/I getting/V the/D takeover/N approved/N was/V that/V the/D deal/N did/V n't/P include/N any/V junk/N bonds/N ./.
That/P was/V seen/D as/V an/D advantage/N in/I lobbying/N airline/N employees/N and/N Washington/N regulators/N for/I approval/N of/I the/D contested/D takeover/N ./.
All/N $/N _OOV_/N billion/N in/I debt/N for/I the/D deal/N was/I supplied/N by/I banks/N ./.
Charles/N _OOV_/N ,/, _OOV_/N of/I mergers/N and/I acquisitions/N at/I Salomon/N Brothers/N Inc./N ,/, says/V it/V is/D natural/N for/I banks/N to/V try/V to/V expand/V beyond/D their/V _OOV_/N business/N of/I providing/N senior/N debt/N for/I _OOV_/N ./.
But/P the/D UAL/N collapse/N ,/, he/V says/V ,/, ``/N may/V tell/V you/P it/V 's/P not/V going/V to/V work/V that/V easily/V ./, ''/N
David/N _OOV_/N ,/, a/D mergers/N adviser/N in/I La/N _OOV_/N ,/, Calif./N ,/, who/V aided/N Los/N Angeles/N investor/N Marvin/N Davis/N on/I the/D bids/N which/I put/V both/D UAL/N and/N _OOV_/N in/I play/D as/D takeover/N candidates/I this/D year/N ,/, says/V that/D banks/N have/V been/D ``/N preparing/N to/V play/V a/D larger/N and/N larger/I role/N in/I acquisition/N financing/N ./, ''/N
Mr./N _OOV_/N says/V that/V in/I the/D past/V ,/, banks/N would/V normally/V have/V loaned/N 65/N %/N of/I a/D total/N buy-out/N price/N ,/, with/V the/D loans/N secured/I by/I the/D target/J company/N 's/, assets/N ./.
Another/N 20/N %/N of/I the/D borrowed/D funds/N would/V come/V from/D the/D sale/N to/V investors/N of/I junk/N bonds/N ,/, which/D offer/N less/I security/N and/N typically/V carry/N higher/N yields/N than/I bank/N loans/N ./.
Mr./N _OOV_/N 's/, purchase/N of/I _OOV_/N ,/, Mr./N _OOV_/N notes/N ,/, ``/N was/V probably/V the/D most/I aggressive/V to/V date/N ,/, ''/N with/I bank/N debt/N at/I 85/N %/N of/I the/D purchase/N price/N ./.
But/P Mr./N _OOV_/N says/V that/D _OOV_/N 's/, ``/N failure/N to/V deliver/N ''/N on/I its/D promise/V to/V raise/V the/D UAL/N bank/N debt/N for/I a/D labor-management/N buy-out/N group/N ``/N is/V very/D distressing/V to/V potential/N users/N of/I a/D `/N _OOV_/N '/N letter/N from/I commercial/N banks/N ./, ''/N
His/V client/N ,/, Mr./N Davis/N ,/, used/N just/D such/V a/D letter/N from/I _OOV_/N in/I pursuing/N UAL/N ;/, _OOV_/N later/I agreed/N to/V work/N with/I a/D competing/I UAL/N buy-out/N group/N ./.
Executives/N of/I _OOV_/N and/N Chase/N Manhattan/N declined/N to/V comment/N on/I either/V the/D UAL/N situation/N ,/, or/V on/I the/D changing/D nature/N of/I banks/N '/N role/N in/I financing/N takeovers/N ./.
In/V the/D wake/N of/I Campeau/N 's/, problems/N ,/, prices/N of/I junk/N bonds/N tumbled/N ,/, throwing/V into/D doubt/V the/D ability/N of/I corporate/N _OOV_/N to/I finance/N large/N takeovers/N with/I the/D help/N of/I junk/N bond/N sales/N ./.
Mark/N _OOV_/N ,/, senior/N managing/N director/N at/I Manufacturers/N _OOV_/N Trust/N Co./N ,/, says/V the/D _OOV_/N in/I junk/N bonds/N may/V yet/D open/N new/N business/N opportunities/N to/I banks/N in/I structuring/N takeovers/N ./.
But/P he/V warns/V that/D banks/N will/V have/D ``/N to/V have/V enough/V discipline/N ''/N not/V to/V make/V loans/N that/V are/V too/V risky/V ./.
In/V fact/D ,/, Manufacturers/N _OOV_/N said/V in/I its/D third-quarter/N earnings/N report/N that/V fees/N from/I _OOV_/N loans/N to/I other/I banks/N dropped/I 48/N %/N ,/, to/V $/N 21/N million/N ./.
``/N We/, did/V n't/P take/V part/D in/I a/D lot/V of/D deals/N because/V their/V credit/N quality/N was/I poor/N ,/, ''/N says/V a/D bank/N spokesman/N ./.
James/N B./N Lee/N ,/, head/V of/D _OOV_/N and/N private/N placements/N at/I Chemical/N Banking/N Corp./N ,/, said/V he/V believes/V banks/N can/V still/D make/V a/D credible/N offer/N of/I _OOV_/N shopping/N for/I takeover/N finance/N ./.
As/, evidence/N ,/, he/V cites/N yesterday/V 's/, arrangement/V for/I the/D final/D financing/N of/I a/D $/N 3/N billion/N bid/N for/I American/N Medical/N International/N Inc./N in/I which/D Chemical/N served/N as/I both/D the/D lead/N bank/N and/N an/I equity/N investor/N ./.
Beyond/N the/I current/N weakness/N in/I the/D junk/N bond/N market/N ,/, banks/N have/V another/D advantage/N over/I investment/N banks/N in/I financing/N contested/I takeovers/N ./.
Arthur/N _OOV_/N Jr./N ,/, a/D takeover/N lawyer/N at/I Fried/N Frank/N Harris/N _OOV_/N &/N _OOV_/N ,/, notes/N that/D ``/N a/I political/N and/N emotional/V bias/N ''/N has/I developed/N against/V junk/N bonds/N ./.
One/V hostile/V bidder/N who/V deliberately/V avoided/V using/N junk/N bonds/N was/I Paramount/N Communications/N Inc./N in/I its/D initial/N offer/N to/V acquire/V Time/N Inc./N for/I $/N _OOV_/N billion/N ,/, or/V $/N 175/N a/I share/N ./.
A/N Paramount/N spokesman/N says/V that/D decision/N was/I based/N on/I the/D financial/N ,/, not/V political/N ,/, drawbacks/N of/I junk/N bonds/N ./.
But/P some/V observers/V believe/V Paramount/N Chairman/N Martin/N Davis/N wanted/V to/V avoid/V the/D possible/V taint/V of/D being/V perceived/V as/V a/D corporate/N raider/N in/I his/V controversial/N bid/N for/I Time/N ./.
In/V the/D end/N ,/, Mr./N Davis/N used/N junk/N bonds/N so/V that/V he/V could/V raise/V Paramount/N 's/, bid/V to/V $/N 200/N a/I share/N ./.
Some/N _OOV_/N quarterbacks/N said/V the/D initial/N lower/I bid/N ,/, without/V junk/N bonds/N ,/, was/V a/D factor/N in/I his/V losing/V the/D company/N ./.
Time/N eluded/I Paramount/N by/I acquiring/N Warner/N Communications/N Inc/N ./.
The/P success/N of/I the/D _OOV_/N financing/N ,/, and/V the/D failure/N of/I the/D UAL/N deal/N ,/, also/V seem/V to/V highlight/I the/D important/I new/N role/N in/I takeover/N financing/N being/I played/D by/V Japanese/N banks/N ./.
Japanese/N banks/N accounted/N for/I 50/N %/N of/I the/D _OOV_/N bank/N debt/N ,/, according/V to/V a/D report/N by/I Transportation/N Secretary/N Samuel/N _OOV_/N ./.
But/P it/V was/V _OOV_/N rejection/N by/I Japanese/N banks/N that/V helped/N seal/N the/I fate/V of/I the/D attempt/V to/V buy/V UAL/N ./.
_OOV_/N and/N Chase/N are/V attempting/V to/V put/V together/V a/D new/N ,/, lower/V bid/N ./.
_OOV_/N _OOV_/N ,/, chief/N economist/N of/I the/D Institute/N for/I Financial/N Affairs/N Inc./N ,/, a/D Tokyo/N research/N center/N on/I finance/N and/N economics/N ,/, says/V ,/, ``/N The/, junk/N bond/N market/N became/N very/I _OOV_/N ,/, and/V there/D 's/, a/D fear/V of/D a/D coming/V recession/N and/N the/I possible/V bankruptcy/N of/I _OOV_/N companies/N ./.
_OOV_/N Inc./N filed/N suit/N in/I federal/N court/N here/N ,/, alleging/N that/V a/D group/N that/V holds/D _OOV_/N %/N of/I its/D stock/N made/I ``/N false/N ,/, deceptive/N and/N misleading/I ''/N statements/N in/I recent/I regulatory/N filings/N and/N public/N announcements/N ./.
_OOV_/N 's/, complaint/N claims/N that/V the/D group/N ,/, led/N by/I investor/N Malcolm/N _OOV_/N _OOV_/N ,/, violated/N securities/N laws/N by/I failing/N to/V disclose/N plans/N to/V purchase/N 15/N %/N of/I the/D company/N 's/, shares/N outstanding/N and/V that/V when/V the/D required/N Hart-Scott-Rodino/N filing/N eventually/V was/V made/V ,/, it/V did/V n't/P disclose/N the/I group/N 's/, alleged/N earlier/I violation/N of/I the/D so-called/N _OOV_/N requirements/N of/I the/D law/N ./.
Mr./N _OOV_/N could/V n't/P immediately/V be/V reached/D to/V comment/N ./.
But/P when/V _OOV_/N last/V week/V publicly/N questioned/N the/I legality/N of/I the/D group/N 's/, filing/N procedures/N ,/, the/D Rochester/N ,/, N.Y./N ,/, investor/N said/V ``/N we/, complied/V with/D every/V law/N ,/, ''/N and/N he/V denied/V any/V wrongdoing/N ./.
The/N _OOV_/N group/N said/V in/I a/D Securities/N and/N Exchange/N Commission/N filing/N in/I early/N October/N that/V it/D may/V seek/V a/D controlling/N interest/N in/I _OOV_/N ,/, or/V seek/V representation/N on/I the/D company/N 's/, board/N ./.
_OOV_/N has/I said/V it/V does/V n't/P intend/V to/V be/D acquired/N by/I the/D _OOV_/N group/N or/V any/V other/V party/N ./.
Inland/N Steel/N Industries/N Inc./N ,/, battered/N by/I lower/N volume/N and/N higher/N costs/N ,/, posted/N a/I 75/N %/N drop/V in/I third-quarter/N earnings/N ./.
The/N nation/N 's/, _OOV_/N steelmaker/N earned/N $/N _OOV_/N million/N ,/, or/V 43/N cents/N a/I share/N ,/, compared/N with/I $/N 61/N million/N ,/, or/V $/N _OOV_/N a/I share/N ,/, a/D year/N earlier/N ,/, when/V the/D industry/N was/I enjoying/N peak/N demand/N and/I strong/V pricing/N ./.
Sales/N fell/V to/V $/N _OOV_/N million/N from/I $/N 1.02/N billion/N ./.
The/N earnings/N also/N mark/N a/I significant/V drop/V from/I the/D second/N quarter/N 's/, $/N _OOV_/N million/N or/N $/N 1.25/N a/I share/N ./.
Moreover/N ,/, the/D earnings/N were/V well/V below/N analysts/N '/, expectations/V of/I about/N $/N _OOV_/N a/I share/N ./.
In/D composite/N trading/N on/I the/D New/N York/N Stock/N Exchange/N ,/, Inland/N closed/N yesterday/V at/I $/N _OOV_/N a/I share/N ,/, down/V $/N 1/N ./.
The/N company/N attributed/I the/D earnings/N drop/V to/V lower/V volume/N related/N to/I seasonal/N demand/N and/N the/I soft/N consumer/N durable/N market/N ,/, especially/N in/I the/D automotive/N sector/N ./.
However/V ,/, the/D company/N also/N lost/D orders/N because/V of/D prolonged/N labor/N talks/N in/I the/D second/N quarter/N ./.
Third-quarter/N shipments/N slipped/V 7/N %/N from/I the/D year-ago/N period/N ,/, and/V 17/N %/N from/I this/D year/N 's/, second/V quarter/N ./.
Profit/N of/I steel/N shipped/N for/I the/D company/N 's/, steel/N segment/N slid/N to/V $/N 26/N a/I ton/N ,/, from/V $/N 66/N a/I ton/N a/I year/N earlier/I and/V $/N 57/N a/I ton/N a/I quarter/N earlier/I ./.
Analysts/N noted/V that/V the/D disappointing/N results/N do/V n't/P reflect/D lower/N prices/N for/I steel/N products/N ./.
Charles/N Bradford/N ,/, an/D analyst/N with/I Merrill/N Lynch/N Capital/N Markets/N ,/, said/V higher/N prices/N for/I galvanized/N and/I _OOV_/N products/N offset/N lower/N prices/N for/I bar/N ,/, _OOV_/N and/N structural/N steel/N ./.
Structural/J steel/N ,/, which/D primarily/N serves/N the/I construction/N market/N ,/, was/V especially/N hurt/N by/I a/D 15/N %/N price/N drop/V ,/, Mr./N Bradford/N said/V ./.
The/N company/N said/V its/D integrated/N steel/N sector/N was/I also/N hurt/N by/I higher/N raw/N material/N ,/, repair/N and/V maintenance/N ,/, and/V labor/N costs/N ./.
The/P increased/N labor/N costs/N became/I effective/N Aug./N 1/N under/N terms/N of/I the/D four-year/N labor/N agreement/N with/I the/D United/N _OOV_/N union/N ./.
Meanwhile/N ,/, the/D company/N 's/, service/N center/N segment/N ,/, which/D saw/V operating/N profit/N drop/V to/V $/N 11.5/N million/N from/I $/N _OOV_/N million/N a/I year/N ago/N ,/, experienced/V much/D of/I the/D same/D demand/N and/N cost/N problems/N ,/, as/V well/V as/D start-up/N costs/N associated/N with/I a/D coil/N processing/N facility/N in/I Chicago/N and/N an/I upgraded/N computer/N information/N system/N ./.
Inland/N Chairman/N Frank/N W./N _OOV_/N said/V the/D company/N 's/, short-term/N outlook/N is/I ``/N clouded/N by/I uncertainties/N in/I the/D economy/N and/N financial/N markets/N ./, ''/N
However/V ,/, he/V noted/V that/D steel/N mill/N bookings/N are/V up/V from/D early/N summer/N levels/N ,/, and/V that/V he/V expects/D the/D company/N to/V improve/N its/I cost/N performance/N in/I the/D fourth/D quarter/N ./.
In/V the/D first/I nine/N months/N ,/, profit/N was/I $/N 113/N million/N ,/, or/V $/N _OOV_/N a/I share/N ,/, on/I sales/N of/I $/N _OOV_/N billion/N ,/, compared/V with/D $/N _OOV_/N million/N ,/, or/V $/N _OOV_/N a/I share/N ,/, on/I sales/N of/I $/N _OOV_/N billion/N ,/, a/D year/N earlier/I ./.
The/. ``/N seismic/N ''/N activity/N of/I a/D financial/N market/N bears/N a/D resemblance/D to/V the/D seismic/N activity/N of/I the/D earth/N ./.
When/P things/V are/V quiet/V -LRB-/N low/N volatility/N -RRB-/N ,/, the/D structures/N on/I which/D markets/N stand/I can/V be/V relatively/V inefficient/N and/V still/D perform/V their/V functions/N adequately/N ./.
However/V ,/, when/V powerful/D forces/N start/V shaking/V the/D market/N 's/, structure/N ,/, the/D more/D ``/N _OOV_/N ''/N it/V is/V ,/, the/D better/V its/I chance/V for/V survival/N ./.
America/N 's/, financial/N markets/N do/V not/V yet/V have/V all/D the/D required/N modern/I features/N required/N to/V make/V them/V fully/D ``/N _OOV_/N ./, ''/N
Investors/N lack/N equal/V access/N to/V the/D markets/N '/N trading/N arena/I and/N its/I information/N ./.
That/P structural/N lack/N is/V crucial/V because/V investors/N are/V the/D only/D source/N of/I market/N liquidity/N ./.
And/P liquidity/N is/V what/D markets/N need/V to/V damp/N quakes/N and/N aftershocks/N ./.
In/V today/N 's/, markets/N ,/, specialists/N -LRB-/N on/I the/D New/N York/N Stock/N Exchange/N -RRB-/N and/N ``/N upstairs/N ''/N market/N makers/N -LRB-/N in/I the/D over-the-counter/N market/N -RRB-/N are/V the/D only/D market/N participants/N allowed/V to/V play/V a/D direct/J role/N in/I the/D _OOV_/N process/N ./.
When/P they/P halt/V trading/N ,/, all/D market/N liquidity/N is/V gone/V ./.
And/, when/V any/V component/N of/I the/D market/N --/N cash/N ,/, futures/N or/V options/N --/N loses/V liquidity/N ,/, the/D price/N discovery/N system/N -LRB-/N the/I way/V prices/N are/V determined/D -RRB-/N becomes/N flawed/V or/V is/V lost/V entirely/D for/V a/D time/N ./.
Last/N Friday/N the/I 13th/N -LRB-/N as/I well/V as/D two/N years/N ago/V this/D week/V -RRB-/N the/I markets/N became/I _OOV_/N ./.
When/P that/V happened/V ,/, ``/N seismic/N ''/N tremors/N of/I fear/V --/N much/V like/V the/D shock/N waves/I created/N by/I an/D earthquake/N --/N _OOV_/N through/I the/D market/N and/N increased/N the/I market/N 's/, volatility/N ./.
_OOV_/N of/I important/N ,/, needed/V information/N can/V cause/V fear/V ./.
_OOV_/N is/I the/D father/N of/I panic/N ./.
_OOV_/N frequently/V results/N in/I irrational/V behavior/N ./.
And/P in/I financial/N markets/N ,/, irrational/V behavior/N is/I sometimes/V translated/N into/I catastrophe/N ./.
When/P market/N tremors/N start/N ,/, it/V is/V crucial/V that/V as/V much/D information/N about/I transaction/N prices/N and/V the/D _OOV_/N curve/N -LRB-/N buy/N and/V sell/N orders/N at/I various/I prices/N -RRB-/N be/V made/V available/N to/V all/V ,/, not/V just/V to/V market/N makers/N ./.
Because/N of/I a/D lack/N of/I information/N and/N access/N ,/, many/V investors/N --/N including/N the/I very/V ones/D whose/V buying/N power/I could/V restore/V stability/J and/N damp/N volatility/N --/N are/V forced/V to/V stand/V on/I the/D sidelines/D when/V they/V are/V most/I needed/N ,/, because/V of/D their/V ignorance/N of/I important/I market/N information/N ./.
To/N add/N _OOV_/N power/I to/V America/N 's/, markets/N ,/, a/D modern/N ,/, electronic/N trading/N system/N should/V be/V implemented/N that/V permits/N equal/N access/N to/V the/D trading/N arena/I -LRB-/N and/N the/I information/N that/V would/V automatically/N accompany/I such/V access/N -RRB-/N by/I investors/N --/N particularly/N institutional/N investors/N ./.
_OOV_/N to/V some/D opinions/N ,/, the/D trading/N activities/N of/I specialists/N and/N other/I market/N makers/N do/V not/V provide/N liquidity/N to/V the/D market/N as/I a/D whole/V ./.
What/V market/N makers/N provide/N is/I immediacy/N ,/, a/V very/D valuable/N service/N ./.
_OOV_/N is/I not/V a/D service/N ./.
It/P is/V a/D market/N attribute/V --/N the/I ability/V to/V absorb/V selling/N orders/N without/V causing/N significant/I price/N changes/N in/I the/D absence/N of/I news/N ./.
Market/N makers/N buy/V what/V investors/N wish/, to/V sell/N ;/, their/V business/N is/I _OOV_/N these/I unwanted/N positions/I as/V quickly/V as/V possible/V to/V other/V investors/N ,/, and/N at/I a/D profit/N ./.
As/, a/D result/N ,/, while/V any/V one/N customer/N may/V purchase/N immediacy/N by/I selling/N to/V a/D market/N maker/N -LRB-/N which/I is/D _OOV_/N for/I the/D investor/N -RRB-/N ,/, the/D market/N as/I a/D whole/D remains/D in/I the/D same/V circumstances/V it/D was/V before/V the/D transaction/N :/N The/, unwanted/N position/I is/V still/D an/D unwanted/N position/I ;/P only/V the/D identity/N of/I the/D seller/N has/I changed/D ./.
In/V fact/D it/V can/V be/V argued/V that/V increasing/N capital/N commitments/N by/I market/N makers/N -LRB-/N a/I result/N of/I some/D _OOV_/N crash/N studies/N -RRB-/N also/N increases/N market/N volatility/N ,/, since/D the/D more/D securities/N are/V held/D by/I market/N makers/N at/I any/V given/V time/V ,/, the/D more/D selling/N pressure/N is/I overhanging/N the/I market/N ./.
In/V an/D open/N electronic/N system/N ,/, any/V investor/N wishing/N to/V pay/V for/I real-time/N access/N to/V the/D trading/N arena/I through/V a/D registered/N broker-dealer/N would/V be/V able/V to/V see/N the/I entire/D _OOV_/N curve/N -LRB-/N buy/N and/V sell/N orders/N at/I each/V price/N -RRB-/N entered/N by/I dealers/N and/N investors/N alike/N ,/, and/V to/V enter/V and/V execute/V orders/N ./.
Current/N quotations/N would/V reflect/D the/D combined/N financial/N judgment/N of/I all/D market/N participants/N --/N not/V just/V those/V of/D intermediaries/V who/V become/V extremely/V _OOV_/N during/N times/I of/I crisis/N ./.
Investors/N and/N professionals/N alike/V would/V compete/V on/I the/D level/N playing/V field/J Congress/N sought/N and/N called/I a/D ``/N national/N market/N system/N ''/N -LRB-/N not/V yet/V achieved/D -RRB-/N almost/I 15/N years/N ago/V when/V it/D passed/N the/I Securities/N Reform/N Act/N of/I _OOV_/N ./.
Last/N Friday/N 's/, market/N _OOV_/N did/V not/V result/V in/I severe/N ``/N aftershocks/N ./, ''/N
Were/N we/P smart/N or/V just/V lucky/V ?/.
I/P 'm/P not/V certain/V ./.
But/P I/P am/V sure/V we/P need/V to/V maximize/N our/V ``/N earthquake/N ''/N protection/N by/I making/V certain/V that/V our/V market/N structures/N let/, investors/N add/N their/V mighty/V _OOV_/N power/I to/V our/V nation/N 's/, markets/N ./.
Mr./N _OOV_/N is/I chairman/N of/I his/V own/V consulting/N company/N in/I _OOV_/N ,/, N.J/N ./.
NOW/N YOU/N _OOV_/N IT/N ,/, now/N you/, do/V n't/P ./.
The/P recession/N ,/, that/V is/V ./.
The/N economy/N 's/, _OOV_/N steps/V leave/V investors/N wondering/V whether/V things/V are/V slowing/N down/V or/V speeding/N up/V ./.
So/P often/V are/V government/N statistics/N revised/N that/V they/P seem/V to/V resemble/V a/D spinning/N weather/N vane/N ./.
For/N the/I past/D seven/N years/N ,/, investors/N have/V had/V the/D wind/N at/I their/V backs/N ,/, in/I the/D form/N of/I a/D generally/D growing/N economy/N ./.
Some/N may/V have/V forgotten/V --/N and/V some/D younger/V ones/D may/V never/V have/V experienced/V --/N what/V it/V 's/, like/V to/V invest/N during/I a/D recession/N ./.
_OOV_/N tactics/I are/N called/I for/N ,/, as/V losing/V money/N becomes/V easier/D and/V making/D money/N becomes/V tougher/N ./.
For/N those/V investors/N who/V believe/V --/N or/V fear/V --/N that/V 1990/N will/V be/V a/D recession/N year/N ,/, many/V economists/N and/N money/V managers/N agree/V on/I steps/V that/V can/V be/V taken/V to/V lower/N the/I risks/N in/I a/D portfolio/N ./.
In/V a/D nutshell/N ,/, pros/N advise/N investors/N who/V expect/V a/D slowdown/N to/V hold/R fewer/D stocks/N than/V usual/D and/V to/V favor/D shares/N of/I big/N companies/N in/I ``/N defensive/V ''/N industries/N ./.
A/N heavy/N dose/N of/I cash/N is/I prescribed/N ,/, along/V with/I a/D _OOV_/N allotment/N to/V bonds/N --/N preferably/N government/N bonds/N ./.
It/P 's/, tempting/V to/V think/V these/D defensive/V steps/V can/V be/V delayed/N until/I a/D recession/N is/V clearly/D at/N hand/I ./.
But/P that/V may/V not/V be/V possible/V ,/, because/V recessions/N often/V take/V investors/N by/I surprise/V ./.
``/N They/, always/V seem/V to/V come/V a/D bit/N later/I than/V you/P expect/V ./.
When/P they/P do/V hit/V ,/, they/P hit/V fast/N ,/, ''/N says/V David/N A./N _OOV_/N ,/, chief/N financial/N economist/N at/I the/D Data/N Resources/N division/N of/I McGraw-Hill/N Inc/N ./.
Though/N he/V himself/V does/V n't/P expect/V a/D recession/N soon/V ,/, Mr./N _OOV_/N advises/N people/N who/V do/V that/D ``/N the/I best/N thing/V to/V be/V in/I is/V long/D that/V is/V ,/, _OOV_/N to/I 30-year/N Treasury/N bonds/N ./, ''/N
The/P reason/V is/D simple/N ,/, Mr./N _OOV_/N says/V :/N ``/N Interest/N rates/N almost/V always/D decline/N during/I recession/N ./, ''/N
As/, surely/V as/V a/D _OOV_/N tilts/N ,/, falling/V interest/N rates/N force/N up/V the/D price/N of/I previously/D issued/N bonds/N ./.
They/P are/V worth/V more/D because/V they/P pay/V higher/N interest/N than/I newly/N issued/N bonds/N do/V ./.
That/P effect/N holds/I true/V for/I both/D short-term/N and/N long-term/N bonds/N ./.
But/P short-term/N bonds/N ca/N n't/, rise/I too/V much/V ,/, because/V everyone/V knows/V they/P will/V be/V redeemed/V at/I a/D preset/N price/N fairly/I soon/V ./.
_OOV_/N bonds/N ,/, with/V many/V years/N left/I before/D maturity/N ,/, swing/V more/D widely/N in/I price/N ./.
But/P not/V just/V any/V bonds/N will/V do/V ./.
Corporate/N bonds/N ``/N are/V usually/V not/V a/D good/V bet/V in/I a/D recession/N ,/, ''/N Mr./N _OOV_/N says/V ./.
As/, times/V get/V tougher/N ,/, investors/N fret/N about/I whether/V companies/N will/V have/V enough/V money/V to/V pay/V their/V debts/N ./.
This/N hurts/V the/D price/N of/I corporate/N bonds/N ./.
Also/V ,/, he/V notes/N ,/, ``/N most/I corporate/N bonds/N are/V _OOV_/N ./, ''/N
That/P means/V that/V a/D corporation/N ,/, after/V a/D specified/N amount/N of/I time/V has/D passed/N ,/, can/V buy/V back/V its/D bonds/N by/I paying/V investors/N the/I face/V value/N -LRB-/N plus/N ,/, in/V some/D cases/N ,/, a/D sweetener/N -RRB-/N ./.
When/P interest/N rates/N have/V dropped/N ,/, it/V makes/V sense/V for/D corporations/N to/V do/V just/V that/V ;/P they/P then/V save/V on/D interest/N costs/N ./.
But/P the/D investors/N are/V left/D stranded/N with/I money/N to/V _OOV_/N at/I a/D time/V when/V interest/N rates/N are/V _OOV_/N ./.
If/D corporate/N bonds/N are/V bad/V in/I recessions/N ,/, junk/N bonds/N are/V likely/V to/V be/V the/D worst/N of/I all/D ./.
It/P 's/, an/D ``/N absolute/N necessity/V ''/N to/V get/V out/V of/I junk/N bonds/N when/V a/D recession/N is/N in/I the/D _OOV_/N ,/, says/V _OOV_/N _OOV_/N ,/, professor/N of/I finance/N at/I Cornell/N University/N ./.
``/N Such/N bonds/N are/V very/V sensitive/V to/V the/D downside/N ,/, and/V this/D could/V be/V a/D disaster/N ./, ''/N
Municipal/N bonds/N are/V generally/V a/D bit/N safer/N than/I corporate/N bonds/N in/I a/D recession/N ,/, but/V not/V as/V safe/N as/I bonds/N issued/N by/I the/D federal/N government/N ./.
During/N an/I economic/N slump/N ,/, local/N tax/N revenues/N often/V go/V down/V ,/, raising/N the/D risks/N associated/N with/I at/N least/D some/D _OOV_/N ./.
And/, ,/, like/V corporates/N ,/, many/V municipal/N bonds/N are/V _OOV_/N ./.
But/P a/V few/D experts/N ,/, going/V against/V the/D consensus/N ,/, do/V n't/P think/V bonds/N would/V help/V investors/N even/V if/V a/D recession/N is/N in/I the/D _OOV_/N ./.
One/N of/I these/D is/D Jeffrey/N L./N Beach/N ,/, director/N of/I research/N for/I _OOV_/N _OOV_/N &/N Co./N ,/, a/D brokerage/N house/N in/I Houston/N ,/, who/V thinks/V that/D ``/N we/, 're/P either/V in/I a/D recession/N or/V about/V to/V go/V into/D one/N ./, ''/N
What/V 's/, more/V ,/, he/V thinks/V this/V could/V be/V a/D _OOV_/N recession/N than/I usual/V :/N ``/N Once/, the/D downturn/N comes/N ,/, it/V 's/, going/V to/V be/V very/V hard/V to/V reverse/N ./, ''/N
Investors/N ,/, he/V advises/N ,/, ``/N should/V be/V cautious/V ,/, ''/N holding/V fewer/D stocks/N than/V usual/D and/V also/N shunning/N bonds/N ./.
Because/V he/V sees/V ``/N 5/N %/N to/V 6/N %/N base/N rate/N of/I inflation/N in/I the/D economy/N ,/, ''/N he/V doubts/V that/V interest/N rates/N will/V fall/V much/D any/V time/V soon/V ./.
Instead/N ,/, Mr./N Beach/N says/V ,/, investors/N ``/N probably/V should/V be/V carrying/N a/I very/V high/N level/N of/I cash/N ,/, ''/N by/I which/D he/V means/V such/V so-called/N cash/N equivalents/N as/I _OOV_/N funds/N and/N Treasury/N bills/N ./.
_OOV_/N _OOV_/N ,/, president/N of/I _OOV_/N Financial/N Inc./N in/I _OOV_/N ,/, Pa./N ,/, also/N recommends/N that/V investors/N go/V heavily/N for/I cash/N ./.
He/P is/V n't/P sure/V a/D recession/N is/V coming/V ,/, but/V says/V the/D other/V likely/D alternative/N --/N _OOV_/N inflation/N --/N is/V just/D as/V bad/V ./.
``/N This/N late/N in/I an/D expansion/N ,/, ''/N the/I economy/N tends/I to/V veer/N off/V either/V into/D damaging/N inflation/N or/V into/D a/D recession/N ,/, Mr./N _OOV_/N says/V ./.
The/N Federal/N Reserve/N Board/N 's/, plan/N for/I a/D ``/N soft/N landing/N ,/, ''/N he/V says/V ,/, requires/V the/D Fed/N to/V navigate/J ``/N an/I _OOV_/N corridor/N ./, ''/N
A/N soft/N landing/N is/N n't/, something/V that/V can/V be/V achieved/D once/V and/N for/I all/V ,/, Mr./N _OOV_/N adds/N ./.
It/P has/V to/V be/D engineered/N over/I and/V over/D again/V ,/, month/N after/V month/N ./.
He/P believes/V that/V the/D task/N facing/I Fed/N Chairman/N Alan/N Greenspan/N is/I so/V difficult/V that/V it/D resembles/D ``/N juggling/N a/D _OOV_/N ax/N and/N a/I buzz/N saw/V ./, ''/N
And/, ,/, in/I a/D sense/V ,/, that/V 's/, the/D kind/V of/D task/N individuals/N face/V in/I deciding/V what/V to/V do/V about/I stocks/N --/N the/I mainstay/N of/I most/I serious/N investors/N '/N portfolios/N ./.
It/P comes/V down/V to/V a/D question/N of/I whether/V to/V try/V to/V ``/N time/I ''/N the/I market/N ./.
For/N people/N who/V can/V ride/V out/V market/N waves/N through/I good/V times/D and/V bad/V ,/, stocks/N have/V been/V rewarding/N long-term/N investments/N ./.
Most/N studies/N show/V that/D _OOV_/N investors/N historically/I have/V earned/N an/I annual/N return/V from/D stocks/N of/I 9/N %/N to/V 10/N %/N ,/, including/N both/I dividends/N and/N price/N appreciation/N ./.
That/P 's/P well/V above/V what/V bonds/N or/V bank/N certificates/N have/V paid/V ./.
Moreover/N ,/, because/V no/D one/N knows/V for/V sure/V just/V when/V a/D recession/N is/V coming/V ,/, some/V analysts/N think/V investors/N should/V n't/P even/V worry/V too/V much/D about/N timing/N ./.
``/N _OOV_/N to/V time/V the/D economy/N is/V a/D mistake/V ,/, ''/N says/V David/N Katz/N ,/, chief/N investment/N officer/N of/I Value/N Matrix/N Management/N Inc./N in/I New/N York/N ./.
Mr./N Katz/N notes/N that/V some/D economists/N have/V been/V predicting/N a/I recession/N for/I at/N least/D two/N years/N ./.
Investors/N who/V listened/V ,/, and/V lightened/N up/V on/I stocks/N ,/, ``/N have/V just/V hurt/V themselves/V ,/, ''/N he/V says/V ./.
Mr./N Katz/N adds/N that/D people/N who/V jump/N in/I and/V out/V of/I the/D stock/N market/N need/V to/V be/V right/V about/I 70/N %/N of/I the/D time/V to/V beat/V a/D _OOV_/N strategy/N ./.
_OOV_/N trading/N runs/N up/V high/J commission/N costs/N ./.
And/P the/D _OOV_/N might/V miss/V the/D sudden/N _OOV_/N that/V account/V for/V much/D of/I the/D stock/N market/N 's/, gains/N over/I time/N ./.
Still/N ,/, few/V investors/N are/V able/V to/V sit/V tight/V when/V they/V are/V convinced/V a/D recession/N is/V coming/V ./.
After/N all/V ,/, in/V all/D five/N recessions/N since/I _OOV_/N ,/, stocks/N declined/N ./.
According/N to/I _OOV_/N Davis/N ,/, president/N of/I _OOV_/N Davis/N Research/N Inc./N in/I _OOV_/N ,/, _OOV_/N ,/, the/D average/N drop/V in/I the/D Dow/N Jones/N Industrial/N Average/N was/V about/I 21/N %/N ,/, and/V the/D decrease/N began/N an/I average/N of/I six/N months/V before/V a/D recession/N officially/N started/N ./.
By/V the/D time/V a/D recession/N is/I ``/N official/N ''/N -LRB-/N two/N consecutive/I quarters/N of/I declining/N gross/N national/N product/N -RRB-/N ,/, much/V of/I the/D damage/N to/V stocks/N has/I already/V been/D _OOV_/N ,/, in/I the/D typical/N case/N ,/, the/D recession/N is/V already/D half/N over/I ./.
About/N six/N months/V before/V a/D recession/N ends/N ,/, stocks/N typically/N begin/I to/V rise/D again/V ,/, as/V investors/N anticipate/V a/D recovery/N ./.
The/P average/N recession/N lasts/I about/N a/I year/N ./.
Unfortunately/V ,/, though/V ,/, recessions/N vary/I enough/V in/I length/N so/V that/V the/D average/N ca/N n't/, reliably/V be/V used/N to/I guide/N investors/N in/I timing/D stock/N sales/N or/V purchases/N ./.
But/P whatever/V their/V advice/N about/I timing/N ,/, none/V of/D these/D experts/N recommend/N _OOV_/N stocks/N entirely/I during/V a/D recession/N ./.
For/N the/I portion/N of/I an/D investor/N 's/, portfolio/N that/V stays/V in/I stocks/N ,/, professionals/N have/V a/D number/N of/I suggestions/N ./.
Mr./N Katz/N advocates/N issues/N with/I low/N _OOV_/N ratios/N --/N that/V is/V ,/, low/N prices/N in/I relation/N to/V the/D company/N 's/, earnings/N per/N share/N ./.
``/N _OOV_/N _OOV_/N ''/N stocks/N ,/, he/V says/V ,/, vastly/D outperform/N others/V ``/N during/N a/I recession/N or/N bear/V market/N ./, ''/N
In/V good/V times/N ,/, he/V says/V ,/, they/P lag/N a/I bit/N ,/, but/V overall/V they/V provide/N superior/V performance/N ./.
Prof./N _OOV_/N urges/N investors/N to/V discard/D stocks/N in/I small/J companies/N ./.
_OOV_/N shares/N typically/N fall/I more/V than/D _OOV_/N stocks/N in/I a/D recession/N ,/, he/V says/V ./.
And/P in/I any/V case/N ,/, he/V argues/N ,/, stocks/N of/I small/J companies/N are/V ``/N almost/I as/D overpriced/N as/I they/V were/D Sept./N 30/N ,/, 1987/N ,/, just/V before/V the/D crash/N ./, ''/N
For/N example/N ,/, Mr./N _OOV_/N says/V ,/, stocks/N of/I small/J companies/N are/V selling/N for/I about/N 19/N times/I cash/N flow/N ./.
_OOV_/N flow/N ,/, basically/V earnings/N plus/N depreciation/N ,/, is/V one/N common/N gauge/N of/I a/D company/N 's/, financial/N health/N ./, -RRB-/N
That/P ratio/N is/I dangerously/V close/D to/V the/D ratio/N of/I _OOV_/N that/V prevailed/D before/V the/D 1987/N _OOV_/N crash/N ,/, Mr./N _OOV_/N says/V ./.
And/P it/V 's/, way/V above/V the/D ratio/N -LRB-/N _OOV_/N times/I cash/N flow/N -RRB-/N that/V bigger/D companies/N are/V selling/N for/N ./.
Another/N major/N trick/I in/I making/V a/D portfolio/N _OOV_/N is/V choosing/D stocks/N in/I ``/N defensive/V ''/N industries/N ./.
Food/N ,/, tobacco/N ,/, drugs/N and/N utilities/N are/V the/D classic/V examples/N ./.
Recession/N or/N not/V ,/, people/V still/D eat/P ,/, smoke/N ,/, and/V take/V medicine/N when/V they/P 're/P sick/N ./.
George/N _OOV_/N III/N ,/, editor/N of/I _OOV_/N Letter/N in/I Boston/N ,/, offers/N one/N final/I tip/N for/I _OOV_/N investors/N ./.
``/N Keep/N some/I money/N available/N for/I opportunities/N ,/, ''/N he/V says/V ./.
``/N If/, the/D recession/N does/V hit/V ,/, there/V will/V be/V some/D great/V investment/N opportunities/N just/V when/V things/V seem/V the/D blackest/N ./, ''/N
Mr./N Dorfman/N covers/N investing/N issues/N from/I The/N Wall/N Street/N Journal/N 's/, New/N York/N bureau/N ./.
Some/N industry/N groups/N consistently/V weather/N the/I storm/N better/V than/D others/N ./.
The/N following/I shows/N the/D number/N of/I times/D these/D industries/N outperformed/N the/I Standard/N &/N Poor/N 's/, _OOV_/N Index/N during/N the/I first/I six/N months/N of/I the/D past/D seven/N recessions/N ./.
Bond/N prices/N posted/N strong/V gains/J as/I investors/N went/N on/I a/D bargain/N hunt/N ./.
But/P while/V the/D overall/N market/N improved/N ,/, the/D _OOV_/N junk-bond/N market/N continued/I to/V count/V casualties/N ,/, even/V as/D junk-bond/N prices/N rose/N ./.
Yesterday/N ,/, Prudential-Bache/N Securities/N Inc./N said/V it/D postponed/N a/I $/N _OOV_/N million/N senior/N subordinated/I _OOV_/N offering/N by/I York/N International/N Corp/N ./.
And/P Donaldson/N ,/, Lufkin/N &/N Jenrette/N Securities/N Corp./N scrambled/N to/I restructure/N and/N improve/N the/I potential/N returns/V on/I a/D $/N _OOV_/N million/N _OOV_/N offering/N by/I Chicago/N &/N North/N Western/N Acquisition/N Corp./N that/V was/V still/D being/V negotiated/N late/N last/V night/V ./.
The/P issue/N by/I Chicago/N &/N North/N Western/N is/I one/N of/I the/D so-called/N good/V junk-bond/N offerings/N on/I the/D _OOV_/N calendar/N ./.
Some/N analysts/V said/V the/D restructuring/N of/I the/D railroad/N concern/N 's/, issue/N shows/I how/V tough/V it/V is/V for/I underwriters/N to/V sell/N even/V the/D junk/N bonds/N of/I a/D company/N considered/I to/V be/V a/D relatively/N good/V credit/N risk/N ./.
Since/V last/V week/V 's/, junk-bond/N market/N debacle/N ,/, many/V new/J issues/N of/I high-yield/N ,/, high-risk/N corporate/N bonds/N have/V either/V been/V scaled/N back/V ,/, delayed/N or/V dropped/N ./.
On/N Wednesday/N ,/, Drexel/N Burnham/N Lambert/N Inc./N had/V to/V slash/N the/D size/N of/I Continental/N Airlines/N '/N junk-bond/N offering/N to/V $/N 71/N million/N from/I $/N 150/N million/N ./.
Salomon/N Brothers/N Inc./N has/I delayed/N Grand/N Union/N Co./N 's/, $/N _OOV_/N billion/N junk-bond/N offering/N while/V it/D _OOV_/N the/I transaction/N ./.
Last/N week/V ,/, the/D Grand/N Union/N offering/N was/I sweetened/N to/I include/N warrants/N that/V allow/V _OOV_/N to/V acquire/N common/I stock/N ./.
Prudential-Bache/N said/V the/D York/N issue/N was/I delayed/N because/V of/D market/N conditions/N ./.
``/N Everything/N is/V going/V through/D _OOV_/N right/V now/N ,/, and/V -LCB-/N Chicago/N &/N North/N Western/N -RCB-/N is/V no/V exception/V ,/, ''/N said/V _OOV_/N _OOV_/N ,/, vice/N president/N ,/, high-yield/N research/N ,/, at/I _OOV_/N ./.
_OOV_/N managers/N say/V sweeteners/N like/V equity/N kickers/N and/N stricter/I protective/N covenants/V may/V increasingly/V be/D required/N to/V sell/N junk-bond/N deals/N ./.
Dan/N _OOV_/N ,/, managing/N director/N of/I high-yield/N investments/N at/I Chancellor/N Capital/N Management/N ,/, said/V the/D Chicago/N &/N North/N Western/N offering/N was/I restructured/N in/I part/I because/V ``/N several/I large/N insurance/N buyers/N right/V now/I are/V demanding/V equity/N as/I part/I of/I the/D package/N ./.
If/, you/P 're/P going/V to/V take/V the/D risk/N in/I this/D market/N ,/, you/P want/P something/V extra/V ./, ''/N
Mr./N _OOV_/N likes/N the/D offering/N ./.
But/P several/I mutual-fund/N managers/N ,/, nervous/N about/I the/D deteriorating/N quality/N of/I their/D junk-bond/N portfolios/N and/N shy/V about/I buying/N new/I issues/N ,/, said/V they/P 're/P staying/V away/V from/V any/V junk/N security/N that/V is/V n't/P considered/D first/N rate/N for/I its/D class/N ./.
While/V they/P consider/V the/D Chicago/N &/N North/N Western/N issue/N to/V be/V good/V ,/, they/P do/V n't/P view/V it/D as/V the/D best/N ./.
To/N lure/V buyers/N to/V the/D Chicago/N &/N North/N Western/N bonds/N ,/, portfolio/N managers/N said/V Donaldson/N Lufkin/N sweetened/N the/I transaction/N by/I offering/N the/I bonds/N with/I a/D _OOV_/N interest/N rate/N and/N a/D 10/N %/N equity/N kicker/V ./.
The/N bonds/N are/V expected/V to/V have/V a/D 14/N %/N coupon/N rate/N ./.
The/N equity/N arrangement/I apparently/V would/V allow/V _OOV_/N to/V buy/V a/D total/N of/I 10/N %/N of/I the/D stock/N of/I _OOV_/N Corp./N ,/, Chicago/N &/N North/N Western/N 's/, parent/N company/N ./.
Donaldson/N Lufkin/N declined/N to/V comment/N on/I the/D restructuring/N ./.
According/N to/V some/D analysts/N familiar/I with/I the/D negotiations/N ,/, the/D 10/N %/N of/I equity/N would/V come/V directly/V from/D Donaldson/N Lufkin/N and/N a/D fund/N affiliated/N with/I the/D investment/N bank/N _OOV_/N Group/N ,/, which/D would/V reduce/N their/V _OOV_/N equity/N holdings/N by/I 5/N %/N each/N ./.
That/P would/V leave/V the/D _OOV_/N fund/N with/I a/D 60/N %/N stake/N and/I Donaldson/N Lufkin/N with/I 15/N %/N ./.
Despite/N the/I problems/N with/I new/N issues/N ,/, high-yield/N bonds/N showed/I gains/N in/I the/D secondary/N ,/, or/V resell/N ,/, market/N ./.
_OOV_/N bonds/N ended/N about/I one-half/N point/I higher/N with/I so-called/N high-quality/N issues/N from/I RJR/N Capital/N Holdings/N Corp./N and/I _OOV_/N Gas/N Service/N Limited/N _OOV_/N rising/I one/N point/N ./.
In/V the/D Treasury/N market/N ,/, the/D benchmark/N 30-year/N bond/N rose/I _OOV_/N point/N ,/, or/V $/N 8.75/N for/I each/V $/N 1,000/N face/V amount/N ./.
The/P gain/V reflects/D fresh/N economic/N evidence/N that/V inflation/N is/I moderating/N while/V the/D economy/N slows/N ./.
That/P raised/V hopes/V that/V interest/N rates/N will/V continue/V to/V move/D lower/N ./.
The/N Labor/N Department/N reported/N that/I consumer/N prices/N rose/N just/D 0.2/N %/N last/V month/N ,/, slightly/V lower/N than/V some/D economists/N had/V expected/N ./.
But/P there/V were/D also/N rumors/N yesterday/V that/V several/I Japanese/N institutional/N investors/N were/V shifting/D their/V portfolios/N and/N buying/N long-term/N bonds/N while/V selling/N _OOV_/N Treasurys/N ./.
Short-term/N Treasury/N securities/N ended/N narrowly/I mixed/N ,/, with/D two-year/N notes/N posting/N slight/I declines/N while/V three-year/N notes/N were/I slightly/N higher/N ./.
Yesterday/N ,/, the/D Fed/N executed/N four-day/N matched/I sales/N ,/, a/D technical/N trading/N operation/N designed/N to/V drain/N reserves/N from/I the/D banking/N system/N ./.
The/P move/V was/V interpreted/I by/V some/D economists/N as/V a/D sign/V that/V the/D Fed/N does/V n't/P want/V the/D federal/N funds/N rate/N to/V move/R any/V lower/N than/V the/D 8/N %/N at/I which/D it/V has/D been/V hovering/N around/I during/V the/D past/D week/N ./.
The/N closely/N watched/V funds/N rate/N is/V what/D banks/N charge/N each/I other/V on/I overnight/N loans/N ./.
It/P is/V considered/D an/D early/N signal/N of/I Fed/N credit/N policy/N changes/N ./.
``/N The/, fact/V that/V they/P did/V four-day/N matched/I sales/N means/V they/V are/V not/V in/I a/D mood/V to/V ease/V aggressively/N ./.
They/P are/V telling/V us/N that/I -LCB-/N 8/N %/N -RCB-/N is/I as/V low/N as/I they/V want/V to/V see/N the/I fed/N funds/N rate/N ,/, ''/N said/V Robert/N _OOV_/N at/I _OOV_/N Bank/N PLC/N ./.
The/N benchmark/N 30-year/N bond/N was/I quoted/N late/N at/I a/D price/N of/I 101/N to/V yield/N _OOV_/N %/N ,/, compared/V with/D 100/N to/I yield/N _OOV_/N %/N Wednesday/N ./.
The/P latest/N 10-year/N notes/N were/I quoted/N late/N at/I 100/N to/I yield/N _OOV_/N %/N ,/, compared/V with/D 99/N to/I yield/N _OOV_/N %/N ./.
Short-term/N rates/N rose/N yesterday/V ./.
The/P discount/N rate/N on/I three-month/N Treasury/N bills/N rose/V to/D _OOV_/N %/N from/I _OOV_/N %/N Wednesday/N ,/, while/V the/D rate/N on/I six-month/N bills/N rose/V to/D _OOV_/N %/N from/I _OOV_/N %/N ./.
Meanwhile/N ,/, the/D Treasury/N sold/N $/N _OOV_/N billion/N of/I _OOV_/N bills/N yesterday/V ./.
The/P average/N yield/N on/I the/D bills/N was/I _OOV_/N %/N ,/, down/V from/D _OOV_/N %/N at/I the/D previous/D _OOV_/N bill/N auction/I Sept./N 21/N ./.
Yesterday/N 's/, yield/N was/I the/D lowest/N since/I _OOV_/N %/N on/I July/N 27/N ./.
Here/N are/V details/N of/I the/D auction/N :/N
Rates/N are/V determined/N by/I the/D difference/N between/I the/D purchase/N price/N and/N face/V value/N ./.
Thus/N ,/, higher/N bidding/I narrows/N the/I investor/N 's/, return/V while/V lower/N bidding/I widens/N it/V ./.
The/P percentage/N rates/N are/V calculated/N on/I a/D 360-day/N year/N ,/, while/V the/D coupon-equivalent/N yield/N is/I based/N on/I a/D 365-day/N year/N ./.
_OOV_/N bond/N price/N climbed/N yesterday/V despite/V skittishness/N in/I the/D _OOV_/N market/N for/I high-yield/N securities/N ./.
Dealers/N said/V junk/N bond/N issues/N on/I average/N were/V up/D by/V to/V point/V with/D so-called/N quality/N issues/N from/I RJR/N Capital/N Holdings/N Corp./N and/I _OOV_/N Gas/N Service/N Limited/N _OOV_/N posting/N _OOV_/N gains/N ./.
_OOV_/N Gas/N Service/N 's/, 13/N %/N debentures/N traded/N at/I 102/N ,/, after/V trading/N around/I par/N earlier/I this/V week/V ,/, and/V RJR/N 's/, 13/N %/N subordinated/I debentures/N of/I 2001/N were/V at/I 101/N after/V trading/N at/I below/N par/N earlier/I this/D week/N ./.
Investment-grade/N bonds/N were/I unchanged/N ./.
Activity/N was/I brisk/N in/I the/D _OOV_/N general/N obligation/N market/N ,/, as/V a/D series/N of/I sell/N lists/N hit/V the/D Street/N and/N capped/N upward/N price/N movement/N in/I the/D sector/N ./.
Traders/N estimated/N that/V more/D than/V $/N 140/N million/N of/I _OOV_/N bonds/N was/I put/V up/V for/I sale/N via/N _OOV_/N lists/N circulated/N by/I a/D handful/N of/I major/N brokers/N ./.
There/N was/V speculation/V that/V the/D supply/N was/V coming/V from/D a/D commercial/N bank/N 's/, portfolios/N ./.
According/N to/I market/N participants/N ,/, the/D bonds/N were/I met/N with/I decent/V bids/N ,/, but/V the/D volume/N of/I paper/N left/I high/N grades/N in/I the/D 10-year/N and/N under/N maturity/N range/N unchanged/I to/V _OOV_/N percentage/N point/V higher/N in/I yield/N ./.
_OOV_/N from/I the/D general/N obligation/N sector/N ,/, activity/N was/I modest/N ./.
Long/N dollar/N bonds/N were/V flat/V to/V up/D point/N ./.
New/N Jersey/N _OOV_/N Authority/N 's/, 7.20/N %/N issue/N of/I _OOV_/N was/V up/V at/I 98/N bid/I to/V yield/N about/I 7.32/N %/N ,/, down/V _OOV_/N percentage/N point/N ./.
The/N debt/N of/I some/D California/N issuers/N pulled/V off/V lows/N reached/I after/V Tuesday/N 's/, massive/V earthquake/N ,/, although/D traders/N said/V market/N participants/N remained/I cautious/V ./.
California/N expects/I to/V rely/N on/I federal/N emergency/N funds/N and/N its/I $/N _OOV_/N billion/N in/I general/N fund/N reserves/N to/V meet/V the/D estimated/N $/N 500/N million/N to/V $/N 1/N billion/N in/I damages/N resulting/N from/I the/D quake/N ,/, according/V to/V a/D state/N official/N ./.
It/P 's/. also/V unclear/V precisely/V how/V the/D state/N will/V rebuild/V its/D reserve/N ,/, said/V _OOV_/N Katz/N ,/, assistant/N director/N of/I California/N 's/, department/N of/I finance/N ,/, although/V she/V noted/V that/V a/D bond/N offering/N for/I that/V purpose/V is/V n't/P anticipated/N ./.
Meanwhile/N ,/, new/N issuance/N was/V slow/V ./.
The/N largest/N sale/N in/I the/D competitive/N arena/I was/V a/D $/N _OOV_/N million/N issue/N of/I school/N financing/N bonds/N from/I the/D _OOV_/N Public/N School/N Authority/N ./.
A/N balance/N of/I $/N _OOV_/N million/N remained/I in/I late/N _OOV_/N ,/, according/V to/V the/D lead/N manager/N ./.
Mortgage/N securities/N generally/I ended/V to/V point/V higher/N ,/, but/V lagged/I gains/N in/I the/D Treasury/N market/N because/V of/I a/D shift/N in/I the/D shape/N of/I the/D Treasury/N yield/N curve/N and/N rumored/I mortgage/N sales/N by/I thrifts/N ./.
Premium/N Government/N National/N Mortgage/N Association/N securities/N with/I coupon/N rates/N of/I 13/N %/N and/N higher/N actually/V declined/N amid/N concerns/N about/N increased/N prepayments/N because/V of/I a/D plan/N being/V considered/D by/I Congress/N to/I speed/N the/I refinancing/N of/I _OOV_/N mortgages/N ./.
Ginnie/N Mae/N 13/N %/N securities/N were/V down/V about/N at/I _OOV_/N ./.
If/, the/D refinancing/N plan/N clears/N Congress/N ,/, there/V could/V be/V fairly/D heavy/N prepayments/N on/I the/D premium/N securities/N ,/, hurting/V any/V investor/N paying/N much/V above/V par/N for/I them/P ./.
In/V the/D _OOV_/N sector/N ,/, a/D shift/N in/I the/D Treasury/N yield/N curve/N resulting/N from/I the/D better/V performance/N of/I _OOV_/N issues/N over/I _OOV_/N securities/N hurt/V major/N coupons/N because/V it/D will/V become/V more/D difficult/V to/D structure/N new/N derivative/N securities/N offerings/N ./.
Ginnie/N Mae/N 9/N %/N securities/N ended/N at/I 98/N ,/, up/V 9/N ,/, 9/N %/N
%/N to/V a/D 12-year/N average/N life/V assumption/N ,/, as/V the/D spread/N above/V the/D Treasury/N 10-year/N note/N widened/I _OOV_/N percentage/N point/V to/D _OOV_/N ./.
While/V Remic/N issuance/N may/V slow/V in/I the/D coming/V days/V because/V of/I the/D shift/N in/I the/D Treasury/N yield/N curve/N ,/, underwriters/N continued/I to/V crank/N out/I new/N real/I estate/N mortgage/N investment/N conduits/N structured/N when/V the/D yield/N curve/N was/V more/D favorable/N ./.
Two/N new/N _OOV_/N totaling/N $/N 900/N million/N were/V announced/N by/I Freddie/N Mac/N yesterday/V ./.
British/N government/N bonds/N ended/V little/V changed/D as/V investors/N awaited/I an/D economic/N policy/N address/N last/V night/V by/I Chancellor/N of/I the/D _OOV_/N Nigel/N _OOV_/N ./.
The/N Treasury/N 11/N %/N bond/N due/N was/V down/V at/D 111/N to/I yield/N _OOV_/N %/N ,/, while/V the/D 11/N %/N notes/N due/I 1991/N were/V unchanged/D at/I 98/N to/I yield/N _OOV_/N %/N ./.
In/D Japan/N ,/, the/D bellwether/N No./N 111/N 4.6/N %/N bond/N of/I 1998/N ended/N off/V _OOV_/N at/I _OOV_/N ,/, to/V yield/N _OOV_/N %/N ,/, and/N in/I West/N Germany/N ,/, the/D 7/N %/N benchmark/N issue/N due/N October/N 1999/N ended/I _OOV_/N point/I lower/N at/I _OOV_/N to/I yield/N _OOV_/N %/N ./.
