``/` We/J 're/N strongly/N _OOV_/N that/I anyone/N who/W has/V eaten/N in/I the/D _OOV_/N this/N month/N have/V the/D shot/N ,/, ''/' Mr./N _OOV_/N added/N ,/, ``/` and/C that/I means/N virtually/N everyone/N who/N works/N here/N ./.
I/P was/V _OOV_/V to/T read/V the/D _OOV_/N of/I facts/N in/I your/N Oct./N 13/N editorial/N ``/` _OOV_/N 's/P _OOV_/N _OOV_/N ./. ''/'
It/P is/V the/D _OOV_/N _OOV_/N who/W are/V _OOV_/N with/I the/D drug/N traffickers/N ,/, not/V the/D left/N _OOV_/N ./.
This/N information/N was/V _OOV_/N from/I your/N own/N news/N stories/N on/I the/D region/N ./.
_OOV_/N _OOV_/N government/N _OOV_/N of/I the/D ``/` _OOV_/N ''/' was/V due/V to/T the/D drug/N _OOV_/N '/N history/N of/I _OOV_/N out/N _OOV_/N in/I the/D _OOV_/N ./.
Mary/N _OOV_/N Palo/N Alto/N ,/, Calif/N ./.
I/P suggest/N that/I The/D Wall/N Street/N Journal/N -LRB-/N as/I well/N as/I other/J U.S./N news/N publications/N of/I like/N mind/N -RRB-/N should/N put/V its/P money/N where/N its/P _OOV_/N is/V :/J _OOV_/N computer/N equipment/V to/T replace/V that/I damaged/N at/I El/N _OOV_/N ,/, buy/N ad/N space/N ,/, publish/N stories/N under/I the/D _OOV_/N of/I El/N _OOV_/N journalists/N ./.
Perhaps/I an/D arrangement/N could/N be/V worked/R out/V to/T ``/` sponsor/J ''/N El/N _OOV_/N journalists/N and/C staff/N by/I paying/N for/I added/N security/N in/I exchange/N for/I exclusive/N stories/N ./.
_OOV_/N El/N _OOV_/N 's/P courage/N with/I real/J support/N ./.
Douglas/N B./N Evans/.
_OOV_/N Co/N ./. -LRB-/J Atlanta/N -RRB-/N --/N _OOV_/N _OOV_/N and/C George/N _OOV_/N were/V elected/J vice/N _OOV_/N of/I this/D _OOV_/N company/N ./.
Mr./N _OOV_/N ,/, 46/N years/N old/N ,/, is/V the/D company/N 's/P director/N of/I quality/N _OOV_/N ;/N most/N recently/N ,/, he/P served/N as/I vice/N president/N ,/, operations/N ,/, for/I Coca-Cola/N _OOV_/N ./.
Mr./N _OOV_/N ,/, 48/N ,/, is/V manager/N for/I corporate/J manufacturing/N operations/N ;/N he/P was/V assistant/J vice/N president/N at/I the/D company/N ./.
In/I the/D wake/N of/I a/D slide/N in/I sterling/N ,/, a/D tailspin/N in/I the/D stock/N market/N ,/, and/C a/D string/N of/I _OOV_/N economic/N _OOV_/N ,/, British/N Chancellor/N of/I the/D _OOV_/N Nigel/N _OOV_/N promised/N gradual/N improvement/N in/I the/D U.K./N economy/N ./.
In/I a/D speech/N prepared/N for/I delivery/N to/T London/V 's/P financial/J community/N ,/, Mr./N _OOV_/N _OOV_/N up/N current/N economic/N policy/N as/I a/D battle/N to/T _OOV_/V inflation/J out/N of/I the/D British/J economy/N ,/, using/N high/N interest/N rates/N as/I ``/` the/D essential/N _OOV_/N ''/' to/T carry/V out/I the/D campaign/N ./.
Two/N weeks/N after/N _OOV_/N base/N rates/N to/T 15/V %/N ,/, he/P _OOV_/N that/I ``/` rates/N will/M have/V to/T remain/V high/N for/I some/D time/N to/T come/V ./. ''/'
Mr./N _OOV_/V also/R made/V it/P clear/N that/I he/P would/M be/V watching/J exchange/N rates/N carefully/N ./.
A/D sinking/N pound/N makes/N imports/V more/J expensive/N and/C increases/N businesses/N '/N expectations/N of/I future/N inflation/N ,/, he/P argued/N ./.
In/I an/D apparent/N warning/V to/T currency/V traders/N who/W have/V lately/R been/V selling/V the/D British/J currency/N ,/, he/P stated/N that/I the/D exchange/N rates/N will/M have/V a/D ``/` major/J role/N in/I the/D assessment/N of/I monetary/N conditions/N ./. ''/'
In/N _OOV_/V the/D current/J monetary/N policy/N of/I using/N high/N interest/N rates/N to/T fight/V inflation/N and/C shore/N up/I the/D pound/N ,/, Mr./N _OOV_/N _OOV_/V other/J approaches/N to/T managing/V the/D economy/N ./.
He/P said/V he/P _OOV_/V the/D _OOV_/N figures/N ,/, but/C does/V n't/R give/V them/J _OOV_/N importance/N ,/, as/I some/D private/N and/C government/N economists/N have/V suggested/N ./.
Mr./N _OOV_/V also/R _OOV_/V the/D possibility/N of/I _OOV_/N direct/N credit/N controls/N on/I Britain/N 's/P financial/J system/N ./.
Mr./N _OOV_/N 's/P speech/N ,/, delivered/N at/I the/D Lord/N Mayor/N of/I London/N 's/P annual/J dinner/N at/I _OOV_/N House/N ,/, came/N on/I the/D heels/N of/I a/D _OOV_/N period/N for/I the/D U.K./N economy/N ./.
Two/N weeks/N ago/N ,/, in/I a/D campaign/N to/T _OOV_/V inflation/N at/I home/N and/C arrest/V a/D world-wide/N plunge/N in/I the/D pound/N ,/, he/P raised/N base/N rates/V a/D full/J percentage/N point/V to/T 15/V %/N ./.
Despite/I the/D increase/N ,/, the/D British/J currency/N slid/N below/V a/D perceived/N _OOV_/N of/I three/J marks/N early/V last/J week/N ./.
It/P was/V quoted/N at/I _OOV_/N marks/N in/I late/J New/N York/N trading/N Wednesday/N ./.
_OOV_/N up/V to/T the/D speech/N was/V a/D _OOV_/N of/I economic/J statistics/N suggesting/N that/I the/D British/J war/N on/I inflation/N will/M be/V more/J _OOV_/N than/I previously/N assumed/N ./.
_OOV_/N in/I September/N dropped/V to/T _OOV_/V ,/, the/D lowest/N level/N since/N 1980/N ./.
While/N lower/N _OOV_/N is/V generally/J good/N news/N ,/, the/D hefty/N drop/V last/J month/N indicates/N that/I the/D economy/N is/V n't/R slowing/J down/N as/I much/N as/I hoped/N --/N despite/V a/D _OOV_/N of/I interest/N rates/N over/I the/D last/J 16/N months/N ./.
Meanwhile/N ,/, average/N earnings/N in/I Britain/N were/V up/R 8.75/J %/N in/I August/N over/I the/D previous/J year/N ./.
Another/N _OOV_/N sign/N came/N in/I a/D surge/N in/I _OOV_/N lending/V to/T a/D record/N #/N _OOV_/N billion/C -LRB-/- $/$ _OOV_/C billion/C -RRB-/J last/J month/N ,/, a/D much/J higher/N level/N than/I economists/N had/V predicted/N ./.
In/I a/D separate/J speech/N prepared/N for/I delivery/N at/I the/D dinner/N ,/, Robin/N _OOV_/N ,/, Bank/N of/I England/N governor/N ,/, conceded/N that/I ``/` demand/J pressures/N were/V even/R more/J buoyant/N than/N had/V been/V _OOV_/N ''/' when/V the/D British/J economy/N was/V heating/V up/R last/J year/N ./.
He/N added/N that/I ``/` there/N 's/P no/N _OOV_/N solution/N ''/' to/T the/D economic/J woes/N ,/, and/C said/V ``/` _OOV_/J monetary/N policy/N is/V the/D right/J approach/N ./. ''/'
_OOV_/I the/D recent/J slide/N in/I stock/N prices/N ,/, the/D central/J bank/N governor/N stated/N that/I ``/` the/D markets/N now/N appear/V to/T have/V _OOV_/J ''/N after/I the/D ``/` nasty/J jolt/N ''/' of/I the/D _OOV_/N plunge/N in/I the/D Dow/N Jones/N Industrial/N Average/V a/D week/N ago/N ./.
Although/I the/D New/N York/N market/N plunge/N prompted/V a/D _OOV_/N drop/N in/I the/D London/N Financial/N Times-Stock/N Exchange/N 100/N Share/N Index/N ,/, Mr./N _OOV_/N declared/V ``/` that/I the/D experience/N owed/N nothing/V to/T the/D particular/J problems/N of/I the/D British/J economy/N ./. ''/'
_OOV_/N ,/, he/P pointed/N out/N that/I compared/N with/I the/D U.S./N market/N ,/, the/D U.K./N has/V far/J fewer/N highly/N leveraged/N junk-bond/N _OOV_/N ./.
_OOV_/N future/N monetary/N arrangements/N ,/, Mr./N _OOV_/N _OOV_/V the/D Thatcher/N government/N 's/P commitment/V to/T join/V the/D exchange/N rate/N mechanism/N of/I the/D European/J _OOV_/N System/N ,/, but/C he/P did/V n't/R indicate/J when/N ./.
C./N Olivetti/N &/N Co./N ,/, claiming/V it/P has/V won/V the/D _OOV_/N in/I Europe/N to/T introduce/V computers/J based/N on/I a/D powerful/J new/J microprocessor/N chip/N ,/, unveiled/V its/P _OOV_/N computer/N yesterday/N ./.
The/D product/N is/V the/D first/N from/I a/D European/J company/N based/N on/I Intel/N Corp./N 's/P new/J _OOV_/N _OOV_/N microprocessor/N ,/, which/W works/V several/J times/N faster/N than/I previously/N available/N chips/N ./.
Hewlett-Packard/N Co./N became/V the/D first/J company/N world-wide/V to/T announce/V a/D product/N based/N on/I the/D chip/N earlier/V this/D month/N ,/, but/C it/P wo/V n't/R start/V shipping/V the/D computers/N until/N early/N next/N year/N ./.
An/N Olivetti/N spokesman/N said/V the/D company/N 's/P _OOV_/N are/V already/R beginning/V to/T produce/V the/D machine/N ,/, and/C that/I it/P should/N be/V available/N in/I Europe/N by/I December/N ./.
``/` What/J this/N means/N is/V that/I _OOV_/N will/M have/V these/J machines/N in/I their/P _OOV_/N before/N Americans/N do/N ,/, ''/' the/D spokesman/N said/V ./.
The/D new/J chip/N ``/` is/V a/D very/J big/N step/N in/I computing/N ,/, and/C it/P is/V important/N that/I Olivetti/N be/V one/N of/I the/D first/J out/N on/I the/D market/N with/I this/D product/N ,/, ''/' said/V _OOV_/J _OOV_/N Davis/N ,/, an/D analyst/N at/I James/N _OOV_/N &/N Co./N in/I London/N ./.
Executives/N at/I Olivetti/N ,/, whose/N earnings/N have/V been/V steadily/J sliding/N over/I the/D past/J couple/N of/I years/N ,/, have/V acknowledged/N that/I in/I the/D past/N they/P have/V _OOV_/N at/I getting/D new/J technology/N to/T market/N ./.
Ms./N Davis/N said/V the/D new/J machines/N could/N steal/N some/N sales/N away/N from/I Olivetti/N 's/P own/J _OOV_/N ,/, but/C would/N bring/V new/J sales/N among/N professionals/N such/N as/I engineers/N ,/, _OOV_/N and/C medical/N doctors/N ./.
Although/N Olivetti/N 's/P profits/N tumbled/N 40/N %/N in/I the/D first/J half/N of/I this/D year/N ,/, she/N believes/N Olivetti/N 's/P restructuring/V last/J fall/N and/C its/P introduction/N of/I new/J products/N will/M begin/V to/T bear/V fruit/N with/I an/D earnings/N rebound/N next/N year/N ,/, especially/N if/I it/P can/M _OOV_/V its/P promise/V to/T deliver/V the/D new/J machines/N by/I December/N ./.
``/` We/P think/V the/D worst/N is/V over/J ''/N in/I the/D European/J _OOV_/N market/N ,/, she/P said/V ./.
Depending/N on/I the/D type/N of/I software/N and/C _OOV_/N used/N ,/, the/D machines/N can/N serve/N either/N as/I the/D main/N computer/N in/I a/D network/N of/I many/J _OOV_/N -LRB-/V a/D role/N usually/N filled/N by/I a/D _OOV_/N -RRB-/N ,/, as/I a/D technical/N workstation/N or/C as/I a/D very/J fast/N personal/N computer/N ./.
``/` It/P 's/V the/D missing/N link/N ''/' in/I Olivetti/N 's/P product/N line/N between/N small/N personal/N computers/N and/C _OOV_/N _OOV_/N ,/, the/D Olivetti/N spokesman/N said/V ./.
He/N added/N that/I Olivetti/N will/M continue/V making/V its/P _OOV_/N _OOV_/N line/N ./.
The/D machines/N will/M cost/V around/I $/$ _OOV_/C on/I average/N in/I Europe/N ./.
The/D Intel/N _OOV_/N chip/N can/N process/N 15/N million/C _OOV_/N per/N second/N ,/, or/C _OOV_/N ,/, while/N Intel/N 's/P previous/J _OOV_/N chip/N could/N handle/N only/N 3/V to/T 6/V _OOV_/N ./.
Olivetti/N also/R plans/V to/T sell/V the/D _OOV_/N computer/N in/I the/D U.S./N starting/N next/N year/N through/N Olivetti/N USA/N and/C through/N its/P _OOV_/N unit/N ,/, which/W _OOV_/V in/I _OOV_/N _OOV_/N networks/N ./.
_OOV_/N Inc./N said/V it/P received/N approval/N from/I the/D French/N government/N for/I its/P proposed/V $/$ _OOV_/C million/C acquisition/N of/I _OOV_/N _OOV_/N ./.
The/D approval/N _OOV_/V the/D remaining/N conditions/N of/I the/D purchase/N ,/, which/W is/V expected/V to/T close/V within/J two/N weeks/N ./.
_OOV_/N ,/, the/D second-largest/N maker/N of/I food/N cans/N in/I France/N ,/, had/V 1988/J sales/N of/I $/$ 150/C million/C ./.
_OOV_/N has/V _OOV_/J workers/N at/I four/N canning/N manufacturing/N plants/N and/C one/C plastic/N _OOV_/N facility/N ./.
_OOV_/N makes/N _OOV_/N packaging/N films/N and/C machinery/N ,/, and/C materials/N for/I the/D food/N and/C pharmaceutical/N industries/N ./.
Social/N Security/N benefits/N will/M rise/V _OOV_/J %/N next/N year/N to/T keep/V pace/N with/I inflation/N ,/, _OOV_/V the/D average/J monthly/N benefit/V to/T $/$ _OOV_/C from/I $/$ _OOV_/C ,/, the/D Department/N of/I Health/N and/C _OOV_/N Services/N announced/N ./.
The/D higher/J payments/N will/M start/V with/I Social/N Security/N _OOV_/N received/N on/I Jan./N 3/N ,/, 1990/N ./.
_OOV_/N Security/N Income/N payments/V to/T the/D _OOV_/N also/N will/M rise/V _OOV_/J %/N ,/, starting/N with/I _OOV_/N received/N on/I Dec./N 29/N ,/, 1988/N ,/, increasing/V the/D maximum/N _OOV_/N payment/V to/T $/$ _OOV_/C from/I $/$ _OOV_/C a/D month/N ./.
The/D inflation/N adjustment/V also/R means/V that/I the/D maximum/N annual/N level/N of/I earnings/N subject/V to/T the/D wage/N tax/N that/I _OOV_/N revenue/N for/I the/D Social/N Security/N trust/N fund/N will/M rise/V to/T $/$ _OOV_/C in/I 1990/N from/I $/$ _OOV_/C this/N year/N ./.
As/N mandated/N by/I law/N ,/, the/D tax/N rate/N will/M rise/V to/T _OOV_/V %/N in/I 1990/N from/I _OOV_/N %/N and/C wo/N n't/R rise/J any/N further/N in/I the/D future/N ./.
This/N means/N that/I the/D maximum/N yearly/N Social/N Security/N tax/N paid/N by/I workers/N and/C employers/N each/N will/M rise/V $/$ _OOV_/C next/N year/N to/T $/$ _OOV_/C ./.
_OOV_/N aged/N 65/N through/N 69/N will/M be/V able/V to/T earn/V $/$ _OOV_/C without/N losing/N any/N Social/N Security/N benefits/N in/I 1990/N ,/, up/R from/I $/$ _OOV_/C this/N year/N ./.
The/D _OOV_/N amount/N for/I _OOV_/N under/N 65/N will/M rise/V to/T $/$ _OOV_/C from/I $/$ _OOV_/C ./.
The/D _OOV_/N reflect/V the/D increase/N in/I the/D consumer/N price/N index/N for/I urban/N wage/N _OOV_/N and/C _OOV_/N workers/N from/I the/D third/J quarter/N of/I last/J year/N to/T the/D third/J quarter/N of/I this/D year/N ./.
_OOV_/N companies/N should/N get/N _OOV_/N in/I the/D third/J quarter/N ./.
_OOV_/N houses/N are/V expected/V to/T report/V earnings/N increases/N of/I about/J 15/N %/N on/I average/N for/I the/D third/J quarter/N ,/, despite/N sales/N increases/N of/I less/N than/I 10/N %/N ,/, analysts/N say/N ./.
To/N offset/N sluggish/N sales/N growth/N ,/, companies/N have/V been/V cutting/J staff/N ,/, mostly/N through/N _OOV_/N ,/, and/C slowing/V the/D growth/N in/I research/N and/C development/N spending/N ./.
Sales/N growth/N in/I the/D quarter/N was/V slowed/N by/I mounting/N pressure/N from/I groups/N of/I buyers/N ,/, such/N as/I hospitals/N ,/, to/T hold/V down/J prices/N ./.
_OOV_/N were/V also/R hurt/V by/I the/D _OOV_/N U.S./N dollar/N ,/, which/W makes/V sales/N abroad/V more/J difficult/N ./.
In/I some/D cases/N ,/, competition/N has/V squeezed/J margins/N ./.
_OOV_/N ,/, _OOV_/N &/N Co./N ,/, for/I example/N ,/, faces/N stiff/N competition/N from/I a/D Japanese/J supplier/N in/I the/D important/J _OOV_/N market/N ./.
The/D Franklin/N _OOV_/N ,/, N.J./N ,/, company/N is/V expected/V to/T report/V sales/N growth/N of/I only/J 5/N %/N to/T 6/V %/N ,/, but/C should/N still/N maintain/N earnings/N growth/N of/I 10/N %/N ,/, says/V _OOV_/J E./N _OOV_/N ,/, an/D analyst/N with/I Duff/N &/N Phelps/N Inc/N ./.
Among/I the/D first/N of/I the/D group/N to/T post/V results/N ,/, Abbott/N Laboratories/N said/V third-quarter/J net/N income/N jumped/N 14/N %/N to/T $/$ _OOV_/C million/C ,/, or/C 88/N cents/V a/D share/N ,/, from/I $/$ _OOV_/C million/C ,/, or/C _OOV_/N cents/V a/D share/N ,/, a/D year/N earlier/N ./.
Sales/N for/I the/D company/N ,/, based/V in/I Abbott/N _OOV_/N ,/, Ill./N ,/, rose/V _OOV_/J %/N to/T $/$ 1.31/C billion/C from/I $/$ _OOV_/C billion/C ./.
_OOV_/N International/N Inc./N yesterday/N reported/V net/J climbed/N 20/N %/N in/I the/D third/J period/N to/T $/$ 102/C million/C ,/, or/C 34/N cents/V a/D share/N ,/, from/I $/$ 85/C million/C ,/, or/C 28/N cents/V a/D share/N ,/, a/D year/N earlier/N ./.
Sales/N for/I the/D _OOV_/N ,/, Ill./N ,/, company/N rose/N 5.8/N %/N to/T $/$ _OOV_/C billion/C from/I $/$ 1.71/C billion/C ./.
But/C not/N every/N company/N expects/V to/T report/V increased/J earnings/N ./.
C.R./N Bard/N Inc./N yesterday/N said/V third-quarter/J net/N plunged/N 51/N %/N to/T $/$ _OOV_/C million/C ,/, or/C 18/N cents/V a/D share/N ,/, from/I $/$ 20/C million/C ,/, or/C 35/N cents/V a/D share/N ,/, a/D year/N earlier/N ./.
Sales/N fell/N 1.2/N %/N to/T $/$ _OOV_/C million/C from/I $/$ _OOV_/C million/C ./.
The/D Murray/N Hill/N ,/, N.J./N ,/, company/N said/V full-year/J earnings/N may/N be/V off/J 33/N cents/V a/D share/N because/I the/D company/N removed/V a/D _OOV_/N from/I the/D market/N ./.
In/I 1988/N ,/, the/D company/N earned/V $/$ _OOV_/C a/D share/N ./.
The/D Food/N and/C Drug/N Administration/N had/V raised/J questions/N about/I the/D device/N 's/P design/N ./.
Some/N analysts/N add/N that/I _OOV_/N pressures/V to/T reduce/V health/J costs/N will/M continue/V to/T _OOV_/V companies/N '/N bottom/N lines/N ./.
Takeover/N speculation/N ,/, which/W has/V been/V _OOV_/J stocks/N of/I supply/N houses/N ,/, may/N also/N ease/N ,/, says/V Peter/J _OOV_/N ,/, an/D analyst/N with/I Drexel/N Burnham/N Lambert/N Inc/N ./.
``/` As/N that/I _OOV_/N ,/, you/N 're/N going/V to/T see/V the/D stocks/N probably/N _OOV_/N as/I well/N ,/, ''/' he/P says/V ./.
_OOV_/N companies/N ,/, meanwhile/N ,/, are/V reporting/J improved/N earnings/N ./.
_OOV_/N by/I strong/J _OOV_/N by/I its/P _OOV_/N hospitals/N ,/, National/N Medical/N _OOV_/N Inc./N ,/, Los/N Angeles/N ,/, reported/V net/J income/N of/I $/$ 50/C million/C ,/, or/C 65/N cents/V a/D share/N ,/, for/I the/D first/J quarter/N ended/N Aug./N 31/N ,/, up/R from/I $/$ 41/C million/C ,/, or/C 56/N cents/V a/D share/N ,/, a/D year/N earlier/N ./.
_OOV_/N Inc./N ,/, Louisville/N ,/, Ky./N ,/, also/R reported/J favorable/N results/N ,/, with/I net/J income/N of/I $/$ 66.7/C million/C ,/, or/C 66/N cents/N ,/, in/I the/D fourth/J quarter/N ended/N Aug./N 31/N ,/, up/R from/I $/$ _OOV_/C million/C ,/, or/C 59/N cents/N ,/, a/D year/N earlier/N ./.
Analysts/N say/V the/D handful/N of/I hospital/N companies/N that/W are/V still/J publicly/N traded/N are/V benefiting/N from/I several/J trends/N ./.
Most/N important/N ,/, hospital/N _OOV_/N rates/N are/V stabilizing/N after/I several/J years/N of/I decline/N ./.
Moreover/N ,/, companies/N have/V sold/J off/N many/N of/I their/P smaller/N ,/, less-profitable/N hospitals/N and/C have/V completed/J painful/N _OOV_/N ./.
_OOV_/N 's/P revenues/N ,/, for/I example/N ,/, are/V being/J boosted/N by/I large/J increases/N in/I _OOV_/N in/I the/D company/N 's/P health/N maintenance/N organizations/N ./.
_OOV_/N _OOV_/N _OOV_/N ,/, an/D analyst/N with/I _OOV_/N _OOV_/N _OOV_/N :/: ``/` The/D shakeout/N in/I the/D publicly/N traded/N companies/N is/V over/N ./.
Initial/N claims/N for/I regular/N state/N unemployment/N benefits/N rose/V to/T a/D seasonally/N adjusted/N _OOV_/N during/I the/D week/N ended/N Oct./N 7/N from/I _OOV_/V the/D previous/J week/N ,/, the/D Labor/N Department/N said/V ./.
The/D number/N of/I people/N receiving/N regular/N state/N benefits/N in/I the/D week/N ended/N Sept./N 30/N decreased/V to/T a/D seasonally/N adjusted/N _OOV_/N ,/, or/C 2.2/N %/N of/I those/N covered/N by/I unemployment/N insurance/N ,/, from/I _OOV_/V the/D previous/J week/N ,/, when/V the/D insured/N unemployment/N rate/V also/R was/V 2.2/J %/N ./.
_OOV_/N all/N state/N and/C federal/N benefit/N programs/N ,/, the/D number/N of/I people/N receiving/N unemployment/N benefits/N in/I the/D week/N ended/N Sept./N 30/N fell/V to/T _OOV_/V from/I _OOV_/V a/D week/N earlier/N ./.
These/N figures/N are/V n't/R seasonally/J adjusted/N ./.
A/D Labor/N Department/N spokesman/N said/V the/D unusually/N high/N number/N of/I initial/N claims/N for/I state/N unemployment/N benefits/N reflects/V the/D impact/N of/I Hurricane/N Hugo/N on/I southern/N states/N ,/, particularly/N North/N Carolina/N and/C South/N Carolina/N ./.
The/D figure/N also/R may/J reflect/N initial/N claims/N filed/N by/I striking/N _OOV_/N Corp./N workers/N who/W have/V become/J eligible/N for/I unemployment/N benefits/N ,/, the/D official/N said/V ./.
Digital/N Equipment/N Corp./N reported/V a/D 32/N %/N decline/N in/I net/J income/N on/I a/D modest/N revenue/N gain/N in/I its/P fiscal/V first/J quarter/N ,/, causing/V some/D analysts/N to/T predict/V weaker/J results/N ahead/N than/I they/P had/V expected/N ./.
Although/I the/D second-largest/N computer/N maker/N had/V prepared/J Wall/N Street/N for/I a/D poor/N quarter/N ,/, analysts/N said/V they/P were/V troubled/N by/I signs/N of/I flat/N U.S./N orders/N and/C a/D slowdown/N in/I the/D rate/N of/I gain/N in/I foreign/J orders/N ./.
The/D Maynard/N ,/, Mass./N ,/, company/N is/V in/I a/D transition/N in/I which/N it/P is/V trying/V to/T reduce/V its/P reliance/N on/I _OOV_/N machines/N and/C establish/V a/D presence/N in/I workstations/N and/C _OOV_/N ./.
Net/N for/I the/D quarter/N ended/N Sept./N 30/N fell/V to/T $/$ _OOV_/C million/C ,/, or/C $/$ _OOV_/C a/D share/N ,/, from/I $/$ _OOV_/C million/C ,/, or/C $/$ 1.71/C a/D share/N ,/, a/D year/N ago/N ./.
Revenue/N rose/N 6.4/N %/N to/T $/$ _OOV_/C billion/C from/I $/$ _OOV_/C billion/C ./.
Digital/N said/V a/D shift/N in/I its/P product/N _OOV_/N toward/N _OOV_/N products/N and/C strong/N growth/N in/I workstation/N sales/N _OOV_/N lower/N gross/N margins/N ./.
A/D spokesman/N also/R said/V margins/N for/I the/D company/N 's/P service/N business/N _OOV_/N somewhat/N because/N of/I heavy/J investments/N made/V in/I that/D sector/N ./.
The/D lack/N of/I a/D strong/J product/N at/I the/D high/J end/N of/I Digital/N 's/P line/N was/V a/D significant/J drag/N on/I sales/N ./.
Digital/N hopes/V to/T address/V that/I with/I the/D debut/N of/I its/P first/J _OOV_/N computers/N next/N Tuesday/N ./.
The/D new/J line/N is/V aimed/J directly/N at/I International/N Business/N Machines/N Corp/N ./.
``/` Until/V the/D new/J _OOV_/N products/N _OOV_/N in/I ,/, there/N wo/V n't/R be/V a/D lot/N of/I revenue/N _OOV_/N at/I the/D high/J end/N ,/, and/C that/I 's/P hurt/N us/N ,/, ''/' said/V Mark/J _OOV_/N ,/, Digital/V 's/P director/N of/I investor/N relations/N ./.
He/P said/V unfavorable/J currency/N _OOV_/N were/V also/R a/D factor/N in/I the/D quarter/N ./.
_OOV_/N shares/N rose/V $/$ 1.375/C to/T $/$ _OOV_/C apiece/N in/I consolidated/N New/N York/N Stock/N Exchange/N trading/N yesterday/N ./.
But/C analysts/N said/V that/R against/V the/D backdrop/N of/I a/D nearly/N _OOV_/N rise/N in/I the/D Dow/N Jones/N Industrial/N Average/N ,/, that/W should/V n't/R necessarily/V be/V taken/V as/I a/D sign/N of/I great/J strength/N ./.
Some/N cut/N their/N earnings/N estimates/N for/I the/D stock/N this/N year/N and/C predicted/N more/N efforts/V to/T control/V costs/J ahead/N ./.
``/` I/P think/V the/D next/J few/N quarters/N will/M be/V difficult/N ,/, ''/' said/V Steven/J _OOV_/N of/I First/N Boston/N ./.
``/` _OOV_/P will/M remain/V under/J pressure/N ,/, and/C when/V the/D new/J _OOV_/N does/N ship/N ,/, I/P 'm/V not/R sure/V it/P will/M be/V a/D big/J _OOV_/N ./.
''/' Mr./N _OOV_/N said/V he/P was/V _OOV_/J his/N estimate/N for/I _OOV_/N 's/P current/J year/N from/I $/$ 8.20/C a/D share/N to/T ``/` well/N below/I $/$ 8/C ,/, ''/' although/V he/P has/V n't/R settled/V on/I a/D final/J number/N ./.
One/N troubling/N aspect/N of/I _OOV_/N 's/P results/N ,/, analysts/N said/V ,/, was/V its/P performance/N in/I Europe/N ./.
_OOV_/N said/V its/P overseas/N business/N ,/, which/W now/V accounts/N for/I more/J than/N half/N of/I sales/N ,/, improved/N in/I the/D quarter/N ./.
It/P even/N took/V the/D unusually/N _OOV_/N step/N of/I telling/N analysts/N in/I a/D morning/N conference/N call/N that/I orders/N in/I Europe/N were/V up/R in/I ``/` double/J _OOV_/N ''/' in/I foreign-currency/N terms/N ./.
That/N gain/N probably/N _OOV_/N into/N about/I 5/N %/N to/T 7/V %/N in/I dollar/N terms/N ,/, well/N below/N recent/N quarters/N '/N gains/N of/I above/N 20/N %/N ,/, reckons/N Jay/N _OOV_/N of/I _OOV_/N _OOV_/N _OOV_/N ./.
``/` That/N was/V a/D _OOV_/N ''/' and/C a/D sign/N of/I overall/N _OOV_/N _OOV_/N in/I Europe/N ,/, Mr./N _OOV_/N said/V ./.
Marc/N _OOV_/N ,/, with/I _OOV_/N Securities/N in/I New/N York/N ,/, dropped/N his/N estimate/N of/I _OOV_/N 's/P full-year/N net/V to/T $/$ _OOV_/C a/D share/N from/I $/$ 8/C ./.
Although/N overall/N revenues/N were/V _OOV_/N ,/, Mr./N _OOV_/N said/V ,/, _OOV_/V ``/` _OOV_/J down/N its/P European/N _OOV_/N ''/' and/C had/N flat/N world-wide/N orders/N overall/N ./.
``/` The/D bottom/N line/N is/V that/I it/P 's/P more/J hand/N to/T _OOV_/V than/I it/P has/V been/V before/N ,/, ''/' he/P said/V ./.
Mr./N _OOV_/N said/V he/P believes/N that/I the/D _OOV_/N of/I _OOV_/N 's/P new/J _OOV_/N will/M ``/` _OOV_/N somewhat/V more/J _OOV_/N ''/' than/I many/N of/I his/P investment/N colleagues/N expect/N ./.
He/P said/V current/J expectations/N are/V for/I an/D _OOV_/N level/N machine/V to/T be/V shipped/N in/I December/N ,/, with/I all/N of/I the/D more/J sophisticated/N versions/N out/N by/I June/N ./.
For/N reasons/N he/P would/M n't/R elaborate/J on/N ,/, he/P said/V he/P 's/P sure/N that/I schedule/N wo/V n't/R be/V met/N ,/, meaning/N less/N profit/N impact/N from/I the/D product/N for/I _OOV_/N in/I the/D next/J few/N quarters/N ./.
John/N R./N _OOV_/N contributed/V to/T this/D article/N ./.
Colgate/N _OOV_/N Co./N reported/V third-quarter/J net/N income/N rose/N 27/N %/N ,/, _OOV_/N by/I strong/J sales/N in/I its/P Latin/N American/N business/N and/C surprisingly/N healthy/N profits/N from/I U.S./N operations/N ./.
Colgate/N said/V net/J income/N for/I the/D quarter/N rose/V to/T $/$ _OOV_/C million/C ,/, or/C $/$ _OOV_/C a/D share/N ,/, on/I sales/N that/I increased/N 6/N %/N to/T $/$ 1.3/C billion/C ./.
In/I the/D year-earlier/J period/N ,/, Colgate/N posted/N net/N income/N of/I $/$ _OOV_/C million/C ,/, or/C 88/N cents/V a/D share/N ./.
Last/N year/N 's/P results/N included/N earnings/N from/I discontinued/N operations/N of/I $/$ 13.1/C million/C ,/, or/C 19/N cents/V a/D share/N ./.
_OOV_/N Mark/N ,/, chairman/N and/C chief/N executive/N officer/N of/I Colgate/N ,/, said/V earnings/N growth/N was/V fueled/N by/I strong/J sales/N in/I Latin/N America/N ,/, the/D Far/N East/N and/C Europe/N ./.
Results/N were/V also/R _OOV_/V by/I ``/` a/D very/J _OOV_/N increase/N in/I operating/N profit/N at/I Colgate/N 's/P U.S./N business/N ,/, ''/' he/P said/V ./.
Operating/N profit/N at/I Colgate/N 's/P U.S./N household/N products/N and/C personal/N care/N businesses/N ,/, which/W include/V such/J well-known/N brands/N as/I Colgate/N toothpaste/N and/C _OOV_/N _OOV_/N _OOV_/N ,/, jumped/V more/J than/N 40/N %/N ,/, the/D company/N said/V ./.
Mr./N Mark/N attributed/V the/D improvement/N to/T cost/V savings/J achieved/N by/I consolidating/N manufacturing/N operations/N ,/, _OOV_/N together/N two/N sales/N organizations/N and/C more/J carefully/N focusing/V the/D company/N 's/P promotional/N activities/N ./.
``/` We/J 've/N done/V a/D lot/N to/T improve/V -LRB-/J U.S/N ./. -RRB-/J results/N and/C a/D lot/N more/N will/M be/V done/N ,/, ''/' Mr./N Mark/N said/V ./.
``/` _OOV_/J profitability/N of/I U.S./N operations/N is/V an/D extremely/N high/N priority/N in/I the/D company/N ./. ''/'
Colgate/N 's/P results/N were/V at/I the/D high/J end/N of/I the/D range/N of/I analysts/N '/N forecasts/N ./.
The/D _OOV_/N of/I the/D improvement/N in/I the/D U.S./N business/N caught/V some/D analysts/N by/I surprise/N ./.
The/D company/N 's/P domestic/J business/N ,/, especially/V its/P household/N products/N division/N ,/, has/V performed/J poorly/N for/I years/N ./.
Analysts/N say/V the/D earnings/N improvement/N came/N from/I cutting/N costs/N rather/N than/I increasing/N sales/N ./.
For/I the/D nine/N months/N ,/, net/J increased/N 14/N %/N to/T $/$ _OOV_/C million/C ,/, or/C $/$ _OOV_/C a/D share/N ./.
Sales/N rose/V 7/J %/N to/T $/$ 3.8/C billion/C ./.
The/D company/N earned/V $/$ _OOV_/C million/C ,/, or/C $/$ 2.79/C a/D share/N ,/, in/I the/D year-earlier/J period/N ./.
Colgate/N 's/P 1988/V net/J income/N included/V $/$ _OOV_/C million/C ,/, or/C 59/N cents/V a/D share/N ,/, from/I discontinued/N operations/N ./.
Colgate/N sold/V its/P hospital/N supply/N and/C home/N health/N care/N business/N last/N year/N ./.
Separately/N ,/, Colgate/N Wednesday/N _OOV_/V an/D agreement/N with/I _OOV_/N Corp./N ,/, a/D tiny/N _OOV_/N products/N and/C pharmaceutical/N concern/N based/N in/I _OOV_/N ,/, Mass./N ,/, to/T market/V in/I the/D U.S./N four/N of/I _OOV_/N 's/P _OOV_/N _OOV_/N products/N ./.
The/D products/N --/: _OOV_/$ and/C _OOV_/N materials/N used/N by/I _OOV_/N --/: all/J contain/N _OOV_/N that/W is/V released/J over/N time/N ./.
The/D move/N is/V part/N of/I a/D drive/N to/T increase/V Colgate/V 's/P business/N with/I _OOV_/N ,/, a/D company/N spokeswoman/N said/V ./.
Terms/N of/I the/D agreement/N were/V n't/R given/V ./.
_OOV_/N Limited/N _OOV_/N said/V it/P completed/V the/D sale/N of/I its/P _OOV_/N restaurant/N franchise/N system/V to/T a/D subsidiary/N of/I _OOV_/N Co./N for/I $/$ 71/C million/C in/I cash/N ./.
_OOV_/N ,/, which/W is/V nearly/J _OOV_/N by/I Sam/N and/C Charles/N _OOV_/N of/I Dallas/N ,/, said/V it/P will/M distribute/V proceeds/N from/I the/D sale/N to/T unit/V holders/N as/I a/D _OOV_/N dividend/N as/I soon/N as/I possible/N ./.
The/D _OOV_/N franchise/N system/N ,/, which/W _OOV_/V about/I $/$ 600/C million/C in/I sales/N annually/N ,/, represented/N substantially/N all/N of/I the/D partnership/N 's/P assets/N ./.
The/D sale/N of/I the/D system/N has/V been/V challenged/N in/I a/D class-action/N suit/N on/I behalf/N of/I unit/N holders/N filed/V last/J week/N in/I a/D Delaware/N court/N ,/, _OOV_/N said/V ./.
The/D company/N said/V it/P believes/V the/D suit/N is/V without/J merit/N ./.
American/N Telephone/N &/N Telegraph/N Co./N unveiled/V a/D sweetened/N pension/N and/C _OOV_/N program/N for/I management/N that/I it/P hopes/N will/M enable/V it/P to/T save/V $/$ _OOV_/C million/C in/I the/D next/J year/N ./.
AT&T/N also/R said/V net/J income/N rose/N 19/N %/N in/I the/D third/J quarter/N ./.
AT&T/N said/V its/P amended/N pension/N program/N will/M nearly/V double/V to/T _OOV_/V the/D number/N of/I managers/N eligible/V to/T retire/V with/I immediate/N pension/N payments/N ./.
AT&T/N said/V that/I based/N on/I studies/N of/I other/J companies/N that/W have/V offered/J retirement/N plans/N ,/, it/P expects/N about/I one-third/N of/I its/P eligible/N managers/V to/T retire/V under/I the/D new/J program/N ./.
AT&T/N said/V third-quarter/J net/N income/N grew/N ,/, despite/N stiff/N competition/N in/I all/N of/I the/D company/N 's/P markets/N ./.
Net/N income/N rose/V to/T $/$ _OOV_/C million/C ,/, or/C 65/N cents/V a/D share/N ,/, from/I the/D year-earlier/N $/$ _OOV_/C million/C or/C 55/N cents/V a/D share/N ./.
Revenue/N edged/N up/V to/T $/$ 8.9/C billion/C from/I $/$ _OOV_/C billion/C ./.
The/D latest/J period/N 's/P net/N was/V reduced/R $/$ 102/C million/C ,/, or/C nine/N cents/V a/D share/N ,/, for/I a/D change/N in/I depreciation/N method/N and/C _OOV_/N changes/N in/I estimates/N of/I _OOV_/N lives/N and/C net/N _OOV_/N for/I certain/J telecommunications/N equipment/N ./.
The/D results/N roughly/N matched/N estimates/N of/I securities/N analysts/N ,/, who/W were/V encouraged/N by/I AT&T/N increasing/N its/P operating/N margin/V to/T 13/V %/N from/I 11/N %/N a/D year/N ago/N ,/, because/N of/I continued/N _OOV_/N efforts/N ./.
Sales/N of/I long-distance/N services/N ,/, an/D extremely/N competitive/N market/N ,/, rose/V 6.4/J %/N ./.
But/C the/D growth/N was/V partly/J offset/N by/I lower/J equipment/N sales/N and/C _OOV_/N and/C price/N cuts/N on/I some/D products/N ./.
Under/I the/D amended/N pension/N program/N ,/, AT&T/N managers/N who/W have/V at/I least/J five/N years/N of/I service/N will/M have/V five/J years/N added/V to/T their/V age/N and/C _OOV_/N of/I service/N for/I pension/N purposes/N ./.
Managers/N who/N retire/N Dec./N 30/N will/M have/V an/D additional/J 15/N %/N added/V to/T their/V monthly/J pension/N for/I as/J long/N as/I five/N years/N or/C age/N 65/N ,/, _OOV_/N comes/N earlier/N ./.
An/N AT&T/N spokeswoman/N said/V the/D company/N would/N likely/N replace/N about/I one-third/N of/I its/P managers/N who/W choose/V to/T retire/V with/I new/J employees/N ./.
Analysts/N _OOV_/V the/D sweetened/N pension/N package/N ,/, which/W they/P said/V had/V been/V the/D subject/N of/I rumors/N for/I several/J months/N ./.
``/` This/J tells/N you/N AT&T/N is/V serious/V about/R continuing/V to/T manage/V their/P cost/N structure/N and/C is/V committed/V to/T _OOV_/V earnings/N growth/N ,/, ''/' said/V Jack/J _OOV_/N ,/, an/D analyst/N with/I PaineWebber/N Inc/N ./.
But/C other/J analysts/N expressed/N _OOV_/N that/I the/D _OOV_/N move/N wo/V n't/R result/V in/I even/J greater/N earnings/N growth/N ./.
``/` This/N is/V a/D good/J move/N ,/, but/C it/P only/J gets/N you/V to/T where/V people/N 's/P expectations/N already/N are/V ,/, ''/' in/I terms/N of/I earnings/N growth/N ,/, said/V Joel/J D./N _OOV_/N ,/, an/D analyst/N with/I Donaldson/N ,/, Lufkin/N &/N Jenrette/N ./.
Mr./N _OOV_/N said/V he/P had/V hoped/N that/I a/D cost/N savings/N of/I $/$ _OOV_/C million/C would/N result/N in/I even/J greater/N growth/N than/I the/D 20/J %/N annual/N earnings/N increase/N AT&T/N has/V told/J analysts/N it/P expects/N in/I the/D future/N ./.
AT&T/N said/V the/D special/J retirement/N option/N will/M increase/V fourth-quarter/J expenses/N ./.
But/C the/D company/N said/V the/D amount/N ca/V n't/R be/V determined/J until/N it/P knows/N how/V many/J managers/N opt/V to/T retire/V ./.
AT&T/N said/V the/D expense/N increase/N will/M be/V largely/J offset/N by/I a/D gain/N from/I its/P previously/N announced/N plan/V to/T _OOV_/V its/P holdings/N in/I Ing/N ./. C./J Olivetti/N &/N Co./N for/I shares/N in/I Cie/N ./. _OOV_/J _OOV_/N ,/, an/D Italian/N holding/N company/N ./.
For/I the/D nine/N months/N ,/, AT&T/N said/V net/J income/N was/V $/$ _OOV_/C billion/C ,/, or/C $/$ 1.85/C a/D share/N ,/, up/R 19/J %/N from/I $/$ _OOV_/C billion/C ,/, or/C $/$ 1.56/C a/D share/N ./.
Revenue/N gained/N 3.1/N %/N to/T $/$ _OOV_/C billion/C from/I $/$ 26/C billion/C ./.
In/I composite/J trading/N yesterday/N on/I the/D New/N York/N Stock/N Exchange/N ,/, AT&T/N shares/N closed/V at/I $/$ _OOV_/C ,/, up/R 87.5/J cents/N ./.
When/N it/P comes/V to/T buying/V and/C selling/N shares/N ,/, _OOV_/N Capital/N Management/N Inc./N takes/V a/D back/N _OOV_/V to/T no/V one/N ./.
Every/N dollar/N 's/P worth/N of/I stock/N in/I the/D Los/N Angeles/N money/N manager/N 's/P portfolio/N is/V traded/J seven/N or/C eight/N times/V a/D year/N ,/, the/D firm/N estimates/N ./.
That/N makes/V it/P the/D most/J active/N trader/N among/N all/V the/D nation/N 's/P investment/N advisers/N ,/, according/V to/T Securities/V and/C Exchange/N Commission/N _OOV_/N ./.
But/N wait/V a/D second/N ./.
_OOV_/N Capital/N is/V an/D index/N fund/N --/: the/D type/N of/I _OOV_/N long-term/N investor/N whose/N goal/N is/V to/T be/V nothing/R more/J than/N average/N ./.
_OOV_/N Capital/N 's/P _OOV_/N trading/N reflects/V the/D changes/N sweeping/N through/I the/D previously/N _OOV_/N world/N of/I _OOV_/N ./.
_OOV_/N for/I the/D most/J part/N has/V involved/J simply/N buying/N and/C then/N holding/N stocks/N in/I the/D correct/N _OOV_/V to/T mirror/V a/D stock/N market/N _OOV_/N ,/, such/N as/I Standard/N &/N Poor/N 's/P 500-stock/N index/N ,/, and/C match/N its/P performance/N ./.
_OOV_/N investors/N have/V poured/I $/$ 210/C billion/C into/N stock/N and/C bond/N _OOV_/N as/I a/D cheap/N and/C easy/N form/N of/I investment/N management/N that/I _OOV_/N to/T post/V average/J market/N returns/N ./.
These/D big/J investors/N have/V _OOV_/V to/T _OOV_/V because/I relatively/N few/V ``/` active/J ''/N stock/N _OOV_/N have/V been/V able/V to/T consistently/V match/V the/D returns/N of/I the/D S&P/N 500/N or/C other/J _OOV_/N ,/, much/J less/N beat/N it/P ./.
And/I the/D fees/N investors/N pay/N for/I _OOV_/N run/V a/D few/J pennies/N for/I each/D $/$ 100/C of/I assets/N --/: a/D fraction/N of/I the/D cost/N of/I active/N managers/N ./.
That/N 's/P because/J computers/N do/V most/R of/I the/D work/N ,/, and/C low/N trading/N activity/N keeps/V a/D _OOV_/N on/I commission/N costs/N ./.
But/C today/N ,/, _OOV_/N is/V moving/N from/I a/D passive/N investment/N strategy/V to/T an/D increasingly/N active/N one/N ./.
Because/N _OOV_/N managers/N are/V no/J longer/N satisfied/N with/I merely/N being/N average/N ,/, they/P have/V developed/V ``/` enhanced/J ''/N _OOV_/N strategies/N that/W are/V intended/V to/T _OOV_/V the/D market/N as/I much/N as/I three/J percentage/N points/N ./.
``/` _OOV_/N has/V been/V the/D most/J single/N successful/N investment/N concept/N in/I the/D last/J decade/N ,/, but/C the/D index/N money/N has/V been/V just/J sort/N of/I _OOV_/N there/N ,/, ''/' says/V _OOV_/J M./N _OOV_/N ,/, president/N of/I _OOV_/N _OOV_/N Investors/N Inc./N ,/, an/D _OOV_/N based/N in/I _OOV_/N ,/, _OOV_/N ./.
``/` Now/V the/D interest/N is/V in/I what/N else/N can/N I/P do/V with/I that/D money/N ./. ''/'
Among/I the/D _OOV_/N _OOV_/N strategies/N :/N _OOV_/N portfolios/N can/N be/V built/J around/N thousands/N of/I stocks/N ,/, or/C just/V a/D few/J dozen/N ,/, rather/N than/I being/N restricted/V to/T the/D S&P/N 500/N companies/N ./.
They/N can/N ignore/V the/D S&P/N 500/N stocks/N altogether/N and/C focus/N on/I particular/N types/N of/I stocks/N ,/, such/N as/I smaller/J companies/N ,/, those/N paying/N high/N dividends/N or/C companies/N in/I a/D particular/J industry/N ,/, state/N or/C country/N ./.
With/N today/N 's/P _OOV_/N program/N trading/N _OOV_/N ,/, index/N funds/N can/N trade/N back/N and/C forth/N between/N stock-index/N futures/N and/C the/D actual/J stocks/N making/N up/N _OOV_/N such/N as/I the/D S&P/N 500/N ./.
Futures/N and/C options/N also/R make/V it/P possible/V to/T build/V ``/` synthetic/J ''/N index/N funds/N that/W do/V n't/R actually/V own/V a/D single/J share/N of/I stock/N ,/, but/C can/N produce/N returns/N that/I match/N or/N exceed/V the/D broad/J stock/N market/N ./.
One/N reason/N for/I these/N _OOV_/N is/V that/I _OOV_/N 's/P rapid/N growth/N is/V slowing/N ,/, particularly/N for/I those/D ``/` plain/J vanilla/N ''/N funds/N that/W mirror/V the/D 500/N ./.
``/` There/N is/V n't/R a/D _OOV_/N -LCB-/N of/I big/J investors/N -RCB-/N out/N there/N still/N waiting/V to/T get/V into/J _OOV_/N ,/, ''/' says/V P./J James/N _OOV_/N ,/, vice/N president/N of/I _OOV_/N Investment/N Management/N Co./N ,/, Chicago/N ,/, which/W offers/V both/J _OOV_/N and/C active/N management/N services/N ./.
After/N _OOV_/N in/I size/N in/I the/D past/J five/N years/N ,/, index/N funds/N now/N hold/N about/I 20/N %/N of/I the/D stock/N owned/N by/I pension/N funds/N ./.
A/D further/J problem/N is/V _OOV_/J profits/N ./.
_OOV_/N funds/N have/V become/J so/N _OOV_/N that/I fees/N they/P can/J charge/N have/V plunged/V to/T almost/V nothing/N ,/, and/C in/I some/D cases/N are/V just/J that/N ./.
To/N land/N customers/N for/I their/P _OOV_/N stock/N _OOV_/N business/N ,/, big/J banks/N sometimes/N will/M throw/V in/I basic/N _OOV_/N services/N for/I free/N ./.
``/` It/N 's/P like/N getting/V a/D free/J _OOV_/N when/N you/N open/V an/D account/N ,/, ''/' says/V _OOV_/J _OOV_/N 's/P Mr./N _OOV_/N ./.
As/I a/D result/N ,/, _OOV_/N have/V been/V looking/V for/I ways/N to/T give/V investors/N something/N more/N than/I the/D average/N for/I their/P money/N ./.
And/N many/N have/V been/V successful/N ,/, as/I in/I the/D case/N of/I the/D index/N fund/N operated/N by/I _OOV_/N _OOV_/N Capital/N ./.
_OOV_/N Capital/N has/V used/J enhanced/N _OOV_/N _OOV_/V to/T beat/V the/D S&P/N 500/N 's/P returns/N by/I 2.5/N to/T 3/V percentage/J points/N over/I the/D past/J four/N years/N ,/, with/I the/D same/J risk/N level/N as/I holding/V the/D S&P/N 500/N stocks/N ,/, according/V to/T James/V _OOV_/N ,/, the/D firm/N 's/P president/N ./.
_OOV_/N vary/N for/I _OOV_/N Capital/N ,/, which/W has/V $/$ 300/C million/C under/N management/N ./.
The/D firm/N sometimes/N buys/N S&P/N 500/N futures/N when/N they/P are/V selling/N at/I a/D discount/N to/T the/D actual/J stocks/N ,/, and/C will/N switch/N back/N and/C forth/N between/N stocks/N and/C stock-index/N futures/V to/T take/V _OOV_/N of/I any/J _OOV_/N price/N _OOV_/N ./.
Mr./N _OOV_/V also/R goes/J through/N periods/N when/N he/P buys/N stocks/N in/I conjunction/N with/I options/N to/T boost/V returns/N and/C protect/N against/N declines/N ./.
And/N in/I some/D months/N ,/, he/P buys/N stock-index/N futures/N and/C not/N stocks/N at/I all/N ./.
``/` By/J their/N nature/N ,/, our/N trades/N are/V very/J short-term/N and/C are/V going/V to/T create/V high/J turnover/N ,/, ''/' Mr./N _OOV_/N adds/N ./.
``/` The/D more/J turnover/N ,/, the/D better/N for/I our/N clients/N ./. ''/'
Big/N _OOV_/N Bankers/N Trust/N Co./N also/N uses/N futures/N in/I a/D strategy/N that/I on/I average/N has/V added/J one/N percentage/N point/V to/T its/P enhanced/N fund/N 's/P returns/N ./.
J./N Thomas/N _OOV_/N ,/, president/N of/I _OOV_/N Advanced/N Investment/N Management/N Inc./N ,/, agrees/V it/P 's/V a/D good/J idea/N to/T jump/V between/I the/D S&P/N 500/N stocks/N and/C futures/N ./.
``/` You/J 're/N buying/V the/D S&P/N ,/, and/C you/N always/N want/V to/T hold/V the/D _OOV_/N form/N of/I it/P ,/, ''/' he/P says/V ./.
But/C some/N _OOV_/N make/N little/N or/C no/N use/N of/I futures/N ,/, saying/N that/I these/N instruments/N present/N added/N risks/N for/I investors/N ./.
``/` If/I the/D futures/N markets/N have/V a/D problem/N ,/, then/N those/N products/N could/N have/V a/D problem/N ,/, ''/' says/V John/J _OOV_/N ,/, managing/N director/N of/I Prudential/N Insurance/N Co./N of/I America/N 's/P Investment/N Index/N Technologies/N Inc./N unit/N ./.
Prudential/N currently/N is/V seeking/R approval/V to/T offer/V a/D new/J fund/N offering/V a/D return/N equal/V to/T the/D S&P/N 500/N index/N plus/N of/I a/D percentage/N point/N ./.
An/N added/N _OOV_/N is/V that/I the/D _OOV_/N improved/N return/N would/M be/V guaranteed/N by/I Prudential/N ./.
There/N are/V many/J other/J strategies/N to/T bolster/V the/D returns/N of/I index/N funds/N ./.
They/N include/N :/.
_OOV_/N _OOV_/N FUNDS/N :/N These/N guarantee/N protection/N against/N stock/N market/N declines/N while/N still/N passing/N along/N most/N gains/N ./.
Here/I a/D fund/N may/N promise/V to/T pay/V back/N ,/, say/N ,/, $/$ 95/C of/I every/D $/$ 100/C invested/N for/I a/D year/N ,/, even/N if/I the/D market/N goes/N much/N lower/N ./.
The/D fund/N could/N invest/I $/$ 87/C for/I one/C year/N in/I Treasury/N bills/N yielding/N 8/N %/N to/T return/V the/D guaranteed/N $/$ 95/C ./.
That/N leaves/V $/$ 13/C ,/, which/W could/M be/V used/V to/T buy/V S&P/J 500/N options/N that/I will/J nearly/N match/N any/N gain/N in/I the/D S&P/N index/N ./.
_OOV_/N _OOV_/N FUNDS/N :/N _OOV_/V a/D big/J investor/N is/V interested/N in/I growth/N stocks/N ./.
Instead/N of/I hiring/N one/N of/I the/D many/J active/N managers/N specializing/N in/I growth/N stocks/N ,/, _OOV_/N can/N design/V a/D portfolio/N around/V the/D same/J stocks/N ;/V the/D portfolio/N will/M be/V _OOV_/N by/I computer/N ,/, reducing/N both/N fees/N and/C ,/, in/I theory/N ,/, risk/N -LRB-/N because/N of/I the/D large/J number/N of/I stocks/N -RRB-/N ./.
``/` We/P see/V a/D lot/N of/I interest/N in/I those/N kind/N of/I things/N ,/, ''/' says/V Frank/J _OOV_/N ,/, a/D vice/N president/N of/I Bankers/N Trust/N ./.
``/` People/J comfortable/N with/I the/D passive/N approach/N are/V using/J them/N for/I other/J strategies/N ./. ''/'
_OOV_/N FUNDS/N :/N This/N is/V an/D index/N fund/N with/I a/D _OOV_/N ./.
Instead/N of/I _OOV_/V the/D S&P/N 500/N or/C some/D other/J index/N exactly/N ,/, some/D stocks/N are/V _OOV_/N or/C _OOV_/N in/I the/D portfolio/N ./.
One/N simple/N approach/N is/V to/T _OOV_/V S&P/J 500/N companies/N considered/N bankruptcy/N candidates/N ;/V this/D can/J avoid/N weak/N _OOV_/N ,/, but/V also/R can/J hurt/N when/V a/D company/N like/N Chrysler/N Corp./N _OOV_/N ./.
Another/N approach/N :/N An/N investor/N with/I $/$ 100/C million/C might/N use/V $/$ 75/C million/C to/T buy/V the/D S&P/N 500/N index/N and/C spend/V the/D other/J $/$ 25/C million/C on/I a/D favorite/N group/N of/I stocks/N ./.
_OOV_/N FUNDS/N :/N _OOV_/N can/N be/V _OOV_/V to/T serve/V social/J goals/N ,/, such/V as/R eliminating/V the/D stocks/N of/I companies/N doing/N business/N in/I South/N Africa/N ./.
Other/N funds/N have/V been/V designed/V to/T concentrate/V on/I stocks/N in/I a/D _OOV_/N area/N in/I order/N to/T encourage/V local/J investment/N ./.
Pennsylvania/N State/N Employees/N Retirement/N System/N ,/, for/I example/N ,/, has/V about/I $/$ 130/C million/C invested/N in/I a/D fund/N of/I _OOV_/N companies/N that/W are/V either/J Pennsylvania-based/N or/N have/V 25/J %/N of/I their/P work/N forces/N in/I the/D state/N ./.
Short/N interest/N on/I the/D New/N York/N Stock/N Exchange/N declined/N for/I the/D second/J consecutive/N month/N ,/, this/D time/N 4.2/N %/N ,/, while/I the/D American/N Stock/N Exchange/N reported/V its/P third/J consecutive/N record/N month/N of/I short/N interest/N ./.
The/D Big/N Board/N reported/V that/I short/N interest/N dropped/V to/T _OOV_/V shares/N as/I of/I Oct./N 13/N from/I _OOV_/N shares/N in/I mid-September/N ./.
_OOV_/N short/N interest/N climbed/N 3/N %/N to/T _OOV_/V shares/N from/I _OOV_/N shares/N ./.
For/I the/D year-earlier/J month/N ,/, the/D Big/N Board/N reported/N _OOV_/N shares/N ,/, indicating/V a/D 13.5/N %/N _OOV_/N rise/N ,/, while/I the/D _OOV_/N reported/N _OOV_/N shares/N ,/, a/D 48/N %/N _OOV_/N ./.
_OOV_/N short/N interest/N has/V been/V _OOV_/J upward/N since/N _OOV_/N ,/, with/I increases/N in/I each/N month/N since/N then/N except/N at/I _OOV_/N ./.
Traders/N who/N sell/N short/N borrow/N stock/N and/C sell/N it/P ,/, _OOV_/N that/I the/D stock/N 's/P price/N will/M decline/V and/C that/I they/P can/M buy/V the/D shares/N back/N later/N at/I a/D lower/J price/N for/I return/N to/T the/D lender/N ./.
Short/N interest/N is/V the/D number/N of/I shares/N that/W have/V n't/R yet/V been/V purchased/N for/I return/N to/T lenders/V ./.
Although/I a/D substantial/N short/N position/N reflects/N heavy/N speculation/N that/I a/D stock/N 's/P price/N will/N decline/N ,/, some/D investors/N consider/V an/D increase/N in/I short/N interest/N bullish/N because/I the/D borrowed/N shares/N eventually/N must/N be/V bought/J back/N ./.
_OOV_/N in/I short/N interest/N of/I certain/J stocks/N also/N may/N be/V caused/J partly/N by/I _OOV_/N ./.
The/D figures/N occasionally/N include/N _OOV_/N transactions/N in/I restricted/N stock/N ./.
The/D level/N of/I negative/N sentiment/N measured/N by/I the/D Big/N Board/N short/N interest/N ratio/N slipped/V to/T _OOV_/V from/I last/J month/N 's/P _OOV_/N ./.
The/D ratio/N is/V the/D number/N of/I trading/N days/N ,/, at/I the/D exchange/N 's/P average/N trading/N volume/N ,/, that/W would/M be/V required/V to/T convert/V the/D total/J short/N interest/N position/N ./.
Some/N analysts/N suggest/N ,/, however/N ,/, that/I the/D ratio/N has/V weakened/N in/I value/N as/I an/D _OOV_/N because/N options/N and/C other/J products/N can/N be/V used/V to/T _OOV_/V short/J positions/N ./.
_OOV_/N Corp./N led/V the/D Big/N Board/N list/N of/I largest/J short/N volumes/N with/I _OOV_/N shares/N ./.
_OOV_/N has/V proposed/V to/T acquire/V _OOV_/J Corp./N ,/, consisting/N of/I the/D auto/N parts/N division/N and/C some/N debt/N of/I _OOV_/N Corp./N ,/, for/I $/$ _OOV_/C million/C of/I cash/N and/C securities/N ./.
Chemical/N Waste/N Management/N posted/V the/D biggest/J increase/N in/I short/N volume/N on/I the/D New/N York/N exchange/N ,/, up/R _OOV_/J shares/N to/T _OOV_/V ./.
Bristol-Myers/N Squibb/N Co./N ,/, the/D entity/N formed/N from/I the/D recent/J acquisition/N of/I Squibb/N Corp./N by/I Bristol-Myers/N Co./N ,/, _OOV_/V the/D largest/J volume/N decline/N ,/, _OOV_/N shares/N ,/, to/T _OOV_/V ./.
Short/N interest/N in/I International/N Business/N Machines/N Corp./N plunged/V to/T _OOV_/V shares/N from/I _OOV_/N shares/V a/D month/N earlier/N ./.
Also/N closely/N watched/N is/V Exxon/J Corp./N ,/, where/N short/N interest/N slid/V to/T _OOV_/V shares/N from/I _OOV_/N ./.
On/I a/D percentage/N basis/N ,/, Germany/N Fund/N Inc./N led/V the/D gainers/N ,/, _OOV_/V to/T _OOV_/V shares/N from/I three/J shares/N ./.
_OOV_/N _OOV_/N Ltd./N led/V the/D percentage/N _OOV_/N ,/, dropping/V to/T 59/V shares/N from/I _OOV_/N ./.
The/D _OOV_/N short/N interest/N volume/N leader/N again/N was/V Texas/J Air/N Corp./N ,/, rising/V to/T _OOV_/V shares/N from/I _OOV_/N ./.
_OOV_/N _OOV_/N Co./N posted/V the/D largest/J volume/N increase/N ,/, _OOV_/N shares/N ,/, to/T _OOV_/V ./.
The/D company/N is/V under/I an/D investigation/N concerning/N procedures/V to/T gain/V Food/N and/C Drug/N Administration/N approval/N of/I _OOV_/N drugs/N ./.
_OOV_/N has/V denied/J any/N _OOV_/N ./.
The/D largest/J volume/N drop/N --/: down/J _OOV_/N shares/N to/T _OOV_/V --/J came/N in/I shares/N represented/N by/I _OOV_/N Industries/N PLC/N 's/P American/N depositary/N receipts/N ./.
The/D company/N is/V facing/V a/D takeover/N proposal/N from/I the/D financier/N Sir/N James/N _OOV_/N ./.
First/N _OOV_/N Fund/N led/V the/D percentage/N increases/N ,/, rising/V to/T _OOV_/V shares/N from/I _OOV_/N ./.
Nelson/N Holdings/N International/N Ltd./N dropped/V the/D most/N on/I a/D percentage/N basis/N ,/, to/T 1,000/V shares/N from/I _OOV_/N ./.
The/D _OOV_/N tables/N show/V the/D Big/N Board/N and/C _OOV_/N issues/N in/I which/W a/D short/J interest/N position/N of/I at/I least/J 100,000/N shares/N _OOV_/N as/I of/I mid-October/N or/C in/I which/J there/N was/V a/D short/J position/N change/N of/I at/I least/J 50,000/N shares/N since/N mid-September/N ./.
Your/N Oct./N 12/N editorial/N ``/` _OOV_/N ,/, _OOV_/N _OOV_/N ?/N ''/N _OOV_/N states/N that/I I/P was/V critical/N of/I the/D Bush/N administration/N 's/P failure/V to/T have/V any/J plan/N in/I place/N to/T respond/V in/I a/D _OOV_/N fashion/V to/T the/D opportunities/N to/T oust/V Manuel/J Noriega/N presented/N by/I the/D attempted/N military/N coup/N on/I Oct./N 3/N ./.
You/N are/V absolutely/J wrong/N ,/, however/N ,/, in/I _OOV_/N that/I this/D position/N is/V some/D kind/N of/I ``/` _OOV_/N ,/, ''/' something/J newly/N arrived/N at/I as/I a/D result/N of/I reading/V the/D opinion/N polls/N ./.
My/N position/N is/V one/J founded/N on/I both/V the/D facts/N and/C the/D law/N ./.
Although/N you/N may/N have/V forgotten/N ,/, public/N opinion/N about/I Gen./N Noriega/N is/V where/V it/P is/V in/I large/J measure/N because/N of/I my/N investigation/N of/I his/P years/N of/I involvement/N in/I _OOV_/N _OOV_/N -LRB-/N and/C simultaneous/N work/N as/I a/D U.S./N _OOV_/N -RRB-/N ./.
The/D public/J made/N up/I its/P mind/N about/I Gen./N Noriega/N largely/N as/I a/D result/N of/I the/D hearings/N I/N chaired/N in/I the/D _OOV_/N on/I _OOV_/N and/C _OOV_/N of/I the/D Foreign/N _OOV_/N Committee/N on/I Feb./N 8/N ,/, 9/N ,/, 10/C and/C 11/N ,/, 1988/N ,/, and/C again/N on/I April/N 4/N ,/, 1988/N ./.
It/P was/V during/J those/N hearings/N that/I the/D nation/N first/N learned/V the/D _OOV_/N and/C _OOV_/N of/I Gen./N Noriega/N 's/P _OOV_/N ,/, and/C of/I his/P _OOV_/N relationships/N with/I a/D variety/N of/I U.S./N government/N agencies/N ./.
Those/N hearings/V also/R _OOV_/J how/N Gen./N Noriega/N was/V able/V to/T use/V his/P relationships/N with/I these/N agencies/V to/T delay/V U.S./N action/N against/N him/N ,/, and/C to/T exploit/V the/D administration/N 's/P _OOV_/N with/I _OOV_/V the/D _OOV_/N to/T protect/V his/P own/J _OOV_/N ./.
As/N former/N _OOV_/V to/T Costa/V _OOV_/J Francis/N J./N _OOV_/N testified/N before/I the/D _OOV_/N ,/, the/D Reagan/N administration/N knew/N that/I Gen./N Noriega/N was/V involved/V with/I _OOV_/N ,/, but/C made/V a/D decision/N in/I the/D summer/N of/I 1986/N ``/` to/T put/V Gen./J Noriega/N on/I the/D shelf/N until/N _OOV_/N was/V settled/N ./. ''/'
As/I the/D report/N issued/N by/I the/D _OOV_/N concluded/N ,/, ``/` Our/J government/N did/N nothing/N regarding/N Gen./N Noriega/N 's/P drug/N business/N and/C substantial/N criminal/N involvement/N because/I the/D first/J priority/N was/V the/D _OOV_/N war/N ./.
This/N decision/N resulted/N in/I at/I least/J some/N drugs/N entering/V the/D United/N States/N as/I a/D hidden/N cost/N of/I the/D war/N ./. ''/'
Unfortunately/N ,/, this/D problem/N continued/N even/N after/N Gen./N Noriega/N 's/P indictment/N ./.
_OOV_/N 1988/N and/C this/N year/N ,/, I/C and/C others/N in/I Congress/N have/V _OOV_/V the/D U.S./N to/T develop/V a/D plan/N for/I pushing/N this/V ``/` _OOV_/J ''/N out/N of/I Panama/N ./.
_OOV_/N ,/, two/C _OOV_/N in/I a/D row/N have/V been/V unwilling/N and/C unable/N to/T develop/V any/J plan/N ,/, military/N or/C economic/N ,/, for/I supporting/V the/D Panamanian/N people/N in/I their/P attempts/V to/T restore/V democracy/N ./.
Sen./N John/N _OOV_/N -LRB-/N D./N ,/, _OOV_/N ./. -RRB-/-
For/N _OOV_/N ,/, these/N are/V tricky/N ,/, often/N _OOV_/N ,/, times/N ./.
After/N years/N of/I hesitation/N ,/, economic/N and/C political/N reform/N was/V embraced/N at/I the/D end/N of/I 1986/N ,/, but/C _OOV_/N _OOV_/N have/V yet/V to/T be/V _OOV_/J into/N much/N action/N ./.
Vietnam/N is/V finding/N that/W turning/V a/D stagnant/N _OOV_/N order/N into/I a/D dynamic/N free/N market/N does/V n't/R come/J easy/N ./.
Here/N is/V how/J three/N _OOV_/N are/V _OOV_/N with/I change/N :/.
The/D Tire/N King/.
_OOV_/N Van/N _OOV_/N is/V living/J proof/N that/I old/J ways/N die/N hard/N ./.
Mr./N _OOV_/N used/V to/T be/V an/D _OOV_/N in/I _OOV_/N :/V a/D private/J entrepreneur/N ./.
His/N business/N success/N made/N him/V an/D official/N target/N in/I _OOV_/N days/N ./.
Mr./N _OOV_/N ,/, now/N 64/N years/N old/N ,/, _OOV_/V a/D fountain/N _OOV_/N he/N and/C his/N family/N produced/N from/I plastic/N waste/N ./.
Later/N ,/, he/P marketed/N _OOV_/N ./.
Both/N products/N were/V _OOV_/J popular/N ./.
For/N his/N troubles/N ,/, Mr./N _OOV_/N was/V _OOV_/J three/N times/N between/N _OOV_/N and/C 1974/N ./.
Though/N his/N operation/N was/V registered/N and/C used/N only/N scrap/N ,/, he/P was/V accused/N of/I conducting/N illegal/N business/N and/C _OOV_/N illegal/N materials/N ./.
Once/N he/P was/V held/N for/I three/J months/N without/N being/N charged/N ./.
Things/N were/V supposed/V to/T change/V when/J Vietnam/N 's/P economic/J reforms/N _OOV_/N pace/N ,/, and/C for/I _OOV_/N they/P did/N ./.
After/N years/N of/I _OOV_/N ,/, Mr./N _OOV_/N produced/V a/D heavy-duty/N _OOV_/N tire/N that/I _OOV_/N its/P _OOV_/N rival/N ./.
By/N 1982/N ,/, he/P was/V selling/J thousands/N of/I tires/N ./.
_OOV_/N published/N articles/N about/I him/N ,/, and/C he/P was/V _OOV_/N as/I ``/` the/D tire/N king/N ./. ''/'
His/N efforts/N earned/V a/D gold/N _OOV_/N at/I a/D national/J exhibition/N --/: and/C attracted/N renewed/N attention/N from/I local/N authorities/N ./.
District/N police/N in/I 1983/N _OOV_/N on/I his/P suburban/N home/N ,/, which/W he/P and/C his/N large/N family/N used/N as/I both/N residence/N and/C factory/N ,/, and/C _OOV_/N proof/V the/D house/N and/C equipment/N were/V his/N ./.
He/P produced/V it/P ./.
``/` That/N was/V the/D first/J time/N they/P lost/N and/C I/N won/N ,/, ''/' he/P says/V ./.
He/P was/V further/R questioned/V to/T determine/V if/I he/P was/V ``/` a/D real/J working/N man/N or/C an/D _OOV_/N ./. ''/'
_OOV_/N Mr./N _OOV_/N :/: ``/` When/J I/N showed/N it/P was/V from/I my/N own/N brain/N ,/, they/P lost/N for/I the/D second/J time/N ./. ''/'
But/C a/D few/J days/N later/V the/D police/N accused/N him/N of/I _OOV_/N electricity/N ,/, acquiring/N _OOV_/N without/N permission/N and/C buying/N stolen/N property/N ./.
_OOV_/N he/P was/V to/T be/V _OOV_/J again/N ,/, he/P _OOV_/V to/T the/D countryside/N ./.
His/N family/N was/V given/J three/N hours/V to/T leave/V before/I the/D house/N and/C _OOV_/N were/V _OOV_/N ./.
With/N only/V the/D _OOV_/N they/P were/V wearing/N ,/, family/N members/N moved/V to/T a/D home/N owned/N by/I one/N of/I Mr./N _OOV_/N 's/P sons/N ./.
After/N six/N months/N on/I the/D run/N ,/, Mr./N _OOV_/N learned/V the/D order/N for/I his/P arrest/N had/V been/V canceled/N ./.
He/N _OOV_/N his/N family/N in/I January/N 1984/N and/C began/V the/D long/J struggle/N for/I justice/N ,/, pressing/N everyone/N from/I _OOV_/N municipal/N officials/N to/T National/V _OOV_/J _OOV_/N for/I _OOV_/N of/I his/P rights/N ./.
He/N and/C his/N family/N kept/N _OOV_/N by/I _OOV_/N _OOV_/N ,/, selling/N fruit/N and/C doing/N odd/N jobs/N ./.
Mr./N _OOV_/N achieved/V a/D _OOV_/N in/I 1987/N --/: and/C became/V a/D minor/N _OOV_/N again/N --/: when/J his/N story/N was/V published/N in/I a/D weekly/N newspaper/N ./.
In/I 1988/N ,/, 18/N months/N after/I the/D sixth/N _OOV_/N formally/N endorsed/N family-run/N private/N enterprise/N ,/, district/N authorities/N allowed/N Mr./N _OOV_/V to/T resume/V work/N ./.
By/N late/V last/J year/N he/P was/V invited/J back/N as/I ``/` the/D tire/N king/N ''/' to/T _OOV_/V his/P products/N at/I a/D national/J exhibition/N ./.
National/N leaders/N stopped/N by/I his/P stand/V to/T _OOV_/V his/P achievements/N ./.
Mr./N _OOV_/N now/N produces/N 1,000/N _OOV_/N and/C _OOV_/N tires/V a/D month/N and/C 1,000/N _OOV_/N of/I _OOV_/N _OOV_/N in/I the/D son/N 's/P small/J house/N ./.
_OOV_/N people/N pack/V the/D house/N 's/P two/J rooms/N --/: the/D _OOV_/N ,/, four/N of/I their/P 10/N children/N with/I _OOV_/N ,/, and/C eight/N of/I 22/N grandchildren/N ./.
Most/N sleep/N on/I the/D floor/N ./.
_OOV_/N _OOV_/N ,/, eight/N family/N members/N and/C two/C other/J workers/N _OOV_/V a/D sheet/N of/I raw/N _OOV_/N that/W _OOV_/V the/D floor/N of/I the/D house/N and/C _OOV_/N out/N onto/V the/D street/N ./.
The/D primitive/N operations/V also/R _OOV_/V out/I the/D back/J door/N into/I a/D small/J _OOV_/N ,/, where/V an/D ancient/N press/N _OOV_/N _OOV_/N solution/N into/I a/D flat/N strip/N and/C newly/N made/N tires/N are/V cooled/N in/I a/D _OOV_/N filled/N with/I water/N ./.
Mr./N _OOV_/N talks/N _OOV_/N of/I expanding/N ,/, maybe/N even/N moving/N into/I the/D _OOV_/N field/N ./.
First/N ,/, however/N ,/, he/P has/V _OOV_/J business/N ./.
When/N district/N authorities/N allowed/N him/V to/T resume/V manufacturing/N ,/, they/P released/N only/N one/N of/I his/P machines/N ./.
They/N did/V n't/R return/V the/D _OOV_/N stocks/N that/I represent/N his/N capital/N ./.
_OOV_/N did/V they/P return/N his/N house/N and/C _OOV_/N ,/, which/W he/P values/N at/I about/I $/$ _OOV_/C ./.
He/P wants/V to/T _OOV_/V more/J than/N just/N his/N property/N ,/, though/N ./.
``/` I/P want/N my/N dignity/N back/N ,/, ''/' he/P says/V ./.
_OOV_/N _OOV_/N seemed/V an/D obvious/J choice/N when/V the/D _OOV_/N _OOV_/N Association/N was/V looking/V for/I a/D new/J editor/N to/T reform/V its/P weekly/N newspaper/N ,/, Van/N _OOV_/N ./.
After/I the/D sixth/N _OOV_/N ,/, journalists/N _OOV_/V the/D opportunity/N provided/N by/I the/D _OOV_/N to/T probe/V previously/J _OOV_/N subjects/N ./.
Mr./N _OOV_/N ,/, 57/N years/N old/N ,/, had/V solid/J _OOV_/N credentials/N :/N He/N had/V lost/J his/N official/N position/N in/I the/D association/N in/I he/P early/J 1980s/N because/I he/P questioned/V the/D intrusion/N of/I politics/N into/N literature/N ./.
_OOV_/N editor/N in/I chief/N in/I July/N 1987/N ,/, Mr./N _OOV_/N rapidly/N turned/V the/D _OOV_/N Van/N _OOV_/N into/N Vietnam/N 's/P _OOV_/N paper/N ./.
_OOV_/N soared/N as/I the/D weekly/N went/N way/N beyond/N standard/N literary/N themes/V to/T cover/V _OOV_/J society/N and/C its/P _OOV_/N ./.
_OOV_/N were/V _OOV_/N by/I the/D paper/N 's/P _OOV_/N and/C _OOV_/N by/I the/D dark/N side/N of/I life/N it/P uncovered/N ./.
One/N article/N _OOV_/V a/D decade-long/N struggle/N by/I a/D _OOV_/N _OOV_/V to/T prove/V ,/, officially/N ,/, he/P was/V alive/N ./.
Another/N described/N how/N _OOV_/N officials/N in/I _OOV_/N _OOV_/N _OOV_/N one/N night/N _OOV_/N through/N _OOV_/N and/C _OOV_/N rice/N from/I _OOV_/N _OOV_/N ./.
The/D newspaper/N also/R ran/V a/D series/N of/I controversial/N short/N stories/N by/I _OOV_/N _OOV_/N _OOV_/N ,/, a/D former/J history/N teacher/N ,/, who/W _OOV_/V debate/J over/N his/N interpretation/N of/I _OOV_/N culture/N and/C took/V a/D _OOV_/N _OOV_/N swipe/N at/I writers/N who/W had/V _OOV_/J his/N _OOV_/N into/I their/P official/N association/N ./.
Van/N _OOV_/N quickly/N made/N influential/N _OOV_/N ./.
``/` Those/J who/N manage/N _OOV_/N and/C a/D large/J number/N of/I writers/N reacted/N badly/N ''/' to/T the/D _OOV_/N paper/N ,/, says/V _OOV_/J _OOV_/N An/N ,/, a/D literary/N critic/N ./.
After/N months/N of/I internal/N _OOV_/N ,/, Mr./N _OOV_/N was/V fired/R last/J December/N ./.
His/N _OOV_/N triggered/V a/D furor/N among/N intellectuals/N that/I continues/N today/N ./.
``/` Under/J Mr./N _OOV_/N ,/, Van/N _OOV_/N protected/V the/D people/N instead/N of/I the/D government/N ,/, ''/' says/V _OOV_/J _OOV_/N ,/, a/D _OOV_/N who/W is/V the/D paper/N 's/P bureau/N chief/N for/I southern/N Vietnam/N ./.
``/` The/D paper/N reflected/V the/D truth/N ./.
For/I the/D leadership/N ,/, that/W was/V too/R painful/V to/T bear/V ./. ''/'
The/D `/N _OOV_/N '/.
_OOV_/N _OOV_/N _OOV_/N is/V Vietnam/V 's/P entrepreneur/N of/I the/D 1980s/N ./.
Her/N challenge/N is/V to/T keep/V her/J fledgling/N empire/N on/I top/N in/I the/D 1990s/N ./.
Mrs./N _OOV_/N did/V n't/R wait/V for/I the/D reforms/N to/T get/V her/J start/N ./.
She/N charged/N ahead/N of/I the/D government/N and/C the/D law/N to/T establish/V _OOV_/J City/N Food/N Co./N as/I the/D biggest/J rice/N dealer/N in/I the/D country/N ./.
Her/N success/N ,/, which/W included/V alleviating/V an/D urban/N food/N shortage/N in/I the/D early/J 1980s/N ,/, helped/N persuade/N _OOV_/V to/T take/V the/D reform/N path/N ./.
Her/N story/N is/V becoming/J part/N of/I local/N folklore/N ./.
A/D lifelong/N _OOV_/N with/I little/J education/N who/N fought/N both/V the/D French/N and/C the/D _OOV_/N _OOV_/N _OOV_/N ,/, she/N switched/N _OOV_/V to/T commerce/V after/I the/D war/N ./.
Her/N _OOV_/N were/V _OOV_/N ,/, despite/N her/N background/N ./.
As/N she/N _OOV_/N over/N regulations/N ,/, only/R her/J friendship/N with/I party/N leaders/N ,/, including/N _OOV_/N Van/N _OOV_/N ,/, then/N Ho/N Chi/N Minh/N City/N party/N secretary/N ,/, kept/N her/N out/N of/I jail/N ./.
Following/N Mr./N _OOV_/N 's/P appointment/N as/I _OOV_/N of/I the/D party/N at/I the/D sixth/N _OOV_/N ,/, Mrs./N _OOV_/N has/V become/V the/D darling/N of/I ``/` _OOV_/J _OOV_/N ''/' ,/, the/D _OOV_/N version/N of/I perestroika/N ./.
The/D authorities/N have/V _OOV_/J foreign/N reporters/V to/T her/V office/V to/T see/V an/D example/N of/I ``/` the/D new/J way/N of/I thinking/N ./. ''/'
Foreign/N publications/N have/V responded/N with/I articles/N _OOV_/N her/N Vietnam/N 's/P richest/N woman/N ./.
``/` Some/J people/N call/N me/V the/D communist/N _OOV_/N ,/, ''/' she/P has/V told/J visitors/N ./.
Actually/N ,/, 67-year-old/N Mrs./N _OOV_/N is/V about/R as/I poor/N as/I almost/N everyone/N else/N in/I this/D _OOV_/N land/N ./.
She/N has/V indeed/J turned/N _OOV_/N City/N Food/N into/I a/D budding/N conglomerate/N ,/, but/C the/D company/N itself/N remains/N state-owned/N ./.
She/N manages/N it/N with/I the/D title/N of/I _OOV_/N ./.
The/D heart/N of/I the/D business/N is/V the/D purchase/N of/I rice/N and/C other/J commodities/N ,/, such/N as/I corn/N and/C coffee/N ,/, from/I _OOV_/N in/I the/D south/N ,/, paying/N with/I _OOV_/N ,/, farm/N tools/N and/C other/J items/N ./.
Last/N year/N ,/, _OOV_/N City/N Food/N says/V it/P bought/N two/C million/C metric/N tons/N of/I _OOV_/N rice/N ,/, more/R than/I 10/N %/N of/I the/D country/N 's/P output/N ./.
The/D company/N operates/V a/D fleet/N of/I trucks/N and/C boats/N to/T transport/V the/D commodities/N to/T its/P warehouses/N ./.
A/D subsidiary/N company/N processes/N commodities/N into/N _OOV_/N such/N as/I _OOV_/N _OOV_/N that/W are/V sold/V with/I the/D rice/N through/I a/D vast/N retail/N network/N ./.
In/I recent/J years/N ,/, Mrs./N _OOV_/N has/V started/V to/T diversify/V the/D company/N ,/, taking/V a/D 20/J %/N stake/N in/I newly/N established/N ,/, partly/N private/N Industrial/N and/C Commercial/N Bank/N ,/, and/C setting/N up/N _OOV_/N _OOV_/N ,/, which/W owns/V and/C operates/N Vietnam/N 's/P first/J oil/N refinery/N ./.
Mrs./N _OOV_/N says/V _OOV_/J City/N Food/V last/J year/N increased/N pretax/N profit/N 60/N %/N to/T the/D equivalent/N of/I about/I $/$ 2.7/C million/C on/I sales/N of/I $/$ 150/C million/C ./.
She/N expects/N both/N revenue/N and/C profit/N to/T gain/V this/D year/N ./.
She/N is/V almost/J _OOV_/N about/I the/D possibility/N Vietnam/N 's/P reforms/N will/M create/V rivals/N on/I her/J home/N _OOV_/N ./.
``/` I/P do/V n't/R mind/V the/D competition/N inside/V the/D country/N ,/, ''/' she/P says/V ./.
``/` I/P am/N only/N afraid/N that/I with/I Vietnam/N 's/P _OOV_/N products/N we/N ca/V n't/R compete/V with/I _OOV_/N countries/N ./.
The/D earthquake/N that/W hit/V the/D San/N Francisco/N Bay/N area/N is/V n't/R likely/V to/T result/V in/I wholesale/N _OOV_/N of/I bond/N ratings/N ,/, officials/N at/I the/D two/J major/N rating/N agencies/N said/V ./.
Standard/N &/N Poor/N 's/P Corp./N is/V reviewing/J debt/N issued/N by/I 12/N California/N _OOV_/N ,/, and/C ``/` there/P are/V potential/J _OOV_/N problems/N ,/, ''/' said/V _OOV_/J _OOV_/N ,/, a/D managing/N director/N ./.
The/D agency/N is/V preparing/V a/D report/N ,/, to/T be/V issued/J today/N ,/, on/I the/D earthquake/N 's/P impact/N on/I the/D and/C _OOV_/N industry/N ./.
The/D only/J securities/N so/N far/V to/T be/V singled/V out/R are/V those/J issued/N by/I Bay/N View/N Federal/N Savings/N &/N Loan/N ./.
Moody/N 's/P Investors/N Service/N Inc./N said/V it/P is/V reviewing/N ,/, with/I an/D eye/N toward/V a/D possible/J _OOV_/N ,/, the/D ratings/N on/I Bay/N View/N Federal/N bonds/N ,/, long-term/N deposits/N and/C the/D _OOV_/N rating/N of/I its/P parent/N company/N ,/, Bay/N View/N Capital/N Corp/N ./.
As/N for/I property/N and/C casualty/N insurers/N ,/, Moody/V 's/P said/V ``/` preliminary/J estimates/N suggest/N that/I losses/N should/V not/R have/V a/D significant/J impact/N on/I most/J insurers/N '/N financial/N condition/N ,/, ''/' but/V it/P ``/` raises/J concerns/N about/I potentially/N substantial/N risks/N ''/N longer-term/N ./.
``/` _OOV_/N from/I the/D earthquake/N are/V expected/V to/T be/V of/I similar/N magnitude/V to/T those/V of/I Hurricane/N Hugo/N ,/, ''/' according/V to/T Moody/V 's/P ./.
Your/N Oct./N 5/N editorial/N ``/` A/J Democratic/N _OOV_/N _OOV_/N ''/' _OOV_/V an/D error/N ./.
In/I the/D third/J paragraph/N it/P referred/V to/T the/D senators/N seeking/N _OOV_/N _OOV_/N from/I lobbyists/N for/I various/N sectors/N of/I the/D economy/N ./.
Among/N them/N ,/, ``/` _OOV_/J _OOV_/N ./. ''/'
The/D only/J significant/N commercial/N _OOV_/N _OOV_/N in/I the/D U.S./N are/V in/I Hawaii/N ./.
The/D Hawaii/N _OOV_/N Industry/N Association/N ,/, to/T which/V nearly/J all/N of/I them/J _OOV_/N ,/, has/V no/J lobbyist/N ./.
Thomas/N _OOV_/N Reese/N _OOV_/N ./.
_OOV_/N _OOV_/N Co/N ./.
Western/N Digital/N Corp./N reported/V a/D net/J loss/N of/I $/$ 2.7/C million/C ,/, or/C nine/N cents/V a/D share/N ,/, for/I its/P first/J quarter/N ended/N Sept./N 30/N ,/, citing/N factors/N as/I _OOV_/N as/I _OOV_/N damage/N ,/, an/D advance/N in/I graphics/N technology/N and/C the/D _OOV_/N dollar/N ./.
In/I the/D year-ago/J period/N ,/, the/D company/N earned/V $/$ 12.9/C million/C ,/, or/C 45/N cents/V a/D share/N ,/, on/I sales/N of/I $/$ 247/C million/C ./.
Sales/N for/I the/D _OOV_/N period/N fell/V to/T about/V $/$ 225/C million/C ,/, the/D maker/N of/I computer/N parts/N said/V ./.
_OOV_/N ,/, Chairman/N _OOV_/N W./N Johnson/N said/V he/P expects/V the/D company/N to/T be/V profitable/N in/I the/D current/J quarter/N ./.
``/` We/P are/V _OOV_/V to/T come/V through/N ,/, ''/' he/P said/V ,/, noting/N that/I the/D company/N 's/P _OOV_/N was/V up/R from/I the/D previous/J quarter/N ./.
In/I its/P second/J quarter/N last/N year/N ,/, Western/N Digital/N earned/V $/$ _OOV_/C million/C ,/, or/C 44/N cents/V a/D share/N ,/, on/I sales/N of/I $/$ _OOV_/C million/C ./.
Mr./N Johnson/N said/V Western/J Digital/N 's/P plant/N in/I Puerto/N Rico/N was/V affected/N by/I Hurricane/N Hugo/N ,/, losing/N three/N days/N '/N production/N because/N of/I the/D storm/N ,/, which/W wrecked/V much/N of/I the/D Caribbean/N island/N 's/P infrastructure/N ./.
Although/I the/D plant/N itself/N was/V n't/R damaged/V ,/, Mr./N Johnson/N said/V millions/N of/I dollars/N in/I first-quarter/N revenue/N were/V lost/N ./.
The/D revenue/N will/M be/V _OOV_/N in/I the/D current/J period/N ,/, he/P added/N ./.
There/N are/V no/R plans/V to/T _OOV_/V a/D common/J stock/N dividend/N ,/, Mr./N Johnson/N said/V ,/, explaining/N that/I the/D board/N continues/V to/T believe/V shareholders/N are/V best/J served/N by/I _OOV_/N excess/N cash/N ./.
Mr./N Johnson/N said/V the/D first-quarter/N loss/N also/N heavily/N reflected/V a/D rapid/N change/N in/I graphics/N technology/N that/I left/N reseller/N _OOV_/N with/I too/N many/N of/I the/D old/J computer/N graphics/N boards/N and/C too/N few/V new/J _OOV_/N _OOV_/N with/I the/D new/J graphics/N boards/N ./.
Western/N Digital/N does/V n't/R make/V the/D _OOV_/N ./.
An/N accelerating/N move/N by/I personal/N computer/N manufacturers/N '/V to/T include/V advanced/J graphics/N _OOV_/N as/I standard/N equipment/N further/N _OOV_/N reseller/N purchases/N of/I Western/N Digital/N 's/P equipment/N ./.
``/` The/D other/J areas/N of/I the/D business/N --/: storage/$ and/C _OOV_/N --/N were/V very/J good/N ,/, ''/' Mr./N Johnson/N said/V ./.
He/P said/V Western/J Digital/N has/V reacted/R _OOV_/V to/T the/D movement/N to/T video/V graphics/J array/N ,/, _OOV_/N ,/, graphics/N technology/N from/I the/D old/J enhanced/N graphics/N _OOV_/N ,/, _OOV_/N ,/, which/W has/V a/D lower/J resolution/N standard/N ,/, technology/N and/C now/N is/V one/N of/I the/D leading/N producers/N of/I these/N newer/N units/N ./.
Other/N makers/N of/I video/N _OOV_/N equipment/V also/R were/V caught/N in/I the/D _OOV_/N shift/N ,/, he/P said/V ,/, ``/` but/C we/N were/V able/V to/T respond/V much/R more/J quickly/N ./. ''/'
Still/N ,/, Mr./N Johnson/N said/V ,/, ``/` our/J stock/N is/V _OOV_/J _OOV_/N ./. ''/'
He/P said/V the/D company/N has/V cut/J operating/N expenses/N by/I about/J 10/N %/N over/I the/D last/J few/N quarters/N ,/, while/N maintaining/N research/N and/C development/N at/I about/J 8/N %/N to/T 9/V %/N of/I sales/N ./.
As/N part/N of/I its/P reorganization/V this/D week/N ,/, Western/N Digital/N has/V divided/V its/P business/N into/N two/N segments/N --/N storage/N products/N ,/, including/N _OOV_/N and/C _OOV_/N drives/N ;/N and/C _OOV_/N products/N ,/, which/W include/V graphics/N ,/, communications/N and/C _OOV_/N control/N chips/N ./.
Graphics/N ,/, communications/N and/C _OOV_/N control/N chips/N were/V combined/J because/N ,/, increasingly/N ,/, multiple/N functions/N are/V being/J governed/N by/I a/D single/J chip/N ./.
_OOV_/N ,/, which/W includes/V computer/N _OOV_/N and/C _OOV_/N _OOV_/N drives/N ,/, represents/N nearly/N two-thirds/N of/I the/D company/N 's/P business/N ./.
_OOV_/N drives/N ,/, which/W allow/V a/D computer/N to/T access/V its/P memory/N ,/, generated/N 38/N %/N more/N revenue/N in/I the/D most/J recent/N period/N compared/N with/I the/D fiscal/J first/N quarter/V a/D year/N earlier/N ./.
Computer/N parts/N are/V getting/J ever/N smaller/N ,/, Mr./N Johnson/N said/V ,/, a/D shrinking/N that/W has/V _OOV_/J _OOV_/N into/N position/N as/I the/D _OOV_/N segment/N of/I the/D computer/N business/N ./.
As/N smaller/N and/C more/J powerful/N computers/N continue/V to/T be/V the/D focus/N of/I the/D industry/N ,/, he/P said/V ,/, Western/N Digital/N is/V _OOV_/J development/N of/I laptop/N parts/N ./.
_OOV_/N year/N Western/N Digital/N plans/V to/T _OOV_/V its/P operations/N from/I 11/N buildings/N in/I _OOV_/N into/N two/N buildings/N in/I the/D same/N _OOV_/V new/J headquarters/N and/C ,/, a/D block/N away/N ,/, a/D modern/N $/$ 100/C million/C silicon/N _OOV_/N _OOV_/N plant/N ./.
The/D plan/N will/M help/V the/D company/N in/I its/P existing/N joint/N manufacturing/N agreement/N with/I AT&T/N ./.
About/N half/N of/I Western/N Digital/N 's/P business/N is/V overseas/N ,/, and/C Mr./N Johnson/N expects/N that/I proportion/N to/T continue/V ./.
_OOV_/N to/T _OOV_/V many/V of/I the/D trade/N barriers/N within/N Europe/N in/I 1992/N creates/N significant/N opportunities/N for/I the/D company/N ,/, he/P said/V ,/, particularly/N since/N Western/N Digital/N already/N manufactures/N there/N ./.
Capitalizing/N on/I that/D presence/N ,/, Western/N Digital/N is/V launching/V a/D major/J effort/N to/T develop/V the/D _OOV_/N reseller/N market/N in/I Europe/N ./.
_OOV_/N of/I state-owned/N Banca/N _OOV_/N del/N _OOV_/N approved/V a/D _OOV_/N _OOV_/N transaction/N and/C a/D change/N in/I the/D bank/N 's/P rules/N that/W will/M help/V it/P operate/V more/R like/V a/D private-sector/N institution/N ./.
Until/N now/N ,/, _OOV_/V 's/P top/J managers/N and/C its/P directors/N have/V been/V appointed/N by/I a/D Treasury/N decree/N ./.
But/N under/I the/D bank/N 's/P proposed/N _OOV_/N ,/, an/D assembly/N of/I shareholders/N must/N approve/N board/N members/N ./.
The/D bank/N 's/P chairman/N and/C director/N general/N ,/, who/W also/R sit/V on/I the/D board/N ,/, still/N would/M be/V appointed/N by/I the/D Treasury/N ./.
_OOV_/N ,/, which/W is/V controlled/N by/I the/D Italian/N Treasury/N ,/, was/V _OOV_/N by/I the/D disclosure/J last/J month/N that/I its/P Atlanta/N branch/N extended/N more/N than/I $/$ 3/C billion/C in/I unauthorized/N credits/V to/T _OOV_/V ./.
The/D _OOV_/N scandal/N ,/, in/I which/W the/D bank/N 's/P management/N resigned/N ,/, has/V helped/J _OOV_/N calls/N for/I _OOV_/N ,/, or/C at/I least/J an/N overhaul/N ,/, of/I Italy/N 's/P banking/N system/N ,/, which/W is/V about/R 80/J %/N _OOV_/N ./.
In/I a/D related/J move/N ,/, the/D bank/N also/N proposed/N that/I board/N representation/N be/V linked/V more/R closely/V to/T the/D bank/N 's/P new/J shareholding/N structure/N ./.
_OOV_/N called/V a/D shareholders/N '/N assembly/N meeting/N in/I December/N to/T vote/V on/I the/D proposals/N ./.
_OOV_/N has/V about/R 75,000/J _OOV_/N shares/N that/W are/V listed/N on/I the/D Milan/N Stock/N Exchange/N ./.
The/D shares/N were/V suspended/N from/I trading/N following/N disclosure/N of/I the/D Atlanta/N scandal/N ;/N _OOV_/N ,/, the/D stock/N exchange/N regulatory/N body/N ,/, reportedly/N will/M decide/V soon/R whether/V to/T end/V the/D trading/N _OOV_/N ./.
Switzerland/N 's/P wholesale/N price/N index/N increased/N 0.3/N %/N in/I September/N from/I August/N ,/, and/C was/V up/R 3.9/J %/N from/I a/D year/N ago/N ,/, _OOV_/V the/D first/J time/N this/N year/N that/I the/D index/N has/V fallen/J below/N 4/N %/N on/I a/D _OOV_/N basis/N ,/, the/D government/N reported/N ./.
The/D government/N attributed/V the/D 0.3/N %/N _OOV_/N rise/N in/I the/D index/N largely/V to/T higher/V energy/J prices/N ./.
In/I August/N ,/, the/D index/N was/V up/R 0.2/J %/N from/I the/D previous/J month/N ,/, and/C was/V up/R 4.5/J %/N on/I a/D _OOV_/N basis/N ./.
The/D wholesale/N price/N index/N ,/, based/V on/I 1963/N as/I 100/N ,/, was/V _OOV_/N in/I September/N ./.
American/N Express/N Co./N posted/V a/D 21/N %/N increase/N in/I third/J quarter/N net/N income/N despite/V a/D sharp/N rise/N in/I reserves/N for/I Third/N World/N loans/N at/I its/P banking/N unit/N ./.
Aided/N by/I a/D sharp/N gain/N in/I its/P travel/N business/N ,/, American/N Express/N said/V net/R rose/V to/T $/$ _OOV_/C million/C ,/, or/C 77/N cents/V a/D share/N ,/, from/I $/$ _OOV_/C million/C ,/, or/C 64/N cents/V a/D share/N ./.
The/D year-earlier/J figures/N included/V $/$ _OOV_/C million/C ,/, or/C three/N cents/V a/D share/N ,/, in/I income/N from/I discontinued/N operations/N ./.
Income/N from/I continuing/N operations/N was/V up/R 26/J %/N ./.
Revenue/N rose/N 24/N %/N to/T $/$ 6.5/C billion/C from/I $/$ _OOV_/C billion/C ./.
The/D travel/N ,/, investment/N services/N ,/, insurance/N and/C banking/N concern/N added/V $/$ 110/C million/C to/T reserves/V for/I credit/N losses/N at/I its/P American/N Express/N Bank/N unit/N ,/, _OOV_/V the/D reserve/N to/T $/$ _OOV_/C million/C as/N of/I Sept./N 30/N ./.
The/D bank/N 's/P Third/N World/N debt/N portfolio/N _OOV_/I $/$ _OOV_/C million/C ,/, down/N from/I $/$ 2.2/C billion/C at/I the/D end/N of/I 1986/N ./.
The/D bank/N charged/N off/I $/$ 53/C million/C in/I loans/N during/I the/D quarter/N ./.
At/I the/D American/N Express/N Travel/N _OOV_/N Services/N Co./N unit/N ,/, net/J rose/N 17/N %/N to/T a/D record/N $/$ _OOV_/C million/C on/I a/D 19/N %/N revenue/N increase/N ./.
The/D figures/N _OOV_/N businesses/N now/N organized/N as/I American/N Express/N Information/N Services/N Co/N ./.
American/N Express/N card/N charge/N volume/N rose/N 12/N %/N ./.
Travel/N sales/N rose/V 11/J %/N ,/, led/N by/I gains/N in/I the/D U.S/N ./.
At/N _OOV_/N Financial/N Services/N ,/, the/D financial/J planning/N and/C mutual/N fund/N unit/N ,/, net/J rose/N 19/N %/N to/T a/D record/N $/$ _OOV_/C million/C on/I a/D 33/N %/N revenue/N gain/N ./.
_OOV_/N owned/N or/C managed/N rose/V 20/J %/N to/T $/$ 45/C billion/C ,/, and/C mutual/N fund/N sales/N rose/N 45/N %/N in/I the/D quarter/N to/T $/$ _OOV_/C million/C ./.
American/N Express/N Bank/N earnings/N fell/N 50/N %/N to/T $/$ _OOV_/C million/C from/I $/$ _OOV_/C million/C despite/V a/D 29/N %/N revenue/N gain/N ./.
The/D results/N include/V $/$ 106/C million/C of/I tax/N benefits/N associated/N with/I previous/J years/N '/N Third/N World/N loan/N activity/N ,/, compared/V with/I $/$ 15/C million/C a/D year/N earlier/N ./.
Profit/N rose/N 38/N %/N at/I American/N Express/N Information/N Services/V to/T $/$ _OOV_/C million/C ./.
Shearson/N Lehman/N Hutton/N Holdings/N Inc./N ,/, as/I previously/N reported/N ,/, had/V net/N of/I $/$ _OOV_/C million/C ,/, _OOV_/V a/D $/$ 3.5/C million/C loss/V a/D year/N earlier/N ;/N its/P latest/J results/N include/V a/D $/$ 37/C million/C gain/N from/I the/D sale/N of/I an/D institutional/J money/N management/N business/N ./.
American/N Express/N 's/P share/N of/I Shearson/N 's/P earnings/N was/V $/$ 41/C million/C ,/, after/I preferred/N stock/N dividends/N ;/N it/P owns/V about/R 68/J %/N of/I Shearson/N 's/P common/N ./.
For/I the/D nine/N months/N ,/, American/N Express/N said/V net/J rose/N 11/N %/N to/T $/$ _OOV_/C million/C ,/, or/C $/$ _OOV_/C a/D share/N ,/, from/I $/$ _OOV_/C million/C ,/, or/C $/$ _OOV_/C a/D share/N ./.
Revenue/N rose/N 24/N %/N to/T $/$ _OOV_/C billion/C from/I $/$ _OOV_/C billion/C ./.
_OOV_/N Inc./N ,/, hampered/N by/I a/D slowdown/N in/I its/P defense/N sales/N ,/, reported/V an/D 8/N %/N decline/N in/I per-share/N earnings/N on/I nearly/N flat/N revenue/N for/I its/P third/J quarter/N ./.
The/D aerospace/N and/C financial/N services/N concern/N said/V net/J income/N fell/N 5/N %/N to/T $/$ _OOV_/C million/C from/I $/$ 62.8/C million/C ./.
Revenue/N of/I $/$ _OOV_/C billion/C was/V almost/J unchanged/N from/I last/J year/N 's/P $/$ _OOV_/C billion/C ./.
Per-share/N net/N of/I 66/N cents/N ,/, down/N from/I 72/N cents/N ,/, fell/V by/I more/J than/N overall/N net/N because/N of/I more/J shares/N outstanding/N ./.
The/D company/N said/V that/I improved/N results/N in/I its/P financial-services/N sector/N were/V _OOV_/N by/I increased/N costs/N in/I its/P government/N contract/N business/N ,/, lower/J operating/N earnings/N in/I its/P _OOV_/N sector/N and/C soft/N automotive/N markets/N ./.
Net/N was/V aided/N by/I a/D lower/J income/N tax/N rate/N ./.
Profit/N before/N taxes/N fell/N 17/N %/N to/T $/$ _OOV_/C million/C from/I $/$ _OOV_/C million/C ./.
For/I the/D nine/N months/N ,/, _OOV_/N reported/N net/N of/I $/$ _OOV_/C million/C ,/, or/C $/$ 2.06/C a/D share/N ,/, on/I revenue/N of/I $/$ _OOV_/C billion/C ./.
A/D year/N ago/N ,/, net/N was/V $/$ _OOV_/C million/C ,/, or/C $/$ _OOV_/C a/D share/N ,/, on/I revenue/N of/I $/$ 5.3/C billion/C ./.
The/D _OOV_/N results/N included/V a/D $/$ 9.5/C million/C special/N charge/N in/I 1989/N for/I an/D _OOV_/N settlement/N related/V to/T past/V export/J sales/N ,/, and/C $/$ _OOV_/C million/C in/I extraordinary/N charges/N in/I 1988/N related/V to/T a/D former/J line/N of/I business/N and/C early/N redemption/N of/I debt/N ./.
_OOV_/N said/V that/I _OOV_/N '/N results/N do/V n't/R include/J earnings/N of/I _OOV_/N PLC/N ,/, a/D British/J maker/N of/I industrial/J _OOV_/N ,/, but/C do/N include/N interest/N costs/N of/I $/$ _OOV_/C million/C on/I borrowings/N related/V to/T the/D proposed/J purchase/N of/I _OOV_/N ./.
A/D federal/J judge/N has/V issued/V a/D preliminary/N _OOV_/N against/I the/D purchase/N because/N of/I Federal/N Trade/N Commission/N concerns/N that/I the/D transaction/N would/N reduce/N competition/N in/I the/D production/N of/I two/C kinds/N of/I _OOV_/N ./.
For/I the/D quarter/N ,/, _OOV_/N said/V aerospace/J revenue/N ,/, including/N _OOV_/N _OOV_/N and/C _OOV_/N _OOV_/N ,/, declined/N _OOV_/N %/N to/T $/$ _OOV_/C million/C from/I $/$ _OOV_/C million/C ,/, an/D indication/N of/I slowing/N government/N defense/N work/N ./.
As/I the/D _OOV_/N brothers/N '/N personal/N bankruptcy/N cases/N _OOV_/N into/I their/P second/J year/N ,/, _OOV_/N S.A./N has/V proposed/V a/D deal/N to/T settle/V its/P huge/J claim/N against/I the/D troubled/J Texas/N oil/N men/N ./.
But/C the/D plan/N only/N threatens/V to/T _OOV_/V the/D tension/N and/C _OOV_/N already/N _OOV_/V the/D cases/N that/W were/V filed/V in/I September/N 1988/N ./.
The/D _OOV_/N _OOV_/N concern/N 's/P $/$ _OOV_/C million/C claim/N stems/N from/I 1988/J jury/N award/N in/I a/D case/N stemming/N from/I the/D brothers/N '/N alleged/N attempts/V to/T _OOV_/V the/D _OOV_/N silver/N market/N ./.
_OOV_/N now/N says/V it/P is/V willing/V to/T settle/V for/I up/N to/T $/$ _OOV_/C million/C from/I each/N _OOV_/N ,/, although/V the/D actual/J amount/N would/M probably/V be/V much/J less/N ./.
Although/I the/D proposal/N must/N be/V approved/N by/I federal/J Judge/N Harold/N C./N _OOV_/N ,/, W./N Herbert/N _OOV_/N has/V agreed/V to/T the/D _OOV_/N _OOV_/N concern/N 's/P proposal/N ./.
Nelson/N _OOV_/N _OOV_/N is/V considering/V it/P ,/, although/N his/N attorney/N says/V he/P wo/V n't/R do/V it/P if/V the/D proposal/N _OOV_/V a/D _OOV_/N settlement/N he/P has/V reached/V with/I the/D Internal/N Revenue/N Service/N ,/, which/W claims/V the/D brothers/N _OOV_/I $/$ 1/C billion/C in/I back/N taxes/N and/C is/V by/I far/V the/D biggest/J creditor/N in/I both/N cases/N ./.
The/D _OOV_/N agreement/N between/I the/D _OOV_/N and/C Nelson/N _OOV_/N _OOV_/N is/V awaiting/J U.S./N Justice/N Department/N approval/N ./.
Under/N it/P ,/, the/D former/J _OOV_/N 's/P assets/N would/M be/V liquidated/N with/I the/D _OOV_/N getting/N 80/N %/N of/I the/D proceeds/N and/C the/D rest/N being/N divided/N among/V other/J creditors/N ,/, including/N _OOV_/N and/C Manufacturers/N _OOV_/N Trust/N Co./N ,/, which/W is/V seeking/J _OOV_/N of/I a/D $/$ 36/C million/C loan/N ./.
A/D _OOV_/N proposal/N has/V been/V made/V in/I the/D W./N Herbert/N _OOV_/N case/N although/N he/N and/C the/D _OOV_/N are/V at/I odds/N over/I the/D size/N of/I the/D _OOV_/N debt/N he/P would/M have/V to/T pay/V to/T the/D government/N from/I future/N earnings/N ./.
In/I both/N cases/N ,/, _OOV_/N and/C Manufacturers/N _OOV_/N have/V been/V fighting/J ferociously/N over/I their/P shares/N of/I the/D pie/N ./.
With/N support/N from/I the/D _OOV_/N ,/, Manufacturers/N _OOV_/N has/V filed/J suit/N asking/N Judge/N _OOV_/V to/T _OOV_/V _OOV_/V 's/P claim/V to/T those/V of/I _OOV_/N _OOV_/N and/C the/D _OOV_/N ./.
_OOV_/N has/V threatened/V a/D ``/` _OOV_/J ''/N of/I litigation/N if/I the/D Manufacturers/N _OOV_/N Corp./N unit/N attempts/V to/T force/V such/V a/D plan/N through/I the/D court/N ./.
_OOV_/N said/V it/P would/M n't/R pursue/V such/J litigation/N if/I its/P settlement/N plan/N in/I the/D W./N Herbert/N _OOV_/N case/N is/V approved/N by/I Judge/N _OOV_/N ,/, who/W will/M consider/V the/D proposal/N at/I a/D hearing/N next/N week/N ./.
_OOV_/N attorney/N Thomas/N _OOV_/N _OOV_/V the/D plan/N as/I one/C step/N toward/V an/D overall/N settlement/N of/I the/D W./N Herbert/N _OOV_/N case/N but/C Hugh/N Ray/N ,/, attorney/N for/I Manufacturers/N _OOV_/N ,/, called/V it/P ``/` silly/N ''/' and/C said/V he/P would/M fight/V it/P in/I court/N ./.
``/` The/D thing/N is/V so/J fluid/N right/N now/N that/I there/N 's/P really/N no/N way/N to/T say/V what/J will/N happen/N ,/, ''/' says/V Justice/J Department/N attorney/N _OOV_/N _OOV_/N III/N ,/, who/W represents/V the/D _OOV_/N in/I the/D case/N ./.
``/` Developments/J like/N this/N are/V hard/V to/T predict/V ./.
_OOV_/N One/N Corp./N said/V it/P agreed/V in/I principle/N to/T buy/V five/J branch/N _OOV_/N from/I _OOV_/N Inc./N ,/, Toledo/N ,/, Ohio/N ,/, following/V the/D planned/N merger/N of/I _OOV_/N into/N _OOV_/N Corp./N ,/, Cleveland/N ./.
The/D five/J _OOV_/N in/I Erie/N and/C _OOV_/N _OOV_/N in/I northern/N Ohio/N have/V total/J assets/N of/I about/I $/$ 88/C million/C ,/, _OOV_/N One/N said/V ./.
The/D purchase/N price/N will/M be/V established/J after/N _OOV_/N One/N has/V an/D opportunity/N to/T study/V the/D quality/N of/I the/D assets/N ,/, _OOV_/N One/N said/V ./.
_OOV_/N Corp./N already/N has/V branches/N in/I the/D area/N ,/, and/C selling/V the/D _OOV_/N _OOV_/N could/N avoid/V a/D problem/N with/I regulators/N over/N excessive/N concentration/N of/I banking/N in/I the/D two/J _OOV_/N after/I the/D merger/N of/I _OOV_/N into/N _OOV_/N ,/, according/V to/T industry/V sources/N ./.
The/D merger/N is/V scheduled/V to/T take/V place/N in/I the/D 1990/J first/J quarter/N ./.
_OOV_/N fears/N and/C relatively/N more/N attractive/N interest/N rates/N pushed/N _OOV_/N mutual/N fund/N assets/N up/I $/$ _OOV_/C billion/C in/I the/D latest/J week/N ,/, the/D _OOV_/N increase/N in/I almost/N two/N years/N ./.
The/D _OOV_/N funds/N tracked/N by/I the/D Investment/N Company/N Institute/N ,/, a/D _OOV_/N trade/N group/N ,/, rose/V to/T $/$ _OOV_/C billion/C ,/, a/D record/N ./.
The/D $/$ _OOV_/C billion/C increase/N was/V the/D _OOV_/N weekly/N inflow/N since/N January/N 1988/N ./.
The/D increase/N was/V spread/J fairly/N _OOV_/N among/N all/N three/N types/N of/I funds/N ./.
Individual/N investors/N ,/, represented/N in/I the/D _OOV_/N and/C broker-dealer/N fund/N categories/N ,/, pulled/N money/N from/I the/D stock/N market/N after/I its/P big/J drop/N last/N Friday/N and/C put/V the/D money/N into/N funds/N ,/, said/V _OOV_/J _OOV_/N ,/, vice/N president/N and/C chief/N economist/N of/I the/D Institute/N ./.
``/` _OOV_/J investors/N ,/, on/I the/D other/J hand/N ,/, reacted/V to/T the/D steep/N decline/N in/I yields/N on/I direct/N _OOV_/N instruments/N following/V the/D _OOV_/N decline/V last/J Friday/N ,/, ''/' Mr./N _OOV_/N said/V ./.
Yields/N on/I money/N funds/N dropped/N in/I the/D week/N ended/N Tuesday/N ,/, according/V to/T _OOV_/V 's/P Money/N Fund/N Report/N ,/, a/D _OOV_/N ,/, Mass./N ,/, newsletter/N ./.
The/D average/J _OOV_/N compounded/N yield/N fell/V to/T _OOV_/V %/N from/I 8.60/N %/N the/D week/N earlier/N ,/, _OOV_/V 's/P said/V ./.
At/I the/D auction/N of/I six-month/N U.S./N Treasury/N bills/N on/I Monday/N ,/, the/D average/J yield/N fell/V to/T _OOV_/V %/N from/I _OOV_/N %/N ./.
_OOV_/N ,/, certificates/N of/I deposit/N on/I average/N posted/N lower/N yields/N in/I the/D week/N ended/N Tuesday/N ./.
The/D _OOV_/N _OOV_/N money/N funds/N rose/V $/$ _OOV_/C billion/C to/T $/$ _OOV_/C billion/C ./.
The/D _OOV_/N _OOV_/N funds/N increased/V $/$ _OOV_/C billion/C to/T $/$ _OOV_/C billion/C ,/, while/N 96/N broker-dealer/N funds/N increased/V $/$ 1.3/C billion/C to/T $/$ _OOV_/C billion/C ./.
_OOV_/N lending/N for/I real/J estate/N and/C property/N development/N was/V the/D source/N of/I Bank/N _OOV_/N Malaysia/N _OOV_/N 's/P most/J recent/N _OOV_/N of/I financial/J troubles/N ,/, the/D institution/N 's/P executive/J chairman/N ,/, _OOV_/N _OOV_/N _OOV_/N ,/, said/V ./.
_OOV_/N to/T reporters/V this/D week/N after/N Bank/N _OOV_/N 's/P shareholders/N approved/V a/D rescue/N plan/N ,/, _OOV_/N _OOV_/N _OOV_/N said/V heavy/J lending/N to/T the/D property/N sector/N _OOV_/V the/D bank/N when/N property/N prices/N in/I Malaysia/N plummeted/N in/I _OOV_/N ./.
He/P said/V the/D bank/N could/V n't/R wait/J any/N longer/N for/I prices/N to/T _OOV_/V and/C for/I _OOV_/N to/T service/V their/P loans/N ./.
So/I the/D bank/N 's/P board/N decided/V to/T make/V 1.23/N billion/C _OOV_/N dollars/N -LRB-/N US$/N _OOV_/N million/C -RRB-/N in/I provisions/N for/I interest/N payments/N from/I loans/N previously/N recorded/N as/I revenue/N but/C never/N actually/N received/N by/I the/D bank/N ,/, and/C to/T _OOV_/V a/D bailout/N package/V to/T _OOV_/V the/D bank/N 's/P _OOV_/N capital/N ./.
The/D _OOV_/N ,/, he/P added/N ,/, was/V similar/V to/T the/D Hong/N Kong/N _OOV_/N _OOV_/N collapse/N ,/, which/W exposed/V the/D involvement/N of/I Bank/N _OOV_/N 's/P former/J subsidiary/N in/I the/D colony/N in/I the/D largest/J banking/N scandal/N in/I Malaysia/N 's/P history/N ./.
The/D subsidiary/N ,/, _OOV_/N Malaysia/N Finance/N Ltd./N ,/, was/V left/V with/I _OOV_/N _OOV_/N billion/C in/I bad/J loans/N made/V to/T Hong/V Kong/J property/N speculators/N ./.
Both/N _OOV_/N wiped/N out/N Bank/N _OOV_/N 's/P shareholders/N '/N funds/N ./.
Each/N time/N ,/, the/D bank/N 's/P 90/N %/N shareholder/N --/N _OOV_/N _OOV_/N _OOV_/N ,/, or/C _OOV_/N ,/, the/D national/J oil/N company/N --/N has/V been/V called/R upon/V to/T rescue/V the/D institution/N ./.
In/I five/N years/N ,/, _OOV_/N ,/, which/W became/V the/D dominant/N shareholder/N in/I a/D 1984/N rescue/N exercise/N ,/, has/V spent/J about/N _OOV_/N 3.5/N billion/C to/T _OOV_/V up/I the/D troubled/J bank/N ./.
_OOV_/N _OOV_/N _OOV_/N said/V the/D capital/N restructuring/N plan/N has/V been/V approved/N by/I Malaysia/N 's/P Capital/N _OOV_/N Committee/N and/C central/N bank/N ./.
Malaysia/N 's/P _OOV_/N Court/N is/V expected/V to/T approve/V the/D plan/N ./.
Once/I the/D plan/N is/V approved/N ,/, _OOV_/N _OOV_/N _OOV_/N said/V ,/, most/V of/I Bank/N _OOV_/N 's/P _OOV_/N loans/N will/M have/V been/V fully/J provided/N for/I and/C the/D bank/N will/M be/V on/I track/N to/T report/V a/D pretax/N profit/N of/I between/N _OOV_/N 160/N million/C and/C _OOV_/N 170/N million/C for/I the/D fiscal/J year/N ending/N March/N 31/N ./.
For/I the/D previous/J financial/N year/N ,/, the/D bank/N would/M have/V reported/V a/D pretax/N profit/N of/I _OOV_/N _OOV_/N million/C if/N it/P had/V n't/R made/J provisions/N for/I the/D _OOV_/N loans/N ,/, he/P said/V ./.
Malaysia/N 's/P Banking/N _OOV_/N Act/N _OOV_/V the/D bank/N from/I identifying/N _OOV_/N _OOV_/N ,/, said/V _OOV_/J _OOV_/N _OOV_/N ./.
But/C public/N documents/N indicate/N 10/N %/N or/C more/N of/I the/D bank/N 's/P provisions/N were/V made/V for/I _OOV_/N interest/N on/I a/D _OOV_/N 200/N million/C loan/N to/T Malaysia/V 's/P dominant/N political/N party/N ,/, the/D United/N _OOV_/N National/N Organization/N ,/, to/T build/V its/P convention/N and/C headquarters/N complex/N in/I _OOV_/N _OOV_/N ./.
The/D loan/N to/T _OOV_/V was/V made/V in/I September/N 1983/N ./.
``/` We/P _OOV_/V a/D lot/N of/I money/N all/N over/I the/D place/N ,/, ''/' said/V _OOV_/J _OOV_/N _OOV_/N ,/, who/W refused/V to/T discuss/V the/D bank/N 's/P outstanding/J loans/N to/T
As/N well/N as/I the/D _OOV_/N 1.23/N billion/C in/I provisions/N announced/N on/I Oct./N 6/N ,/, the/D restructuring/N package/N _OOV_/V an/D additional/J _OOV_/N _OOV_/N million/C in/I provisions/N made/V in/I earlier/J years/N but/C never/N reflected/N in/I a/D reduction/N of/I the/D bank/N 's/P _OOV_/N capital/N ./.
At/I the/D end/N of/I the/D exercise/N ,/, the/D cash/N _OOV_/N from/I _OOV_/N will/M increase/V the/D bank/N 's/P _OOV_/N capital/V to/T _OOV_/V 1.15/N billion/C after/N virtually/N being/N wiped/N out/N by/I the/D new/J provisions/N ./.
_OOV_/N _OOV_/N might/N have/V stepped/N from/I a/D recruiting/N _OOV_/N for/I young/N Republicans/N ./.
White/N ,/, 24/N years/N old/N ,/, a/D singer/N in/I her/J church/N _OOV_/N ,/, she/P _OOV_/V a/D generation/N that/I gave/N its/P heart/N and/C its/P vote/V to/T Ronald/V Reagan/N ./.
``/` I/P felt/N kind/N of/I safe/N ,/, ''/' she/P says/V ./.
No/N longer/N ./.
When/I the/D Supreme/N Court/N opened/V the/D door/N this/N year/N to/T new/J restrictions/N on/I _OOV_/N ,/, Ms./N _OOV_/N opened/N her/N mind/V to/T Democratic/V politics/N ./.
Then/I a/D political/J _OOV_/N ,/, she/N stepped/N into/I a/D _OOV_/N of/I ``/` _OOV_/J ''/N _OOV_/N ,/, house/N parties/N and/C _OOV_/N ./.
Now/N she/N leads/V a/D _OOV_/N _OOV_/N campaign/N in/I _OOV_/N County/N for/I _OOV_/N Democratic/N _OOV_/N candidate/N James/N _OOV_/N ./.
``/` This/N is/V one/J where/N I/N _OOV_/N party/N lines/N ,/, ''/' she/P says/V ,/, rejecting/V the/D _OOV_/N _OOV_/N of/I Rep./N _OOV_/N 's/P _OOV_/N ,/, _OOV_/N Rep./N James/N _OOV_/N ./.
``/` People/J my/N age/N thought/N it/P was/V n't/R going/V to/T be/V an/D issue/N ./.
Now/N it/P has/V --/J especially/N for/I people/N my/N age/N ./. ''/'
_OOV_/N bear/N out/I this/D warning/N ,/, but/C after/I a/D decade/N of/I increased/N Republican/N influence/N here/N ,/, the/D new/J politics/N of/I _OOV_/N have/V contributed/V to/T a/D world/N turned/N upside/N down/N for/I Mr./N _OOV_/N ./.
Unless/N he/P closes/V the/D gap/N ,/, Republicans/N risk/N losing/V not/R only/V the/D _OOV_/N but/V also/R the/D assembly/N next/N month/N ./.
Going/N into/I the/D 1990s/N ,/, the/D _OOV_/N is/V paying/V a/D price/N for/I the/D same/J conservative/N social/N _OOV_/N that/I it/P used/V to/T _OOV_/V Democrats/N in/I the/D past/N ./.
This/N change/N comes/N less/N from/I a/D shift/N in/I public/J opinion/N ,/, which/W has/V n't/R changed/J much/N on/I _OOV_/N over/I the/D past/J decade/N ,/, than/N in/I the/D boundaries/N of/I the/D debate/N ./.
New/N Jersey/N 's/P own/J highest/N court/N remains/V a/D liberal/N _OOV_/N against/N major/N restrictions/N on/I _OOV_/N ,/, but/C the/D U.S./N Supreme/N Court/N ruling/N ,/, Webster/N vs./N Missouri/N ,/, has/V engaged/J voters/N across/V the/D nation/N who/W had/V been/V insulated/N from/I the/D issue/N ./.
Before/N July/N ,/, _OOV_/N voters/N could/N _OOV_/N make/N political/N decisions/N without/N focusing/N narrowly/N on/I _OOV_/N ./.
Now/N ,/, the/D threat/N of/I further/J restrictions/N adds/V a/D new/J _OOV_/N ,/, bringing/V an/D _OOV_/N in/I political/J activity/N by/I _OOV_/N forces/N ./.
A/D recent/J _OOV_/N rally/N in/I _OOV_/N _OOV_/N thousands/N ,/, and/C in/I a/D major/J reversal/N ,/, Congress/N is/V _OOV_/V a/D presidential/N veto/N and/C demanding/N that/I _OOV_/N _OOV_/N be/V permitted/N in/I cases/N of/I rape/N and/C incest/N ./.
``/` If/J Webster/N had/V n't/R happened/V ,/, you/P would/M n't/R be/V here/N ,/, ''/' _OOV_/J _OOV_/N tells/V a/D reporter/N in/I the/D _OOV_/N office/N of/I the/D National/N Organization/N for/I _OOV_/N ./.
``/` We/P could/M have/V _OOV_/N from/I the/D _OOV_/N about/I _OOV_/N and/C no/N one/N would/M have/V heard/J us/N ./. ''/'
New/N Jersey/N is/V a/D _OOV_/N ground/N for/I this/D aggressive/N _OOV_/N movement/V this/D year/N ./.
The/D infusion/N of/I _OOV_/N can/N bring/V a/D clash/N of/I _OOV_/N ./.
In/I _OOV_/N Hill/N ,/, the/D National/N _OOV_/N _OOV_/N _OOV_/N League/N ,/, whose/N goal/N is/V to/T sign/V up/R 50,000/J _OOV_/N voters/N ,/, _OOV_/V a/D union/N _OOV_/V to/T build/V labor/J support/N for/I its/P cause/N ./.
The/D _OOV_/N _OOV_/N seem/N more/V a/D fit/N with/I a/D convention/N next/N door/N of/I young/N _OOV_/N _OOV_/N in/I _OOV_/N than/I the/D _OOV_/N union/N leaders/N ;/: ``/` I/P wish/N I/N could/N go/N work/N out/N ,/, ''/' says/V a/D _OOV_/N activist/N ./.
A/D labor/N chief/N _OOV_/N _OOV_/N of/I having/N to/T ``/` man/N and/C woman/N ''/N Election/N _OOV_/N _OOV_/N ./.
No/N age/N group/N is/V more/J sensitive/N than/I younger/N voters/N ,/, like/N Ms./N _OOV_/N ./.
A/D year/N ago/V this/D fall/N ,/, New/N Jersey/N voters/N under/N 30/N favored/N George/N Bush/N by/I 56/N %/N to/T 39/V %/N over/N Michael/N _OOV_/N ,/, according/V to/T a/D survey/N then/N by/I _OOV_/N University/N 's/P _OOV_/N Institute/N ./.
A/D matching/N _OOV_/N _OOV_/N _OOV_/N poll/V last/J month/N showed/V a/D complete/N reversal/N ./.
_OOV_/N in/I the/D same/J age/N group/N backed/N Democrat/N _OOV_/N 55/N %/N to/T 29/V %/N over/N Republican/N _OOV_/N ./.
_OOV_/N alone/N ca/V n't/R explain/V this/D shift/N ,/, but/C New/N Jersey/N is/V a/D model/N of/I how/N so/N personal/V an/D issue/N can/N become/V a/D _OOV_/N of/I _OOV_/N in/I _OOV_/V a/D candidate/N ./.
By/I a/D _OOV_/N ratio/N ,/, voters/N appear/N more/N at/I ease/N with/I Mr./N _OOV_/N 's/P _OOV_/N on/I _OOV_/N ,/, and/C polls/N indicate/N his/N lead/N widens/N when/V the/D candidates/N are/V specifically/R linked/V to/T the/D issue/N ./.
``/` The/D times/N are/V my/J times/N ,/, ''/' says/V Mr./N _OOV_/N ./.
The/D _OOV_/N County/N _OOV_/N still/N carries/N himself/N with/I a/D _OOV_/N ``/` _OOV_/J ''/N _OOV_/N ,/, but/C at/I a/D _OOV_/N in/I _OOV_/N 's/P Columbus/N _OOV_/N _OOV_/N recently/N ,/, he/P was/V dancing/N with/I his/P wife/N in/I the/D middle/N of/I the/D avenue/N in/I the/D city/N 's/P old/J _OOV_/N _OOV_/N ./.
After/N losing/N by/I fewer/N than/I 1,800/N votes/N in/I the/D 1981/N governor/N 's/P _OOV_/N ,/, he/P has/V prepared/J himself/N _OOV_/N for/I this/D moment/N ,/, including/N _OOV_/N in/I recent/J years/N he/P could/J no/N longer/N support/N _OOV_/N on/I federal/J funding/N for/I _OOV_/N _OOV_/N ./.
``/` If/J you/N 're/N going/V to/T be/V _OOV_/N and/C say/N it/P is/V a/D _OOV_/N protected/N right/N ,/, ''/' he/P asks/N ,/, ``/` how/N are/V you/R going/V to/T say/V an/D upscale/N woman/N who/N can/N drive/V to/T the/D hospital/N or/C _OOV_/N in/I a/D nice/N car/N has/V a/D _OOV_/N right/N and/C someone/N who/W is/V not/R in/I great/J shape/N financially/N does/N not/N ?/N ''/'
Mr./N _OOV_/N ,/, by/I comparison/N ,/, seems/V a/D shadow/N of/I the/D _OOV_/N _OOV_/N who/N defended/N Oliver/N North/N before/N national/N cameras/N at/I Iran-Contra/N hearings/N two/N years/N ago/N ./.
_OOV_/N back/N ,/, he/P says/V he/P _OOV_/N by/I stating/N his/P ``/` personal/N ''/' opposition/V to/T _OOV_/V instead/N of/I _OOV_/N voters/N that/I he/P would/M n't/R _OOV_/J his/N views/N on/I ``/` policy/N ''/' as/I governor/N ./.
It/P is/V a/D _OOV_/N that/I _OOV_/N neither/N side/N in/I the/D debate/N ./.
``/` He/P does/V n't/R know/J himself/N ,/, ''/' _OOV_/J _OOV_/N of/I the/D _OOV_/N _OOV_/N League/N says/V of/I Mr./N _OOV_/N 's/P position/N ./.
Even/N _OOV_/N _OOV_/N ,/, however/N angry/N with/I Mr./N _OOV_/N ,/, ca/V n't/R hide/V their/P frustration/N with/I the/D Republican/N 's/P _OOV_/N ./.
``/` He/P does/V n't/R want/V to/T lead/V the/D people/N ,/, ''/' says/V Richard/J _OOV_/N ,/, president/N of/I New/N Jersey/N Right/V to/T Life/V ./.
Moreover/N ,/, by/I stepping/N outside/V the/D state/N 's/P _OOV_/N _OOV_/N ,/, Mr./N _OOV_/N _OOV_/N fears/N that/I he/P is/V too/J conservative/N as/I well/N on/I more/J pressing/N concerns/N such/N as/I auto/N insurance/N rates/N and/C the/D environment/N ./.
He/N hurt/N himself/N further/V this/D summer/N by/I bringing/N _OOV_/N issues/N into/I the/D debate/N ;/N and/C by/I _OOV_/N on/I this/D issue/N and/C _OOV_/N ,/, he/P has/V weakened/J his/N credibility/N in/I what/N is/V already/V a/D _OOV_/N campaign/N on/I both/N sides/N ./.
_OOV_/N to/T Congress/V in/I 1978/N ,/, the/D _OOV_/N Mr./N _OOV_/N is/V part/N of/I a/D generation/N of/I young/N _OOV_/N who/W were/V once/J very/N much/N in/I the/D lead/N of/I the/D _OOV_/N shift/N under/N Mr./N Reagan/N ./.
Like/N many/N of/I his/P colleagues/N ,/, he/P did/V n't/R serve/V in/I Vietnam/N in/I the/D 1960s/N yet/N embraced/V a/D _OOV_/N defense/N and/C foreign/N policy/N --/: even/J _OOV_/N against/I a/D 1984/N resolution/N critical/N of/I the/D U.S./N mining/N of/I _OOV_/N _OOV_/N ./.
Jack/N Kemp/N and/C the/D writers/N _OOV_/N Kristol/N and/C George/N _OOV_/N were/V _OOV_/N ,/, and/C Mr./N _OOV_/N 's/P own/J conservative/N credentials/N _OOV_/N useful/V to/T the/D current/J New/N Jersey/N _OOV_/N governor/N ,/, Thomas/N _OOV_/N ,/, in/I the/D 1981/N Republican/N primary/N here/N ./.
The/D same/J partnership/N is/V now/R crucial/V to/T Mr./N _OOV_/N 's/P _OOV_/N ,/, but/C the/D _OOV_/N issue/N is/V only/V a/D reminder/N of/I the/D gap/N between/N his/N record/N and/C that/N of/I the/D more/J moderate/N ,/, _OOV_/N Gov./N _OOV_/N ./.
While/I the/D _OOV_/N County/N _OOV_/N pursued/V an/D _OOV_/N ,/, _OOV_/N _OOV_/N in/I Washington/N ,/, Gov./N _OOV_/N was/V _OOV_/J increased/N income/N and/C sales/N taxes/N at/I home/N and/C _OOV_/V a/D near/N _OOV_/N in/I the/D size/N of/I New/N Jersey/N 's/P budget/N in/I his/P eight/N years/N in/I office/N ./.
_OOV_/N forces/N play/N down/N any/N differences/N with/I Mr./N _OOV_/N ,/, but/C this/N history/N makes/V it/P harder/N for/I the/D conservative/N to/T run/V against/J government/N ./.
Mr./N _OOV_/N 's/P free-market/N plan/V to/T bring/V down/J auto/N insurance/N rates/N met/N criticism/N from/I Gov./N _OOV_/N 's/P own/J insurance/N commissioner/N ./.
Mr./N _OOV_/N is/V further/J _OOV_/N by/I a/D record/N of/I votes/N opposed/V to/T government/V regulation/N on/I behalf/N of/I consumers/N ./.
_OOV_/N in/I _OOV_/N from/I his/P days/N in/I the/D _OOV_/N _OOV_/N ,/, Mr./N _OOV_/N actively/N courts/N minority/N voters/N but/C seems/N _OOV_/N over/N his/N head/N ./.
He/P is/V _OOV_/N and/C _OOV_/N before/I a/D Puerto/N _OOV_/N Congress/N in/I _OOV_/N _OOV_/N ./.
Yet/N minutes/N after/N promising/V to/T appoint/V _OOV_/V to/T high/V posts/N in/I state/N government/N ,/, he/P is/V unable/V to/T say/V whether/V he/P has/V ever/J employed/N any/N in/I his/P congressional/N office/N ./.
``/` I/P do/V n't/R think/V we/J do/N now/N ,/, ''/' he/P says/V ./.
``/` I/P think/V we/J did/N ./. ''/'
Asked/I the/D same/J question/N after/I his/P appearance/N ,/, Democrat/N _OOV_/N _OOV_/V a/D staff/N member/N by/I name/N and/C explains/N her/N _OOV_/N today/N ./.
When/N he/P is/V presented/N with/I a/D _OOV_/N _OOV_/V the/D organization/N 's/P _OOV_/N anniversary/N ,/, he/P recognizes/V a/D _OOV_/N of/I one/N of/I the/D _OOV_/N and/C recalls/N time/N spent/N together/N in/I _OOV_/N ./.
Details/N and/C _OOV_/N are/V essential/J _OOV_/N ./.
_OOV_/N to/T Congress/V as/I a/D ``/` Watergate/J baby/N ''/' in/I 1974/N ,/, he/P ran/N for/I governor/N three/N years/N later/N ./.
In/I the/D opinion/N of/I many/N ,/, he/P has/V n't/R stopped/J running/N since/N ,/, even/R though/V he/P declined/V a/D _OOV_/N with/I Gov./N _OOV_/N in/I 1985/N ./.
His/N base/N in/I South/N Jersey/N and/C on/I the/D House/N Energy/N and/C Commerce/N Committee/N helped/N him/N sustain/V a/D network/N of/I _OOV_/N committees/V to/T preserve/V his/P edge/N ./.
With/N limited/N _OOV_/N for/I television/N in/I a/D high-priced/N market/N ,/, Mr./N _OOV_/N 's/P higher/J _OOV_/N than/I his/P rival/N is/V a/D major/J advantage/N ./.
More/N than/I ever/N ,/, his/P _OOV_/N and/C _OOV_/N record/N is/V in/I _OOV_/N with/I the/D state/N ./.
Auto/N insurance/N rates/N are/V soaring/N ./.
A/D _OOV_/N fire/N destroyed/N part/N of/I an/D interstate/N highway/V this/D summer/N ./.
In/I _OOV_/N ,/, an/D important/J swing/N area/N ,/, Republican/N _OOV_/N now/N run/N on/I a/D _OOV_/N promising/V to/T keep/V the/D _OOV_/N ``/` clean/$ and/C green/N ./. ''/'
Mr./N _OOV_/N _OOV_/V this/D _OOV_/N ,/, but/C at/I age/N 52/N ,/, the/D _OOV_/N is/V also/R a/D product/N of/I his/P times/N and/C losses/N ./.
He/N _OOV_/N for/I the/D death/N penalty/N as/I if/J reading/N from/I _OOV_/N 21/N ;/V to/T increase/V state/N revenue/N he/P focuses/V not/R on/I ``/` taxes/J ''/N but/N on/I ``/` _OOV_/N ''/' to/T cut/V waste/N ./.
_OOV_/N consultants/N match/N ads/N with/I Mr./N _OOV_/N 's/P team/N ,/, and/C Mr./N _OOV_/N _OOV_/N himself/N as/I the/D lean/N ,/, mean/N Democratic/N fighting/N machine/N of/I the/D 1990s/N ./.
_OOV_/N to/T a/D young/J audience/N ,/, he/P _OOV_/V an/D old/J _OOV_/N to/T _OOV_/V and/C _OOV_/N and/C instead/N quotes/V the/D _OOV_/N _OOV_/N ./.
The/D _OOV_/N chosen/N --/: ``/` long/J _OOV_/N night/N ''/' --/: may/M be/V an/D apt/N _OOV_/V to/T television/V _OOV_/N by/I both/N candidates/N intended/V to/T portray/V each/J other/N as/I a/D _OOV_/N ./.
The/D Democratic/N lawmaker/N fits/V a/D pattern/N of/I younger/N _OOV_/N _OOV_/N out/N of/I old/J machines/N ,/, but/C his/N ties/V to/T _OOV_/V remain/V a/D sore/N point/N because/N of/I the/D _OOV_/N 's/P past/J _OOV_/N ./.
His/N campaign/N _OOV_/N is/V chosen/N from/I elsewhere/N in/I the/D state/N ,/, and/C faced/N with/I criticism/N of/I a/D _OOV_/N bank/N investment/N ,/, he/P has/V so/J far/N _OOV_/V the/D issue/N by/I donating/V the/D bulk/N of/I his/P profits/V to/T his/V _OOV_/J _OOV_/N ,/, _OOV_/N State/N _OOV_/N ./.
Mr./N _OOV_/N 's/P _OOV_/N on/I the/D _OOV_/N issue/N after/I the/D Webster/N ruling/N _OOV_/N some/N of/I his/P old/J constituency/N ./.
_OOV_/N _OOV_/N ,/, an/D unlikely/N but/C _OOV_/N _OOV_/N major/N in/I an/D _OOV_/N County/N Irish/N _OOV_/N band/N ,/, _OOV_/N _OOV_/N of/I Mr./N _OOV_/N ./.
``/` I/P am/V a/D _OOV_/N _OOV_/N ,/, ''/' says/V Mr./N _OOV_/N ,/, a/D 40-year-old/N health/N officer/N ./.
``/` I/P ca/V n't/R support/J him/N because/N of/I _OOV_/N ./. ''/'
Bill/N _OOV_/N _OOV_/N ,/, 72/N ,/, is/V _OOV_/J too/N ,/, but/C _OOV_/N by/I Mr./N _OOV_/N 's/P stand/N on/I _OOV_/N ./.
A/D security/N _OOV_/N at/I a/D cargo/N terminal/N ,/, he/P _OOV_/V a/D Sons/N of/I Italy/N _OOV_/N and/C cap/N _OOV_/N ``/` The/D _OOV_/N 1/N _OOV_/N ./. ''/'
``/` I/P still/N think/V the/D woman/N has/V the/D right/N to/T do/V with/I her/J body/N as/I she/J _OOV_/N ,/, ''/' he/P says/V ./.
``/` If/J you/N want/V more/J opinions/N ask/N my/N wife/N ./.
She/N has/V lots/N of/I opinions/N ./.
Consumer/N prices/N rose/V a/D surprisingly/N moderate/N 0.2/N %/N in/I September/N ,/, pushed/N up/N mostly/N by/I a/D jump/N in/I clothing/N costs/N ,/, the/D Labor/N Department/N reported/N ./.
Energy/N costs/N ,/, which/W drove/V wholesale/J prices/N up/N sharply/N during/I the/D month/N ,/, continued/V to/T decline/V at/I the/D retail/J level/N ,/, pulling/N down/N transportation/N and/C helping/N to/T ease/V housing/J costs/N ./.
The/D report/N was/V the/D brightest/N news/V the/D financial/J markets/N had/V seen/J since/N before/I the/D stock/N market/N plunged/N more/N than/I 190/N points/V last/J Friday/N ./.
The/D Dow/N Jones/N Industrial/N Average/N rallied/N on/I the/D news/N ,/, closing/N _OOV_/N points/N higher/N at/I _OOV_/N ./.
Bond/N prices/V also/R jumped/V as/I traders/N appeared/V to/T read/V the/D data/N as/I a/D sign/N that/I interest/N rates/N may/N fall/N ./.
But/C many/J economists/N were/V not/R nearly/V as/I _OOV_/N ./.
The/D climb/N in/I wholesale/N energy/N prices/N is/V certain/V to/T push/V up/R retail/J energy/N prices/N in/I the/D next/J few/N months/N ,/, they/P warned/N ./.
They/N also/R said/V the/D dollar/N is/V _OOV_/J off/N after/I a/D rise/N this/N summer/N that/I helped/N to/T reduce/V the/D prices/N of/I imported/N goods/N ./.
``/` I/P think/N inflation/N is/V going/V to/T pick/V up/R through/V the/D fall/N ,/, ''/' said/V Joel/J _OOV_/N ,/, a/D specialist/N on/I inflation/N who/W runs/V an/D economic/J consulting/N firm/N here/N ./.
``/` It/P has/V been/V in/I what/N I/P would/M describe/V as/I a/D _OOV_/N for/I the/D past/J several/N months/N ./. ''/'
``/` We/J 've/N had/V _OOV_/J declines/N in/I consumer/N energy/N prices/N in/I each/N of/I the/D past/J three/N months/N ,/, and/C at/I the/D wholesale/N level/N those/N are/V fully/J behind/N us/N now/N ,/, ''/' said/V Jay/J _OOV_/N ,/, chief/N domestic/N economist/N at/I Bankers/N Trust/N Co./N in/I New/N York/N ./.
Because/N wholesale/N energy/N prices/N shot/N up/N by/I a/D steep/N 6.5/N %/N last/N month/N ,/, many/J analysts/N expected/N energy/N prices/N to/T rise/V at/I the/D consumer/N level/N too/N ./.
As/I a/D result/N ,/, many/J economists/N were/V expecting/V the/D consumer/N price/N index/V to/T increase/V significantly/J more/N than/I it/P did/N ./.
But/C retail/N energy/N prices/N declined/N 0.9/N %/N in/I September/N ./.
Though/N analysts/N say/N competition/N will/M probably/V hold/J down/N increases/N in/I retail/N energy/N prices/N ,/, many/J expect/N some/N of/I the/D wholesale/N rise/V to/T be/V passed/R along/V to/T the/D consumer/N before/I the/D end/N of/I the/D year/N ./.
Still/N ,/, some/D analysts/N insisted/N that/I the/D worst/N of/I the/D inflation/N is/V behind/N ./.
``/` It/P increasingly/N appears/N that/I _OOV_/N was/V a/D temporary/N inflation/N _OOV_/N and/C not/V the/D beginning/N of/I a/D cyclical/N inflation/N problem/N ,/, ''/' argued/J Edward/N _OOV_/N ,/, chief/N economist/N at/I Prudential-Bache/N Securities/N Inc./N in/I New/N York/N ./.
In/I both/N 1987/N and/C 1988/N ,/, consumer/N prices/N rose/N _OOV_/N %/N ./.
A/D run-up/N in/I world/N oil/N prices/V last/J winter/N sent/N consumer/N prices/N soaring/N at/I a/D _OOV_/N %/N annual/N rate/N in/I the/D first/J five/N months/N of/I this/D year/N ,/, but/C the/D subsequent/N decline/N in/I energy/N prices/N has/V pulled/V the/D annual/J rate/N back/N down/V to/T _OOV_/V %/N ./.
Mr./N _OOV_/N predicted/N that/I world/N business/N competition/N will/M continue/V to/T _OOV_/V prices/N ./.
``/` The/D bottom/N line/N is/V ,/, it/P seems/V to/T me/V that/I the/D economic/J environment/N has/V become/J very/N ,/, very/N _OOV_/N for/I a/D lot/N of/I businesses/N ,/, ''/' he/P said/V ./.
``/` Back/N in/I _OOV_/N ,/, business/N was/V operating/N at/I fairly/N _OOV_/N capacity/N ,/, so/N businesses/N felt/N they/P could/J raise/N prices/N ./. ''/'
Now/N ,/, he/P said/V ,/, a/D slowdown/N in/I economic/J activity/N has/V _OOV_/J demand/N ./.
The/D _OOV_/N inflation/N figures/N renewed/N investors/N '/N hopes/N that/I the/D Federal/N Reserve/N will/M ease/V its/P interest-rate/N _OOV_/N ./.
The/D steep/N climb/N in/I producer/N prices/N reported/V last/J Friday/N fostered/N _OOV_/N about/I lower/J interest/N rates/N and/C contributed/N to/T the/D stock/N market/N 's/P 6.9/N %/N plunge/N that/I day/N ./.
In/I the/D past/J several/N days/N ,/, however/N ,/, the/D U.S./N 's/P central/N bank/N has/V allowed/V a/D key/J interest/N rate/V to/T fall/V slightly/V to/T try/V to/T stabilize/V the/D markets/N ./.
Analysts/N say/N Fed/N policy/N makers/N have/V been/V wary/N of/I _OOV_/N credit/N too/N much/N because/I they/P were/V still/J uncertain/N about/I the/D level/N of/I inflation/N in/I the/D economy/N ./.
Excluding/I the/D volatile/N categories/N of/I energy/N and/C food/N --/N leaving/N what/V some/D economists/N call/V the/D core/N inflation/N rate/N --/N consumer/N prices/N still/N rose/V only/R 0.2/J %/N in/I September/N ./.
Transportation/N costs/N actually/N fell/N 0.5/N %/N ,/, and/C housing/N costs/N gained/N only/N 0.1/N %/N ./.
Apparel/N prices/N _OOV_/N up/N 1.7/N %/N ,/, but/N that/W was/V after/I three/J months/N of/I declines/N ./.
Medical/N costs/N continued/N their/N steep/N _OOV_/N ,/, rising/N _OOV_/N %/N after/N four/N consecutive/N months/N of/I 0.7/N %/N increases/N ./.
Car/N prices/N ,/, another/N area/N that/I contributed/N to/T the/D steep/N rise/N in/I the/D wholesale/N index/V last/J month/N ,/, still/N showed/N declines/N at/I the/D consumer/N level/N ./.
They/N dropped/N _OOV_/N %/N as/I dealers/N continued/V to/T offer/V _OOV_/V to/T attract/V customers/N ./.
Food/N prices/N rose/N 0.2/N %/N for/I the/D second/J month/N in/I a/D row/N ,/, far/N slower/N than/I the/D monthly/J rises/N earlier/N in/I the/D year/N ./.
Separately/N ,/, the/D Labor/N Department/N reported/V that/I average/N weekly/N earnings/N rose/N 0.3/N %/N in/I September/N ,/, after/I _OOV_/N for/I inflation/N ,/, following/V a/D 0.7/N %/N decline/N in/I August/N ./.
All/I the/D numbers/N are/V adjusted/N for/I seasonal/N fluctuations/N ./.
Here/N are/V the/D seasonally/N adjusted/N changes/N in/I the/D _OOV_/N of/I the/D Labor/N Department/N 's/P consumer/N price/N index/N for/I September/N ./.
After/N watching/N interest/N in/I the/D sport/N _OOV_/N for/I years/N ,/, the/D _OOV_/N industry/N is/V trying/V to/T give/V itself/V a/D lift/N ./.
_OOV_/I the/D country/N ,/, resorts/N are/V using/J everything/N from/I fireworks/N to/T _OOV_/V _OOV_/V to/T attract/V new/J customers/N ./.
Some/N have/V built/J health/N _OOV_/N ,/, business/N centers/N and/C shopping/N _OOV_/N so/N visitors/N have/V more/V to/T do/V than/I _OOV_/N ./.
And/I this/D week/N ,/, the/D industry/N 's/P efforts/N will/M go/V national/N for/I the/D first/J time/N when/N it/P _OOV_/V a/D $/$ 7/C million/C advertising/N campaign/N ./.
Such/N efforts/N --/N _OOV_/N of/I only/V a/D few/J years/N ago/N --/N are/V the/D latest/J attempts/N to/T _OOV_/V the/D sagging/N $/$ 1.76/C billion/C U.S./N _OOV_/N industry/N ./.
Since/I the/D start/N of/I the/D decade/N ,/, _OOV_/N sales/N have/V grown/J only/N 3/N %/N a/D year/N on/I average/N ,/, compared/V with/I 16/N %/N annual/N growth/N rates/N in/I the/D _OOV_/N and/C _OOV_/N ./.
Last/N season/N ,/, _OOV_/N sales/N fell/V for/I the/D first/J time/N in/I seven/N years/N ./.
By/I some/D estimates/N ,/, nearly/V a/D fourth/N of/I all/J U.S./N _OOV_/N areas/N have/V been/V forced/V to/T shut/V down/R since/V the/D early/J _OOV_/N ./.
Competition/N and/C mounting/N insurance/N and/C equipment/N costs/N have/V been/V the/D _OOV_/N of/I many/J resorts/N ./.
But/C another/N big/N problem/N has/V been/V the/D _OOV_/N of/I baby/N boomers/N ./.
_OOV_/N ,/, after/I all/N ,/, has/V mainly/R been/V for/I the/D young/N and/C _OOV_/N and/C many/J baby/N boomers/N have/V _OOV_/J _OOV_/N or/N have/V too/R many/J family/N responsibilities/V to/T _OOV_/V with/I the/D sport/N ./.
In/I its/P new/J ad/N campaign/N ,/, created/N by/I _OOV_/N _OOV_/N _OOV_/N &/N _OOV_/N Inc./N ,/, Chicago/N ,/, the/D _OOV_/N industry/N is/V trying/V to/T change/V its/P image/N as/I a/D sport/N primarily/N for/I young/N white/N people/N ./.
One/N _OOV_/N TV/N spot/N features/V a/D diverse/N group/N of/I _OOV_/N _OOV_/N _OOV_/N down/N _OOV_/N _OOV_/N :/N senior/N citizens/N ,/, minorities/N ,/, families/N with/I children/N --/N even/V a/D _OOV_/N _OOV_/N ./.
``/` _OOV_/J school/N is/V great/N ,/, ''/' _OOV_/V out/I a/D _OOV_/N ,/, _OOV_/N in/I a/D _OOV_/N as/I he/P _OOV_/N down/I a/D _OOV_/N _OOV_/N ./.
``/` You/J 'll/N never/N _OOV_/N you/N try/N ,/, ''/' says/V a/D black/J _OOV_/N ./.
``/` We/P used/V to/T show/V some/D _OOV_/N _OOV_/N in/I his/P _OOV_/N or/C _OOV_/N going/N over/I the/D edge/N of/I a/D _OOV_/N ,/, ''/' says/V _OOV_/J _OOV_/N ,/, a/D spokeswoman/N for/I the/D United/N _OOV_/N Industries/N Association/N ,/, the/D trade/N group/N _OOV_/V the/D campaign/N ./.
_OOV_/N promotions/N have/V traditionally/R avoided/V the/D touchy/N issue/N of/I safety/N ./.
But/C the/D new/J commercials/N deal/N with/I it/P _OOV_/N by/I showing/V a/D woman/N _OOV_/N as/I she/N tries/V to/T get/V up/R from/I a/D fall/N ./.
``/` We/P wanted/V to/T show/V it/P 's/P _OOV_/N if/N you/N fall/N ,/, ''/' says/V Ms./N _OOV_/N ./.
``/` Most/J people/N think/N if/N you/N _OOV_/N ,/, you/N 'll/N wind/N up/N in/I a/D body/N cast/N ./. ''/'
The/D ad/N campaign/N represents/V an/D unusual/J spirit/N of/I cooperation/N among/N resorts/N and/C _OOV_/N equipment/N makers/N ;/N normally/N ,/, they/P only/J run/N ads/N hyping/N their/P own/J products/N and/C facilities/N ./.
But/N in/I these/N crunch/N times/N for/I the/D _OOV_/N industry/N ,/, some/D resorts/N ,/, such/N as/I the/D _OOV_/N _OOV_/N ,/, Red/N River/N and/C _OOV_/N _OOV_/N areas/N in/I New/N Mexico/N ,/, have/V even/R started/J _OOV_/N _OOV_/V to/T each/V other/V 's/P _OOV_/N and/C next/N year/N plan/V to/T sell/V tickets/J good/N for/I all/D local/J _OOV_/N ./.
Many/N resorts/V also/R are/V focusing/J more/N on/I the/D service/N side/N of/I their/P business/N ./.
Since/N 40/N %/N of/I _OOV_/N are/V parents/N ,/, many/J _OOV_/N are/V building/J nurseries/N ,/, expanding/N _OOV_/N schools/N and/C adding/N entertainment/N for/I kids/N ./.
_OOV_/N ,/, Colo./N ,/, now/R has/V a/D _OOV_/N that/I looks/N like/V an/D old/J mining/N town/N ;/N kids/N can/N _OOV_/N through/N and/C _OOV_/N for/I _OOV_/N 's/P gold/N ./.
For/I $/$ 15/C ,/, they/P can/M enjoy/V their/P own/J nightly/N entertainment/N ,/, with/I dinner/N ,/, without/N _OOV_/N and/C _OOV_/N ./.
A/D few/J years/N ago/N ,/, parents/N usually/N had/V to/T hire/V a/D _OOV_/N or/C take/N turns/N _OOV_/N while/N one/N _OOV_/N stayed/N with/I the/D children/N ./.
``/` Most/J parents/N who/W had/V to/T go/V through/N that/I never/N came/N back/N ,/, ''/' says/V Michael/J _OOV_/N ,/, president/N of/I _OOV_/N Associates/N Inc./N ,/, which/W owns/V and/C operates/V the/D _OOV_/N and/C nearby/N Beaver/N _OOV_/N resorts/N ./.
To/N make/N _OOV_/V more/J _OOV_/N for/I _OOV_/N visitors/N ,/, several/J resorts/N are/V buying/N or/C starting/N their/P own/J travel/N agencies/N ./.
In/I one/C phone/N call/N ,/, _OOV_/N _OOV_/N can/N make/N hotel/N and/C restaurant/N _OOV_/N ,/, buy/N lift/N tickets/N ,/, rent/N _OOV_/N equipment/N and/C sign/N up/N for/I _OOV_/N ./.
And/N resorts/N are/V adding/R other/J _OOV_/N ,/, such/N as/I pricey/N restaurants/N ,/, health/N _OOV_/N and/C _OOV_/N packages/N with/I a/D twist/N ./.
During/N _OOV_/N Carnival/N week/N ,/, for/I example/N ,/, visitors/N at/I Sunday/N River/N in/I Maine/N can/N take/V a/D _OOV_/N _OOV_/N ride/N ./.
``/` People/J these/N days/N want/N something/N else/V to/T do/V _OOV_/J _OOV_/N and/C sit/N in/I the/D bar/N ,/, ''/' says/V Don/J _OOV_/N ,/, executive/N director/N of/I _OOV_/N _OOV_/N ,/, _OOV_/V 's/P Chamber/N of/I Commerce/N ./.
The/D _OOV_/N industry/N hopes/V to/T increase/V the/D number/N of/I _OOV_/N by/I 3.5/N million/C to/T about/V _OOV_/N million/C in/I the/D next/J five/N years/N with/I its/P latest/J ads/N and/C promotions/N ./.
But/C some/N think/N that/I 's/P being/V _OOV_/J optimistic/N ./.
For/N one/N thing/N ,/, it/P may/M be/V tough/V to/T attract/V people/N because/N _OOV_/N is/V still/J expensive/N :/V a/D lift/N _OOV_/N can/N cost/N up/V to/T $/$ 35/C a/D day/N and/C equipment/N prices/N are/V rising/N ./.
And/D most/J _OOV_/N still/N prefer/V a/D _OOV_/N climate/N for/I their/P winter/N _OOV_/N ./.
An/N American/N Express/N Co./N survey/N of/I its/P travel/N agents/N _OOV_/N that/I only/J 34/N %/N believe/N their/N clients/N will/M pick/V a/D trip/N this/N winter/N based/N on/I the/D availability/N of/I winter/N sports/N ,/, as/I opposed/N to/T 69/V %/N who/W think/V that/I _OOV_/N sports/N will/M be/V the/D _OOV_/N factor/N ./.
``/` Even/J if/N they/P could/M bring/V in/I that/D many/J new/J _OOV_/N ,/, I/P do/V n't/R know/J if/N -LCB-/V the/D industry/N -RCB-/N could/N handle/N that/I kind/N of/I an/D increase/N ,/, ''/' says/V _OOV_/J William/N Berry/N ,/, editor/N and/C publisher/N of/I the/D _OOV_/N Industry/N _OOV_/N in/I _OOV_/N ,/, _OOV_/N ./.
``/` Most/J people/N will/M come/V on/I the/D weekend/N ,/, the/D _OOV_/N will/M be/V _OOV_/N and/C then/N these/N -LCB-/V new/J _OOV_/N -RCB-/N wo/V n't/R come/J back/N ./.
They/N did/V n't/R play/V the/D third/J game/N of/I the/D World/N Series/N on/I Tuesday/N night/N as/I scheduled/N ,/, and/C they/P did/V n't/R play/V it/P on/J Wednesday/N or/C Thursday/N either/N ./.
But/C you/N knew/N that/N ,/, did/V n't/R you/V ?/.
They/N are/V supposed/V to/T play/V the/D game/N next/N Tuesday/N ,/, in/I _OOV_/N _OOV_/N here/N ./.
The/D theory/N is/V that/I the/D stadium/N ,/, damaged/N by/I Tuesday/N 's/P earthquake/N ,/, will/M be/V _OOV_/N by/I then/N ,/, and/C that/I people/N will/M be/V able/V to/T get/V there/N ./.
Like/N just/N about/I everything/N else/N ,/, that/W remains/V to/T be/V seen/N ./.
_OOV_/N could/N _OOV_/N ./.
But/C ,/, at/I least/N ,/, the/D law/N of/I _OOV_/N should/N have/V _OOV_/V to/T the/D favorable/N side/N ./.
It/P may/J seem/N _OOV_/V to/T worry/V about/I the/D World/N Series/N amid/V the/D destruction/N to/T the/D Bay/N Area/N _OOV_/N by/I Tuesday/N 's/P quake/N ,/, but/C the/D name/N of/I this/D column/N is/V ``/` On/J Sports/N ,/, ''/' so/V I/P feel/N obliged/V to/T do/V so/N ./.
You/N might/N be/V interested/V to/T know/V that/I baseball/N ,/, not/N _OOV_/N ,/, appeared/V to/T be/V the/D first/J thought/N of/I most/N of/I the/D crowd/N of/I _OOV_/N that/I had/J _OOV_/N at/I _OOV_/N at/I _OOV_/N p.m./N Tuesday/N ,/, a/D half-hour/N before/N game/N time/N ,/, when/V the/D quake/N _OOV_/N ./.
As/N soon/N as/I the/D _OOV_/N passed/N ,/, many/J people/N _OOV_/N _OOV_/N and/C cheered/N ,/, as/I though/N it/P had/V been/V a/D _OOV_/N kind/N of/I _OOV_/N show/N ./.
One/N fan/N ,/, seated/N several/N _OOV_/N in/I front/N of/I the/D open/N ,/, _OOV_/N auxiliary/N press/N section/N where/N I/P was/V _OOV_/N ,/, faced/V the/D _OOV_/N _OOV_/N and/C _OOV_/N _OOV_/N ,/, ``/` We/J arranged/N that/I just/N for/I you/J guys/N ''/' I/P thought/N and/C ,/, I/P 'm/N sure/N ,/, others/N did/N :/: ``/` You/P should/V n't/R have/V _OOV_/N ./. ''/'
I/P 'd/N _OOV_/N through/N my/N only/N previous/N _OOV_/N with/I natural/N disaster/N ,/, a/D _OOV_/N 15/N or/C so/N _OOV_/N ago/N near/N _OOV_/N City/N ,/, Mich./N ,/, so/V I/P was/V _OOV_/N for/I one/C reaction/N to/T such/J things/N :/V the/D urge/N to/T talk/V about/I them/N ./.
Perhaps/N primed/N by/I the/D daily/J diet/N of/I radio/N and/C TV/N reporters/N _OOV_/N _OOV_/N into/N people/N 's/P faces/N and/C asking/N how/N they/P ``/` feel/J ''/N about/I one/C _OOV_/N or/C another/N ,/, fellow/N reporters/N and/C civilians/N who/N _OOV_/N my/N press/N _OOV_/N were/V eager/V to/T _OOV_/V ./.
``/` It/P felt/N like/N I/P was/V on/I a/D station/N platform/N and/C a/D _OOV_/N went/N by/I ,/, ''/' said/V one/J man/N ,/, describing/N my/N own/N reaction/N ./.
A/D women/N said/V she/P saw/V the/D park/N 's/P light/N standards/N _OOV_/N ./.
A/D man/N said/V he/P saw/V the/D upper/N rim/N _OOV_/N ./.
I/P saw/N neither/N ./.
_OOV_/N of/I good/J sense/N to/T the/D _OOV_/N not/N _OOV_/N ,/, the/D general/J _OOV_/N was/V to/T believe/V that/I the/D _OOV_/N would/M be/V brief/N and/C that/I ball/N would/M be/V played/N ./.
``/` I/P was/V near/V the/D top/N of/I the/D stadium/N ,/, and/C saw/V a/D steel/N _OOV_/N bow/N six/N feet/N from/I where/N I/N sat/N ,/, but/C I/N stayed/N put/N for/I 10/C or/C 15/N minutes/N ,/, ''/' _OOV_/V a/D friend/N ./.
``/` I/P guess/N I/N thought/N ,/, `/N This/N is/V the/D World/N Series/N and/C I/N 'm/V not/R gon/J na/N _OOV_/N out/N '/N ''/'
Here/N in/I the/D Global/N _OOV_/N ,/, though/N ,/, _OOV_/N do/V not/R stay/J _OOV_/N for/I long/N ./.
_OOV_/N power/N was/V out/R in/I _OOV_/N _OOV_/N _OOV_/N ,/, but/C _OOV_/N _OOV_/N and/C television/N sets/N were/V plentiful/N ./.
Within/I a/D few/J minutes/N ,/, the/D true/N extent/N of/I the/D catastrophe/N was/V becoming/J clear/N ./.
Its/N _OOV_/N _OOV_/N _OOV_/N was/V reported/V as/I 6.5/N ,/, then/N 6.9/N ,/, then/N _OOV_/N ./.
A/D section/N of/I the/D Bay/N Bridge/N had/V collapsed/N ,/, as/R had/V a/D part/N of/I Interstate/N Highway/N 880/N in/I _OOV_/N ./.
People/N had/V died/N ./.
At/N _OOV_/N p.m./N ,/, scheduled/N game/N time/N having/N passed/N ,/, some/D fans/N _OOV_/N ``/` Let/N 's/P _OOV_/N Ball/N ./. ''/'
No/N longer/N innocent/N ,/, they/P qualified/N as/I _OOV_/N ./.
The/D stadium/N was/V _OOV_/J _OOV_/N soon/N afterward/N ;/V the/D announcement/N ,/, made/V over/J police/N _OOV_/N ,/, cited/V the/D power/N _OOV_/N ,/, but/C it/P later/N was/V _OOV_/N that/W there/V also/R had/V been/V damage/N of/I the/D sort/N reported/V by/I my/N friend/N ./.
_OOV_/N ,/, I/P _OOV_/N two/N young/N men/N _OOV_/N blocks/N of/I _OOV_/N ./.
``/` _OOV_/N of/I _OOV_/N ,/, ''/' they/P said/V ./.
The/D crowd/N remained/N good/N _OOV_/N ,/, even/N _OOV_/N ./.
TV/N reporters/N interviewed/N fans/N in/I the/D parking/N lots/N while/N ,/, a/D few/J feet/N away/N ,/, others/N watched/V the/D interviews/N on/I their/P _OOV_/N TVs/N ./.
The/D only/J _OOV_/N I/N saw/N was/V commercial/J :/N _OOV_/N selling/N World/N Series/N _OOV_/N _OOV_/N and/C dated/N _OOV_/N were/V besieged/N by/I fledgling/N speculators/N who/N saw/N future/N profit/N in/I the/D items/N ./.
The/D traffic/N _OOV_/N out/N of/I the/D park/N was/V monumental/N ./.
It/P took/N me/V a/D half-hour/N to/T move/V 10/J feet/N from/I my/N parking/N spot/N in/I an/D _OOV_/N lot/V to/T an/D _OOV_/N ,/, and/C an/D additional/N hour/V to/T reach/V an/D inner/N roadway/V a/D _OOV_/N away/N ./.
The/D _OOV_/N trip/V to/T my/V _OOV_/J hotel/N that/I had/J taken/N 20/N minutes/N earlier/N in/I the/D day/N took/N more/N than/I three/J hours/N ./.
At/N my/N hotel/N ,/, the/D _OOV_/N ,/, power/N was/V out/R ,/, some/D _OOV_/N _OOV_/N had/V _OOV_/J loose/N and/C there/N had/V been/V water/J damage/N ,/, but/C little/N else/N ./.
With/N _OOV_/N _OOV_/N ,/, a/D hotel/N across/V the/D street/N ,/, the/D _OOV_/N ,/, had/V been/V hit/J harder/N :/N A/N large/N sheet/N of/I its/P _OOV_/N _OOV_/N and/C several/N _OOV_/N _OOV_/N were/V _OOV_/J away/N ./.
The/D _OOV_/N staff/N had/N ,/, _OOV_/N ,/, set/N out/N _OOV_/N _OOV_/N in/I the/D _OOV_/N ,/, prepared/V a/D _OOV_/N _OOV_/N and/C passed/N around/N pillows/N and/C _OOV_/N ./.
I/P fell/J _OOV_/N on/I the/D _OOV_/N floor/N ,/, next/V to/T a/D man/N wearing/V a/D Chicago/N _OOV_/N _OOV_/N ./.
I/P expected/V him/V to/T say/V ,/, ``/` I/P told/N you/N so/N ,/, ''/' but/V he/P already/N was/V _OOV_/N ./.
The/D _OOV_/N consensus/N was/V that/I the/D earthquake/N made/V the/D World/N Series/N seem/N unimportant/N ./.
My/N response/N was/V that/I sports/N rarely/N are/V important/N ,/, only/N _OOV_/N ,/, and/C the/D quake/N merely/N _OOV_/N that/I fact/N ./.
Should/I the/D rest/N of/I the/D Series/N be/V played/N at/I all/N ?/.
The/D quake/N and/C baseball/N were/V n't/R related/V ,/, unlike/V the/D _OOV_/N of/I _OOV_/N that/W attended/V the/D 1972/N _OOV_/N ./.
That/N heavily/N _OOV_/N event/N learned/N nothing/N from/I the/D _OOV_/N experience/N ,/, and/C seems/N doomed/V to/T _OOV_/V it/P ./.
Two/N _OOV_/N _OOV_/N ./.
This/N has/V been/V widely/R dubbed/V the/D BART/N Series/N ,/, after/I the/D local/J subway/N line/N ,/, and/C the/D Bay/N Bridge/N Series/N ./.
_OOV_/N fly/N at/I _OOV_/N for/I the/D death/N of/I _OOV_/N _OOV_/N ,/, the/D late/J baseball/N commissioner/N ,/, and/C now/V the/D Bay/N Bridge/N lies/N in/I _OOV_/N ./.
A/D Series/N that/W was/V shaping/J up/N as/I the/D _OOV_/N since/I the/D _OOV_/N _OOV_/N _OOV_/N go/N of/I 1984/N has/V become/J memorable/N in/I the/D least/J _OOV_/N way/N ./.
Still/N ,/, its/P edge/N is/V lost/N ./.
It/P now/N will/M be/V played/J mostly/N for/I the/D record/N ,/, and/C should/N be/V _OOV_/J up/N as/I quickly/N as/I possible/N ,/, without/V ``/` off/J ''/N days/N ./.
And/N I/P will/M never/V again/J complain/N about/I a/D _OOV_/N ./.
The/D disarray/N in/I the/D junk-bond/N market/N that/I began/D last/J month/N with/I a/D credit/N crunch/N at/I Campeau/N Corp./N has/V offered/J commercial/N banks/V a/D golden/N opportunity/V to/T play/V a/D greater/N role/N in/I financing/N _OOV_/N takeovers/N ./.
But/C two/C big/J New/N York/N banks/N seem/V to/T have/V kicked/J those/N chances/N away/N ,/, for/I the/D moment/N ,/, with/I the/D embarrassing/N failure/N of/I _OOV_/N and/C Chase/N Manhattan/N Corp./N to/T deliver/V $/$ 7.2/C billion/C in/I bank/N financing/N for/I a/D leveraged/N buy-out/N of/I United/N Airlines/N parent/N UAL/N Corp/N ./.
For/N more/N than/I a/D decade/N ,/, banks/N have/V been/V pressing/J Congress/N and/C banking/N regulators/N for/I expanded/N _OOV_/V to/T act/V like/J securities/N firms/N in/I playing/N Wall/N Street/N 's/P lucrative/N takeover/N game/N ,/, from/I giving/N mergers/N advice/N all/V the/D way/N to/T selling/V and/C trading/N high-yield/N junk/N bonds/N ./.
Those/N expanded/N _OOV_/N reached/N their/N _OOV_/N in/I July/N when/N Bankers/N Trust/N New/N York/N Corp./N provided/N mergers/N advice/N ,/, an/D equity/N investment/N and/C bank/N loans/N for/I the/D $/$ _OOV_/C billion/C leveraged/N buy-out/N of/I _OOV_/N Airlines/N parent/N _OOV_/N Inc/N ./.
One/N of/I the/D major/J selling/N points/N used/N by/I Los/N Angeles/N financier/N Alfred/N _OOV_/N in/I getting/V the/D takeover/N approved/N was/V that/I the/D deal/N did/V n't/R include/J any/N junk/N bonds/N ./.
That/N was/V seen/N as/I an/D advantage/N in/I lobbying/N airline/N employees/N and/C Washington/N regulators/N for/I approval/N of/I the/D _OOV_/N takeover/N ./.
All/I $/$ _OOV_/C billion/C in/I debt/N for/I the/D deal/N was/V _OOV_/N by/I banks/N ./.
Charles/N _OOV_/N ,/, _OOV_/N of/I mergers/N and/C acquisitions/N at/I Salomon/N Brothers/N Inc./N ,/, says/V it/P is/V natural/N for/I banks/N to/T try/V to/T expand/V beyond/J their/N _OOV_/N business/N of/I providing/N senior/N debt/N for/I _OOV_/N ./.
But/C the/D UAL/N collapse/N ,/, he/P says/V ,/, ``/` may/J tell/N you/N it/P 's/V not/R going/V to/T work/V that/I _OOV_/N ./. ''/'
David/N _OOV_/N ,/, a/D mergers/N adviser/N in/I La/N _OOV_/N ,/, Calif./N ,/, who/W aided/V Los/J Angeles/N investor/N Marvin/N Davis/N on/I the/D bids/N which/N put/N both/N UAL/N and/C _OOV_/N in/I play/N as/I takeover/N candidates/V this/D year/N ,/, says/V that/I banks/N have/V been/V ``/` preparing/V to/T play/V a/D larger/N and/C larger/N role/N in/I acquisition/N financing/N ./. ''/'
Mr./N _OOV_/N says/V that/I in/I the/D past/N ,/, banks/N would/M normally/V have/V _OOV_/J 65/N %/N of/I a/D total/J buy-out/N price/N ,/, with/I the/D loans/N secured/N by/I the/D target/N company/N 's/P assets/N ./.
Another/N 20/N %/N of/I the/D borrowed/N funds/N would/M come/V from/I the/D sale/N to/T investors/V of/I junk/N bonds/N ,/, which/W offer/V less/J security/N and/C typically/N carry/N higher/N yields/N than/I bank/N loans/N ./.
Mr./N _OOV_/N 's/P purchase/N of/I _OOV_/N ,/, Mr./N _OOV_/N notes/N ,/, ``/` was/V probably/V the/D most/J aggressive/N to/T date/N ,/, ''/' with/I bank/N debt/N at/I 85/N %/N of/I the/D purchase/N price/N ./.
But/C Mr./N _OOV_/N says/V that/I _OOV_/N 's/P ``/` failure/V to/T deliver/V ''/' on/I its/P promise/V to/T raise/V the/D UAL/N bank/N debt/N for/I a/D labor-management/N buy-out/N group/N ``/` is/V very/R _OOV_/V to/T potential/V users/N of/I a/D `/N _OOV_/N '/N letter/N from/I commercial/N banks/N ./. ''/'
His/N client/N ,/, Mr./N Davis/N ,/, used/V just/R such/V a/D letter/N from/I _OOV_/N in/I _OOV_/N UAL/N ;/N _OOV_/N later/N agreed/V to/T work/V with/I a/D competing/N UAL/N buy-out/N group/N ./.
Executives/N of/I _OOV_/N and/C Chase/N Manhattan/N declined/V to/T comment/V on/I either/V the/D UAL/N situation/N ,/, or/C on/I the/D changing/N nature/N of/I banks/N '/N role/N in/I financing/N takeovers/N ./.
In/I the/D wake/N of/I Campeau/N 's/P problems/N ,/, prices/N of/I junk/N bonds/N tumbled/N ,/, throwing/N into/N doubt/V the/D ability/N of/I corporate/N _OOV_/V to/T finance/V large/J takeovers/N with/I the/D help/N of/I junk/N bond/N sales/N ./.
Mark/N _OOV_/N ,/, senior/N managing/N director/N at/I Manufacturers/N _OOV_/N Trust/N Co./N ,/, says/V the/D _OOV_/N in/I junk/N bonds/N may/N yet/N open/V new/J business/N opportunities/V to/T banks/V in/I _OOV_/N takeovers/N ./.
But/C he/P warns/N that/I banks/N will/M have/V ``/` to/T have/V enough/J discipline/N ''/' not/V to/T make/V loans/N that/W are/V too/J risky/N ./.
In/I fact/N ,/, Manufacturers/N _OOV_/N said/V in/I its/P third-quarter/J earnings/N report/N that/I fees/N from/I _OOV_/N loans/V to/T other/J banks/N dropped/N 48/N %/N ,/, to/T $/$ 21/C million/C ./.
``/` We/P did/V n't/R take/J part/N in/I a/D lot/N of/I deals/N because/I their/P credit/N quality/N was/V poor/N ,/, ''/' says/V a/D bank/N spokesman/N ./.
James/N B./N Lee/N ,/, head/N of/I _OOV_/N and/C private/N _OOV_/N at/I Chemical/N Banking/N Corp./N ,/, said/V he/P believes/N banks/N can/N still/N make/V a/D _OOV_/N offer/N of/I _OOV_/N shopping/N for/I takeover/N finance/N ./.
As/N evidence/N ,/, he/P cites/N yesterday/N 's/P arrangement/N for/I the/D final/J financing/N of/I a/D $/$ 3/C billion/C bid/N for/I American/N Medical/N International/N Inc./N in/I which/J Chemical/N served/V as/R both/V the/D lead/N bank/N and/C an/D equity/N investor/N ./.
Beyond/I the/D current/J weakness/N in/I the/D junk/N bond/N market/N ,/, banks/N have/V another/J advantage/N over/N investment/N banks/N in/I financing/N _OOV_/N takeovers/N ./.
Arthur/N _OOV_/N Jr./N ,/, a/D takeover/N lawyer/N at/I Fried/N Frank/N Harris/N _OOV_/N &/N _OOV_/N ,/, notes/N that/I ``/` a/D political/N and/C emotional/N bias/N ''/' has/V developed/J against/N junk/N bonds/N ./.
One/N hostile/N _OOV_/N who/N deliberately/N avoided/N using/N junk/N bonds/N was/V Paramount/J Communications/N Inc./N in/I its/P initial/N offer/V to/T acquire/V Time/J Inc./N for/I $/$ _OOV_/C billion/C ,/, or/C $/$ 175/C a/D share/N ./.
A/D Paramount/N spokesman/N says/V that/I decision/N was/V based/V on/I the/D financial/N ,/, not/N political/N ,/, drawbacks/N of/I junk/N bonds/N ./.
But/C some/N observers/N believe/N Paramount/N Chairman/N Martin/N Davis/N wanted/V to/T avoid/V the/D possible/J _OOV_/N of/I being/N perceived/N as/I a/D corporate/J raider/N in/I his/P controversial/N bid/N for/I Time/N ./.
In/I the/D end/N ,/, Mr./N Davis/N used/N junk/N bonds/N so/N that/I he/P could/J raise/N Paramount/N 's/P bid/V to/T $/$ 200/C a/D share/N ./.
Some/N _OOV_/N _OOV_/N said/V the/D initial/J lower/N bid/N ,/, without/N junk/N bonds/N ,/, was/V a/D factor/N in/I his/P losing/V the/D company/N ./.
Time/N _OOV_/N Paramount/N by/I acquiring/N Warner/N Communications/N Inc/N ./.
The/D success/N of/I the/D _OOV_/N financing/N ,/, and/C the/D failure/N of/I the/D UAL/N deal/N ,/, also/R seem/V to/T highlight/V the/D important/J new/J role/N in/I takeover/N financing/N being/N played/N by/I Japanese/J banks/N ./.
Japanese/N banks/N accounted/N for/I 50/N %/N of/I the/D _OOV_/N bank/N debt/N ,/, according/V to/T a/D report/N by/I Transportation/N Secretary/N Samuel/N _OOV_/N ./.
But/C it/P was/V _OOV_/J rejection/N by/I Japanese/J banks/N that/I helped/N seal/V the/D _OOV_/N of/I the/D attempt/N to/T buy/V UAL/N ./.
_OOV_/N and/C Chase/N are/V attempting/V to/T put/V together/V a/D new/N ,/, lower/J bid/N ./.
_OOV_/N _OOV_/N ,/, chief/N economist/N of/I the/D Institute/N for/I Financial/N Affairs/N Inc./N ,/, a/D Tokyo/N research/N center/N on/I finance/N and/C economics/N ,/, says/V ,/, ``/` The/D junk/N bond/N market/N became/N very/N _OOV_/N ,/, and/C there/N 's/P a/D fear/N of/I a/D coming/N recession/N and/C the/D possible/J bankruptcy/N of/I _OOV_/N companies/N ./.
_OOV_/N Inc./N filed/N suit/N in/I federal/J court/N here/N ,/, _OOV_/N that/I a/D group/N that/I holds/N _OOV_/N %/N of/I its/P stock/N made/V ``/` false/N ,/, _OOV_/N and/C misleading/N ''/N statements/N in/I recent/J regulatory/N _OOV_/N and/C public/N announcements/N ./.
_OOV_/N 's/P complaint/N claims/N that/I the/D group/N ,/, led/N by/I investor/N Malcolm/N _OOV_/N _OOV_/N ,/, violated/N securities/N laws/N by/I failing/N to/T disclose/V plans/V to/T purchase/V 15/J %/N of/I the/D company/N 's/P shares/N outstanding/N and/C that/N when/V the/D required/N Hart-Scott-Rodino/N filing/N eventually/N was/V made/N ,/, it/P did/V n't/R disclose/V the/D group/N 's/P alleged/N earlier/N violation/N of/I the/D so-called/J _OOV_/N requirements/N of/I the/D law/N ./.
Mr./N _OOV_/N could/V n't/R immediately/V be/V reached/V to/T comment/V ./.
But/C when/N _OOV_/V last/J week/N publicly/N questioned/V the/D _OOV_/N of/I the/D group/N 's/P filing/N procedures/N ,/, the/D Rochester/N ,/, N.Y./N ,/, investor/N said/V ``/` we/P _OOV_/N with/I every/N law/N ,/, ''/' and/C he/P denied/N any/N _OOV_/N ./.
The/D _OOV_/N group/N said/V in/I a/D Securities/N and/C Exchange/N Commission/N filing/N in/I early/J October/N that/I it/P may/M seek/V a/D controlling/N interest/N in/I _OOV_/N ,/, or/C seek/N representation/N on/I the/D company/N 's/P board/N ./.
_OOV_/N has/V said/V it/P does/V n't/R intend/V to/T be/V acquired/V by/I the/D _OOV_/N group/N or/C any/D other/J party/N ./.
Inland/N Steel/N Industries/N Inc./N ,/, battered/N by/I lower/J volume/N and/C higher/N costs/N ,/, posted/V a/D 75/N %/N drop/N in/I third-quarter/J earnings/N ./.
The/D nation/N 's/P _OOV_/N steelmaker/N earned/V $/$ _OOV_/C million/C ,/, or/C 43/N cents/V a/D share/N ,/, compared/V with/I $/$ 61/C million/C ,/, or/C $/$ _OOV_/C a/D share/N ,/, a/D year/N earlier/N ,/, when/V the/D industry/N was/V _OOV_/J peak/N demand/N and/C strong/N pricing/N ./.
Sales/N fell/V to/T $/$ _OOV_/C million/C from/I $/$ 1.02/C billion/C ./.
The/D earnings/N also/R mark/V a/D significant/J drop/N from/I the/D second/J quarter/N 's/P $/$ _OOV_/C million/C or/C $/$ 1.25/C a/D share/N ./.
Moreover/N ,/, the/D earnings/N were/V well/J below/N analysts/N '/N expectations/N of/I about/I $/$ _OOV_/C a/D share/N ./.
In/I composite/J trading/N on/I the/D New/N York/N Stock/N Exchange/N ,/, Inland/N closed/N yesterday/N at/I $/$ _OOV_/C a/D share/N ,/, down/I $/$ 1/C ./.
The/D company/N attributed/V the/D earnings/N drop/V to/T lower/V volume/N related/V to/T seasonal/V demand/N and/C the/D soft/N consumer/N durable/N market/N ,/, especially/N in/I the/D automotive/J sector/N ./.
However/N ,/, the/D company/N also/N lost/N orders/N because/N of/I prolonged/N labor/N talks/N in/I the/D second/J quarter/N ./.
Third-quarter/N shipments/N slipped/N 7/N %/N from/I the/D year-ago/J period/N ,/, and/C 17/N %/N from/I this/D year/N 's/P second/J quarter/N ./.
Profit/N of/I steel/N shipped/N for/I the/D company/N 's/P steel/N segment/N slid/V to/T $/$ 26/C a/D ton/N ,/, from/I $/$ 66/C a/D ton/N a/D year/N earlier/N and/C $/$ 57/C a/D ton/N a/D quarter/N earlier/N ./.
Analysts/N noted/N that/I the/D disappointing/N results/N do/V n't/R reflect/V lower/J prices/N for/I steel/N products/N ./.
Charles/N Bradford/N ,/, an/D analyst/N with/I Merrill/N Lynch/N Capital/N Markets/N ,/, said/V higher/J prices/N for/I _OOV_/N and/C _OOV_/N products/N offset/N lower/N prices/N for/I bar/N ,/, _OOV_/N and/C _OOV_/N steel/N ./.
_OOV_/N steel/N ,/, which/W primarily/V serves/V the/D construction/N market/N ,/, was/V especially/J hurt/N by/I a/D 15/J %/N price/N drop/N ,/, Mr./N Bradford/N said/V ./.
The/D company/N said/V its/P integrated/N steel/N sector/N was/V also/R hurt/V by/I higher/J raw/N material/N ,/, repair/N and/C maintenance/N ,/, and/C labor/N costs/N ./.
The/D increased/N labor/N costs/N became/N effective/N Aug./N 1/N under/N terms/N of/I the/D four-year/N labor/N agreement/N with/I the/D United/N _OOV_/N union/N ./.
Meanwhile/N ,/, the/D company/N 's/P service/N center/N segment/N ,/, which/W saw/V operating/J profit/N drop/V to/T $/$ 11.5/C million/C from/I $/$ _OOV_/C million/C a/D year/N ago/N ,/, experienced/N much/N of/I the/D same/J demand/N and/C cost/N problems/N ,/, as/I well/N as/I start-up/N costs/N associated/N with/I a/D _OOV_/N _OOV_/N facility/N in/I Chicago/N and/C an/D _OOV_/N computer/N information/N system/N ./.
Inland/N Chairman/N Frank/N W./N _OOV_/N said/V the/D company/N 's/P short-term/N outlook/N is/V ``/` _OOV_/N by/I uncertainties/N in/I the/D economy/N and/C financial/N markets/N ./. ''/'
However/N ,/, he/P noted/N that/I steel/N mill/N _OOV_/N are/V up/R from/I early/J summer/N levels/N ,/, and/C that/I he/P expects/V the/D company/N to/T improve/V its/P cost/N performance/N in/I the/D fourth/J quarter/N ./.
In/I the/D first/J nine/N months/N ,/, profit/N was/V $/$ 113/C million/C ,/, or/C $/$ _OOV_/C a/D share/N ,/, on/I sales/N of/I $/$ _OOV_/C billion/C ,/, compared/V with/I $/$ _OOV_/C million/C ,/, or/C $/$ _OOV_/C a/D share/N ,/, on/I sales/N of/I $/$ _OOV_/C billion/C ,/, a/D year/N earlier/N ./.
The/D ``/` _OOV_/J ''/N activity/N of/I a/D financial/J market/N bears/V a/D _OOV_/N to/T the/D _OOV_/N activity/N of/I the/D earth/N ./.
When/N things/N are/V quiet/J -LRB-/N low/N volatility/N -RRB-/N ,/, the/D _OOV_/N on/I which/J markets/N stand/N can/N be/V relatively/J inefficient/N and/C still/N _OOV_/N their/N functions/N _OOV_/N ./.
However/N ,/, when/N powerful/N forces/N start/N _OOV_/V the/D market/N 's/P structure/N ,/, the/D more/J ``/N _OOV_/N ''/' it/P is/V ,/, the/D better/N its/P chance/N for/I _OOV_/N ./.
America/N 's/P financial/J markets/N do/V not/R yet/V have/V all/V the/D required/N modern/N features/N required/V to/T make/V them/J fully/N ``/` _OOV_/N ./. ''/'
Investors/N lack/N equal/N access/V to/T the/D markets/N '/N trading/N _OOV_/N and/C its/P information/N ./.
That/N _OOV_/N lack/N is/V crucial/J because/N investors/N are/V the/D only/J source/N of/I market/N liquidity/N ./.
And/N liquidity/N is/V what/J markets/N need/V to/T damp/V _OOV_/N and/C _OOV_/N ./.
In/I today/N 's/P markets/N ,/, specialists/N -LRB-/N on/I the/D New/N York/N Stock/N Exchange/N -RRB-/N and/C ``/` _OOV_/J ''/N market/N makers/N -LRB-/N in/I the/D over-the-counter/N market/N -RRB-/N are/V the/D only/J market/N participants/N allowed/V to/T play/V a/D direct/J role/N in/I the/D _OOV_/N process/N ./.
When/N they/P _OOV_/N trading/N ,/, all/N market/N liquidity/N is/V gone/N ./.
And/N when/N any/N _OOV_/N of/I the/D market/N --/N cash/N ,/, futures/N or/C options/N --/N loses/N liquidity/N ,/, the/D price/N discovery/N system/N -LRB-/V the/D way/N prices/N are/V determined/J -RRB-/N becomes/N _OOV_/N or/N is/V lost/J entirely/N for/I a/D time/N ./.
Last/N Friday/V the/D _OOV_/N -LRB-/N as/I well/N as/I two/C years/N ago/V this/D week/N -RRB-/V the/D markets/N became/N _OOV_/N ./.
When/N that/I happened/N ,/, ``/` _OOV_/J ''/N _OOV_/N of/I fear/N --/N much/N like/V the/D shock/N waves/N created/N by/I an/D earthquake/N --/N _OOV_/N through/I the/D market/N and/C increased/V the/D market/N 's/P volatility/N ./.
_OOV_/N of/I important/N ,/, needed/N information/N can/N cause/N fear/N ./.
_OOV_/N is/V the/D father/N of/I _OOV_/N ./.
_OOV_/N frequently/N results/N in/I _OOV_/N behavior/N ./.
And/N in/I financial/J markets/N ,/, _OOV_/N behavior/N is/V sometimes/J _OOV_/N into/N catastrophe/N ./.
When/N market/N _OOV_/N start/N ,/, it/P is/V crucial/N that/I as/I much/J information/N about/I transaction/N prices/N and/C the/D _OOV_/N curve/N -LRB-/N buy/N and/C sell/N orders/N at/I various/N prices/N -RRB-/N be/V made/V available/V to/T all/V ,/, not/R just/V to/T market/N makers/N ./.
Because/N of/I a/D lack/N of/I information/N and/C access/N ,/, many/J investors/N --/N including/V the/D very/J ones/N whose/N buying/N power/N could/N restore/N stability/N and/C damp/N volatility/N --/N are/V forced/V to/T stand/V on/I the/D _OOV_/N when/N they/P are/V most/J needed/N ,/, because/N of/I their/P ignorance/N of/I important/J market/N information/N ./.
To/N add/N _OOV_/N power/V to/T America/V 's/P markets/N ,/, a/D modern/N ,/, electronic/N trading/N system/N should/N be/V implemented/N that/I permits/N equal/N access/V to/T the/D trading/N _OOV_/N -LRB-/N and/C the/D information/N that/I would/J automatically/N _OOV_/V such/J access/N -RRB-/N by/I investors/N --/N particularly/N institutional/N investors/N ./.
_OOV_/N to/T some/D opinions/N ,/, the/D trading/N activities/N of/I specialists/N and/C other/J market/N makers/N do/V not/R provide/V liquidity/V to/T the/D market/N as/I a/D whole/N ./.
What/N market/N makers/N provide/N is/V _OOV_/N ,/, a/D very/J valuable/N service/N ./.
_OOV_/N is/V not/R a/D service/N ./.
It/P is/V a/D market/N _OOV_/N --/: the/D ability/N to/T absorb/V selling/J orders/N without/N causing/N significant/N price/N changes/N in/I the/D absence/N of/I news/N ./.
Market/N makers/N buy/N what/N investors/N wish/V to/T sell/V ;/J their/N business/N is/V _OOV_/J these/N unwanted/N positions/N as/I quickly/N as/I possible/N to/T other/J investors/N ,/, and/C at/I a/D profit/N ./.
As/I a/D result/N ,/, while/N any/N one/N customer/N may/N purchase/N _OOV_/N by/I selling/N to/T a/D market/N maker/N -LRB-/N which/W is/V _OOV_/N for/I the/D investor/N -RRB-/N ,/, the/D market/N as/I a/D whole/N remains/N in/I the/D same/J circumstances/N it/P was/V before/I the/D transaction/N :/V The/D unwanted/N position/N is/V still/V an/D unwanted/N position/N ;/N only/V the/D _OOV_/N of/I the/D seller/N has/V changed/N ./.
In/I fact/N it/P can/M be/V argued/N that/I increasing/N capital/N commitments/N by/I market/N makers/N -LRB-/V a/D result/N of/I some/D _OOV_/N crash/N studies/N -RRB-/V also/R increases/J market/N volatility/N ,/, since/V the/D more/J securities/N are/V held/N by/I market/N makers/N at/I any/J given/N time/N ,/, the/D more/J selling/N pressure/N is/V overhanging/V the/D market/N ./.
In/I an/D open/J electronic/N system/N ,/, any/N investor/N _OOV_/V to/T pay/V for/I _OOV_/N access/V to/T the/D trading/N _OOV_/N through/I a/D registered/N broker-dealer/N would/M be/V able/V to/T see/V the/D _OOV_/N _OOV_/N curve/N -LRB-/N buy/N and/C sell/N orders/N at/I each/N price/N -RRB-/N entered/N by/I dealers/N and/C investors/N alike/N ,/, and/C to/T enter/V and/C _OOV_/N orders/N ./.
_OOV_/N quotations/N would/M reflect/V the/D combined/N financial/N judgment/N of/I all/J market/N participants/N --/: not/R just/J those/N of/I intermediaries/N who/N become/N extremely/N _OOV_/N during/N times/N of/I crisis/N ./.
Investors/N and/C professionals/N alike/N would/M compete/V on/I the/D level/N playing/N field/N Congress/N sought/N and/C called/V a/D ``/` national/J market/N system/N ''/' -LRB-/V not/R yet/J achieved/N -RRB-/N almost/N 15/N years/N ago/N when/N it/P passed/V the/D Securities/N Reform/N Act/N of/I _OOV_/N ./.
Last/N Friday/N 's/P market/N _OOV_/N did/V not/R result/V in/I severe/N ``/` _OOV_/N ./. ''/'
_OOV_/N we/N smart/N or/C just/N lucky/N ?/.
I/P 'm/N not/N certain/N ./.
But/C I/N am/N sure/N we/N need/V to/T maximize/V our/V ``/` earthquake/J ''/N protection/N by/I making/N certain/N that/I our/N market/N _OOV_/N let/N investors/N add/N their/N _OOV_/N _OOV_/N power/V to/T our/V nation/V 's/P markets/N ./.
Mr./N _OOV_/N is/V chairman/N of/I his/P own/J consulting/N company/N in/I _OOV_/N ,/, N.J/N ./.
_OOV_/N _OOV_/N _OOV_/N _OOV_/N ,/, now/N you/N do/V n't/R ./.
The/D recession/N ,/, that/W is/V ./.
The/D economy/N 's/P _OOV_/N steps/N leave/N investors/N _OOV_/N whether/N things/N are/V slowing/J down/N or/C _OOV_/N up/N ./.
So/N often/N are/V government/N statistics/N revised/N that/I they/P seem/V to/T _OOV_/V a/D _OOV_/N weather/N _OOV_/N ./.
For/I the/D past/J seven/N years/N ,/, investors/N have/V had/V the/D wind/N at/I their/P _OOV_/N ,/, in/I the/D form/N of/I a/D generally/N growing/N economy/N ./.
Some/N may/N have/V forgotten/N --/: and/C some/N younger/N ones/N may/N never/N have/V experienced/J --/N what/N it/P 's/P like/V to/T invest/V during/I a/D recession/N ./.
_OOV_/N tactics/N are/V called/V for/I ,/, as/I losing/N money/N becomes/N easier/N and/C making/N money/N becomes/N tougher/N ./.
For/N those/N investors/N who/N believe/N --/: or/C fear/N --/N that/I 1990/N will/M be/V a/D recession/N year/N ,/, many/J economists/N and/C money/N managers/N agree/N on/I steps/N that/I can/N be/V taken/V to/T lower/V the/D risks/N in/I a/D portfolio/N ./.
In/I a/D _OOV_/N ,/, _OOV_/N _OOV_/N investors/N who/W expect/V a/D slowdown/N to/T hold/V fewer/J stocks/N than/I usual/N and/C to/T favor/V shares/N of/I big/J companies/N in/I ``/` defensive/J ''/N industries/N ./.
A/D heavy/J dose/N of/I cash/N is/V _OOV_/N ,/, along/N with/I a/D _OOV_/N _OOV_/V to/T bonds/V --/J _OOV_/N government/N bonds/N ./.
It/I 's/P _OOV_/V to/T think/V these/J defensive/N steps/N can/N be/V delayed/R until/V a/D recession/N is/V clearly/N at/I hand/N ./.
But/N that/I may/J not/N be/V possible/N ,/, because/I _OOV_/N often/N take/N investors/N by/I surprise/N ./.
``/` They/J always/N seem/V to/T come/V a/D bit/N later/N than/I you/J expect/N ./.
When/N they/P do/V hit/N ,/, they/P hit/N fast/N ,/, ''/' says/V David/J A./N _OOV_/N ,/, chief/N financial/N economist/N at/I the/D Data/N Resources/N division/N of/I McGraw-Hill/N Inc/N ./.
Though/N he/P himself/N does/V n't/R expect/V a/D recession/N soon/N ,/, Mr./N _OOV_/N advises/N people/N who/W do/V that/I ``/` the/D best/N thing/V to/T be/V in/I is/V long/N that/W is/V ,/, _OOV_/V to/T 30-year/V Treasury/J bonds/N ./. ''/'
The/D reason/N is/V simple/N ,/, Mr./N _OOV_/N says/V :/R ``/` Interest/J rates/N almost/N always/N decline/N during/N recession/N ./. ''/'
As/N surely/N as/I a/D _OOV_/N _OOV_/N ,/, falling/N interest/N rates/N force/N up/I the/D price/N of/I previously/N issued/N bonds/N ./.
They/N are/V worth/J more/N because/I they/P pay/V higher/J interest/N than/I newly/N issued/N bonds/N do/N ./.
That/N effect/N holds/N true/N for/I both/N short-term/N and/C long-term/N bonds/N ./.
But/C short-term/N bonds/N ca/V n't/R rise/J too/N much/N ,/, because/I everyone/N knows/N they/P will/M be/V redeemed/N at/I a/D _OOV_/N price/N fairly/N soon/N ./.
_OOV_/N bonds/N ,/, with/I many/J years/N left/N before/N maturity/N ,/, swing/V more/J widely/N in/I price/N ./.
But/C not/N just/N any/N bonds/N will/M do/V ./.
Corporate/N bonds/N ``/` are/V usually/R not/V a/D good/J _OOV_/N in/I a/D recession/N ,/, ''/' Mr./N _OOV_/N says/V ./.
As/N times/N get/N tougher/N ,/, investors/N _OOV_/N about/I whether/N companies/N will/M have/V enough/J money/N to/T pay/V their/P debts/N ./.
This/N _OOV_/V the/D price/N of/I corporate/J bonds/N ./.
Also/N ,/, he/P notes/N ,/, ``/` most/J corporate/N bonds/N are/V _OOV_/N ./. ''/'
That/N means/N that/I a/D corporation/N ,/, after/I a/D _OOV_/N amount/N of/I time/N has/V passed/N ,/, can/N buy/N back/N its/P bonds/N by/I paying/N investors/V the/D face/N value/N -LRB-/N plus/N ,/, in/I some/D cases/N ,/, a/D _OOV_/N -RRB-/N ./.
When/N interest/N rates/N have/V dropped/N ,/, it/P makes/N sense/N for/I corporations/N to/T do/V just/R that/I ;/N they/P then/N save/N on/I interest/N costs/N ./.
But/C the/D investors/N are/V left/J _OOV_/N with/I money/N to/T _OOV_/V at/I a/D time/N when/N interest/N rates/N are/V _OOV_/N ./.
If/N corporate/N bonds/N are/V bad/N in/I _OOV_/N ,/, junk/N bonds/N are/V likely/V to/T be/V the/D worst/N of/I all/N ./.
It/P 's/V an/D ``/` _OOV_/J necessity/N ''/' to/T get/V out/R of/I junk/N bonds/N when/V a/D recession/N is/V in/I the/D _OOV_/N ,/, says/V _OOV_/J _OOV_/N ,/, professor/N of/I finance/N at/I Cornell/N University/N ./.
``/` Such/J bonds/N are/V very/R sensitive/V to/T the/D downside/N ,/, and/C this/N could/N be/V a/D disaster/N ./. ''/'
Municipal/N bonds/N are/V generally/V a/D bit/N safer/N than/I corporate/J bonds/N in/I a/D recession/N ,/, but/C not/N as/I safe/N as/I bonds/N issued/N by/I the/D federal/J government/N ./.
During/I an/D economic/J slump/N ,/, local/N tax/N revenues/N often/N go/N down/N ,/, raising/V the/D risks/N associated/N with/I at/I least/J some/N _OOV_/N ./.
And/N ,/, like/N corporates/N ,/, many/J municipal/N bonds/N are/V _OOV_/N ./.
But/C a/D few/J experts/N ,/, going/V against/I the/D consensus/N ,/, do/V n't/R think/J bonds/N would/N help/N investors/N even/N if/I a/D recession/N is/V in/I the/D _OOV_/N ./.
One/N of/I these/N is/V Jeffrey/J L./N _OOV_/N ,/, director/N of/I research/N for/I _OOV_/N _OOV_/N &/N Co./N ,/, a/D brokerage/N house/N in/I Houston/N ,/, who/W _OOV_/V that/I ``/` we/P 're/N either/N in/I a/D recession/N or/C about/N to/T go/V into/J one/N ./. ''/'
What/N 's/P more/N ,/, he/P _OOV_/V this/D could/N be/V a/D _OOV_/N recession/N than/I usual/N :/: ``/` Once/V the/D downturn/N comes/N ,/, it/P 's/P going/V to/T be/V very/R hard/V to/T reverse/V ./. ''/'
Investors/N ,/, he/P advises/N ,/, ``/` should/P be/V cautious/N ,/, ''/' holding/J fewer/N stocks/N than/I usual/N and/C also/N _OOV_/N bonds/N ./.
Because/N he/P sees/V ``/` 5/J %/N to/T 6/V %/N base/N rate/N of/I inflation/N in/I the/D economy/N ,/, ''/' he/P doubts/N that/I interest/N rates/N will/M fall/V much/J any/N time/N soon/N ./.
Instead/N ,/, Mr./N _OOV_/N says/V ,/, investors/N ``/` probably/J should/N be/V carrying/V a/D very/J high/N level/N of/I cash/N ,/, ''/' by/I which/N he/P means/V such/J so-called/N cash/N _OOV_/N as/I _OOV_/N funds/N and/C Treasury/N bills/N ./.
_OOV_/N _OOV_/N ,/, president/N of/I _OOV_/N Financial/N Inc./N in/I _OOV_/N ,/, Pa./N ,/, also/R _OOV_/V that/I investors/N go/N heavily/N for/I cash/N ./.
He/P is/V n't/R sure/V a/D recession/N is/V coming/N ,/, but/C says/V the/D other/J likely/N alternative/N --/N _OOV_/N inflation/N --/N is/V just/R as/I bad/N ./.
``/` This/J late/N in/I an/D expansion/N ,/, ''/' the/D economy/N tends/V to/T _OOV_/V off/J either/N into/N damaging/N inflation/N or/C into/I a/D recession/N ,/, Mr./N _OOV_/N says/V ./.
The/D Federal/N Reserve/N Board/N 's/P plan/N for/I a/D ``/` soft/J landing/N ,/, ''/' he/P says/V ,/, requires/V the/D Fed/N to/T _OOV_/V ``/` an/D _OOV_/N corridor/N ./. ''/'
A/D soft/N landing/N is/V n't/R something/V that/I can/N be/V achieved/J once/N and/C for/I all/N ,/, Mr./N _OOV_/N adds/N ./.
It/P has/V to/T be/V engineered/J over/N and/C over/N again/N ,/, month/N after/N month/N ./.
He/N believes/N that/I the/D task/N facing/N Fed/N Chairman/N Alan/N Greenspan/N is/V so/J difficult/N that/I it/P resembles/V ``/` _OOV_/V a/D _OOV_/N _OOV_/N and/C a/D _OOV_/N saw/N ./. ''/'
And/N ,/, in/I a/D sense/N ,/, that/I 's/P the/D kind/N of/I task/N individuals/N face/N in/I _OOV_/N what/V to/T do/V about/I stocks/N --/: the/D mainstay/N of/I most/J serious/N investors/N '/N portfolios/N ./.
It/P comes/N down/V to/T a/D question/N of/I whether/N to/T try/V to/T ``/` time/N ''/' the/D market/N ./.
For/N people/N who/N can/N ride/N out/N market/N waves/N through/N good/N times/N and/C bad/N ,/, stocks/N have/V been/V _OOV_/J long-term/N investments/N ./.
Most/N studies/N show/N that/I _OOV_/N investors/N historically/N have/V earned/V an/D annual/J return/N from/I stocks/N of/I 9/N %/N to/T 10/V %/N ,/, including/N both/N dividends/N and/C price/N appreciation/N ./.
That/N 's/P well/J above/N what/N bonds/N or/C bank/N certificates/N have/V paid/N ./.
Moreover/N ,/, because/I no/N one/N knows/N for/I sure/J just/N when/V a/D recession/N is/V coming/N ,/, some/D analysts/N think/N investors/N should/V n't/R even/J worry/N too/N much/N about/I timing/N ./.
``/` _OOV_/V to/T time/V the/D economy/N is/V a/D mistake/N ,/, ''/' says/V David/J Katz/N ,/, chief/N investment/N officer/N of/I Value/N _OOV_/N Management/N Inc./N in/I New/N York/N ./.
Mr./N Katz/N notes/N that/I some/D economists/N have/V been/V predicting/V a/D recession/N for/I at/I least/J two/N years/N ./.
Investors/N who/N listened/N ,/, and/C _OOV_/N up/N on/I stocks/N ,/, ``/` have/V just/R hurt/J themselves/N ,/, ''/' he/P says/V ./.
Mr./N Katz/N adds/N that/I people/N who/N jump/N in/I and/C out/N of/I the/D stock/N market/N need/V to/T be/V right/J about/N 70/N %/N of/I the/D time/N to/T beat/V a/D _OOV_/N strategy/N ./.
_OOV_/N trading/N runs/N up/N high/N commission/N costs/N ./.
And/I the/D _OOV_/N might/N _OOV_/V the/D sudden/N _OOV_/N that/I account/N for/I much/N of/I the/D stock/N market/N 's/P gains/N over/N time/N ./.
Still/N ,/, few/N investors/N are/V able/V to/T sit/V _OOV_/J when/N they/P are/V convinced/V a/D recession/N is/V coming/N ./.
After/N all/N ,/, in/I all/J five/N _OOV_/N since/N _OOV_/N ,/, stocks/N declined/N ./.
According/N to/T _OOV_/V Davis/N ,/, president/N of/I _OOV_/N Davis/N Research/N Inc./N in/I _OOV_/N ,/, _OOV_/N ,/, the/D average/J drop/N in/I the/D Dow/N Jones/N Industrial/N Average/N was/V about/R 21/J %/N ,/, and/C the/D decrease/N began/V an/D average/N of/I six/N months/N before/I a/D recession/N officially/N started/N ./.
By/I the/D time/N a/D recession/N is/V ``/` official/J ''/N -LRB-/N two/N consecutive/N quarters/N of/I declining/N gross/N national/N product/N -RRB-/N ,/, much/N of/I the/D damage/N to/T stocks/V has/V already/R been/V _OOV_/N ,/, in/I the/D typical/N case/N ,/, the/D recession/N is/V already/J half/N over/N ./.
About/N six/N months/N before/I a/D recession/N ends/N ,/, stocks/N typically/N begin/V to/T rise/V again/N ,/, as/I investors/N anticipate/V a/D recovery/N ./.
The/D average/J recession/N _OOV_/N about/I a/D year/N ./.
Unfortunately/N ,/, though/N ,/, _OOV_/N vary/N enough/N in/I _OOV_/N so/N that/I the/D average/N ca/V n't/R _OOV_/V be/V used/V to/T guide/V investors/N in/I timing/N stock/N sales/N or/C purchases/N ./.
But/C whatever/N their/N advice/N about/I timing/N ,/, none/N of/I these/N experts/N _OOV_/N _OOV_/N stocks/N entirely/N during/I a/D recession/N ./.
For/I the/D portion/N of/I an/D investor/N 's/P portfolio/N that/I _OOV_/N in/I stocks/N ,/, professionals/N have/V a/D number/N of/I _OOV_/N ./.
Mr./N Katz/N _OOV_/N issues/N with/I low/N _OOV_/N ratios/N --/: that/W is/V ,/, low/N prices/N in/I relation/N to/T the/D company/N 's/P earnings/N per/N share/N ./.
``/` _OOV_/J _OOV_/N ''/N stocks/N ,/, he/P says/V ,/, _OOV_/N _OOV_/N others/N ``/` during/I a/D recession/N or/C bear/N market/N ./. ''/'
In/I good/J times/N ,/, he/P says/V ,/, they/P lag/V a/D bit/N ,/, but/C overall/N they/P provide/N superior/N performance/N ./.
_OOV_/N _OOV_/N _OOV_/N investors/N to/T discard/V stocks/N in/I small/J companies/N ./.
_OOV_/N shares/N typically/N fall/N more/N than/I _OOV_/N stocks/N in/I a/D recession/N ,/, he/P says/V ./.
And/N in/I any/J case/N ,/, he/P argues/N ,/, stocks/N of/I small/J companies/N are/V ``/` almost/N as/I overpriced/N as/I they/P were/V Sept./J 30/N ,/, 1987/N ,/, just/R before/V the/D crash/N ./. ''/'
For/N example/N ,/, Mr./N _OOV_/N says/V ,/, stocks/N of/I small/J companies/N are/V selling/N for/I about/J 19/N times/N cash/N flow/N ./.
_OOV_/N flow/N ,/, _OOV_/N earnings/N plus/N depreciation/N ,/, is/V one/J common/N _OOV_/N of/I a/D company/N 's/P financial/J health/N ./. -RRB-/-
That/N ratio/N is/V _OOV_/R close/V to/T the/D ratio/N of/I _OOV_/N that/I prevailed/N before/I the/D 1987/J _OOV_/N crash/N ,/, Mr./N _OOV_/N says/V ./.
And/N it/P 's/P way/N above/V the/D ratio/N -LRB-/N _OOV_/N times/N cash/N flow/N -RRB-/N that/I bigger/N companies/N are/V selling/N for/I ./.
Another/D major/J _OOV_/N in/I making/V a/D portfolio/N _OOV_/N is/V choosing/J stocks/N in/I ``/` defensive/J ''/N industries/N ./.
Food/N ,/, _OOV_/N ,/, drugs/N and/C utilities/N are/V the/D classic/N examples/N ./.
Recession/N or/C not/N ,/, people/N still/N eat/N ,/, smoke/N ,/, and/C take/N medicine/N when/N they/P 're/N sick/N ./.
George/N _OOV_/N III/N ,/, editor/N of/I _OOV_/N _OOV_/N in/I Boston/N ,/, offers/N one/N final/N tip/N for/I _OOV_/N investors/N ./.
``/` _OOV_/J some/N money/N available/N for/I opportunities/N ,/, ''/' he/P says/V ./.
``/` If/I the/D recession/N does/N hit/N ,/, there/N will/M be/V some/D great/J investment/N opportunities/N just/N when/N things/N seem/V the/D _OOV_/N ./. ''/'
Mr./N Dorfman/N _OOV_/N investing/N issues/N from/I The/D Wall/N Street/N Journal/N 's/P New/N York/N bureau/N ./.
Some/N industry/N groups/N consistently/N weather/V the/D storm/N better/N than/I others/N ./.
The/D following/N shows/V the/D number/N of/I times/N these/N industries/N outperformed/V the/D Standard/N &/N Poor/N 's/P _OOV_/N Index/N during/I the/D first/J six/N months/N of/I the/D past/J seven/N _OOV_/N ./.
Bond/N prices/N posted/N strong/N gains/N as/I investors/N went/N on/I a/D bargain/N _OOV_/N ./.
But/N while/I the/D overall/N market/N improved/N ,/, the/D _OOV_/N junk-bond/N market/N continued/V to/T count/V _OOV_/N ,/, even/N as/I junk-bond/N prices/N rose/N ./.
Yesterday/N ,/, Prudential-Bache/N Securities/N Inc./N said/V it/P _OOV_/V a/D $/$ _OOV_/C million/C senior/N subordinated/N _OOV_/N offering/N by/I York/N International/N Corp/N ./.
And/N Donaldson/N ,/, Lufkin/N &/N Jenrette/N Securities/N Corp./N _OOV_/V to/T restructure/V and/C improve/V the/D potential/J returns/N on/I a/D $/$ _OOV_/C million/C _OOV_/N offering/N by/I Chicago/N &/N North/N Western/N Acquisition/N Corp./N that/W was/V still/J being/N negotiated/N late/V last/J night/N ./.
The/D issue/N by/I Chicago/N &/N North/N Western/N is/V one/N of/I the/D so-called/J good/N junk-bond/N offerings/N on/I the/D _OOV_/N _OOV_/N ./.
Some/N analysts/N said/V the/D restructuring/N of/I the/D railroad/N concern/N 's/P issue/N shows/N how/N tough/N it/P is/V for/I underwriters/N to/T sell/V even/V the/D junk/N bonds/N of/I a/D company/N considered/V to/T be/V a/D relatively/N good/N credit/N risk/N ./.
Since/D last/J week/N 's/P junk-bond/N market/N _OOV_/N ,/, many/V new/J issues/N of/I high-yield/N ,/, high-risk/N corporate/N bonds/N have/V either/R been/V scaled/J back/N ,/, delayed/N or/C dropped/N ./.
On/N Wednesday/N ,/, Drexel/N Burnham/N Lambert/N Inc./N had/V to/T _OOV_/V the/D size/N of/I Continental/N Airlines/N '/N junk-bond/N offering/V to/T $/$ 71/C million/C from/I $/$ 150/C million/C ./.
Salomon/N Brothers/N Inc./N has/V delayed/J Grand/N Union/N Co./N 's/P $/$ _OOV_/C billion/C junk-bond/N offering/N while/N it/P _OOV_/V the/D transaction/N ./.
Last/N week/N ,/, the/D Grand/N Union/N offering/N was/V sweetened/V to/T include/V warrants/N that/I allow/N _OOV_/V to/T acquire/V common/J stock/N ./.
Prudential-Bache/N said/V the/D York/N issue/N was/V delayed/J because/N of/I market/N conditions/N ./.
``/` _OOV_/N is/V going/J through/N _OOV_/N right/N now/N ,/, and/C -LCB-/N Chicago/N &/N North/N Western/N -RCB-/N is/V no/J _OOV_/N ,/, ''/' said/V _OOV_/J _OOV_/N ,/, vice/N president/N ,/, high-yield/N research/N ,/, at/I _OOV_/N ./.
_OOV_/N managers/N say/N _OOV_/N like/N equity/N _OOV_/N and/C _OOV_/N _OOV_/N _OOV_/N may/N increasingly/N be/V required/V to/T sell/V junk-bond/J deals/N ./.
Dan/N _OOV_/N ,/, managing/N director/N of/I high-yield/N investments/N at/I Chancellor/N Capital/N Management/N ,/, said/V the/D Chicago/N &/N North/N Western/N offering/N was/V restructured/N in/I part/N because/I ``/` several/J large/N insurance/N buyers/N right/N now/N are/V demanding/J equity/N as/I part/N of/I the/D package/N ./.
If/N you/N 're/N going/V to/T take/V the/D risk/N in/I this/D market/N ,/, you/N want/N something/N extra/N ./. ''/'
Mr./N _OOV_/N likes/V the/D offering/N ./.
But/C several/N mutual-fund/N managers/N ,/, nervous/N about/I the/D deteriorating/N quality/N of/I their/P junk-bond/N portfolios/N and/C _OOV_/N about/N buying/V new/J issues/N ,/, said/V they/P 're/N staying/N away/N from/I any/J junk/N security/N that/W is/V n't/R considered/V first/J rate/N for/I its/P class/N ./.
While/N they/P consider/V the/D Chicago/N &/N North/N Western/N issue/N to/T be/V good/N ,/, they/P do/V n't/R view/V it/P as/I the/D best/N ./.
To/N lure/N buyers/V to/T the/D Chicago/N &/N North/N Western/N bonds/N ,/, portfolio/N managers/N said/V Donaldson/J Lufkin/N sweetened/V the/D transaction/N by/I offering/V the/D bonds/N with/I a/D _OOV_/N interest/N rate/N and/C a/D 10/J %/N equity/N _OOV_/N ./.
The/D bonds/N are/V expected/V to/T have/V a/D 14/N %/N coupon/N rate/N ./.
The/D equity/N arrangement/N apparently/N would/M allow/V _OOV_/V to/T buy/V a/D total/N of/I 10/N %/N of/I the/D stock/N of/I _OOV_/N Corp./N ,/, Chicago/N &/N North/N Western/N 's/P parent/N company/N ./.
Donaldson/N Lufkin/N declined/V to/T comment/V on/I the/D restructuring/N ./.
According/N to/T some/D analysts/N familiar/N with/I the/D negotiations/N ,/, the/D 10/J %/N of/I equity/N would/N come/N directly/N from/I Donaldson/N Lufkin/N and/C a/D fund/N _OOV_/N with/I the/D investment/N bank/N _OOV_/N Group/N ,/, which/W would/M reduce/V their/P _OOV_/N equity/N holdings/N by/I 5/N %/N each/N ./.
That/N would/M leave/V the/D _OOV_/N fund/N with/I a/D 60/N %/N stake/N and/C Donaldson/N Lufkin/N with/I 15/N %/N ./.
Despite/I the/D problems/N with/I new/J issues/N ,/, high-yield/N bonds/N showed/N gains/N in/I the/D secondary/N ,/, or/C _OOV_/N ,/, market/N ./.
_OOV_/N bonds/N ended/N about/I one-half/N point/N higher/N with/I so-called/N high-quality/N issues/N from/I RJR/N Capital/N Holdings/N Corp./N and/C _OOV_/N Gas/N Service/N Limited/N _OOV_/N rising/N one/N point/N ./.
In/I the/D Treasury/N market/N ,/, the/D benchmark/N 30-year/N bond/N rose/N _OOV_/N point/N ,/, or/C $/$ 8.75/C for/I each/D $/$ 1,000/C face/N amount/N ./.
The/D gain/N reflects/N fresh/N economic/N evidence/N that/I inflation/N is/V _OOV_/N while/I the/D economy/N _OOV_/N ./.
That/N raised/N hopes/N that/I interest/N rates/N will/M continue/V to/T move/V lower/N ./.
The/D Labor/N Department/N reported/V that/I consumer/N prices/N rose/V just/J 0.2/N %/N last/N month/N ,/, slightly/N lower/N than/I some/D economists/N had/V expected/N ./.
But/C there/N were/V also/R rumors/J yesterday/N that/I several/J Japanese/N institutional/N investors/N were/V shifting/J their/N portfolios/N and/C buying/N long-term/N bonds/N while/N selling/N _OOV_/N Treasurys/N ./.
Short-term/N Treasury/N securities/N ended/N narrowly/N mixed/N ,/, with/I two-year/N notes/N _OOV_/N slight/N declines/N while/N _OOV_/N notes/N were/V slightly/J higher/N ./.
Yesterday/N ,/, the/D Fed/N executed/N four-day/N matched/N sales/N ,/, a/D technical/N trading/N operation/N designed/V to/T drain/V reserves/N from/I the/D banking/N system/N ./.
The/D move/N was/V interpreted/N by/I some/D economists/N as/I a/D sign/N that/I the/D Fed/N does/V n't/R want/V the/D federal/J funds/N rate/V to/T move/V any/J lower/N than/I the/D 8/N %/N at/I which/N it/P has/V been/V _OOV_/J around/N during/I the/D past/J week/N ./.
The/D closely/N watched/N funds/N rate/N is/V what/J banks/N charge/N each/N other/N on/I overnight/N loans/N ./.
It/P is/V considered/V an/D early/J _OOV_/N of/I Fed/N credit/N policy/N changes/N ./.
``/` The/D fact/N that/I they/P did/V four-day/J matched/N sales/N means/N they/P are/V not/R in/I a/D mood/N to/T ease/V aggressively/N ./.
They/N are/V telling/J us/N that/I -LCB-/N 8/N %/N -RCB-/N is/V as/I low/N as/I they/P want/V to/T see/V the/D fed/N funds/N rate/N ,/, ''/' said/V Robert/J _OOV_/N at/I _OOV_/N Bank/N PLC/N ./.
The/D benchmark/N 30-year/N bond/N was/V quoted/J late/N at/I a/D price/N of/I 101/N to/T yield/V _OOV_/J %/N ,/, compared/V with/I 100/N to/T yield/V _OOV_/J %/N Wednesday/N ./.
The/D latest/J 10-year/N notes/N were/V quoted/J late/N at/I 100/N to/T yield/V _OOV_/J %/N ,/, compared/V with/I 99/N to/T yield/V _OOV_/J %/N ./.
Short-term/N rates/N rose/N yesterday/N ./.
The/D discount/N rate/N on/I three-month/N Treasury/N bills/N rose/V to/T _OOV_/V %/N from/I _OOV_/N %/N Wednesday/N ,/, while/I the/D rate/N on/I six-month/N bills/N rose/V to/T _OOV_/V %/N from/I _OOV_/N %/N ./.
Meanwhile/N ,/, the/D Treasury/N sold/V $/$ _OOV_/C billion/C of/I _OOV_/N bills/N yesterday/N ./.
The/D average/J yield/N on/I the/D bills/N was/V _OOV_/J %/N ,/, down/N from/I _OOV_/N %/N at/I the/D previous/J _OOV_/N bill/N auction/N Sept./N 21/N ./.
Yesterday/N 's/P yield/N was/V the/D lowest/N since/N _OOV_/N %/N on/I July/N 27/N ./.
Here/N are/V details/N of/I the/D auction/N :/.
Rates/N are/V determined/N by/I the/D difference/N between/I the/D purchase/N price/N and/C face/N value/N ./.
Thus/N ,/, higher/J bidding/N narrows/V the/D investor/N 's/P return/N while/N lower/N bidding/N widens/N it/P ./.
The/D percentage/N rates/N are/V calculated/N on/I a/D 360-day/N year/N ,/, while/I the/D coupon-equivalent/N yield/N is/V based/V on/I a/D 365-day/N year/N ./.
_OOV_/N bond/N price/N climbed/N yesterday/N despite/N skittishness/N in/I the/D _OOV_/N market/N for/I high-yield/N securities/N ./.
Dealers/N said/V junk/N bond/N issues/N on/I average/N were/V up/R by/I to/T point/V with/I so-called/N quality/N issues/N from/I RJR/N Capital/N Holdings/N Corp./N and/C _OOV_/N Gas/N Service/N Limited/N _OOV_/N _OOV_/N _OOV_/N gains/N ./.
_OOV_/N Gas/N Service/N 's/P 13/N %/N debentures/N traded/N at/I 102/N ,/, after/I trading/N around/N par/N earlier/V this/D week/N ,/, and/C RJR/N 's/P 13/N %/N subordinated/N debentures/N of/I 2001/N were/V at/I 101/N after/N trading/N at/I below/N par/N earlier/V this/D week/N ./.
Investment-grade/N bonds/N were/V unchanged/N ./.
Activity/N was/V brisk/N in/I the/D _OOV_/N general/N _OOV_/N market/N ,/, as/I a/D series/N of/I sell/N lists/N hit/V the/D Street/N and/C capped/N upward/N price/N movement/N in/I the/D sector/N ./.
Traders/N estimated/N that/I more/N than/I $/$ 140/C million/C of/I _OOV_/N bonds/N was/V put/J up/N for/I sale/N via/N _OOV_/N lists/N _OOV_/N by/I a/D handful/N of/I major/J brokers/N ./.
There/N was/V speculation/N that/I the/D supply/N was/V coming/N from/I a/D commercial/J bank/N 's/P portfolios/N ./.
According/N to/T market/N participants/N ,/, the/D bonds/N were/V met/N with/I decent/N bids/N ,/, but/C the/D volume/N of/I paper/N left/N high/N _OOV_/N in/I the/D 10-year/N and/C under/N maturity/N range/N unchanged/V to/T _OOV_/V percentage/J point/N higher/N in/I yield/N ./.
_OOV_/N from/I the/D general/J _OOV_/N sector/N ,/, activity/N was/V modest/N ./.
Long/N dollar/N bonds/N were/V flat/V to/T up/V point/N ./.
New/N Jersey/N _OOV_/N Authority/N 's/P 7.20/N %/N issue/N of/I _OOV_/N was/V up/R at/I 98/N bid/V to/T yield/V about/R 7.32/J %/N ,/, down/N _OOV_/N percentage/N point/N ./.
The/D debt/N of/I some/D California/N issuers/N pulled/N off/N lows/N reached/N after/N Tuesday/N 's/P massive/N earthquake/N ,/, although/N traders/N said/V market/N participants/N remained/N cautious/N ./.
California/N expects/V to/T _OOV_/V on/I federal/J emergency/N funds/N and/C its/P $/$ _OOV_/C billion/C in/I general/J fund/N reserves/V to/T meet/V the/D estimated/N $/$ 500/C million/C to/T $/$ 1/C billion/C in/I damages/N resulting/N from/I the/D quake/N ,/, according/V to/T a/D state/N official/N ./.
It/I 's/P also/J unclear/N _OOV_/N how/V the/D state/N will/M _OOV_/V its/P reserve/N ,/, said/V _OOV_/J Katz/N ,/, assistant/N director/N of/I California/N 's/P department/N of/I finance/N ,/, although/N she/N noted/N that/I a/D bond/N offering/N for/I that/D purpose/N is/V n't/R anticipated/V ./.
Meanwhile/N ,/, new/J issuance/N was/V slow/N ./.
The/D largest/J sale/N in/I the/D competitive/N _OOV_/N was/V a/D $/$ _OOV_/C million/C issue/N of/I school/N financing/N bonds/N from/I the/D _OOV_/N Public/N School/N Authority/N ./.
A/D balance/N of/I $/$ _OOV_/C million/C remained/N in/I late/J _OOV_/N ,/, according/V to/T the/D lead/N manager/N ./.
Mortgage/N securities/N generally/N ended/V to/T point/V higher/N ,/, but/C _OOV_/N gains/N in/I the/D Treasury/N market/N because/N of/I a/D shift/N in/I the/D shape/N of/I the/D Treasury/N yield/N curve/N and/C rumored/N mortgage/N sales/N by/I thrifts/N ./.
_OOV_/N Government/N National/N Mortgage/N Association/N securities/N with/I coupon/N rates/N of/I 13/N %/N and/C higher/N actually/N declined/N amid/N concerns/N about/I increased/N prepayments/N because/N of/I a/D plan/N being/N considered/N by/I Congress/N to/T speed/V the/D _OOV_/N of/I _OOV_/N mortgages/N ./.
Ginnie/N Mae/N 13/N %/N securities/N were/V down/J about/N at/I _OOV_/N ./.
If/I the/D _OOV_/N plan/N _OOV_/N Congress/N ,/, there/N could/N be/V fairly/J heavy/N prepayments/N on/I the/D premium/N securities/N ,/, hurting/N any/N investor/N paying/N much/N above/N par/N for/I them/N ./.
In/I the/D _OOV_/N sector/N ,/, a/D shift/N in/I the/D Treasury/N yield/N curve/N resulting/N from/I the/D better/J performance/N of/I _OOV_/N issues/N over/N _OOV_/N securities/N hurt/N major/N _OOV_/N because/I it/P will/M become/V more/R difficult/V to/T structure/V new/J derivative/N securities/N offerings/N ./.
Ginnie/N Mae/N 9/N %/N securities/N ended/N at/I 98/N ,/, up/N 9/N ,/, 9/N %/N
%/N to/T a/D 12-year/N average/N life/N assumption/N ,/, as/I the/D spread/N above/V the/D Treasury/N 10-year/N note/N widened/N _OOV_/N percentage/N point/V to/T _OOV_/V ./.
While/N Remic/N issuance/N may/N slow/N in/I the/D coming/N days/N because/N of/I the/D shift/N in/I the/D Treasury/N yield/N curve/N ,/, underwriters/N continued/V to/T _OOV_/V out/R new/J real/N estate/N mortgage/N investment/N conduits/N structured/N when/V the/D yield/N curve/N was/V more/J favorable/N ./.
Two/D new/J _OOV_/N _OOV_/I $/$ 900/C million/C were/N announced/N by/I Freddie/N Mac/N yesterday/N ./.
British/N government/N bonds/N ended/N little/N changed/N as/I investors/N awaited/V an/D economic/J policy/N address/V last/J night/N by/I Chancellor/N of/I the/D _OOV_/N Nigel/N _OOV_/N ./.
The/D Treasury/N 11/N %/N bond/N due/N was/V down/R at/I 111/N to/T yield/V _OOV_/J %/N ,/, while/I the/D 11/J %/N notes/N due/N 1991/N were/V unchanged/N at/I 98/N to/T yield/V _OOV_/J %/N ./.
In/I Japan/N ,/, the/D bellwether/N No./N 111/N 4.6/N %/N bond/N of/I 1998/N ended/N off/N _OOV_/N at/I _OOV_/N ,/, to/T yield/V _OOV_/J %/N ,/, and/C in/I West/N Germany/N ,/, the/D 7/N %/N benchmark/N issue/N due/N October/N 1999/N ended/N _OOV_/N point/N lower/N at/I _OOV_/N to/T yield/V _OOV_/J %/N ./.
