``/W We/W 're/W strongly/W recommending/W that/W anyone/W who/W has/W eaten/W in/W the/W cafeteria/W this/W month/W have/W the/W shot/W ,/W ''/W Mr./W _OOV_/W added/W ,/W ``/W and/W that/W means/W virtually/W everyone/W who/W works/W here/W ./W
I/W was/W appalled/W to/W read/W the/W _OOV_/W of/W facts/W in/W your/W Oct./W 13/W editorial/W ``/W _OOV_/W 's/W _OOV_/W _OOV_/W ./W ''/W
It/W is/W the/W _OOV_/W guerrillas/W who/W are/W aligned/W with/W the/W drug/W traffickers/W ,/W not/W the/W left/W wing/W ./W
This/W information/W was/W gleaned/W from/W your/W own/W news/W stories/W on/W the/W region/W ./W
Past/W _OOV_/W government/W tolerance/W of/W the/W ``/W _OOV_/W ''/W was/W due/W to/W the/W drug/W lords/W '/W history/W of/W wiping/W out/W leftists/W in/W the/W hinterlands/W ./W
Mary/W _OOV_/W Palo/W Alto/W ,/W Calif/W ./W
I/W suggest/W that/W The/W Wall/W Street/W Journal/W -LRB-/W as/W well/W as/W other/W U.S./W news/W publications/W of/W like/W mind/W -RRB-/W should/W put/W its/W money/W where/W its/W mouth/W is/W :/W _OOV_/W computer/W equipment/W to/W replace/W that/W damaged/W at/W El/W _OOV_/W ,/W buy/W ad/W space/W ,/W publish/W stories/W under/W the/W _OOV_/W of/W El/W _OOV_/W journalists/W ./W
Perhaps/W an/W arrangement/W could/W be/W worked/W out/W to/W ``/W sponsor/W ''/W El/W _OOV_/W journalists/W and/W staff/W by/W paying/W for/W added/W security/W in/W exchange/W for/W exclusive/W stories/W ./W
_OOV_/W El/W _OOV_/W 's/W courage/W with/W real/W support/W ./W
Douglas/W B./W Evans/W
_OOV_/W Co/W ./W -LRB-/W Atlanta/W -RRB-/W --/W _OOV_/W _OOV_/W and/W George/W _OOV_/W were/W elected/W vice/W presidents/W of/W this/W _OOV_/W company/W ./W
Mr./W _OOV_/W ,/W 46/W years/W old/W ,/W is/W the/W company/W 's/W director/W of/W quality/W assurance/W ;/W most/W recently/W ,/W he/W served/W as/W vice/W president/W ,/W operations/W ,/W for/W Coca-Cola/W _OOV_/W ./W
Mr./W _OOV_/W ,/W 48/W ,/W is/W manager/W for/W corporate/W manufacturing/W operations/W ;/W he/W was/W assistant/W vice/W president/W at/W the/W company/W ./W
In/W the/W wake/W of/W a/W slide/W in/W sterling/W ,/W a/W tailspin/W in/W the/W stock/W market/W ,/W and/W a/W string/W of/W problematic/W economic/W indicators/W ,/W British/W Chancellor/W of/W the/W _OOV_/W Nigel/W _OOV_/W promised/W gradual/W improvement/W in/W the/W U.K./W economy/W ./W
In/W a/W speech/W prepared/W for/W delivery/W to/W London/W 's/W financial/W community/W ,/W Mr./W _OOV_/W summed/W up/W current/W economic/W policy/W as/W a/W battle/W to/W _OOV_/W inflation/W out/W of/W the/W British/W economy/W ,/W using/W high/W interest/W rates/W as/W ``/W the/W essential/W instrument/W ''/W to/W carry/W out/W the/W campaign/W ./W
Two/W weeks/W after/W boosting/W base/W rates/W to/W 15/W %/W ,/W he/W pledged/W that/W ``/W rates/W will/W have/W to/W remain/W high/W for/W some/W time/W to/W come/W ./W ''/W
Mr./W _OOV_/W also/W made/W it/W clear/W that/W he/W would/W be/W watching/W exchange/W rates/W carefully/W ./W
A/W sinking/W pound/W makes/W imports/W more/W expensive/W and/W increases/W businesses/W '/W expectations/W of/W future/W inflation/W ,/W he/W argued/W ./W
In/W an/W apparent/W warning/W to/W currency/W traders/W who/W have/W lately/W been/W selling/W the/W British/W currency/W ,/W he/W stated/W that/W the/W exchange/W rates/W will/W have/W a/W ``/W major/W role/W in/W the/W assessment/W of/W monetary/W conditions/W ./W ''/W
In/W reaffirming/W the/W current/W monetary/W policy/W of/W using/W high/W interest/W rates/W to/W fight/W inflation/W and/W shore/W up/W the/W pound/W ,/W Mr./W _OOV_/W dismissed/W other/W approaches/W to/W managing/W the/W economy/W ./W
He/W said/W he/W monitors/W the/W _OOV_/W figures/W ,/W but/W does/W n't/W give/W them/W paramount/W importance/W ,/W as/W some/W private/W and/W government/W economists/W have/W suggested/W ./W
Mr./W _OOV_/W also/W dismissed/W the/W possibility/W of/W imposing/W direct/W credit/W controls/W on/W Britain/W 's/W financial/W system/W ./W
Mr./W _OOV_/W 's/W speech/W ,/W delivered/W at/W the/W Lord/W Mayor/W of/W London/W 's/W annual/W dinner/W at/W _OOV_/W House/W ,/W came/W on/W the/W heels/W of/W a/W grueling/W period/W for/W the/W U.K./W economy/W ./W
Two/W weeks/W ago/W ,/W in/W a/W campaign/W to/W blunt/W inflation/W at/W home/W and/W arrest/W a/W world-wide/W plunge/W in/W the/W pound/W ,/W he/W raised/W base/W rates/W a/W full/W percentage/W point/W to/W 15/W %/W ./W
Despite/W the/W increase/W ,/W the/W British/W currency/W slid/W below/W a/W perceived/W threshold/W of/W three/W marks/W early/W last/W week/W ./W
It/W was/W quoted/W at/W _OOV_/W marks/W in/W late/W New/W York/W trading/W Wednesday/W ./W
_OOV_/W up/W to/W the/W speech/W was/W a/W _OOV_/W of/W economic/W statistics/W suggesting/W that/W the/W British/W war/W on/W inflation/W will/W be/W more/W bruising/W than/W previously/W assumed/W ./W
_OOV_/W in/W September/W dropped/W to/W _OOV_/W ,/W the/W lowest/W level/W since/W 1980/W ./W
While/W lower/W _OOV_/W is/W generally/W good/W news/W ,/W the/W hefty/W drop/W last/W month/W indicates/W that/W the/W economy/W is/W n't/W slowing/W down/W as/W much/W as/W hoped/W --/W despite/W a/W doubling/W of/W interest/W rates/W over/W the/W last/W 16/W months/W ./W
Meanwhile/W ,/W average/W earnings/W in/W Britain/W were/W up/W 8.75/W %/W in/W August/W over/W the/W previous/W year/W ./W
Another/W inflationary/W sign/W came/W in/W a/W surge/W in/W _OOV_/W lending/W to/W a/W record/W #/W _OOV_/W billion/W -LRB-/W $/W _OOV_/W billion/W -RRB-/W last/W month/W ,/W a/W much/W higher/W level/W than/W economists/W had/W predicted/W ./W
In/W a/W separate/W speech/W prepared/W for/W delivery/W at/W the/W dinner/W ,/W Robin/W _OOV_/W ,/W Bank/W of/W England/W governor/W ,/W conceded/W that/W ``/W demand/W pressures/W were/W even/W more/W buoyant/W than/W had/W been/W appreciated/W ''/W when/W the/W British/W economy/W was/W heating/W up/W last/W year/W ./W
He/W added/W that/W ``/W there/W 's/W no/W _OOV_/W solution/W ''/W to/W the/W economic/W woes/W ,/W and/W said/W ``/W tight/W monetary/W policy/W is/W the/W right/W approach/W ./W ''/W
_OOV_/W the/W recent/W slide/W in/W stock/W prices/W ,/W the/W central/W bank/W governor/W stated/W that/W ``/W the/W markets/W now/W appear/W to/W have/W _OOV_/W ''/W after/W the/W ``/W nasty/W jolt/W ''/W of/W the/W _OOV_/W plunge/W in/W the/W Dow/W Jones/W Industrial/W Average/W a/W week/W ago/W ./W
Although/W the/W New/W York/W market/W plunge/W prompted/W a/W _OOV_/W drop/W in/W the/W London/W Financial/W Times-Stock/W Exchange/W 100/W Share/W Index/W ,/W Mr./W _OOV_/W declared/W ``/W that/W the/W experience/W owed/W nothing/W to/W the/W particular/W problems/W of/W the/W British/W economy/W ./W ''/W
Specifically/W ,/W he/W pointed/W out/W that/W compared/W with/W the/W U.S./W market/W ,/W the/W U.K./W has/W far/W fewer/W highly/W leveraged/W junk-bond/W _OOV_/W ./W
_OOV_/W future/W monetary/W arrangements/W ,/W Mr./W _OOV_/W repeated/W the/W Thatcher/W government/W 's/W commitment/W to/W join/W the/W exchange/W rate/W mechanism/W of/W the/W European/W _OOV_/W System/W ,/W but/W he/W did/W n't/W indicate/W when/W ./W
C./W Olivetti/W &/W Co./W ,/W claiming/W it/W has/W won/W the/W race/W in/W Europe/W to/W introduce/W computers/W based/W on/W a/W powerful/W new/W microprocessor/W chip/W ,/W unveiled/W its/W _OOV_/W computer/W yesterday/W ./W
The/W product/W is/W the/W first/W from/W a/W European/W company/W based/W on/W Intel/W Corp./W 's/W new/W _OOV_/W _OOV_/W microprocessor/W ,/W which/W works/W several/W times/W faster/W than/W previously/W available/W chips/W ./W
Hewlett-Packard/W Co./W became/W the/W first/W company/W world-wide/W to/W announce/W a/W product/W based/W on/W the/W chip/W earlier/W this/W month/W ,/W but/W it/W wo/W n't/W start/W shipping/W the/W computers/W until/W early/W next/W year/W ./W
An/W Olivetti/W spokesman/W said/W the/W company/W 's/W factories/W are/W already/W beginning/W to/W produce/W the/W machine/W ,/W and/W that/W it/W should/W be/W available/W in/W Europe/W by/W December/W ./W
``/W What/W this/W means/W is/W that/W _OOV_/W will/W have/W these/W machines/W in/W their/W offices/W before/W Americans/W do/W ,/W ''/W the/W spokesman/W said/W ./W
The/W new/W chip/W ``/W is/W a/W very/W big/W step/W in/W computing/W ,/W and/W it/W is/W important/W that/W Olivetti/W be/W one/W of/W the/W first/W out/W on/W the/W market/W with/W this/W product/W ,/W ''/W said/W _OOV_/W _OOV_/W Davis/W ,/W an/W analyst/W at/W James/W _OOV_/W &/W Co./W in/W London/W ./W
Executives/W at/W Olivetti/W ,/W whose/W earnings/W have/W been/W steadily/W sliding/W over/W the/W past/W couple/W of/W years/W ,/W have/W acknowledged/W that/W in/W the/W past/W they/W have/W lagged/W at/W getting/W new/W technology/W to/W market/W ./W
Ms./W Davis/W said/W the/W new/W machines/W could/W steal/W some/W sales/W away/W from/W Olivetti/W 's/W own/W minicomputers/W ,/W but/W would/W bring/W new/W sales/W among/W professionals/W such/W as/W engineers/W ,/W _OOV_/W and/W medical/W doctors/W ./W
Although/W Olivetti/W 's/W profits/W tumbled/W 40/W %/W in/W the/W first/W half/W of/W this/W year/W ,/W she/W believes/W Olivetti/W 's/W restructuring/W last/W fall/W and/W its/W introduction/W of/W new/W products/W will/W begin/W to/W bear/W fruit/W with/W an/W earnings/W rebound/W next/W year/W ,/W especially/W if/W it/W can/W fulfill/W its/W promise/W to/W deliver/W the/W new/W machines/W by/W December/W ./W
``/W We/W think/W the/W worst/W is/W over/W ''/W in/W the/W European/W _OOV_/W market/W ,/W she/W said/W ./W
Depending/W on/W the/W type/W of/W software/W and/W peripherals/W used/W ,/W the/W machines/W can/W serve/W either/W as/W the/W main/W computer/W in/W a/W network/W of/W many/W terminals/W -LRB-/W a/W role/W usually/W filled/W by/W a/W minicomputer/W -RRB-/W ,/W as/W a/W technical/W workstation/W or/W as/W a/W very/W fast/W personal/W computer/W ./W
``/W It/W 's/W the/W missing/W link/W ''/W in/W Olivetti/W 's/W product/W line/W between/W small/W personal/W computers/W and/W _OOV_/W minicomputers/W ,/W the/W Olivetti/W spokesman/W said/W ./W
He/W added/W that/W Olivetti/W will/W continue/W making/W its/W _OOV_/W minicomputer/W line/W ./W
The/W machines/W will/W cost/W around/W $/W _OOV_/W on/W average/W in/W Europe/W ./W
The/W Intel/W _OOV_/W chip/W can/W process/W 15/W million/W instructions/W per/W second/W ,/W or/W _OOV_/W ,/W while/W Intel/W 's/W previous/W _OOV_/W chip/W could/W handle/W only/W 3/W to/W 6/W _OOV_/W ./W
Olivetti/W also/W plans/W to/W sell/W the/W _OOV_/W computer/W in/W the/W U.S./W starting/W next/W year/W through/W Olivetti/W USA/W and/W through/W its/W _OOV_/W unit/W ,/W which/W specializes/W in/W automating/W _OOV_/W networks/W ./W
_OOV_/W Inc./W said/W it/W received/W approval/W from/W the/W French/W government/W for/W its/W proposed/W $/W _OOV_/W million/W acquisition/W of/W _OOV_/W _OOV_/W ./W
The/W approval/W satisfies/W the/W remaining/W conditions/W of/W the/W purchase/W ,/W which/W is/W expected/W to/W close/W within/W two/W weeks/W ./W
_OOV_/W ,/W the/W second-largest/W maker/W of/W food/W cans/W in/W France/W ,/W had/W 1988/W sales/W of/W $/W 150/W million/W ./W
_OOV_/W has/W _OOV_/W workers/W at/W four/W canning/W manufacturing/W plants/W and/W one/W plastic/W container/W facility/W ./W
_OOV_/W makes/W flexible/W packaging/W films/W and/W machinery/W ,/W and/W materials/W for/W the/W food/W and/W pharmaceutical/W industries/W ./W
Social/W Security/W benefits/W will/W rise/W _OOV_/W %/W next/W year/W to/W keep/W pace/W with/W inflation/W ,/W boosting/W the/W average/W monthly/W benefit/W to/W $/W _OOV_/W from/W $/W _OOV_/W ,/W the/W Department/W of/W Health/W and/W Human/W Services/W announced/W ./W
The/W higher/W payments/W will/W start/W with/W Social/W Security/W checks/W received/W on/W Jan./W 3/W ,/W 1990/W ./W
_OOV_/W Security/W Income/W payments/W to/W the/W disabled/W also/W will/W rise/W _OOV_/W %/W ,/W starting/W with/W checks/W received/W on/W Dec./W 29/W ,/W 1988/W ,/W increasing/W the/W maximum/W _OOV_/W payment/W to/W $/W _OOV_/W from/W $/W _OOV_/W a/W month/W ./W
The/W inflation/W adjustment/W also/W means/W that/W the/W maximum/W annual/W level/W of/W earnings/W subject/W to/W the/W wage/W tax/W that/W generates/W revenue/W for/W the/W Social/W Security/W trust/W fund/W will/W rise/W to/W $/W _OOV_/W in/W 1990/W from/W $/W _OOV_/W this/W year/W ./W
As/W mandated/W by/W law/W ,/W the/W tax/W rate/W will/W rise/W to/W _OOV_/W %/W in/W 1990/W from/W _OOV_/W %/W and/W wo/W n't/W rise/W any/W further/W in/W the/W future/W ./W
This/W means/W that/W the/W maximum/W yearly/W Social/W Security/W tax/W paid/W by/W workers/W and/W employers/W each/W will/W rise/W $/W _OOV_/W next/W year/W to/W $/W _OOV_/W ./W
_OOV_/W aged/W 65/W through/W 69/W will/W be/W able/W to/W earn/W $/W _OOV_/W without/W losing/W any/W Social/W Security/W benefits/W in/W 1990/W ,/W up/W from/W $/W _OOV_/W this/W year/W ./W
The/W exempt/W amount/W for/W beneficiaries/W under/W 65/W will/W rise/W to/W $/W _OOV_/W from/W $/W _OOV_/W ./W
The/W adjustments/W reflect/W the/W increase/W in/W the/W consumer/W price/W index/W for/W urban/W wage/W earners/W and/W clerical/W workers/W from/W the/W third/W quarter/W of/W last/W year/W to/W the/W third/W quarter/W of/W this/W year/W ./W
_OOV_/W companies/W should/W get/W healthier/W in/W the/W third/W quarter/W ./W
_OOV_/W houses/W are/W expected/W to/W report/W earnings/W increases/W of/W about/W 15/W %/W on/W average/W for/W the/W third/W quarter/W ,/W despite/W sales/W increases/W of/W less/W than/W 10/W %/W ,/W analysts/W say/W ./W
To/W offset/W sluggish/W sales/W growth/W ,/W companies/W have/W been/W cutting/W staff/W ,/W mostly/W through/W attrition/W ,/W and/W slowing/W the/W growth/W in/W research/W and/W development/W spending/W ./W
Sales/W growth/W in/W the/W quarter/W was/W slowed/W by/W mounting/W pressure/W from/W groups/W of/W buyers/W ,/W such/W as/W hospitals/W ,/W to/W hold/W down/W prices/W ./W
_OOV_/W were/W also/W hurt/W by/W the/W stronger/W U.S./W dollar/W ,/W which/W makes/W sales/W abroad/W more/W difficult/W ./W
In/W some/W cases/W ,/W competition/W has/W squeezed/W margins/W ./W
_OOV_/W ,/W _OOV_/W &/W Co./W ,/W for/W example/W ,/W faces/W stiff/W competition/W from/W a/W Japanese/W supplier/W in/W the/W important/W syringe/W market/W ./W
The/W Franklin/W Lakes/W ,/W N.J./W ,/W company/W is/W expected/W to/W report/W sales/W growth/W of/W only/W 5/W %/W to/W 6/W %/W ,/W but/W should/W still/W maintain/W earnings/W growth/W of/W 10/W %/W ,/W says/W _OOV_/W E./W _OOV_/W ,/W an/W analyst/W with/W Duff/W &/W Phelps/W Inc/W ./W
Among/W the/W first/W of/W the/W group/W to/W post/W results/W ,/W Abbott/W Laboratories/W said/W third-quarter/W net/W income/W jumped/W 14/W %/W to/W $/W _OOV_/W million/W ,/W or/W 88/W cents/W a/W share/W ,/W from/W $/W _OOV_/W million/W ,/W or/W _OOV_/W cents/W a/W share/W ,/W a/W year/W earlier/W ./W
Sales/W for/W the/W company/W ,/W based/W in/W Abbott/W Park/W ,/W Ill./W ,/W rose/W _OOV_/W %/W to/W $/W 1.31/W billion/W from/W $/W _OOV_/W billion/W ./W
_OOV_/W International/W Inc./W yesterday/W reported/W net/W climbed/W 20/W %/W in/W the/W third/W period/W to/W $/W 102/W million/W ,/W or/W 34/W cents/W a/W share/W ,/W from/W $/W 85/W million/W ,/W or/W 28/W cents/W a/W share/W ,/W a/W year/W earlier/W ./W
Sales/W for/W the/W _OOV_/W ,/W Ill./W ,/W company/W rose/W 5.8/W %/W to/W $/W _OOV_/W billion/W from/W $/W 1.71/W billion/W ./W
But/W not/W every/W company/W expects/W to/W report/W increased/W earnings/W ./W
C.R./W Bard/W Inc./W yesterday/W said/W third-quarter/W net/W plunged/W 51/W %/W to/W $/W _OOV_/W million/W ,/W or/W 18/W cents/W a/W share/W ,/W from/W $/W 20/W million/W ,/W or/W 35/W cents/W a/W share/W ,/W a/W year/W earlier/W ./W
Sales/W fell/W 1.2/W %/W to/W $/W _OOV_/W million/W from/W $/W _OOV_/W million/W ./W
The/W Murray/W Hill/W ,/W N.J./W ,/W company/W said/W full-year/W earnings/W may/W be/W off/W 33/W cents/W a/W share/W because/W the/W company/W removed/W a/W catheter/W from/W the/W market/W ./W
In/W 1988/W ,/W the/W company/W earned/W $/W _OOV_/W a/W share/W ./W
The/W Food/W and/W Drug/W Administration/W had/W raised/W questions/W about/W the/W device/W 's/W design/W ./W
Some/W analysts/W add/W that/W _OOV_/W pressures/W to/W reduce/W health/W costs/W will/W continue/W to/W _OOV_/W companies/W '/W bottom/W lines/W ./W
Takeover/W speculation/W ,/W which/W has/W been/W _OOV_/W stocks/W of/W supply/W houses/W ,/W may/W also/W ease/W ,/W says/W Peter/W _OOV_/W ,/W an/W analyst/W with/W Drexel/W Burnham/W Lambert/W Inc/W ./W
``/W As/W that/W _OOV_/W ,/W you/W 're/W going/W to/W see/W the/W stocks/W probably/W wane/W as/W well/W ,/W ''/W he/W says/W ./W
_OOV_/W companies/W ,/W meanwhile/W ,/W are/W reporting/W improved/W earnings/W ./W
_OOV_/W by/W strong/W performances/W by/W its/W psychiatric/W hospitals/W ,/W National/W Medical/W _OOV_/W Inc./W ,/W Los/W Angeles/W ,/W reported/W net/W income/W of/W $/W 50/W million/W ,/W or/W 65/W cents/W a/W share/W ,/W for/W the/W first/W quarter/W ended/W Aug./W 31/W ,/W up/W from/W $/W 41/W million/W ,/W or/W 56/W cents/W a/W share/W ,/W a/W year/W earlier/W ./W
_OOV_/W Inc./W ,/W Louisville/W ,/W Ky./W ,/W also/W reported/W favorable/W results/W ,/W with/W net/W income/W of/W $/W 66.7/W million/W ,/W or/W 66/W cents/W ,/W in/W the/W fourth/W quarter/W ended/W Aug./W 31/W ,/W up/W from/W $/W _OOV_/W million/W ,/W or/W 59/W cents/W ,/W a/W year/W earlier/W ./W
Analysts/W say/W the/W handful/W of/W hospital/W companies/W that/W are/W still/W publicly/W traded/W are/W benefiting/W from/W several/W trends/W ./W
Most/W important/W ,/W hospital/W admission/W rates/W are/W stabilizing/W after/W several/W years/W of/W decline/W ./W
Moreover/W ,/W companies/W have/W sold/W off/W many/W of/W their/W smaller/W ,/W less-profitable/W hospitals/W and/W have/W completed/W painful/W _OOV_/W ./W
_OOV_/W 's/W revenues/W ,/W for/W example/W ,/W are/W being/W boosted/W by/W large/W increases/W in/W enrollments/W in/W the/W company/W 's/W health/W maintenance/W organizations/W ./W
_OOV_/W _OOV_/W _OOV_/W ,/W an/W analyst/W with/W _OOV_/W _OOV_/W _OOV_/W :/W ``/W The/W shakeout/W in/W the/W publicly/W traded/W companies/W is/W over/W ./W
Initial/W claims/W for/W regular/W state/W unemployment/W benefits/W rose/W to/W a/W seasonally/W adjusted/W _OOV_/W during/W the/W week/W ended/W Oct./W 7/W from/W _OOV_/W the/W previous/W week/W ,/W the/W Labor/W Department/W said/W ./W
The/W number/W of/W people/W receiving/W regular/W state/W benefits/W in/W the/W week/W ended/W Sept./W 30/W decreased/W to/W a/W seasonally/W adjusted/W _OOV_/W ,/W or/W 2.2/W %/W of/W those/W covered/W by/W unemployment/W insurance/W ,/W from/W _OOV_/W the/W previous/W week/W ,/W when/W the/W insured/W unemployment/W rate/W also/W was/W 2.2/W %/W ./W
_OOV_/W all/W state/W and/W federal/W benefit/W programs/W ,/W the/W number/W of/W people/W receiving/W unemployment/W benefits/W in/W the/W week/W ended/W Sept./W 30/W fell/W to/W _OOV_/W from/W _OOV_/W a/W week/W earlier/W ./W
These/W figures/W are/W n't/W seasonally/W adjusted/W ./W
A/W Labor/W Department/W spokesman/W said/W the/W unusually/W high/W number/W of/W initial/W claims/W for/W state/W unemployment/W benefits/W reflects/W the/W impact/W of/W Hurricane/W Hugo/W on/W southern/W states/W ,/W particularly/W North/W Carolina/W and/W South/W Carolina/W ./W
The/W figure/W also/W may/W reflect/W initial/W claims/W filed/W by/W striking/W _OOV_/W Corp./W workers/W who/W have/W become/W eligible/W for/W unemployment/W benefits/W ,/W the/W official/W said/W ./W
Digital/W Equipment/W Corp./W reported/W a/W 32/W %/W decline/W in/W net/W income/W on/W a/W modest/W revenue/W gain/W in/W its/W fiscal/W first/W quarter/W ,/W causing/W some/W analysts/W to/W predict/W weaker/W results/W ahead/W than/W they/W had/W expected/W ./W
Although/W the/W second-largest/W computer/W maker/W had/W prepared/W Wall/W Street/W for/W a/W poor/W quarter/W ,/W analysts/W said/W they/W were/W troubled/W by/W signs/W of/W flat/W U.S./W orders/W and/W a/W slowdown/W in/W the/W rate/W of/W gain/W in/W foreign/W orders/W ./W
The/W Maynard/W ,/W Mass./W ,/W company/W is/W in/W a/W transition/W in/W which/W it/W is/W trying/W to/W reduce/W its/W reliance/W on/W _OOV_/W machines/W and/W establish/W a/W presence/W in/W workstations/W and/W mainframes/W ./W
Net/W for/W the/W quarter/W ended/W Sept./W 30/W fell/W to/W $/W _OOV_/W million/W ,/W or/W $/W _OOV_/W a/W share/W ,/W from/W $/W _OOV_/W million/W ,/W or/W $/W 1.71/W a/W share/W ,/W a/W year/W ago/W ./W
Revenue/W rose/W 6.4/W %/W to/W $/W _OOV_/W billion/W from/W $/W _OOV_/W billion/W ./W
Digital/W said/W a/W shift/W in/W its/W product/W mix/W toward/W _OOV_/W products/W and/W strong/W growth/W in/W workstation/W sales/W yielded/W lower/W gross/W margins/W ./W
A/W spokesman/W also/W said/W margins/W for/W the/W company/W 's/W service/W business/W narrowed/W somewhat/W because/W of/W heavy/W investments/W made/W in/W that/W sector/W ./W
The/W lack/W of/W a/W strong/W product/W at/W the/W high/W end/W of/W Digital/W 's/W line/W was/W a/W significant/W drag/W on/W sales/W ./W
Digital/W hopes/W to/W address/W that/W with/W the/W debut/W of/W its/W first/W _OOV_/W computers/W next/W Tuesday/W ./W
The/W new/W line/W is/W aimed/W directly/W at/W International/W Business/W Machines/W Corp/W ./W
``/W Until/W the/W new/W mainframe/W products/W kick/W in/W ,/W there/W wo/W n't/W be/W a/W lot/W of/W revenue/W contribution/W at/W the/W high/W end/W ,/W and/W that/W 's/W hurt/W us/W ,/W ''/W said/W Mark/W _OOV_/W ,/W Digital/W 's/W director/W of/W investor/W relations/W ./W
He/W said/W unfavorable/W currency/W translations/W were/W also/W a/W factor/W in/W the/W quarter/W ./W
_OOV_/W shares/W rose/W $/W 1.375/W to/W $/W _OOV_/W apiece/W in/W consolidated/W New/W York/W Stock/W Exchange/W trading/W yesterday/W ./W
But/W analysts/W said/W that/W against/W the/W backdrop/W of/W a/W nearly/W _OOV_/W rise/W in/W the/W Dow/W Jones/W Industrial/W Average/W ,/W that/W should/W n't/W necessarily/W be/W taken/W as/W a/W sign/W of/W great/W strength/W ./W
Some/W cut/W their/W earnings/W estimates/W for/W the/W stock/W this/W year/W and/W predicted/W more/W efforts/W to/W control/W costs/W ahead/W ./W
``/W I/W think/W the/W next/W few/W quarters/W will/W be/W difficult/W ,/W ''/W said/W Steven/W _OOV_/W of/W First/W Boston/W ./W
``/W _OOV_/W will/W remain/W under/W pressure/W ,/W and/W when/W the/W new/W mainframe/W does/W ship/W ,/W I/W 'm/W not/W sure/W it/W will/W be/W a/W big/W winner/W ./W
''/W Mr./W _OOV_/W said/W he/W was/W revising/W his/W estimate/W for/W _OOV_/W 's/W current/W year/W from/W $/W 8.20/W a/W share/W to/W ``/W well/W below/W $/W 8/W ,/W ''/W although/W he/W has/W n't/W settled/W on/W a/W final/W number/W ./W
One/W troubling/W aspect/W of/W _OOV_/W 's/W results/W ,/W analysts/W said/W ,/W was/W its/W performance/W in/W Europe/W ./W
_OOV_/W said/W its/W overseas/W business/W ,/W which/W now/W accounts/W for/W more/W than/W half/W of/W sales/W ,/W improved/W in/W the/W quarter/W ./W
It/W even/W took/W the/W unusually/W frank/W step/W of/W telling/W analysts/W in/W a/W morning/W conference/W call/W that/W orders/W in/W Europe/W were/W up/W in/W ``/W double/W digits/W ''/W in/W foreign-currency/W terms/W ./W
That/W gain/W probably/W translated/W into/W about/W 5/W %/W to/W 7/W %/W in/W dollar/W terms/W ,/W well/W below/W recent/W quarters/W '/W gains/W of/W above/W 20/W %/W ,/W reckons/W Jay/W _OOV_/W of/W _OOV_/W _OOV_/W _OOV_/W ./W
``/W That/W was/W a/W disappointment/W ''/W and/W a/W sign/W of/W overall/W _OOV_/W softness/W in/W Europe/W ,/W Mr./W _OOV_/W said/W ./W
Marc/W _OOV_/W ,/W with/W _OOV_/W Securities/W in/W New/W York/W ,/W dropped/W his/W estimate/W of/W _OOV_/W 's/W full-year/W net/W to/W $/W _OOV_/W a/W share/W from/W $/W 8/W ./W
Although/W overall/W revenues/W were/W stronger/W ,/W Mr./W _OOV_/W said/W ,/W _OOV_/W ``/W drew/W down/W its/W European/W backlog/W ''/W and/W had/W flat/W world-wide/W orders/W overall/W ./W
``/W The/W bottom/W line/W is/W that/W it/W 's/W more/W hand/W to/W mouth/W than/W it/W has/W been/W before/W ,/W ''/W he/W said/W ./W
Mr./W _OOV_/W said/W he/W believes/W that/W the/W _OOV_/W of/W _OOV_/W 's/W new/W mainframe/W will/W ``/W occur/W somewhat/W more/W leisurely/W ''/W than/W many/W of/W his/W investment/W colleagues/W expect/W ./W
He/W said/W current/W expectations/W are/W for/W an/W entry/W level/W machine/W to/W be/W shipped/W in/W December/W ,/W with/W all/W of/W the/W more/W sophisticated/W versions/W out/W by/W June/W ./W
For/W reasons/W he/W would/W n't/W elaborate/W on/W ,/W he/W said/W he/W 's/W sure/W that/W schedule/W wo/W n't/W be/W met/W ,/W meaning/W less/W profit/W impact/W from/W the/W product/W for/W _OOV_/W in/W the/W next/W few/W quarters/W ./W
John/W R./W _OOV_/W contributed/W to/W this/W article/W ./W
Colgate/W _OOV_/W Co./W reported/W third-quarter/W net/W income/W rose/W 27/W %/W ,/W bolstered/W by/W strong/W sales/W in/W its/W Latin/W American/W business/W and/W surprisingly/W healthy/W profits/W from/W U.S./W operations/W ./W
Colgate/W said/W net/W income/W for/W the/W quarter/W rose/W to/W $/W _OOV_/W million/W ,/W or/W $/W _OOV_/W a/W share/W ,/W on/W sales/W that/W increased/W 6/W %/W to/W $/W 1.3/W billion/W ./W
In/W the/W year-earlier/W period/W ,/W Colgate/W posted/W net/W income/W of/W $/W _OOV_/W million/W ,/W or/W 88/W cents/W a/W share/W ./W
Last/W year/W 's/W results/W included/W earnings/W from/W discontinued/W operations/W of/W $/W 13.1/W million/W ,/W or/W 19/W cents/W a/W share/W ./W
_OOV_/W Mark/W ,/W chairman/W and/W chief/W executive/W officer/W of/W Colgate/W ,/W said/W earnings/W growth/W was/W fueled/W by/W strong/W sales/W in/W Latin/W America/W ,/W the/W Far/W East/W and/W Europe/W ./W
Results/W were/W also/W bolstered/W by/W ``/W a/W very/W meaningful/W increase/W in/W operating/W profit/W at/W Colgate/W 's/W U.S./W business/W ,/W ''/W he/W said/W ./W
Operating/W profit/W at/W Colgate/W 's/W U.S./W household/W products/W and/W personal/W care/W businesses/W ,/W which/W include/W such/W well-known/W brands/W as/W Colgate/W toothpaste/W and/W _OOV_/W laundry/W detergent/W ,/W jumped/W more/W than/W 40/W %/W ,/W the/W company/W said/W ./W
Mr./W Mark/W attributed/W the/W improvement/W to/W cost/W savings/W achieved/W by/W consolidating/W manufacturing/W operations/W ,/W blending/W together/W two/W sales/W organizations/W and/W more/W carefully/W focusing/W the/W company/W 's/W promotional/W activities/W ./W
``/W We/W 've/W done/W a/W lot/W to/W improve/W -LRB-/W U.S/W ./W -RRB-/W results/W and/W a/W lot/W more/W will/W be/W done/W ,/W ''/W Mr./W Mark/W said/W ./W
``/W _OOV_/W profitability/W of/W U.S./W operations/W is/W an/W extremely/W high/W priority/W in/W the/W company/W ./W ''/W
Colgate/W 's/W results/W were/W at/W the/W high/W end/W of/W the/W range/W of/W analysts/W '/W forecasts/W ./W
The/W scope/W of/W the/W improvement/W in/W the/W U.S./W business/W caught/W some/W analysts/W by/W surprise/W ./W
The/W company/W 's/W domestic/W business/W ,/W especially/W its/W household/W products/W division/W ,/W has/W performed/W poorly/W for/W years/W ./W
Analysts/W say/W the/W earnings/W improvement/W came/W from/W cutting/W costs/W rather/W than/W increasing/W sales/W ./W
For/W the/W nine/W months/W ,/W net/W increased/W 14/W %/W to/W $/W _OOV_/W million/W ,/W or/W $/W _OOV_/W a/W share/W ./W
Sales/W rose/W 7/W %/W to/W $/W 3.8/W billion/W ./W
The/W company/W earned/W $/W _OOV_/W million/W ,/W or/W $/W 2.79/W a/W share/W ,/W in/W the/W year-earlier/W period/W ./W
Colgate/W 's/W 1988/W net/W income/W included/W $/W _OOV_/W million/W ,/W or/W 59/W cents/W a/W share/W ,/W from/W discontinued/W operations/W ./W
Colgate/W sold/W its/W hospital/W supply/W and/W home/W health/W care/W business/W last/W year/W ./W
Separately/W ,/W Colgate/W Wednesday/W finalized/W an/W agreement/W with/W _OOV_/W Corp./W ,/W a/W tiny/W dental/W products/W and/W pharmaceutical/W concern/W based/W in/W _OOV_/W ,/W Mass./W ,/W to/W market/W in/W the/W U.S./W four/W of/W _OOV_/W 's/W _OOV_/W dental/W products/W ./W
The/W products/W --/W _OOV_/W and/W bonding/W materials/W used/W by/W dentists/W --/W all/W contain/W fluoride/W that/W is/W released/W over/W time/W ./W
The/W move/W is/W part/W of/W a/W drive/W to/W increase/W Colgate/W 's/W business/W with/W dentists/W ,/W a/W company/W spokeswoman/W said/W ./W
Terms/W of/W the/W agreement/W were/W n't/W given/W ./W
_OOV_/W Limited/W _OOV_/W said/W it/W completed/W the/W sale/W of/W its/W _OOV_/W restaurant/W franchise/W system/W to/W a/W subsidiary/W of/W _OOV_/W Co./W for/W $/W 71/W million/W in/W cash/W ./W
_OOV_/W ,/W which/W is/W nearly/W _OOV_/W by/W Sam/W and/W Charles/W _OOV_/W of/W Dallas/W ,/W said/W it/W will/W distribute/W proceeds/W from/W the/W sale/W to/W unit/W holders/W as/W a/W _OOV_/W dividend/W as/W soon/W as/W possible/W ./W
The/W _OOV_/W franchise/W system/W ,/W which/W generates/W about/W $/W 600/W million/W in/W sales/W annually/W ,/W represented/W substantially/W all/W of/W the/W partnership/W 's/W assets/W ./W
The/W sale/W of/W the/W system/W has/W been/W challenged/W in/W a/W class-action/W suit/W on/W behalf/W of/W unit/W holders/W filed/W last/W week/W in/W a/W Delaware/W court/W ,/W _OOV_/W said/W ./W
The/W company/W said/W it/W believes/W the/W suit/W is/W without/W merit/W ./W
American/W Telephone/W &/W Telegraph/W Co./W unveiled/W a/W sweetened/W pension/W and/W _OOV_/W program/W for/W management/W that/W it/W hopes/W will/W enable/W it/W to/W save/W $/W _OOV_/W million/W in/W the/W next/W year/W ./W
AT&T/W also/W said/W net/W income/W rose/W 19/W %/W in/W the/W third/W quarter/W ./W
AT&T/W said/W its/W amended/W pension/W program/W will/W nearly/W double/W to/W _OOV_/W the/W number/W of/W managers/W eligible/W to/W retire/W with/W immediate/W pension/W payments/W ./W
AT&T/W said/W that/W based/W on/W studies/W of/W other/W companies/W that/W have/W offered/W retirement/W plans/W ,/W it/W expects/W about/W one-third/W of/W its/W eligible/W managers/W to/W retire/W under/W the/W new/W program/W ./W
AT&T/W said/W third-quarter/W net/W income/W grew/W ,/W despite/W stiff/W competition/W in/W all/W of/W the/W company/W 's/W markets/W ./W
Net/W income/W rose/W to/W $/W _OOV_/W million/W ,/W or/W 65/W cents/W a/W share/W ,/W from/W the/W year-earlier/W $/W _OOV_/W million/W or/W 55/W cents/W a/W share/W ./W
Revenue/W edged/W up/W to/W $/W 8.9/W billion/W from/W $/W _OOV_/W billion/W ./W
The/W latest/W period/W 's/W net/W was/W reduced/W $/W 102/W million/W ,/W or/W nine/W cents/W a/W share/W ,/W for/W a/W change/W in/W depreciation/W method/W and/W concurrent/W changes/W in/W estimates/W of/W _OOV_/W lives/W and/W net/W salvage/W for/W certain/W telecommunications/W equipment/W ./W
The/W results/W roughly/W matched/W estimates/W of/W securities/W analysts/W ,/W who/W were/W encouraged/W by/W AT&T/W increasing/W its/W operating/W margin/W to/W 13/W %/W from/W 11/W %/W a/W year/W ago/W ,/W because/W of/W continued/W _OOV_/W efforts/W ./W
Sales/W of/W long-distance/W services/W ,/W an/W extremely/W competitive/W market/W ,/W rose/W 6.4/W %/W ./W
But/W the/W growth/W was/W partly/W offset/W by/W lower/W equipment/W sales/W and/W rentals/W and/W price/W cuts/W on/W some/W products/W ./W
Under/W the/W amended/W pension/W program/W ,/W AT&T/W managers/W who/W have/W at/W least/W five/W years/W of/W service/W will/W have/W five/W years/W added/W to/W their/W age/W and/W length/W of/W service/W for/W pension/W purposes/W ./W
Managers/W who/W retire/W Dec./W 30/W will/W have/W an/W additional/W 15/W %/W added/W to/W their/W monthly/W pension/W for/W as/W long/W as/W five/W years/W or/W age/W 65/W ,/W whichever/W comes/W earlier/W ./W
An/W AT&T/W spokeswoman/W said/W the/W company/W would/W likely/W replace/W about/W one-third/W of/W its/W managers/W who/W choose/W to/W retire/W with/W new/W employees/W ./W
Analysts/W hailed/W the/W sweetened/W pension/W package/W ,/W which/W they/W said/W had/W been/W the/W subject/W of/W rumors/W for/W several/W months/W ./W
``/W This/W tells/W you/W AT&T/W is/W serious/W about/W continuing/W to/W manage/W their/W cost/W structure/W and/W is/W committed/W to/W _OOV_/W earnings/W growth/W ,/W ''/W said/W Jack/W _OOV_/W ,/W an/W analyst/W with/W PaineWebber/W Inc/W ./W
But/W other/W analysts/W expressed/W disappointment/W that/W the/W _OOV_/W move/W wo/W n't/W result/W in/W even/W greater/W earnings/W growth/W ./W
``/W This/W is/W a/W good/W move/W ,/W but/W it/W only/W gets/W you/W to/W where/W people/W 's/W expectations/W already/W are/W ,/W ''/W in/W terms/W of/W earnings/W growth/W ,/W said/W Joel/W D./W _OOV_/W ,/W an/W analyst/W with/W Donaldson/W ,/W Lufkin/W &/W Jenrette/W ./W
Mr./W _OOV_/W said/W he/W had/W hoped/W that/W a/W cost/W savings/W of/W $/W _OOV_/W million/W would/W result/W in/W even/W greater/W growth/W than/W the/W 20/W %/W annual/W earnings/W increase/W AT&T/W has/W told/W analysts/W it/W expects/W in/W the/W future/W ./W
AT&T/W said/W the/W special/W retirement/W option/W will/W increase/W fourth-quarter/W expenses/W ./W
But/W the/W company/W said/W the/W amount/W ca/W n't/W be/W determined/W until/W it/W knows/W how/W many/W managers/W opt/W to/W retire/W ./W
AT&T/W said/W the/W expense/W increase/W will/W be/W largely/W offset/W by/W a/W gain/W from/W its/W previously/W announced/W plan/W to/W swap/W its/W holdings/W in/W Ing/W ./W C./W Olivetti/W &/W Co./W for/W shares/W in/W Cie/W ./W _OOV_/W _OOV_/W ,/W an/W Italian/W holding/W company/W ./W
For/W the/W nine/W months/W ,/W AT&T/W said/W net/W income/W was/W $/W _OOV_/W billion/W ,/W or/W $/W 1.85/W a/W share/W ,/W up/W 19/W %/W from/W $/W _OOV_/W billion/W ,/W or/W $/W 1.56/W a/W share/W ./W
Revenue/W gained/W 3.1/W %/W to/W $/W _OOV_/W billion/W from/W $/W 26/W billion/W ./W
In/W composite/W trading/W yesterday/W on/W the/W New/W York/W Stock/W Exchange/W ,/W AT&T/W shares/W closed/W at/W $/W _OOV_/W ,/W up/W 87.5/W cents/W ./W
When/W it/W comes/W to/W buying/W and/W selling/W shares/W ,/W _OOV_/W Capital/W Management/W Inc./W takes/W a/W back/W seat/W to/W no/W one/W ./W
Every/W dollar/W 's/W worth/W of/W stock/W in/W the/W Los/W Angeles/W money/W manager/W 's/W portfolio/W is/W traded/W seven/W or/W eight/W times/W a/W year/W ,/W the/W firm/W estimates/W ./W
That/W makes/W it/W the/W most/W active/W trader/W among/W all/W the/W nation/W 's/W investment/W advisers/W ,/W according/W to/W Securities/W and/W Exchange/W Commission/W filings/W ./W
But/W wait/W a/W second/W ./W
_OOV_/W Capital/W is/W an/W index/W fund/W --/W the/W type/W of/W _OOV_/W long-term/W investor/W whose/W goal/W is/W to/W be/W nothing/W more/W than/W average/W ./W
_OOV_/W Capital/W 's/W frenetic/W trading/W reflects/W the/W changes/W sweeping/W through/W the/W previously/W sleepy/W world/W of/W indexing/W ./W
_OOV_/W for/W the/W most/W part/W has/W involved/W simply/W buying/W and/W then/W holding/W stocks/W in/W the/W correct/W mix/W to/W mirror/W a/W stock/W market/W barometer/W ,/W such/W as/W Standard/W &/W Poor/W 's/W 500-stock/W index/W ,/W and/W match/W its/W performance/W ./W
_OOV_/W investors/W have/W poured/W $/W 210/W billion/W into/W stock/W and/W bond/W indexing/W as/W a/W cheap/W and/W easy/W form/W of/W investment/W management/W that/W promises/W to/W post/W average/W market/W returns/W ./W
These/W big/W investors/W have/W flocked/W to/W indexing/W because/W relatively/W few/W ``/W active/W ''/W stock/W pickers/W have/W been/W able/W to/W consistently/W match/W the/W returns/W of/W the/W S&P/W 500/W or/W other/W _OOV_/W ,/W much/W less/W beat/W it/W ./W
And/W the/W fees/W investors/W pay/W for/W indexing/W run/W a/W few/W pennies/W for/W each/W $/W 100/W of/W assets/W --/W a/W fraction/W of/W the/W cost/W of/W active/W managers/W ./W
That/W 's/W because/W computers/W do/W most/W of/W the/W work/W ,/W and/W low/W trading/W activity/W keeps/W a/W lid/W on/W commission/W costs/W ./W
But/W today/W ,/W indexing/W is/W moving/W from/W a/W passive/W investment/W strategy/W to/W an/W increasingly/W active/W one/W ./W
Because/W _OOV_/W managers/W are/W no/W longer/W satisfied/W with/W merely/W being/W average/W ,/W they/W have/W developed/W ``/W enhanced/W ''/W indexing/W strategies/W that/W are/W intended/W to/W outperform/W the/W market/W as/W much/W as/W three/W percentage/W points/W ./W
``/W _OOV_/W has/W been/W the/W most/W single/W successful/W investment/W concept/W in/W the/W last/W decade/W ,/W but/W the/W index/W money/W has/W been/W just/W sort/W of/W sitting/W there/W ,/W ''/W says/W _OOV_/W M./W _OOV_/W ,/W president/W of/W _OOV_/W _OOV_/W Investors/W Inc./W ,/W an/W _OOV_/W based/W in/W _OOV_/W ,/W _OOV_/W ./W
``/W Now/W the/W interest/W is/W in/W what/W else/W can/W I/W do/W with/W that/W money/W ./W ''/W
Among/W the/W _OOV_/W indexing/W strategies/W :/W _OOV_/W portfolios/W can/W be/W built/W around/W thousands/W of/W stocks/W ,/W or/W just/W a/W few/W dozen/W ,/W rather/W than/W being/W restricted/W to/W the/W S&P/W 500/W companies/W ./W
They/W can/W ignore/W the/W S&P/W 500/W stocks/W altogether/W and/W focus/W on/W particular/W types/W of/W stocks/W ,/W such/W as/W smaller/W companies/W ,/W those/W paying/W high/W dividends/W or/W companies/W in/W a/W particular/W industry/W ,/W state/W or/W country/W ./W
With/W today/W 's/W _OOV_/W program/W trading/W techniques/W ,/W index/W funds/W can/W trade/W back/W and/W forth/W between/W stock-index/W futures/W and/W the/W actual/W stocks/W making/W up/W indexes/W such/W as/W the/W S&P/W 500/W ./W
Futures/W and/W options/W also/W make/W it/W possible/W to/W build/W ``/W synthetic/W ''/W index/W funds/W that/W do/W n't/W actually/W own/W a/W single/W share/W of/W stock/W ,/W but/W can/W produce/W returns/W that/W match/W or/W exceed/W the/W broad/W stock/W market/W ./W
One/W reason/W for/W these/W hybrids/W is/W that/W indexing/W 's/W rapid/W growth/W is/W slowing/W ,/W particularly/W for/W those/W ``/W plain/W vanilla/W ''/W funds/W that/W mirror/W the/W 500/W ./W
``/W There/W is/W n't/W a/W _OOV_/W -LCB-/W of/W big/W investors/W -RCB-/W out/W there/W still/W waiting/W to/W get/W into/W indexing/W ,/W ''/W says/W P./W James/W _OOV_/W ,/W vice/W president/W of/W _OOV_/W Investment/W Management/W Co./W ,/W Chicago/W ,/W which/W offers/W both/W indexing/W and/W active/W management/W services/W ./W
After/W tripling/W in/W size/W in/W the/W past/W five/W years/W ,/W index/W funds/W now/W hold/W about/W 20/W %/W of/W the/W stock/W owned/W by/W pension/W funds/W ./W
A/W further/W problem/W is/W _OOV_/W profits/W ./W
_OOV_/W funds/W have/W become/W so/W commonplace/W that/W fees/W they/W can/W charge/W have/W plunged/W to/W almost/W nothing/W ,/W and/W in/W some/W cases/W are/W just/W that/W ./W
To/W land/W customers/W for/W their/W _OOV_/W stock/W custodial/W business/W ,/W big/W banks/W sometimes/W will/W throw/W in/W basic/W indexing/W services/W for/W free/W ./W
``/W It/W 's/W like/W getting/W a/W free/W toaster/W when/W you/W open/W an/W account/W ,/W ''/W says/W _OOV_/W _OOV_/W 's/W Mr./W _OOV_/W ./W
As/W a/W result/W ,/W _OOV_/W have/W been/W looking/W for/W ways/W to/W give/W investors/W something/W more/W than/W the/W average/W for/W their/W money/W ./W
And/W many/W have/W been/W successful/W ,/W as/W in/W the/W case/W of/W the/W index/W fund/W operated/W by/W _OOV_/W _OOV_/W Capital/W ./W
_OOV_/W Capital/W has/W used/W enhanced/W indexing/W techniques/W to/W beat/W the/W S&P/W 500/W 's/W returns/W by/W 2.5/W to/W 3/W percentage/W points/W over/W the/W past/W four/W years/W ,/W with/W the/W same/W risk/W level/W as/W holding/W the/W S&P/W 500/W stocks/W ,/W according/W to/W James/W _OOV_/W ,/W the/W firm/W 's/W president/W ./W
_OOV_/W vary/W for/W _OOV_/W Capital/W ,/W which/W has/W $/W 300/W million/W under/W management/W ./W
The/W firm/W sometimes/W buys/W S&P/W 500/W futures/W when/W they/W are/W selling/W at/W a/W discount/W to/W the/W actual/W stocks/W ,/W and/W will/W switch/W back/W and/W forth/W between/W stocks/W and/W stock-index/W futures/W to/W take/W advantages/W of/W any/W momentary/W price/W _OOV_/W ./W
Mr./W _OOV_/W also/W goes/W through/W periods/W when/W he/W buys/W stocks/W in/W conjunction/W with/W options/W to/W boost/W returns/W and/W protect/W against/W declines/W ./W
And/W in/W some/W months/W ,/W he/W buys/W stock-index/W futures/W and/W not/W stocks/W at/W all/W ./W
``/W By/W their/W nature/W ,/W our/W trades/W are/W very/W short-term/W and/W are/W going/W to/W create/W high/W turnover/W ,/W ''/W Mr./W _OOV_/W adds/W ./W
``/W The/W more/W turnover/W ,/W the/W better/W for/W our/W clients/W ./W ''/W
Big/W _OOV_/W Bankers/W Trust/W Co./W also/W uses/W futures/W in/W a/W strategy/W that/W on/W average/W has/W added/W one/W percentage/W point/W to/W its/W enhanced/W fund/W 's/W returns/W ./W
J./W Thomas/W _OOV_/W ,/W president/W of/W _OOV_/W Advanced/W Investment/W Management/W Inc./W ,/W agrees/W it/W 's/W a/W good/W idea/W to/W jump/W between/W the/W S&P/W 500/W stocks/W and/W futures/W ./W
``/W You/W 're/W buying/W the/W S&P/W ,/W and/W you/W always/W want/W to/W hold/W the/W cheapest/W form/W of/W it/W ,/W ''/W he/W says/W ./W
But/W some/W _OOV_/W make/W little/W or/W no/W use/W of/W futures/W ,/W saying/W that/W these/W instruments/W present/W added/W risks/W for/W investors/W ./W
``/W If/W the/W futures/W markets/W have/W a/W problem/W ,/W then/W those/W products/W could/W have/W a/W problem/W ,/W ''/W says/W John/W _OOV_/W ,/W managing/W director/W of/W Prudential/W Insurance/W Co./W of/W America/W 's/W Investment/W Index/W Technologies/W Inc./W unit/W ./W
Prudential/W currently/W is/W seeking/W approval/W to/W offer/W a/W new/W fund/W offering/W a/W return/W equal/W to/W the/W S&P/W 500/W index/W plus/W of/W a/W percentage/W point/W ./W
An/W added/W feature/W is/W that/W the/W _OOV_/W improved/W return/W would/W be/W guaranteed/W by/W Prudential/W ./W
There/W are/W many/W other/W strategies/W to/W bolster/W the/W returns/W of/W index/W funds/W ./W
They/W include/W :/W
LIMITED/W RISK/W FUNDS/W :/W These/W guarantee/W protection/W against/W stock/W market/W declines/W while/W still/W passing/W along/W most/W gains/W ./W
Here/W a/W fund/W may/W promise/W to/W pay/W back/W ,/W say/W ,/W $/W 95/W of/W every/W $/W 100/W invested/W for/W a/W year/W ,/W even/W if/W the/W market/W goes/W much/W lower/W ./W
The/W fund/W could/W invest/W $/W 87/W for/W one/W year/W in/W Treasury/W bills/W yielding/W 8/W %/W to/W return/W the/W guaranteed/W $/W 95/W ./W
That/W leaves/W $/W 13/W ,/W which/W could/W be/W used/W to/W buy/W S&P/W 500/W options/W that/W will/W nearly/W match/W any/W gain/W in/W the/W S&P/W index/W ./W
_OOV_/W _OOV_/W FUNDS/W :/W Say/W a/W big/W investor/W is/W interested/W in/W growth/W stocks/W ./W
Instead/W of/W hiring/W one/W of/W the/W many/W active/W managers/W specializing/W in/W growth/W stocks/W ,/W _OOV_/W can/W design/W a/W portfolio/W around/W the/W same/W stocks/W ;/W the/W portfolio/W will/W be/W maintained/W by/W computer/W ,/W reducing/W both/W fees/W and/W ,/W in/W theory/W ,/W risk/W -LRB-/W because/W of/W the/W large/W number/W of/W stocks/W -RRB-/W ./W
``/W We/W see/W a/W lot/W of/W interest/W in/W those/W kind/W of/W things/W ,/W ''/W says/W Frank/W _OOV_/W ,/W a/W vice/W president/W of/W Bankers/W Trust/W ./W
``/W People/W comfortable/W with/W the/W passive/W approach/W are/W using/W them/W for/W other/W strategies/W ./W ''/W
_OOV_/W FUNDS/W :/W This/W is/W an/W index/W fund/W with/W a/W bet/W ./W
Instead/W of/W replicating/W the/W S&P/W 500/W or/W some/W other/W index/W exactly/W ,/W some/W stocks/W are/W _OOV_/W or/W _OOV_/W in/W the/W portfolio/W ./W
One/W simple/W approach/W is/W to/W exclude/W S&P/W 500/W companies/W considered/W bankruptcy/W candidates/W ;/W this/W can/W avoid/W weak/W sisters/W ,/W but/W also/W can/W hurt/W when/W a/W company/W like/W Chrysler/W Corp./W rebounds/W ./W
Another/W approach/W :/W An/W investor/W with/W $/W 100/W million/W might/W use/W $/W 75/W million/W to/W buy/W the/W S&P/W 500/W index/W and/W spend/W the/W other/W $/W 25/W million/W on/W a/W favorite/W group/W of/W stocks/W ./W
_OOV_/W FUNDS/W :/W _OOV_/W can/W be/W constructed/W to/W serve/W social/W goals/W ,/W such/W as/W eliminating/W the/W stocks/W of/W companies/W doing/W business/W in/W South/W Africa/W ./W
Other/W funds/W have/W been/W designed/W to/W concentrate/W on/W stocks/W in/W a/W geographic/W area/W in/W order/W to/W encourage/W local/W investment/W ./W
Pennsylvania/W State/W Employees/W Retirement/W System/W ,/W for/W example/W ,/W has/W about/W $/W 130/W million/W invested/W in/W a/W fund/W of/W _OOV_/W companies/W that/W are/W either/W Pennsylvania-based/W or/W have/W 25/W %/W of/W their/W work/W forces/W in/W the/W state/W ./W
Short/W interest/W on/W the/W New/W York/W Stock/W Exchange/W declined/W for/W the/W second/W consecutive/W month/W ,/W this/W time/W 4.2/W %/W ,/W while/W the/W American/W Stock/W Exchange/W reported/W its/W third/W consecutive/W record/W month/W of/W short/W interest/W ./W
The/W Big/W Board/W reported/W that/W short/W interest/W dropped/W to/W _OOV_/W shares/W as/W of/W Oct./W 13/W from/W _OOV_/W shares/W in/W mid-September/W ./W
_OOV_/W short/W interest/W climbed/W 3/W %/W to/W _OOV_/W shares/W from/W _OOV_/W shares/W ./W
For/W the/W year-earlier/W month/W ,/W the/W Big/W Board/W reported/W _OOV_/W shares/W ,/W indicating/W a/W 13.5/W %/W _OOV_/W rise/W ,/W while/W the/W _OOV_/W reported/W _OOV_/W shares/W ,/W a/W 48/W %/W leap/W ./W
_OOV_/W short/W interest/W has/W been/W heading/W upward/W since/W mid-December/W ,/W with/W increases/W in/W each/W month/W since/W then/W except/W at/W _OOV_/W ./W
Traders/W who/W sell/W short/W borrow/W stock/W and/W sell/W it/W ,/W betting/W that/W the/W stock/W 's/W price/W will/W decline/W and/W that/W they/W can/W buy/W the/W shares/W back/W later/W at/W a/W lower/W price/W for/W return/W to/W the/W lender/W ./W
Short/W interest/W is/W the/W number/W of/W shares/W that/W have/W n't/W yet/W been/W purchased/W for/W return/W to/W lenders/W ./W
Although/W a/W substantial/W short/W position/W reflects/W heavy/W speculation/W that/W a/W stock/W 's/W price/W will/W decline/W ,/W some/W investors/W consider/W an/W increase/W in/W short/W interest/W bullish/W because/W the/W borrowed/W shares/W eventually/W must/W be/W bought/W back/W ./W
_OOV_/W in/W short/W interest/W of/W certain/W stocks/W also/W may/W be/W caused/W partly/W by/W _OOV_/W ./W
The/W figures/W occasionally/W include/W incomplete/W transactions/W in/W restricted/W stock/W ./W
The/W level/W of/W negative/W sentiment/W measured/W by/W the/W Big/W Board/W short/W interest/W ratio/W slipped/W to/W _OOV_/W from/W last/W month/W 's/W _OOV_/W ./W
The/W ratio/W is/W the/W number/W of/W trading/W days/W ,/W at/W the/W exchange/W 's/W average/W trading/W volume/W ,/W that/W would/W be/W required/W to/W convert/W the/W total/W short/W interest/W position/W ./W
Some/W analysts/W suggest/W ,/W however/W ,/W that/W the/W ratio/W has/W weakened/W in/W value/W as/W an/W indicator/W because/W options/W and/W other/W products/W can/W be/W used/W to/W hedge/W short/W positions/W ./W
_OOV_/W Corp./W led/W the/W Big/W Board/W list/W of/W largest/W short/W volumes/W with/W _OOV_/W shares/W ./W
_OOV_/W has/W proposed/W to/W acquire/W _OOV_/W Corp./W ,/W consisting/W of/W the/W auto/W parts/W division/W and/W some/W debt/W of/W _OOV_/W Corp./W ,/W for/W $/W _OOV_/W million/W of/W cash/W and/W securities/W ./W
Chemical/W Waste/W Management/W posted/W the/W biggest/W increase/W in/W short/W volume/W on/W the/W New/W York/W exchange/W ,/W up/W _OOV_/W shares/W to/W _OOV_/W ./W
Bristol-Myers/W Squibb/W Co./W ,/W the/W entity/W formed/W from/W the/W recent/W acquisition/W of/W Squibb/W Corp./W by/W Bristol-Myers/W Co./W ,/W logged/W the/W largest/W volume/W decline/W ,/W _OOV_/W shares/W ,/W to/W _OOV_/W ./W
Short/W interest/W in/W International/W Business/W Machines/W Corp./W plunged/W to/W _OOV_/W shares/W from/W _OOV_/W shares/W a/W month/W earlier/W ./W
Also/W closely/W watched/W is/W Exxon/W Corp./W ,/W where/W short/W interest/W slid/W to/W _OOV_/W shares/W from/W _OOV_/W ./W
On/W a/W percentage/W basis/W ,/W Germany/W Fund/W Inc./W led/W the/W gainers/W ,/W leaping/W to/W _OOV_/W shares/W from/W three/W shares/W ./W
_OOV_/W _OOV_/W Ltd./W led/W the/W percentage/W _OOV_/W ,/W dropping/W to/W 59/W shares/W from/W _OOV_/W ./W
The/W _OOV_/W short/W interest/W volume/W leader/W again/W was/W Texas/W Air/W Corp./W ,/W rising/W to/W _OOV_/W shares/W from/W _OOV_/W ./W
_OOV_/W Pharmaceutical/W Co./W posted/W the/W largest/W volume/W increase/W ,/W _OOV_/W shares/W ,/W to/W _OOV_/W ./W
The/W company/W is/W under/W an/W investigation/W concerning/W procedures/W to/W gain/W Food/W and/W Drug/W Administration/W approval/W of/W generic/W drugs/W ./W
_OOV_/W has/W denied/W any/W wrongdoing/W ./W
The/W largest/W volume/W drop/W --/W down/W _OOV_/W shares/W to/W _OOV_/W --/W came/W in/W shares/W represented/W by/W _OOV_/W Industries/W PLC/W 's/W American/W depositary/W receipts/W ./W
The/W company/W is/W facing/W a/W takeover/W proposal/W from/W the/W financier/W Sir/W James/W _OOV_/W ./W
First/W _OOV_/W Fund/W led/W the/W percentage/W increases/W ,/W rising/W to/W _OOV_/W shares/W from/W _OOV_/W ./W
Nelson/W Holdings/W International/W Ltd./W dropped/W the/W most/W on/W a/W percentage/W basis/W ,/W to/W 1,000/W shares/W from/W _OOV_/W ./W
The/W adjacent/W tables/W show/W the/W Big/W Board/W and/W _OOV_/W issues/W in/W which/W a/W short/W interest/W position/W of/W at/W least/W 100,000/W shares/W existed/W as/W of/W mid-October/W or/W in/W which/W there/W was/W a/W short/W position/W change/W of/W at/W least/W 50,000/W shares/W since/W mid-September/W ./W
Your/W Oct./W 12/W editorial/W ``/W _OOV_/W ,/W _OOV_/W _OOV_/W ?/W ''/W correctly/W states/W that/W I/W was/W critical/W of/W the/W Bush/W administration/W 's/W failure/W to/W have/W any/W plan/W in/W place/W to/W respond/W in/W a/W timely/W fashion/W to/W the/W opportunities/W to/W oust/W Manuel/W Noriega/W presented/W by/W the/W attempted/W military/W coup/W on/W Oct./W 3/W ./W
You/W are/W absolutely/W wrong/W ,/W however/W ,/W in/W _OOV_/W that/W this/W position/W is/W some/W kind/W of/W ``/W _OOV_/W ,/W ''/W something/W newly/W arrived/W at/W as/W a/W result/W of/W reading/W the/W opinion/W polls/W ./W
My/W position/W is/W one/W founded/W on/W both/W the/W facts/W and/W the/W law/W ./W
Although/W you/W may/W have/W forgotten/W ,/W public/W opinion/W about/W Gen./W Noriega/W is/W where/W it/W is/W in/W large/W measure/W because/W of/W my/W investigation/W of/W his/W years/W of/W involvement/W in/W narcotics/W smuggling/W -LRB-/W and/W simultaneous/W work/W as/W a/W U.S./W operative/W -RRB-/W ./W
The/W public/W made/W up/W its/W mind/W about/W Gen./W Noriega/W largely/W as/W a/W result/W of/W the/W hearings/W I/W chaired/W in/W the/W _OOV_/W on/W _OOV_/W and/W _OOV_/W of/W the/W Foreign/W Relations/W Committee/W on/W Feb./W 8/W ,/W 9/W ,/W 10/W and/W 11/W ,/W 1988/W ,/W and/W again/W on/W April/W 4/W ,/W 1988/W ./W
It/W was/W during/W those/W hearings/W that/W the/W nation/W first/W learned/W the/W breadth/W and/W depth/W of/W Gen./W Noriega/W 's/W criminality/W ,/W and/W of/W his/W enduring/W relationships/W with/W a/W variety/W of/W U.S./W government/W agencies/W ./W
Those/W hearings/W also/W highlighted/W how/W Gen./W Noriega/W was/W able/W to/W use/W his/W relationships/W with/W these/W agencies/W to/W delay/W U.S./W action/W against/W him/W ,/W and/W to/W exploit/W the/W administration/W 's/W obsession/W with/W overthrowing/W the/W _OOV_/W to/W protect/W his/W own/W _OOV_/W ./W
As/W former/W _OOV_/W to/W Costa/W _OOV_/W Francis/W J./W _OOV_/W testified/W before/W the/W subcommittee/W ,/W the/W Reagan/W administration/W knew/W that/W Gen./W Noriega/W was/W involved/W with/W narcotics/W ,/W but/W made/W a/W decision/W in/W the/W summer/W of/W 1986/W ``/W to/W put/W Gen./W Noriega/W on/W the/W shelf/W until/W _OOV_/W was/W settled/W ./W ''/W
As/W the/W report/W issued/W by/W the/W subcommittee/W concluded/W ,/W ``/W Our/W government/W did/W nothing/W regarding/W Gen./W Noriega/W 's/W drug/W business/W and/W substantial/W criminal/W involvement/W because/W the/W first/W priority/W was/W the/W _OOV_/W war/W ./W
This/W decision/W resulted/W in/W at/W least/W some/W drugs/W entering/W the/W United/W States/W as/W a/W hidden/W cost/W of/W the/W war/W ./W ''/W
Unfortunately/W ,/W this/W problem/W continued/W even/W after/W Gen./W Noriega/W 's/W indictment/W ./W
_OOV_/W 1988/W and/W this/W year/W ,/W I/W and/W others/W in/W Congress/W have/W pressed/W the/W U.S./W to/W develop/W a/W plan/W for/W pushing/W this/W ``/W _OOV_/W ''/W out/W of/W Panama/W ./W
_OOV_/W ,/W two/W administrations/W in/W a/W row/W have/W been/W unwilling/W and/W unable/W to/W develop/W any/W plan/W ,/W military/W or/W economic/W ,/W for/W supporting/W the/W Panamanian/W people/W in/W their/W attempts/W to/W restore/W democracy/W ./W
Sen./W John/W _OOV_/W -LRB-/W D./W ,/W _OOV_/W ./W -RRB-/W
For/W _OOV_/W ,/W these/W are/W tricky/W ,/W often/W treacherous/W ,/W times/W ./W
After/W years/W of/W hesitation/W ,/W economic/W and/W political/W reform/W was/W embraced/W at/W the/W end/W of/W 1986/W ,/W but/W ringing/W declarations/W have/W yet/W to/W be/W translated/W into/W much/W action/W ./W
Vietnam/W is/W finding/W that/W turning/W a/W stagnant/W socialist/W order/W into/W a/W dynamic/W free/W market/W does/W n't/W come/W easy/W ./W
Here/W is/W how/W three/W _OOV_/W are/W coping/W with/W change/W :/W
The/W Tire/W King/W
_OOV_/W Van/W _OOV_/W is/W living/W proof/W that/W old/W ways/W die/W hard/W ./W
Mr./W _OOV_/W used/W to/W be/W an/W oddity/W in/W _OOV_/W :/W a/W private/W entrepreneur/W ./W
His/W business/W success/W made/W him/W an/W official/W target/W in/W _OOV_/W days/W ./W
Mr./W _OOV_/W ,/W now/W 64/W years/W old/W ,/W invented/W a/W fountain/W pen/W he/W and/W his/W family/W produced/W from/W plastic/W waste/W ./W
Later/W ,/W he/W marketed/W glue/W ./W
Both/W products/W were/W immensely/W popular/W ./W
For/W his/W troubles/W ,/W Mr./W _OOV_/W was/W jailed/W three/W times/W between/W _OOV_/W and/W 1974/W ./W
Though/W his/W operation/W was/W registered/W and/W used/W only/W scrap/W ,/W he/W was/W accused/W of/W conducting/W illegal/W business/W and/W possessing/W illegal/W materials/W ./W
Once/W he/W was/W held/W for/W three/W months/W without/W being/W charged/W ./W
Things/W were/W supposed/W to/W change/W when/W Vietnam/W 's/W economic/W reforms/W gathered/W pace/W ,/W and/W for/W awhile/W they/W did/W ./W
After/W years/W of/W experimenting/W ,/W Mr./W _OOV_/W produced/W a/W heavy-duty/W bicycle/W tire/W that/W outlasted/W its/W _OOV_/W rival/W ./W
By/W 1982/W ,/W he/W was/W selling/W thousands/W of/W tires/W ./W
_OOV_/W published/W articles/W about/W him/W ,/W and/W he/W was/W hailed/W as/W ``/W the/W tire/W king/W ./W ''/W
His/W efforts/W earned/W a/W gold/W medal/W at/W a/W national/W exhibition/W --/W and/W attracted/W renewed/W attention/W from/W local/W authorities/W ./W
District/W police/W in/W 1983/W descended/W on/W his/W suburban/W home/W ,/W which/W he/W and/W his/W large/W family/W used/W as/W both/W residence/W and/W factory/W ,/W and/W demanded/W proof/W the/W house/W and/W equipment/W were/W his/W ./W
He/W produced/W it/W ./W
``/W That/W was/W the/W first/W time/W they/W lost/W and/W I/W won/W ,/W ''/W he/W says/W ./W
He/W was/W further/W questioned/W to/W determine/W if/W he/W was/W ``/W a/W real/W working/W man/W or/W an/W _OOV_/W ./W ''/W
_OOV_/W Mr./W _OOV_/W :/W ``/W When/W I/W showed/W it/W was/W from/W my/W own/W brain/W ,/W they/W lost/W for/W the/W second/W time/W ./W ''/W
But/W a/W few/W days/W later/W the/W police/W accused/W him/W of/W stealing/W electricity/W ,/W acquiring/W rubber/W without/W permission/W and/W buying/W stolen/W property/W ./W
_OOV_/W he/W was/W to/W be/W jailed/W again/W ,/W he/W fled/W to/W the/W countryside/W ./W
His/W family/W was/W given/W three/W hours/W to/W leave/W before/W the/W house/W and/W contents/W were/W confiscated/W ./W
With/W only/W the/W clothes/W they/W were/W wearing/W ,/W family/W members/W moved/W to/W a/W home/W owned/W by/W one/W of/W Mr./W _OOV_/W 's/W sons/W ./W
After/W six/W months/W on/W the/W run/W ,/W Mr./W _OOV_/W learned/W the/W order/W for/W his/W arrest/W had/W been/W canceled/W ./W
He/W rejoined/W his/W family/W in/W January/W 1984/W and/W began/W the/W long/W struggle/W for/W justice/W ,/W pressing/W everyone/W from/W _OOV_/W municipal/W officials/W to/W National/W _OOV_/W deputies/W for/W restoration/W of/W his/W rights/W ./W
He/W and/W his/W family/W kept/W afloat/W by/W repairing/W bicycles/W ,/W selling/W fruit/W and/W doing/W odd/W jobs/W ./W
Mr./W _OOV_/W achieved/W a/W breakthrough/W in/W 1987/W --/W and/W became/W a/W minor/W celebrity/W again/W --/W when/W his/W story/W was/W published/W in/W a/W weekly/W newspaper/W ./W
In/W 1988/W ,/W 18/W months/W after/W the/W sixth/W congress/W formally/W endorsed/W family-run/W private/W enterprise/W ,/W district/W authorities/W allowed/W Mr./W _OOV_/W to/W resume/W work/W ./W
By/W late/W last/W year/W he/W was/W invited/W back/W as/W ``/W the/W tire/W king/W ''/W to/W display/W his/W products/W at/W a/W national/W exhibition/W ./W
National/W leaders/W stopped/W by/W his/W stand/W to/W commend/W his/W achievements/W ./W
Mr./W _OOV_/W now/W produces/W 1,000/W bicycle/W and/W motorbike/W tires/W a/W month/W and/W 1,000/W tins/W of/W _OOV_/W glue/W in/W the/W son/W 's/W small/W house/W ./W
_OOV_/W people/W pack/W the/W house/W 's/W two/W rooms/W --/W the/W _OOV_/W ,/W four/W of/W their/W 10/W children/W with/W spouses/W ,/W and/W eight/W of/W 22/W grandchildren/W ./W
Most/W sleep/W on/W the/W floor/W ./W
Come/W daybreak/W ,/W eight/W family/W members/W and/W two/W other/W workers/W _OOV_/W a/W sheet/W of/W raw/W rubber/W that/W covers/W the/W floor/W of/W the/W house/W and/W spills/W out/W onto/W the/W street/W ./W
The/W primitive/W operations/W also/W burst/W out/W the/W back/W door/W into/W a/W small/W courtyard/W ,/W where/W an/W ancient/W press/W squeezes/W rubber/W solution/W into/W a/W flat/W strip/W and/W newly/W made/W tires/W are/W cooled/W in/W a/W bathtub/W filled/W with/W water/W ./W
Mr./W _OOV_/W talks/W _OOV_/W of/W expanding/W ,/W maybe/W even/W moving/W into/W the/W _OOV_/W field/W ./W
First/W ,/W however/W ,/W he/W has/W unfinished/W business/W ./W
When/W district/W authorities/W allowed/W him/W to/W resume/W manufacturing/W ,/W they/W released/W only/W one/W of/W his/W machines/W ./W
They/W did/W n't/W return/W the/W rubber/W stocks/W that/W represent/W his/W capital/W ./W
Nor/W did/W they/W return/W his/W house/W and/W contents/W ,/W which/W he/W values/W at/W about/W $/W _OOV_/W ./W
He/W wants/W to/W recover/W more/W than/W just/W his/W property/W ,/W though/W ./W
``/W I/W want/W my/W dignity/W back/W ,/W ''/W he/W says/W ./W
_OOV_/W _OOV_/W seemed/W an/W obvious/W choice/W when/W the/W _OOV_/W _OOV_/W Association/W was/W looking/W for/W a/W new/W editor/W to/W reform/W its/W weekly/W newspaper/W ,/W Van/W _OOV_/W ./W
After/W the/W sixth/W congress/W ,/W journalists/W seized/W the/W opportunity/W provided/W by/W the/W liberalization/W to/W probe/W previously/W taboo/W subjects/W ./W
Mr./W _OOV_/W ,/W 57/W years/W old/W ,/W had/W solid/W reformist/W credentials/W :/W He/W had/W lost/W his/W official/W position/W in/W the/W association/W in/W he/W early/W 1980s/W because/W he/W questioned/W the/W intrusion/W of/W politics/W into/W literature/W ./W
_OOV_/W editor/W in/W chief/W in/W July/W 1987/W ,/W Mr./W _OOV_/W rapidly/W turned/W the/W _OOV_/W Van/W _OOV_/W into/W Vietnam/W 's/W hottest/W paper/W ./W
_OOV_/W soared/W as/W the/W weekly/W went/W way/W beyond/W standard/W literary/W themes/W to/W cover/W _OOV_/W society/W and/W its/W ills/W ./W
_OOV_/W were/W electrified/W by/W the/W paper/W 's/W audacity/W and/W appalled/W by/W the/W dark/W side/W of/W life/W it/W uncovered/W ./W
One/W article/W recounted/W a/W decade-long/W struggle/W by/W a/W wounded/W soldier/W to/W prove/W ,/W officially/W ,/W he/W was/W alive/W ./W
Another/W described/W how/W _OOV_/W officials/W in/W _OOV_/W _OOV_/W province/W one/W night/W stormed/W through/W homes/W and/W confiscated/W rice/W from/W starving/W villagers/W ./W
The/W newspaper/W also/W ran/W a/W series/W of/W controversial/W short/W stories/W by/W _OOV_/W _OOV_/W _OOV_/W ,/W a/W former/W history/W teacher/W ,/W who/W stirred/W debate/W over/W his/W interpretation/W of/W _OOV_/W culture/W and/W took/W a/W thinly/W veiled/W swipe/W at/W writers/W who/W had/W blocked/W his/W entry/W into/W their/W official/W association/W ./W
Van/W _OOV_/W quickly/W made/W influential/W enemies/W ./W
``/W Those/W who/W manage/W ideology/W and/W a/W large/W number/W of/W writers/W reacted/W badly/W ''/W to/W the/W restyled/W paper/W ,/W says/W _OOV_/W _OOV_/W An/W ,/W a/W literary/W critic/W ./W
After/W months/W of/W internal/W _OOV_/W ,/W Mr./W _OOV_/W was/W fired/W last/W December/W ./W
His/W dismissal/W triggered/W a/W furor/W among/W intellectuals/W that/W continues/W today/W ./W
``/W Under/W Mr./W _OOV_/W ,/W Van/W _OOV_/W protected/W the/W people/W instead/W of/W the/W government/W ,/W ''/W says/W _OOV_/W _OOV_/W ,/W a/W poet/W who/W is/W the/W paper/W 's/W bureau/W chief/W for/W southern/W Vietnam/W ./W
``/W The/W paper/W reflected/W the/W truth/W ./W
For/W the/W leadership/W ,/W that/W was/W too/W painful/W to/W bear/W ./W ''/W
The/W `/W _OOV_/W '/W
_OOV_/W _OOV_/W _OOV_/W is/W Vietnam/W 's/W entrepreneur/W of/W the/W 1980s/W ./W
Her/W challenge/W is/W to/W keep/W her/W fledgling/W empire/W on/W top/W in/W the/W 1990s/W ./W
Mrs./W _OOV_/W did/W n't/W wait/W for/W the/W reforms/W to/W get/W her/W start/W ./W
She/W charged/W ahead/W of/W the/W government/W and/W the/W law/W to/W establish/W _OOV_/W City/W Food/W Co./W as/W the/W biggest/W rice/W dealer/W in/W the/W country/W ./W
Her/W success/W ,/W which/W included/W alleviating/W an/W urban/W food/W shortage/W in/W the/W early/W 1980s/W ,/W helped/W persuade/W _OOV_/W to/W take/W the/W reform/W path/W ./W
Her/W story/W is/W becoming/W part/W of/W local/W folklore/W ./W
A/W lifelong/W revolutionary/W with/W little/W education/W who/W fought/W both/W the/W French/W and/W the/W _OOV_/W _OOV_/W regime/W ,/W she/W switched/W effortlessly/W to/W commerce/W after/W the/W war/W ./W
Her/W instincts/W were/W capitalistic/W ,/W despite/W her/W background/W ./W
As/W she/W rode/W over/W regulations/W ,/W only/W her/W friendship/W with/W party/W leaders/W ,/W including/W _OOV_/W Van/W _OOV_/W ,/W then/W Ho/W Chi/W Minh/W City/W party/W secretary/W ,/W kept/W her/W out/W of/W jail/W ./W
Following/W Mr./W _OOV_/W 's/W appointment/W as/W _OOV_/W of/W the/W party/W at/W the/W sixth/W congress/W ,/W Mrs./W _OOV_/W has/W become/W the/W darling/W of/W ``/W doi/W moi/W ''/W ,/W the/W _OOV_/W version/W of/W perestroika/W ./W
The/W authorities/W have/W steered/W foreign/W reporters/W to/W her/W office/W to/W see/W an/W example/W of/W ``/W the/W new/W way/W of/W thinking/W ./W ''/W
Foreign/W publications/W have/W responded/W with/W articles/W declaring/W her/W Vietnam/W 's/W richest/W woman/W ./W
``/W Some/W people/W call/W me/W the/W communist/W billionaire/W ,/W ''/W she/W has/W told/W visitors/W ./W
Actually/W ,/W 67-year-old/W Mrs./W _OOV_/W is/W about/W as/W poor/W as/W almost/W everyone/W else/W in/W this/W impoverished/W land/W ./W
She/W has/W indeed/W turned/W _OOV_/W City/W Food/W into/W a/W budding/W conglomerate/W ,/W but/W the/W company/W itself/W remains/W state-owned/W ./W
She/W manages/W it/W with/W the/W title/W of/W _OOV_/W ./W
The/W heart/W of/W the/W business/W is/W the/W purchase/W of/W rice/W and/W other/W commodities/W ,/W such/W as/W corn/W and/W coffee/W ,/W from/W farmers/W in/W the/W south/W ,/W paying/W with/W fertilizer/W ,/W farm/W tools/W and/W other/W items/W ./W
Last/W year/W ,/W _OOV_/W City/W Food/W says/W it/W bought/W two/W million/W metric/W tons/W of/W _OOV_/W rice/W ,/W more/W than/W 10/W %/W of/W the/W country/W 's/W output/W ./W
The/W company/W operates/W a/W fleet/W of/W trucks/W and/W boats/W to/W transport/W the/W commodities/W to/W its/W warehouses/W ./W
A/W subsidiary/W company/W processes/W commodities/W into/W foods/W such/W as/W instant/W noodles/W that/W are/W sold/W with/W the/W rice/W through/W a/W vast/W retail/W network/W ./W
In/W recent/W years/W ,/W Mrs./W _OOV_/W has/W started/W to/W diversify/W the/W company/W ,/W taking/W a/W 20/W %/W stake/W in/W newly/W established/W ,/W partly/W private/W Industrial/W and/W Commercial/W Bank/W ,/W and/W setting/W up/W _OOV_/W _OOV_/W ,/W which/W owns/W and/W operates/W Vietnam/W 's/W first/W oil/W refinery/W ./W
Mrs./W _OOV_/W says/W _OOV_/W City/W Food/W last/W year/W increased/W pretax/W profit/W 60/W %/W to/W the/W equivalent/W of/W about/W $/W 2.7/W million/W on/W sales/W of/W $/W 150/W million/W ./W
She/W expects/W both/W revenue/W and/W profit/W to/W gain/W this/W year/W ./W
She/W is/W almost/W cavalier/W about/W the/W possibility/W Vietnam/W 's/W reforms/W will/W create/W rivals/W on/W her/W home/W turf/W ./W
``/W I/W do/W n't/W mind/W the/W competition/W inside/W the/W country/W ,/W ''/W she/W says/W ./W
``/W I/W am/W only/W afraid/W that/W with/W Vietnam/W 's/W _OOV_/W products/W we/W ca/W n't/W compete/W with/W neighboring/W countries/W ./W
The/W earthquake/W that/W hit/W the/W San/W Francisco/W Bay/W area/W is/W n't/W likely/W to/W result/W in/W wholesale/W downgrading/W of/W bond/W ratings/W ,/W officials/W at/W the/W two/W major/W rating/W agencies/W said/W ./W
Standard/W &/W Poor/W 's/W Corp./W is/W reviewing/W debt/W issued/W by/W 12/W California/W counties/W ,/W and/W ``/W there/W are/W potential/W isolated/W problems/W ,/W ''/W said/W _OOV_/W _OOV_/W ,/W a/W managing/W director/W ./W
The/W agency/W is/W preparing/W a/W report/W ,/W to/W be/W issued/W today/W ,/W on/W the/W earthquake/W 's/W impact/W on/W the/W and/W _OOV_/W industry/W ./W
The/W only/W securities/W so/W far/W to/W be/W singled/W out/W are/W those/W issued/W by/W Bay/W View/W Federal/W Savings/W &/W Loan/W ./W
Moody/W 's/W Investors/W Service/W Inc./W said/W it/W is/W reviewing/W ,/W with/W an/W eye/W toward/W a/W possible/W _OOV_/W ,/W the/W ratings/W on/W Bay/W View/W Federal/W bonds/W ,/W long-term/W deposits/W and/W the/W _OOV_/W rating/W of/W its/W parent/W company/W ,/W Bay/W View/W Capital/W Corp/W ./W
As/W for/W property/W and/W casualty/W insurers/W ,/W Moody/W 's/W said/W ``/W preliminary/W estimates/W suggest/W that/W losses/W should/W not/W have/W a/W significant/W impact/W on/W most/W insurers/W '/W financial/W condition/W ,/W ''/W but/W it/W ``/W raises/W concerns/W about/W potentially/W substantial/W risks/W ''/W longer-term/W ./W
``/W _OOV_/W from/W the/W earthquake/W are/W expected/W to/W be/W of/W similar/W magnitude/W to/W those/W of/W Hurricane/W Hugo/W ,/W ''/W according/W to/W Moody/W 's/W ./W
Your/W Oct./W 5/W editorial/W ``/W A/W Democratic/W Tax/W _OOV_/W ''/W contained/W an/W error/W ./W
In/W the/W third/W paragraph/W it/W referred/W to/W the/W senators/W seeking/W loophole/W suggestions/W from/W lobbyists/W for/W various/W sectors/W of/W the/W economy/W ./W
Among/W them/W ,/W ``/W banana/W farmers/W ./W ''/W
The/W only/W significant/W commercial/W banana/W farmers/W in/W the/W U.S./W are/W in/W Hawaii/W ./W
The/W Hawaii/W _OOV_/W Industry/W Association/W ,/W to/W which/W nearly/W all/W of/W them/W belong/W ,/W has/W no/W lobbyist/W ./W
Thomas/W _OOV_/W Reese/W _OOV_/W ./W
_OOV_/W _OOV_/W Co/W ./W
Western/W Digital/W Corp./W reported/W a/W net/W loss/W of/W $/W 2.7/W million/W ,/W or/W nine/W cents/W a/W share/W ,/W for/W its/W first/W quarter/W ended/W Sept./W 30/W ,/W citing/W factors/W as/W varied/W as/W hurricane/W damage/W ,/W an/W advance/W in/W graphics/W technology/W and/W the/W strengthening/W dollar/W ./W
In/W the/W year-ago/W period/W ,/W the/W company/W earned/W $/W 12.9/W million/W ,/W or/W 45/W cents/W a/W share/W ,/W on/W sales/W of/W $/W 247/W million/W ./W
Sales/W for/W the/W _OOV_/W period/W fell/W to/W about/W $/W 225/W million/W ,/W the/W maker/W of/W computer/W parts/W said/W ./W
_OOV_/W ,/W Chairman/W _OOV_/W W./W Johnson/W said/W he/W expects/W the/W company/W to/W be/W profitable/W in/W the/W current/W quarter/W ./W
``/W We/W are/W positioned/W to/W come/W through/W ,/W ''/W he/W said/W ,/W noting/W that/W the/W company/W 's/W backlog/W was/W up/W from/W the/W previous/W quarter/W ./W
In/W its/W second/W quarter/W last/W year/W ,/W Western/W Digital/W earned/W $/W _OOV_/W million/W ,/W or/W 44/W cents/W a/W share/W ,/W on/W sales/W of/W $/W _OOV_/W million/W ./W
Mr./W Johnson/W said/W Western/W Digital/W 's/W plant/W in/W Puerto/W Rico/W was/W affected/W by/W Hurricane/W Hugo/W ,/W losing/W three/W days/W '/W production/W because/W of/W the/W storm/W ,/W which/W wrecked/W much/W of/W the/W Caribbean/W island/W 's/W infrastructure/W ./W
Although/W the/W plant/W itself/W was/W n't/W damaged/W ,/W Mr./W Johnson/W said/W millions/W of/W dollars/W in/W first-quarter/W revenue/W were/W lost/W ./W
The/W revenue/W will/W be/W regained/W in/W the/W current/W period/W ,/W he/W added/W ./W
There/W are/W no/W plans/W to/W initiate/W a/W common/W stock/W dividend/W ,/W Mr./W Johnson/W said/W ,/W explaining/W that/W the/W board/W continues/W to/W believe/W shareholders/W are/W best/W served/W by/W _OOV_/W excess/W cash/W ./W
Mr./W Johnson/W said/W the/W first-quarter/W loss/W also/W heavily/W reflected/W a/W rapid/W change/W in/W graphics/W technology/W that/W left/W reseller/W channels/W with/W too/W many/W of/W the/W old/W computer/W graphics/W boards/W and/W too/W few/W new/W monitors/W compatible/W with/W the/W new/W graphics/W boards/W ./W
Western/W Digital/W does/W n't/W make/W the/W monitors/W ./W
An/W accelerating/W move/W by/W personal/W computer/W manufacturers/W '/W to/W include/W advanced/W graphics/W capabilities/W as/W standard/W equipment/W further/W dampened/W reseller/W purchases/W of/W Western/W Digital/W 's/W equipment/W ./W
``/W The/W other/W areas/W of/W the/W business/W --/W storage/W and/W microcomputers/W --/W were/W very/W good/W ,/W ''/W Mr./W Johnson/W said/W ./W
He/W said/W Western/W Digital/W has/W reacted/W swiftly/W to/W the/W movement/W to/W video/W graphics/W array/W ,/W _OOV_/W ,/W graphics/W technology/W from/W the/W old/W enhanced/W graphics/W adapter/W ,/W _OOV_/W ,/W which/W has/W a/W lower/W resolution/W standard/W ,/W technology/W and/W now/W is/W one/W of/W the/W leading/W producers/W of/W these/W newer/W units/W ./W
Other/W makers/W of/W video/W controller/W equipment/W also/W were/W caught/W in/W the/W _OOV_/W shift/W ,/W he/W said/W ,/W ``/W but/W we/W were/W able/W to/W respond/W much/W more/W quickly/W ./W ''/W
Still/W ,/W Mr./W Johnson/W said/W ,/W ``/W our/W stock/W is/W grossly/W undervalued/W ./W ''/W
He/W said/W the/W company/W has/W cut/W operating/W expenses/W by/W about/W 10/W %/W over/W the/W last/W few/W quarters/W ,/W while/W maintaining/W research/W and/W development/W at/W about/W 8/W %/W to/W 9/W %/W of/W sales/W ./W
As/W part/W of/W its/W reorganization/W this/W week/W ,/W Western/W Digital/W has/W divided/W its/W business/W into/W two/W segments/W --/W storage/W products/W ,/W including/W controllers/W and/W disk/W drives/W ;/W and/W microcomputer/W products/W ,/W which/W include/W graphics/W ,/W communications/W and/W peripheral/W control/W chips/W ./W
Graphics/W ,/W communications/W and/W peripheral/W control/W chips/W were/W combined/W because/W ,/W increasingly/W ,/W multiple/W functions/W are/W being/W governed/W by/W a/W single/W chip/W ./W
_OOV_/W ,/W which/W includes/W computer/W controllers/W and/W _OOV_/W disk/W drives/W ,/W represents/W nearly/W two-thirds/W of/W the/W company/W 's/W business/W ./W
_OOV_/W drives/W ,/W which/W allow/W a/W computer/W to/W access/W its/W memory/W ,/W generated/W 38/W %/W more/W revenue/W in/W the/W most/W recent/W period/W compared/W with/W the/W fiscal/W first/W quarter/W a/W year/W earlier/W ./W
Computer/W parts/W are/W getting/W ever/W smaller/W ,/W Mr./W Johnson/W said/W ,/W a/W shrinking/W that/W has/W propelled/W laptops/W into/W position/W as/W the/W _OOV_/W segment/W of/W the/W computer/W business/W ./W
As/W smaller/W and/W more/W powerful/W computers/W continue/W to/W be/W the/W focus/W of/W the/W industry/W ,/W he/W said/W ,/W Western/W Digital/W is/W strengthening/W development/W of/W laptop/W parts/W ./W
Next/W year/W Western/W Digital/W plans/W to/W consolidate/W its/W operations/W from/W 11/W buildings/W in/W _OOV_/W into/W two/W buildings/W in/W the/W same/W _OOV_/W new/W headquarters/W and/W ,/W a/W block/W away/W ,/W a/W modern/W $/W 100/W million/W silicon/W wafer/W fabrication/W plant/W ./W
The/W plan/W will/W help/W the/W company/W in/W its/W existing/W joint/W manufacturing/W agreement/W with/W AT&T/W ./W
About/W half/W of/W Western/W Digital/W 's/W business/W is/W overseas/W ,/W and/W Mr./W Johnson/W expects/W that/W proportion/W to/W continue/W ./W
_OOV_/W to/W dissolve/W many/W of/W the/W trade/W barriers/W within/W Europe/W in/W 1992/W creates/W significant/W opportunities/W for/W the/W company/W ,/W he/W said/W ,/W particularly/W since/W Western/W Digital/W already/W manufactures/W there/W ./W
Capitalizing/W on/W that/W presence/W ,/W Western/W Digital/W is/W launching/W a/W major/W effort/W to/W develop/W the/W embryonic/W reseller/W market/W in/W Europe/W ./W
_OOV_/W of/W state-owned/W Banca/W _OOV_/W del/W _OOV_/W approved/W a/W _OOV_/W _OOV_/W transaction/W and/W a/W change/W in/W the/W bank/W 's/W rules/W that/W will/W help/W it/W operate/W more/W like/W a/W private-sector/W institution/W ./W
Until/W now/W ,/W _OOV_/W 's/W top/W managers/W and/W its/W directors/W have/W been/W appointed/W by/W a/W Treasury/W decree/W ./W
But/W under/W the/W bank/W 's/W proposed/W statutes/W ,/W an/W assembly/W of/W shareholders/W must/W approve/W board/W members/W ./W
The/W bank/W 's/W chairman/W and/W director/W general/W ,/W who/W also/W sit/W on/W the/W board/W ,/W still/W would/W be/W appointed/W by/W the/W Treasury/W ./W
_OOV_/W ,/W which/W is/W controlled/W by/W the/W Italian/W Treasury/W ,/W was/W rocked/W by/W the/W disclosure/W last/W month/W that/W its/W Atlanta/W branch/W extended/W more/W than/W $/W 3/W billion/W in/W unauthorized/W credits/W to/W _OOV_/W ./W
The/W ensuing/W scandal/W ,/W in/W which/W the/W bank/W 's/W management/W resigned/W ,/W has/W helped/W renew/W calls/W for/W privatization/W ,/W or/W at/W least/W an/W overhaul/W ,/W of/W Italy/W 's/W banking/W system/W ,/W which/W is/W about/W 80/W %/W _OOV_/W ./W
In/W a/W related/W move/W ,/W the/W bank/W also/W proposed/W that/W board/W representation/W be/W linked/W more/W closely/W to/W the/W bank/W 's/W new/W shareholding/W structure/W ./W
_OOV_/W called/W a/W shareholders/W '/W assembly/W meeting/W in/W December/W to/W vote/W on/W the/W proposals/W ./W
_OOV_/W has/W about/W 75,000/W _OOV_/W shares/W that/W are/W listed/W on/W the/W Milan/W Stock/W Exchange/W ./W
The/W shares/W were/W suspended/W from/W trading/W following/W disclosure/W of/W the/W Atlanta/W scandal/W ;/W _OOV_/W ,/W the/W stock/W exchange/W regulatory/W body/W ,/W reportedly/W will/W decide/W soon/W whether/W to/W end/W the/W trading/W suspension/W ./W
Switzerland/W 's/W wholesale/W price/W index/W increased/W 0.3/W %/W in/W September/W from/W August/W ,/W and/W was/W up/W 3.9/W %/W from/W a/W year/W ago/W ,/W marking/W the/W first/W time/W this/W year/W that/W the/W index/W has/W fallen/W below/W 4/W %/W on/W a/W _OOV_/W basis/W ,/W the/W government/W reported/W ./W
The/W government/W attributed/W the/W 0.3/W %/W _OOV_/W rise/W in/W the/W index/W largely/W to/W higher/W energy/W prices/W ./W
In/W August/W ,/W the/W index/W was/W up/W 0.2/W %/W from/W the/W previous/W month/W ,/W and/W was/W up/W 4.5/W %/W on/W a/W _OOV_/W basis/W ./W
The/W wholesale/W price/W index/W ,/W based/W on/W 1963/W as/W 100/W ,/W was/W _OOV_/W in/W September/W ./W
American/W Express/W Co./W posted/W a/W 21/W %/W increase/W in/W third/W quarter/W net/W income/W despite/W a/W sharp/W rise/W in/W reserves/W for/W Third/W World/W loans/W at/W its/W banking/W unit/W ./W
Aided/W by/W a/W sharp/W gain/W in/W its/W travel/W business/W ,/W American/W Express/W said/W net/W rose/W to/W $/W _OOV_/W million/W ,/W or/W 77/W cents/W a/W share/W ,/W from/W $/W _OOV_/W million/W ,/W or/W 64/W cents/W a/W share/W ./W
The/W year-earlier/W figures/W included/W $/W _OOV_/W million/W ,/W or/W three/W cents/W a/W share/W ,/W in/W income/W from/W discontinued/W operations/W ./W
Income/W from/W continuing/W operations/W was/W up/W 26/W %/W ./W
Revenue/W rose/W 24/W %/W to/W $/W 6.5/W billion/W from/W $/W _OOV_/W billion/W ./W
The/W travel/W ,/W investment/W services/W ,/W insurance/W and/W banking/W concern/W added/W $/W 110/W million/W to/W reserves/W for/W credit/W losses/W at/W its/W American/W Express/W Bank/W unit/W ,/W boosting/W the/W reserve/W to/W $/W _OOV_/W million/W as/W of/W Sept./W 30/W ./W
The/W bank/W 's/W Third/W World/W debt/W portfolio/W totals/W $/W _OOV_/W million/W ,/W down/W from/W $/W 2.2/W billion/W at/W the/W end/W of/W 1986/W ./W
The/W bank/W charged/W off/W $/W 53/W million/W in/W loans/W during/W the/W quarter/W ./W
At/W the/W American/W Express/W Travel/W Related/W Services/W Co./W unit/W ,/W net/W rose/W 17/W %/W to/W a/W record/W $/W _OOV_/W million/W on/W a/W 19/W %/W revenue/W increase/W ./W
The/W figures/W exclude/W businesses/W now/W organized/W as/W American/W Express/W Information/W Services/W Co/W ./W
American/W Express/W card/W charge/W volume/W rose/W 12/W %/W ./W
Travel/W sales/W rose/W 11/W %/W ,/W led/W by/W gains/W in/W the/W U.S/W ./W
At/W _OOV_/W Financial/W Services/W ,/W the/W financial/W planning/W and/W mutual/W fund/W unit/W ,/W net/W rose/W 19/W %/W to/W a/W record/W $/W _OOV_/W million/W on/W a/W 33/W %/W revenue/W gain/W ./W
_OOV_/W owned/W or/W managed/W rose/W 20/W %/W to/W $/W 45/W billion/W ,/W and/W mutual/W fund/W sales/W rose/W 45/W %/W in/W the/W quarter/W to/W $/W _OOV_/W million/W ./W
American/W Express/W Bank/W earnings/W fell/W 50/W %/W to/W $/W _OOV_/W million/W from/W $/W _OOV_/W million/W despite/W a/W 29/W %/W revenue/W gain/W ./W
The/W results/W include/W $/W 106/W million/W of/W tax/W benefits/W associated/W with/W previous/W years/W '/W Third/W World/W loan/W activity/W ,/W compared/W with/W $/W 15/W million/W a/W year/W earlier/W ./W
Profit/W rose/W 38/W %/W at/W American/W Express/W Information/W Services/W to/W $/W _OOV_/W million/W ./W
Shearson/W Lehman/W Hutton/W Holdings/W Inc./W ,/W as/W previously/W reported/W ,/W had/W net/W of/W $/W _OOV_/W million/W ,/W reversing/W a/W $/W 3.5/W million/W loss/W a/W year/W earlier/W ;/W its/W latest/W results/W include/W a/W $/W 37/W million/W gain/W from/W the/W sale/W of/W an/W institutional/W money/W management/W business/W ./W
American/W Express/W 's/W share/W of/W Shearson/W 's/W earnings/W was/W $/W 41/W million/W ,/W after/W preferred/W stock/W dividends/W ;/W it/W owns/W about/W 68/W %/W of/W Shearson/W 's/W common/W ./W
For/W the/W nine/W months/W ,/W American/W Express/W said/W net/W rose/W 11/W %/W to/W $/W _OOV_/W million/W ,/W or/W $/W _OOV_/W a/W share/W ,/W from/W $/W _OOV_/W million/W ,/W or/W $/W _OOV_/W a/W share/W ./W
Revenue/W rose/W 24/W %/W to/W $/W _OOV_/W billion/W from/W $/W _OOV_/W billion/W ./W
_OOV_/W Inc./W ,/W hampered/W by/W a/W slowdown/W in/W its/W defense/W sales/W ,/W reported/W an/W 8/W %/W decline/W in/W per-share/W earnings/W on/W nearly/W flat/W revenue/W for/W its/W third/W quarter/W ./W
The/W aerospace/W and/W financial/W services/W concern/W said/W net/W income/W fell/W 5/W %/W to/W $/W _OOV_/W million/W from/W $/W 62.8/W million/W ./W
Revenue/W of/W $/W _OOV_/W billion/W was/W almost/W unchanged/W from/W last/W year/W 's/W $/W _OOV_/W billion/W ./W
Per-share/W net/W of/W 66/W cents/W ,/W down/W from/W 72/W cents/W ,/W fell/W by/W more/W than/W overall/W net/W because/W of/W more/W shares/W outstanding/W ./W
The/W company/W said/W that/W improved/W results/W in/W its/W financial-services/W sector/W were/W negated/W by/W increased/W costs/W in/W its/W government/W contract/W business/W ,/W lower/W operating/W earnings/W in/W its/W _OOV_/W sector/W and/W soft/W automotive/W markets/W ./W
Net/W was/W aided/W by/W a/W lower/W income/W tax/W rate/W ./W
Profit/W before/W taxes/W fell/W 17/W %/W to/W $/W _OOV_/W million/W from/W $/W _OOV_/W million/W ./W
For/W the/W nine/W months/W ,/W _OOV_/W reported/W net/W of/W $/W _OOV_/W million/W ,/W or/W $/W 2.06/W a/W share/W ,/W on/W revenue/W of/W $/W _OOV_/W billion/W ./W
A/W year/W ago/W ,/W net/W was/W $/W _OOV_/W million/W ,/W or/W $/W _OOV_/W a/W share/W ,/W on/W revenue/W of/W $/W 5.3/W billion/W ./W
The/W _OOV_/W results/W included/W a/W $/W 9.5/W million/W special/W charge/W in/W 1989/W for/W an/W arbitration/W settlement/W related/W to/W past/W export/W sales/W ,/W and/W $/W _OOV_/W million/W in/W extraordinary/W charges/W in/W 1988/W related/W to/W a/W former/W line/W of/W business/W and/W early/W redemption/W of/W debt/W ./W
_OOV_/W said/W that/W _OOV_/W '/W results/W do/W n't/W include/W earnings/W of/W _OOV_/W PLC/W ,/W a/W British/W maker/W of/W industrial/W _OOV_/W ,/W but/W do/W include/W interest/W costs/W of/W $/W _OOV_/W million/W on/W borrowings/W related/W to/W the/W proposed/W purchase/W of/W _OOV_/W ./W
A/W federal/W judge/W has/W issued/W a/W preliminary/W injunction/W against/W the/W purchase/W because/W of/W Federal/W Trade/W Commission/W concerns/W that/W the/W transaction/W would/W reduce/W competition/W in/W the/W production/W of/W two/W kinds/W of/W rivets/W ./W
For/W the/W quarter/W ,/W _OOV_/W said/W aerospace/W revenue/W ,/W including/W _OOV_/W helicopter/W and/W _OOV_/W manufacture/W ,/W declined/W _OOV_/W %/W to/W $/W _OOV_/W million/W from/W $/W _OOV_/W million/W ,/W an/W indication/W of/W slowing/W government/W defense/W work/W ./W
As/W the/W _OOV_/W brothers/W '/W personal/W bankruptcy/W cases/W _OOV_/W into/W their/W second/W year/W ,/W _OOV_/W S.A./W has/W proposed/W a/W deal/W to/W settle/W its/W huge/W claim/W against/W the/W troubled/W Texas/W oil/W men/W ./W
But/W the/W plan/W only/W threatens/W to/W heighten/W the/W tension/W and/W confusion/W already/W surrounding/W the/W cases/W that/W were/W filed/W in/W September/W 1988/W ./W
The/W _OOV_/W mineral/W concern/W 's/W $/W _OOV_/W million/W claim/W stems/W from/W 1988/W jury/W award/W in/W a/W case/W stemming/W from/W the/W brothers/W '/W alleged/W attempts/W to/W corner/W the/W _OOV_/W silver/W market/W ./W
_OOV_/W now/W says/W it/W is/W willing/W to/W settle/W for/W up/W to/W $/W _OOV_/W million/W from/W each/W brother/W ,/W although/W the/W actual/W amount/W would/W probably/W be/W much/W less/W ./W
Although/W the/W proposal/W must/W be/W approved/W by/W federal/W Judge/W Harold/W C./W _OOV_/W ,/W W./W Herbert/W _OOV_/W has/W agreed/W to/W the/W _OOV_/W mineral/W concern/W 's/W proposal/W ./W
Nelson/W _OOV_/W _OOV_/W is/W considering/W it/W ,/W although/W his/W attorney/W says/W he/W wo/W n't/W do/W it/W if/W the/W proposal/W _OOV_/W a/W tentative/W settlement/W he/W has/W reached/W with/W the/W Internal/W Revenue/W Service/W ,/W which/W claims/W the/W brothers/W owe/W $/W 1/W billion/W in/W back/W taxes/W and/W is/W by/W far/W the/W biggest/W creditor/W in/W both/W cases/W ./W
The/W tentative/W agreement/W between/W the/W _OOV_/W and/W Nelson/W _OOV_/W _OOV_/W is/W awaiting/W U.S./W Justice/W Department/W approval/W ./W
Under/W it/W ,/W the/W former/W billionaire/W 's/W assets/W would/W be/W liquidated/W with/W the/W _OOV_/W getting/W 80/W %/W of/W the/W proceeds/W and/W the/W rest/W being/W divided/W among/W other/W creditors/W ,/W including/W _OOV_/W and/W Manufacturers/W _OOV_/W Trust/W Co./W ,/W which/W is/W seeking/W repayment/W of/W a/W $/W 36/W million/W loan/W ./W
A/W _OOV_/W proposal/W has/W been/W made/W in/W the/W W./W Herbert/W _OOV_/W case/W although/W he/W and/W the/W _OOV_/W are/W at/W odds/W over/W the/W size/W of/W the/W _OOV_/W debt/W he/W would/W have/W to/W pay/W to/W the/W government/W from/W future/W earnings/W ./W
In/W both/W cases/W ,/W _OOV_/W and/W Manufacturers/W _OOV_/W have/W been/W fighting/W ferociously/W over/W their/W shares/W of/W the/W pie/W ./W
With/W support/W from/W the/W _OOV_/W ,/W Manufacturers/W _OOV_/W has/W filed/W suit/W asking/W Judge/W _OOV_/W to/W subordinate/W _OOV_/W 's/W claim/W to/W those/W of/W _OOV_/W _OOV_/W and/W the/W _OOV_/W ./W
_OOV_/W has/W threatened/W a/W ``/W volcano/W ''/W of/W litigation/W if/W the/W Manufacturers/W _OOV_/W Corp./W unit/W attempts/W to/W force/W such/W a/W plan/W through/W the/W court/W ./W
_OOV_/W said/W it/W would/W n't/W pursue/W such/W litigation/W if/W its/W settlement/W plan/W in/W the/W W./W Herbert/W _OOV_/W case/W is/W approved/W by/W Judge/W _OOV_/W ,/W who/W will/W consider/W the/W proposal/W at/W a/W hearing/W next/W week/W ./W
_OOV_/W attorney/W Thomas/W _OOV_/W _OOV_/W the/W plan/W as/W one/W step/W toward/W an/W overall/W settlement/W of/W the/W W./W Herbert/W _OOV_/W case/W but/W Hugh/W Ray/W ,/W attorney/W for/W Manufacturers/W _OOV_/W ,/W called/W it/W ``/W silly/W ''/W and/W said/W he/W would/W fight/W it/W in/W court/W ./W
``/W The/W thing/W is/W so/W fluid/W right/W now/W that/W there/W 's/W really/W no/W way/W to/W say/W what/W will/W happen/W ,/W ''/W says/W Justice/W Department/W attorney/W _OOV_/W _OOV_/W III/W ,/W who/W represents/W the/W _OOV_/W in/W the/W case/W ./W
``/W Developments/W like/W this/W are/W hard/W to/W predict/W ./W
Banc/W One/W Corp./W said/W it/W agreed/W in/W principle/W to/W buy/W five/W branch/W offices/W from/W _OOV_/W Inc./W ,/W Toledo/W ,/W Ohio/W ,/W following/W the/W planned/W merger/W of/W _OOV_/W into/W Society/W Corp./W ,/W Cleveland/W ./W
The/W five/W offices/W in/W Erie/W and/W _OOV_/W counties/W in/W northern/W Ohio/W have/W total/W assets/W of/W about/W $/W 88/W million/W ,/W Banc/W One/W said/W ./W
The/W purchase/W price/W will/W be/W established/W after/W Banc/W One/W has/W an/W opportunity/W to/W study/W the/W quality/W of/W the/W assets/W ,/W Banc/W One/W said/W ./W
Society/W Corp./W already/W has/W branches/W in/W the/W area/W ,/W and/W selling/W the/W _OOV_/W offices/W could/W avoid/W a/W problem/W with/W regulators/W over/W excessive/W concentration/W of/W banking/W in/W the/W two/W counties/W after/W the/W merger/W of/W _OOV_/W into/W Society/W ,/W according/W to/W industry/W sources/W ./W
The/W merger/W is/W scheduled/W to/W take/W place/W in/W the/W 1990/W first/W quarter/W ./W
_OOV_/W fears/W and/W relatively/W more/W attractive/W interest/W rates/W pushed/W _OOV_/W mutual/W fund/W assets/W up/W $/W _OOV_/W billion/W in/W the/W latest/W week/W ,/W the/W sharpest/W increase/W in/W almost/W two/W years/W ./W
The/W _OOV_/W funds/W tracked/W by/W the/W Investment/W Company/W Institute/W ,/W a/W _OOV_/W trade/W group/W ,/W rose/W to/W $/W _OOV_/W billion/W ,/W a/W record/W ./W
The/W $/W _OOV_/W billion/W increase/W was/W the/W strongest/W weekly/W inflow/W since/W January/W 1988/W ./W
The/W increase/W was/W spread/W fairly/W evenly/W among/W all/W three/W types/W of/W funds/W ./W
Individual/W investors/W ,/W represented/W in/W the/W _OOV_/W and/W broker-dealer/W fund/W categories/W ,/W pulled/W money/W from/W the/W stock/W market/W after/W its/W big/W drop/W last/W Friday/W and/W put/W the/W money/W into/W funds/W ,/W said/W _OOV_/W _OOV_/W ,/W vice/W president/W and/W chief/W economist/W of/W the/W Institute/W ./W
``/W _OOV_/W investors/W ,/W on/W the/W other/W hand/W ,/W reacted/W to/W the/W steep/W decline/W in/W yields/W on/W direct/W _OOV_/W instruments/W following/W the/W _OOV_/W decline/W last/W Friday/W ,/W ''/W Mr./W _OOV_/W said/W ./W
Yields/W on/W money/W funds/W dropped/W in/W the/W week/W ended/W Tuesday/W ,/W according/W to/W _OOV_/W 's/W Money/W Fund/W Report/W ,/W a/W _OOV_/W ,/W Mass./W ,/W newsletter/W ./W
The/W average/W _OOV_/W compounded/W yield/W fell/W to/W _OOV_/W %/W from/W 8.60/W %/W the/W week/W earlier/W ,/W _OOV_/W 's/W said/W ./W
At/W the/W auction/W of/W six-month/W U.S./W Treasury/W bills/W on/W Monday/W ,/W the/W average/W yield/W fell/W to/W _OOV_/W %/W from/W _OOV_/W %/W ./W
Likewise/W ,/W certificates/W of/W deposit/W on/W average/W posted/W lower/W yields/W in/W the/W week/W ended/W Tuesday/W ./W
The/W _OOV_/W _OOV_/W money/W funds/W rose/W $/W _OOV_/W billion/W to/W $/W _OOV_/W billion/W ./W
The/W _OOV_/W _OOV_/W funds/W increased/W $/W _OOV_/W billion/W to/W $/W _OOV_/W billion/W ,/W while/W 96/W broker-dealer/W funds/W increased/W $/W 1.3/W billion/W to/W $/W _OOV_/W billion/W ./W
Domestic/W lending/W for/W real/W estate/W and/W property/W development/W was/W the/W source/W of/W Bank/W _OOV_/W Malaysia/W _OOV_/W 's/W most/W recent/W spate/W of/W financial/W troubles/W ,/W the/W institution/W 's/W executive/W chairman/W ,/W _OOV_/W _OOV_/W _OOV_/W ,/W said/W ./W
Speaking/W to/W reporters/W this/W week/W after/W Bank/W _OOV_/W 's/W shareholders/W approved/W a/W rescue/W plan/W ,/W _OOV_/W _OOV_/W _OOV_/W said/W heavy/W lending/W to/W the/W property/W sector/W rocked/W the/W bank/W when/W property/W prices/W in/W Malaysia/W plummeted/W in/W _OOV_/W ./W
He/W said/W the/W bank/W could/W n't/W wait/W any/W longer/W for/W prices/W to/W recover/W and/W for/W borrowers/W to/W service/W their/W loans/W ./W
So/W the/W bank/W 's/W board/W decided/W to/W make/W 1.23/W billion/W _OOV_/W dollars/W -LRB-/W US$/W _OOV_/W million/W -RRB-/W in/W provisions/W for/W interest/W payments/W from/W loans/W previously/W recorded/W as/W revenue/W but/W never/W actually/W received/W by/W the/W bank/W ,/W and/W to/W submit/W a/W bailout/W package/W to/W replenish/W the/W bank/W 's/W _OOV_/W capital/W ./W
The/W predicament/W ,/W he/W added/W ,/W was/W similar/W to/W the/W Hong/W Kong/W _OOV_/W _OOV_/W collapse/W ,/W which/W exposed/W the/W involvement/W of/W Bank/W _OOV_/W 's/W former/W subsidiary/W in/W the/W colony/W in/W the/W largest/W banking/W scandal/W in/W Malaysia/W 's/W history/W ./W
The/W subsidiary/W ,/W _OOV_/W Malaysia/W Finance/W Ltd./W ,/W was/W left/W with/W _OOV_/W _OOV_/W billion/W in/W bad/W loans/W made/W to/W Hong/W Kong/W property/W speculators/W ./W
Both/W episodes/W wiped/W out/W Bank/W _OOV_/W 's/W shareholders/W '/W funds/W ./W
Each/W time/W ,/W the/W bank/W 's/W 90/W %/W shareholder/W --/W _OOV_/W _OOV_/W _OOV_/W ,/W or/W _OOV_/W ,/W the/W national/W oil/W company/W --/W has/W been/W called/W upon/W to/W rescue/W the/W institution/W ./W
In/W five/W years/W ,/W _OOV_/W ,/W which/W became/W the/W dominant/W shareholder/W in/W a/W 1984/W rescue/W exercise/W ,/W has/W spent/W about/W _OOV_/W 3.5/W billion/W to/W prop/W up/W the/W troubled/W bank/W ./W
_OOV_/W _OOV_/W _OOV_/W said/W the/W capital/W restructuring/W plan/W has/W been/W approved/W by/W Malaysia/W 's/W Capital/W _OOV_/W Committee/W and/W central/W bank/W ./W
Malaysia/W 's/W High/W Court/W is/W expected/W to/W approve/W the/W plan/W ./W
Once/W the/W plan/W is/W approved/W ,/W _OOV_/W _OOV_/W _OOV_/W said/W ,/W most/W of/W Bank/W _OOV_/W 's/W _OOV_/W loans/W will/W have/W been/W fully/W provided/W for/W and/W the/W bank/W will/W be/W on/W track/W to/W report/W a/W pretax/W profit/W of/W between/W _OOV_/W 160/W million/W and/W _OOV_/W 170/W million/W for/W the/W fiscal/W year/W ending/W March/W 31/W ./W
For/W the/W previous/W financial/W year/W ,/W the/W bank/W would/W have/W reported/W a/W pretax/W profit/W of/W _OOV_/W _OOV_/W million/W if/W it/W had/W n't/W made/W provisions/W for/W the/W _OOV_/W loans/W ,/W he/W said/W ./W
Malaysia/W 's/W Banking/W _OOV_/W Act/W prohibited/W the/W bank/W from/W identifying/W delinquent/W borrowers/W ,/W said/W _OOV_/W _OOV_/W _OOV_/W ./W
But/W public/W documents/W indicate/W 10/W %/W or/W more/W of/W the/W bank/W 's/W provisions/W were/W made/W for/W foregone/W interest/W on/W a/W _OOV_/W 200/W million/W loan/W to/W Malaysia/W 's/W dominant/W political/W party/W ,/W the/W United/W _OOV_/W National/W Organization/W ,/W to/W build/W its/W convention/W and/W headquarters/W complex/W in/W _OOV_/W _OOV_/W ./W
The/W loan/W to/W _OOV_/W was/W made/W in/W September/W 1983/W ./W
``/W We/W lent/W a/W lot/W of/W money/W all/W over/W the/W place/W ,/W ''/W said/W _OOV_/W _OOV_/W _OOV_/W ,/W who/W refused/W to/W discuss/W the/W bank/W 's/W outstanding/W loans/W to/W
As/W well/W as/W the/W _OOV_/W 1.23/W billion/W in/W provisions/W announced/W on/W Oct./W 6/W ,/W the/W restructuring/W package/W covers/W an/W additional/W _OOV_/W _OOV_/W million/W in/W provisions/W made/W in/W earlier/W years/W but/W never/W reflected/W in/W a/W reduction/W of/W the/W bank/W 's/W _OOV_/W capital/W ./W
At/W the/W end/W of/W the/W exercise/W ,/W the/W cash/W injection/W from/W _OOV_/W will/W increase/W the/W bank/W 's/W _OOV_/W capital/W to/W _OOV_/W 1.15/W billion/W after/W virtually/W being/W wiped/W out/W by/W the/W new/W provisions/W ./W
_OOV_/W _OOV_/W might/W have/W stepped/W from/W a/W recruiting/W poster/W for/W young/W Republicans/W ./W
White/W ,/W 24/W years/W old/W ,/W a/W singer/W in/W her/W church/W choir/W ,/W she/W symbolizes/W a/W generation/W that/W gave/W its/W heart/W and/W its/W vote/W to/W Ronald/W Reagan/W ./W
``/W I/W felt/W kind/W of/W safe/W ,/W ''/W she/W says/W ./W
No/W longer/W ./W
When/W the/W Supreme/W Court/W opened/W the/W door/W this/W year/W to/W new/W restrictions/W on/W abortion/W ,/W Ms./W _OOV_/W opened/W her/W mind/W to/W Democratic/W politics/W ./W
Then/W a/W political/W novice/W ,/W she/W stepped/W into/W a/W whirl/W of/W ``/W _OOV_/W ''/W marches/W ,/W house/W parties/W and/W _OOV_/W ./W
Now/W she/W leads/W a/W grassroots/W _OOV_/W campaign/W in/W _OOV_/W County/W for/W _OOV_/W Democratic/W gubernatorial/W candidate/W James/W _OOV_/W ./W
``/W This/W is/W one/W where/W I/W cross/W party/W lines/W ,/W ''/W she/W says/W ,/W rejecting/W the/W _OOV_/W stance/W of/W Rep./W _OOV_/W 's/W opponent/W ,/W _OOV_/W Rep./W James/W _OOV_/W ./W
``/W People/W my/W age/W thought/W it/W was/W n't/W going/W to/W be/W an/W issue/W ./W
Now/W it/W has/W --/W especially/W for/W people/W my/W age/W ./W ''/W
_OOV_/W bear/W out/W this/W warning/W ,/W but/W after/W a/W decade/W of/W increased/W Republican/W influence/W here/W ,/W the/W new/W politics/W of/W abortion/W have/W contributed/W to/W a/W world/W turned/W upside/W down/W for/W Mr./W _OOV_/W ./W
Unless/W he/W closes/W the/W gap/W ,/W Republicans/W risk/W losing/W not/W only/W the/W governorship/W but/W also/W the/W assembly/W next/W month/W ./W
Going/W into/W the/W 1990s/W ,/W the/W _OOV_/W is/W paying/W a/W price/W for/W the/W same/W conservative/W social/W agenda/W that/W it/W used/W to/W torment/W Democrats/W in/W the/W past/W ./W
This/W change/W comes/W less/W from/W a/W shift/W in/W public/W opinion/W ,/W which/W has/W n't/W changed/W much/W on/W abortion/W over/W the/W past/W decade/W ,/W than/W in/W the/W boundaries/W of/W the/W debate/W ./W
New/W Jersey/W 's/W own/W highest/W court/W remains/W a/W liberal/W bulwark/W against/W major/W restrictions/W on/W abortion/W ,/W but/W the/W U.S./W Supreme/W Court/W ruling/W ,/W Webster/W vs./W Missouri/W ,/W has/W engaged/W voters/W across/W the/W nation/W who/W had/W been/W insulated/W from/W the/W issue/W ./W
Before/W July/W ,/W _OOV_/W voters/W could/W safely/W make/W political/W decisions/W without/W focusing/W narrowly/W on/W abortion/W ./W
Now/W ,/W the/W threat/W of/W further/W restrictions/W adds/W a/W new/W dimension/W ,/W bringing/W an/W upsurge/W in/W political/W activity/W by/W _OOV_/W forces/W ./W
A/W recent/W _OOV_/W rally/W in/W _OOV_/W drew/W thousands/W ,/W and/W in/W a/W major/W reversal/W ,/W Congress/W is/W defying/W a/W presidential/W veto/W and/W demanding/W that/W _OOV_/W abortions/W be/W permitted/W in/W cases/W of/W rape/W and/W incest/W ./W
``/W If/W Webster/W had/W n't/W happened/W ,/W you/W would/W n't/W be/W here/W ,/W ''/W _OOV_/W _OOV_/W tells/W a/W reporter/W in/W the/W _OOV_/W office/W of/W the/W National/W Organization/W for/W Women/W ./W
``/W We/W could/W have/W shouted/W from/W the/W rooftops/W about/W _OOV_/W and/W no/W one/W would/W have/W heard/W us/W ./W ''/W
New/W Jersey/W is/W a/W proving/W ground/W for/W this/W aggressive/W _OOV_/W movement/W this/W year/W ./W
The/W infusion/W of/W activists/W can/W bring/W a/W clash/W of/W cultures/W ./W
In/W _OOV_/W Hill/W ,/W the/W National/W _OOV_/W Rights/W Action/W League/W ,/W whose/W goal/W is/W to/W sign/W up/W 50,000/W _OOV_/W voters/W ,/W targets/W a/W union/W breakfast/W to/W build/W labor/W support/W for/W its/W cause/W ./W
The/W league/W organizers/W seem/W more/W a/W fit/W with/W a/W convention/W next/W door/W of/W young/W aerobics/W instructors/W in/W _OOV_/W than/W the/W _OOV_/W union/W leaders/W ;/W ``/W I/W wish/W I/W could/W go/W work/W out/W ,/W ''/W says/W a/W slim/W activist/W ./W
A/W labor/W chief/W speaks/W sardonically/W of/W having/W to/W ``/W man/W and/W woman/W ''/W Election/W Day/W phones/W ./W
No/W age/W group/W is/W more/W sensitive/W than/W younger/W voters/W ,/W like/W Ms./W _OOV_/W ./W
A/W year/W ago/W this/W fall/W ,/W New/W Jersey/W voters/W under/W 30/W favored/W George/W Bush/W by/W 56/W %/W to/W 39/W %/W over/W Michael/W _OOV_/W ,/W according/W to/W a/W survey/W then/W by/W _OOV_/W University/W 's/W _OOV_/W Institute/W ./W
A/W matching/W _OOV_/W _OOV_/W _OOV_/W poll/W last/W month/W showed/W a/W complete/W reversal/W ./W
_OOV_/W in/W the/W same/W age/W group/W backed/W Democrat/W _OOV_/W 55/W %/W to/W 29/W %/W over/W Republican/W _OOV_/W ./W
_OOV_/W alone/W ca/W n't/W explain/W this/W shift/W ,/W but/W New/W Jersey/W is/W a/W model/W of/W how/W so/W personal/W an/W issue/W can/W become/W a/W baseline/W of/W sorts/W in/W judging/W a/W candidate/W ./W
By/W a/W _OOV_/W ratio/W ,/W voters/W appear/W more/W at/W ease/W with/W Mr./W _OOV_/W 's/W stance/W on/W abortion/W ,/W and/W polls/W indicate/W his/W lead/W widens/W when/W the/W candidates/W are/W specifically/W linked/W to/W the/W issue/W ./W
``/W The/W times/W are/W my/W times/W ,/W ''/W says/W Mr./W _OOV_/W ./W
The/W _OOV_/W County/W congressman/W still/W carries/W himself/W with/W a/W trademark/W ``/W _OOV_/W ''/W intensity/W ,/W but/W at/W a/W pause/W in/W _OOV_/W 's/W Columbus/W Day/W parade/W recently/W ,/W he/W was/W dancing/W with/W his/W wife/W in/W the/W middle/W of/W the/W avenue/W in/W the/W city/W 's/W old/W _OOV_/W ward/W ./W
After/W losing/W by/W fewer/W than/W 1,800/W votes/W in/W the/W 1981/W governor/W 's/W race/W ,/W he/W has/W prepared/W himself/W methodically/W for/W this/W moment/W ,/W including/W deciding/W in/W recent/W years/W he/W could/W no/W longer/W support/W curbs/W on/W federal/W funding/W for/W _OOV_/W abortions/W ./W
``/W If/W you/W 're/W going/W to/W be/W consistent/W and/W say/W it/W is/W a/W constitutionally/W protected/W right/W ,/W ''/W he/W asks/W ,/W ``/W how/W are/W you/W going/W to/W say/W an/W upscale/W woman/W who/W can/W drive/W to/W the/W hospital/W or/W clinic/W in/W a/W nice/W car/W has/W a/W constitutional/W right/W and/W someone/W who/W is/W not/W in/W great/W shape/W financially/W does/W not/W ?/W ''/W
Mr./W _OOV_/W ,/W by/W comparison/W ,/W seems/W a/W shadow/W of/W the/W confident/W hawk/W who/W defended/W Oliver/W North/W before/W national/W cameras/W at/W Iran-Contra/W hearings/W two/W years/W ago/W ./W
Looking/W back/W ,/W he/W says/W he/W erred/W by/W stating/W his/W ``/W personal/W ''/W opposition/W to/W abortion/W instead/W of/W assuring/W voters/W that/W he/W would/W n't/W impose/W his/W views/W on/W ``/W policy/W ''/W as/W governor/W ./W
It/W is/W a/W distinction/W that/W satisfies/W neither/W side/W in/W the/W debate/W ./W
``/W He/W does/W n't/W know/W himself/W ,/W ''/W _OOV_/W _OOV_/W of/W the/W _OOV_/W Rights/W League/W says/W of/W Mr./W _OOV_/W 's/W position/W ./W
Even/W abortion/W opponents/W ,/W however/W angry/W with/W Mr./W _OOV_/W ,/W ca/W n't/W hide/W their/W frustration/W with/W the/W Republican/W 's/W ambivalence/W ./W
``/W He/W does/W n't/W want/W to/W lead/W the/W people/W ,/W ''/W says/W Richard/W _OOV_/W ,/W president/W of/W New/W Jersey/W Right/W to/W Life/W ./W
Moreover/W ,/W by/W stepping/W outside/W the/W state/W 's/W _OOV_/W tradition/W ,/W Mr./W _OOV_/W _OOV_/W fears/W that/W he/W is/W too/W conservative/W as/W well/W on/W more/W pressing/W concerns/W such/W as/W auto/W insurance/W rates/W and/W the/W environment/W ./W
He/W hurt/W himself/W further/W this/W summer/W by/W bringing/W homosexual/W issues/W into/W the/W debate/W ;/W and/W by/W wavering/W on/W this/W issue/W and/W abortion/W ,/W he/W has/W weakened/W his/W credibility/W in/W what/W is/W already/W a/W _OOV_/W campaign/W on/W both/W sides/W ./W
_OOV_/W to/W Congress/W in/W 1978/W ,/W the/W _OOV_/W Mr./W _OOV_/W is/W part/W of/W a/W generation/W of/W young/W conservatives/W who/W were/W once/W very/W much/W in/W the/W lead/W of/W the/W _OOV_/W shift/W under/W Mr./W Reagan/W ./W
Like/W many/W of/W his/W colleagues/W ,/W he/W did/W n't/W serve/W in/W Vietnam/W in/W the/W 1960s/W yet/W embraced/W a/W _OOV_/W defense/W and/W foreign/W policy/W --/W even/W voting/W against/W a/W 1984/W resolution/W critical/W of/W the/W U.S./W mining/W of/W _OOV_/W harbors/W ./W
Jack/W Kemp/W and/W the/W writers/W _OOV_/W Kristol/W and/W George/W _OOV_/W were/W influences/W ,/W and/W Mr./W _OOV_/W 's/W own/W conservative/W credentials/W proved/W useful/W to/W the/W current/W New/W Jersey/W _OOV_/W governor/W ,/W Thomas/W _OOV_/W ,/W in/W the/W 1981/W Republican/W primary/W here/W ./W
The/W same/W partnership/W is/W now/W crucial/W to/W Mr./W _OOV_/W 's/W fortunes/W ,/W but/W the/W abortion/W issue/W is/W only/W a/W reminder/W of/W the/W gap/W between/W his/W record/W and/W that/W of/W the/W more/W moderate/W ,/W _OOV_/W Gov./W _OOV_/W ./W
While/W the/W _OOV_/W County/W congressman/W pursued/W an/W _OOV_/W ,/W _OOV_/W agenda/W in/W Washington/W ,/W Gov./W _OOV_/W was/W approving/W increased/W income/W and/W sales/W taxes/W at/W home/W and/W overseeing/W a/W near/W doubling/W in/W the/W size/W of/W New/W Jersey/W 's/W budget/W in/W his/W eight/W years/W in/W office/W ./W
_OOV_/W forces/W play/W down/W any/W differences/W with/W Mr./W _OOV_/W ,/W but/W this/W history/W makes/W it/W harder/W for/W the/W conservative/W to/W run/W against/W government/W ./W
Mr./W _OOV_/W 's/W free-market/W plan/W to/W bring/W down/W auto/W insurance/W rates/W met/W criticism/W from/W Gov./W _OOV_/W 's/W own/W insurance/W commissioner/W ./W
Mr./W _OOV_/W is/W further/W hobbled/W by/W a/W record/W of/W votes/W opposed/W to/W government/W regulation/W on/W behalf/W of/W consumers/W ./W
_OOV_/W in/W Spanish/W from/W his/W days/W in/W the/W Peace/W _OOV_/W ,/W Mr./W _OOV_/W actively/W courts/W minority/W voters/W but/W seems/W oddly/W over/W his/W head/W ./W
He/W is/W warm/W and/W polished/W before/W a/W Puerto/W _OOV_/W Congress/W in/W _OOV_/W Park/W ./W
Yet/W minutes/W after/W promising/W to/W appoint/W _OOV_/W to/W high/W posts/W in/W state/W government/W ,/W he/W is/W unable/W to/W say/W whether/W he/W has/W ever/W employed/W any/W in/W his/W congressional/W office/W ./W
``/W I/W do/W n't/W think/W we/W do/W now/W ,/W ''/W he/W says/W ./W
``/W I/W think/W we/W did/W ./W ''/W
Asked/W the/W same/W question/W after/W his/W appearance/W ,/W Democrat/W _OOV_/W identifies/W a/W staff/W member/W by/W name/W and/W explains/W her/W whereabouts/W today/W ./W
When/W he/W is/W presented/W with/W a/W poster/W celebrating/W the/W organization/W 's/W 20th/W anniversary/W ,/W he/W recognizes/W a/W photograph/W of/W one/W of/W the/W founders/W and/W recalls/W time/W spent/W together/W in/W _OOV_/W ./W
Details/W and/W _OOV_/W are/W essential/W _OOV_/W ./W
_OOV_/W to/W Congress/W as/W a/W ``/W Watergate/W baby/W ''/W in/W 1974/W ,/W he/W ran/W for/W governor/W three/W years/W later/W ./W
In/W the/W opinion/W of/W many/W ,/W he/W has/W n't/W stopped/W running/W since/W ,/W even/W though/W he/W declined/W a/W rematch/W with/W Gov./W _OOV_/W in/W 1985/W ./W
His/W base/W in/W South/W Jersey/W and/W on/W the/W House/W Energy/W and/W Commerce/W Committee/W helped/W him/W sustain/W a/W network/W of/W _OOV_/W committees/W to/W preserve/W his/W edge/W ./W
With/W limited/W budgets/W for/W television/W in/W a/W high-priced/W market/W ,/W Mr./W _OOV_/W 's/W higher/W recognition/W than/W his/W rival/W is/W a/W major/W advantage/W ./W
More/W than/W ever/W ,/W his/W _OOV_/W and/W _OOV_/W record/W is/W in/W sync/W with/W the/W state/W ./W
Auto/W insurance/W rates/W are/W soaring/W ./W
A/W _OOV_/W fire/W destroyed/W part/W of/W an/W interstate/W highway/W this/W summer/W ./W
In/W _OOV_/W ,/W an/W important/W swing/W area/W ,/W Republican/W _OOV_/W now/W run/W on/W a/W slogan/W promising/W to/W keep/W the/W county/W ``/W clean/W and/W green/W ./W ''/W
Mr./W _OOV_/W _OOV_/W this/W vindication/W ,/W but/W at/W age/W 52/W ,/W the/W congressman/W is/W also/W a/W product/W of/W his/W times/W and/W losses/W ./W
He/W speaks/W for/W the/W death/W penalty/W as/W if/W reading/W from/W _OOV_/W 21/W ;/W to/W increase/W state/W revenue/W he/W focuses/W not/W on/W ``/W taxes/W ''/W but/W on/W ``/W audits/W ''/W to/W cut/W waste/W ./W
_OOV_/W consultants/W match/W ads/W with/W Mr./W _OOV_/W 's/W team/W ,/W and/W Mr./W _OOV_/W _OOV_/W himself/W as/W the/W lean/W ,/W mean/W Democratic/W fighting/W machine/W of/W the/W 1990s/W ./W
_OOV_/W to/W a/W young/W audience/W ,/W he/W scraps/W an/W old/W reference/W to/W _OOV_/W and/W _OOV_/W and/W instead/W quotes/W the/W _OOV_/W _OOV_/W ./W
The/W lyric/W chosen/W --/W ``/W long/W strange/W night/W ''/W --/W may/W be/W an/W apt/W footnote/W to/W television/W spots/W by/W both/W candidates/W intended/W to/W portray/W each/W other/W as/W a/W liar/W ./W
The/W Democratic/W lawmaker/W fits/W a/W pattern/W of/W younger/W reformers/W arising/W out/W of/W old/W machines/W ,/W but/W his/W ties/W to/W _OOV_/W remain/W a/W sore/W point/W because/W of/W the/W county/W 's/W past/W corruption/W ./W
His/W campaign/W hierarchy/W is/W chosen/W from/W elsewhere/W in/W the/W state/W ,/W and/W faced/W with/W criticism/W of/W a/W sweetheart/W bank/W investment/W ,/W he/W has/W so/W far/W blunted/W the/W issue/W by/W donating/W the/W bulk/W of/W his/W profits/W to/W his/W alma/W mater/W ,/W _OOV_/W State/W College/W ./W
Mr./W _OOV_/W 's/W _OOV_/W on/W the/W abortion/W issue/W after/W the/W Webster/W ruling/W divides/W some/W of/W his/W old/W constituency/W ./W
_OOV_/W _OOV_/W ,/W an/W unlikely/W but/W enthusiastic/W pipe/W major/W in/W an/W _OOV_/W County/W Irish/W bagpipe/W band/W ,/W speaks/W sadly/W of/W Mr./W _OOV_/W ./W
``/W I/W am/W a/W devout/W _OOV_/W ,/W ''/W says/W Mr./W _OOV_/W ,/W a/W 40-year-old/W health/W officer/W ./W
``/W I/W ca/W n't/W support/W him/W because/W of/W abortion/W ./W ''/W
Bill/W _OOV_/W Sr./W ,/W 72/W ,/W is/W _OOV_/W too/W ,/W but/W _OOV_/W by/W Mr./W _OOV_/W 's/W stand/W on/W abortion/W ./W
A/W security/W guard/W at/W a/W cargo/W terminal/W ,/W he/W wears/W a/W Sons/W of/W Italy/W jacket/W and/W cap/W celebrating/W ``/W The/W US/W 1/W _OOV_/W ./W ''/W
``/W I/W still/W think/W the/W woman/W has/W the/W right/W to/W do/W with/W her/W body/W as/W she/W pleases/W ,/W ''/W he/W says/W ./W
``/W If/W you/W want/W more/W opinions/W ask/W my/W wife/W ./W
She/W has/W lots/W of/W opinions/W ./W
Consumer/W prices/W rose/W a/W surprisingly/W moderate/W 0.2/W %/W in/W September/W ,/W pushed/W up/W mostly/W by/W a/W jump/W in/W clothing/W costs/W ,/W the/W Labor/W Department/W reported/W ./W
Energy/W costs/W ,/W which/W drove/W wholesale/W prices/W up/W sharply/W during/W the/W month/W ,/W continued/W to/W decline/W at/W the/W retail/W level/W ,/W pulling/W down/W transportation/W and/W helping/W to/W ease/W housing/W costs/W ./W
The/W report/W was/W the/W brightest/W news/W the/W financial/W markets/W had/W seen/W since/W before/W the/W stock/W market/W plunged/W more/W than/W 190/W points/W last/W Friday/W ./W
The/W Dow/W Jones/W Industrial/W Average/W rallied/W on/W the/W news/W ,/W closing/W _OOV_/W points/W higher/W at/W _OOV_/W ./W
Bond/W prices/W also/W jumped/W as/W traders/W appeared/W to/W read/W the/W data/W as/W a/W sign/W that/W interest/W rates/W may/W fall/W ./W
But/W many/W economists/W were/W not/W nearly/W as/W jubilant/W ./W
The/W climb/W in/W wholesale/W energy/W prices/W is/W certain/W to/W push/W up/W retail/W energy/W prices/W in/W the/W next/W few/W months/W ,/W they/W warned/W ./W
They/W also/W said/W the/W dollar/W is/W leveling/W off/W after/W a/W rise/W this/W summer/W that/W helped/W to/W reduce/W the/W prices/W of/W imported/W goods/W ./W
``/W I/W think/W inflation/W is/W going/W to/W pick/W up/W through/W the/W fall/W ,/W ''/W said/W Joel/W _OOV_/W ,/W a/W specialist/W on/W inflation/W who/W runs/W an/W economic/W consulting/W firm/W here/W ./W
``/W It/W has/W been/W in/W what/W I/W would/W describe/W as/W a/W lull/W for/W the/W past/W several/W months/W ./W ''/W
``/W We/W 've/W had/W _OOV_/W declines/W in/W consumer/W energy/W prices/W in/W each/W of/W the/W past/W three/W months/W ,/W and/W at/W the/W wholesale/W level/W those/W are/W fully/W behind/W us/W now/W ,/W ''/W said/W Jay/W _OOV_/W ,/W chief/W domestic/W economist/W at/W Bankers/W Trust/W Co./W in/W New/W York/W ./W
Because/W wholesale/W energy/W prices/W shot/W up/W by/W a/W steep/W 6.5/W %/W last/W month/W ,/W many/W analysts/W expected/W energy/W prices/W to/W rise/W at/W the/W consumer/W level/W too/W ./W
As/W a/W result/W ,/W many/W economists/W were/W expecting/W the/W consumer/W price/W index/W to/W increase/W significantly/W more/W than/W it/W did/W ./W
But/W retail/W energy/W prices/W declined/W 0.9/W %/W in/W September/W ./W
Though/W analysts/W say/W competition/W will/W probably/W hold/W down/W increases/W in/W retail/W energy/W prices/W ,/W many/W expect/W some/W of/W the/W wholesale/W rise/W to/W be/W passed/W along/W to/W the/W consumer/W before/W the/W end/W of/W the/W year/W ./W
Still/W ,/W some/W analysts/W insisted/W that/W the/W worst/W of/W the/W inflation/W is/W behind/W ./W
``/W It/W increasingly/W appears/W that/W _OOV_/W was/W a/W temporary/W inflation/W _OOV_/W and/W not/W the/W beginning/W of/W a/W cyclical/W inflation/W problem/W ,/W ''/W argued/W Edward/W _OOV_/W ,/W chief/W economist/W at/W Prudential-Bache/W Securities/W Inc./W in/W New/W York/W ./W
In/W both/W 1987/W and/W 1988/W ,/W consumer/W prices/W rose/W _OOV_/W %/W ./W
A/W run-up/W in/W world/W oil/W prices/W last/W winter/W sent/W consumer/W prices/W soaring/W at/W a/W _OOV_/W %/W annual/W rate/W in/W the/W first/W five/W months/W of/W this/W year/W ,/W but/W the/W subsequent/W decline/W in/W energy/W prices/W has/W pulled/W the/W annual/W rate/W back/W down/W to/W _OOV_/W %/W ./W
Mr./W _OOV_/W predicted/W that/W world/W business/W competition/W will/W continue/W to/W restrain/W prices/W ./W
``/W The/W bottom/W line/W is/W ,/W it/W seems/W to/W me/W that/W the/W economic/W environment/W has/W become/W very/W ,/W very/W _OOV_/W for/W a/W lot/W of/W businesses/W ,/W ''/W he/W said/W ./W
``/W Back/W in/W _OOV_/W ,/W business/W was/W operating/W at/W fairly/W tight/W capacity/W ,/W so/W businesses/W felt/W they/W could/W raise/W prices/W ./W ''/W
Now/W ,/W he/W said/W ,/W a/W slowdown/W in/W economic/W activity/W has/W _OOV_/W demand/W ./W
The/W mild/W inflation/W figures/W renewed/W investors/W '/W hopes/W that/W the/W Federal/W Reserve/W will/W ease/W its/W interest-rate/W stance/W ./W
The/W steep/W climb/W in/W producer/W prices/W reported/W last/W Friday/W fostered/W pessimism/W about/W lower/W interest/W rates/W and/W contributed/W to/W the/W stock/W market/W 's/W 6.9/W %/W plunge/W that/W day/W ./W
In/W the/W past/W several/W days/W ,/W however/W ,/W the/W U.S./W 's/W central/W bank/W has/W allowed/W a/W key/W interest/W rate/W to/W fall/W slightly/W to/W try/W to/W stabilize/W the/W markets/W ./W
Analysts/W say/W Fed/W policy/W makers/W have/W been/W wary/W of/W relaxing/W credit/W too/W much/W because/W they/W were/W still/W uncertain/W about/W the/W level/W of/W inflation/W in/W the/W economy/W ./W
Excluding/W the/W volatile/W categories/W of/W energy/W and/W food/W --/W leaving/W what/W some/W economists/W call/W the/W core/W inflation/W rate/W --/W consumer/W prices/W still/W rose/W only/W 0.2/W %/W in/W September/W ./W
Transportation/W costs/W actually/W fell/W 0.5/W %/W ,/W and/W housing/W costs/W gained/W only/W 0.1/W %/W ./W
Apparel/W prices/W _OOV_/W up/W 1.7/W %/W ,/W but/W that/W was/W after/W three/W months/W of/W declines/W ./W
Medical/W costs/W continued/W their/W steep/W ascent/W ,/W rising/W _OOV_/W %/W after/W four/W consecutive/W months/W of/W 0.7/W %/W increases/W ./W
Car/W prices/W ,/W another/W area/W that/W contributed/W to/W the/W steep/W rise/W in/W the/W wholesale/W index/W last/W month/W ,/W still/W showed/W declines/W at/W the/W consumer/W level/W ./W
They/W dropped/W _OOV_/W %/W as/W dealers/W continued/W to/W offer/W rebates/W to/W attract/W customers/W ./W
Food/W prices/W rose/W 0.2/W %/W for/W the/W second/W month/W in/W a/W row/W ,/W far/W slower/W than/W the/W monthly/W rises/W earlier/W in/W the/W year/W ./W
Separately/W ,/W the/W Labor/W Department/W reported/W that/W average/W weekly/W earnings/W rose/W 0.3/W %/W in/W September/W ,/W after/W adjusting/W for/W inflation/W ,/W following/W a/W 0.7/W %/W decline/W in/W August/W ./W
All/W the/W numbers/W are/W adjusted/W for/W seasonal/W fluctuations/W ./W
Here/W are/W the/W seasonally/W adjusted/W changes/W in/W the/W components/W of/W the/W Labor/W Department/W 's/W consumer/W price/W index/W for/W September/W ./W
After/W watching/W interest/W in/W the/W sport/W plummet/W for/W years/W ,/W the/W ski/W industry/W is/W trying/W to/W give/W itself/W a/W lift/W ./W
_OOV_/W the/W country/W ,/W resorts/W are/W using/W everything/W from/W fireworks/W to/W _OOV_/W concerts/W to/W attract/W new/W customers/W ./W
Some/W have/W built/W health/W _OOV_/W ,/W business/W centers/W and/W shopping/W villages/W so/W visitors/W have/W more/W to/W do/W than/W ski/W ./W
And/W this/W week/W ,/W the/W industry/W 's/W efforts/W will/W go/W national/W for/W the/W first/W time/W when/W it/W unveils/W a/W $/W 7/W million/W advertising/W campaign/W ./W
Such/W efforts/W --/W unheard/W of/W only/W a/W few/W years/W ago/W --/W are/W the/W latest/W attempts/W to/W revive/W the/W sagging/W $/W 1.76/W billion/W U.S./W ski/W industry/W ./W
Since/W the/W start/W of/W the/W decade/W ,/W _OOV_/W sales/W have/W grown/W only/W 3/W %/W a/W year/W on/W average/W ,/W compared/W with/W 16/W %/W annual/W growth/W rates/W in/W the/W _OOV_/W and/W _OOV_/W ./W
Last/W season/W ,/W _OOV_/W sales/W fell/W for/W the/W first/W time/W in/W seven/W years/W ./W
By/W some/W estimates/W ,/W nearly/W a/W fourth/W of/W all/W U.S./W ski/W areas/W have/W been/W forced/W to/W shut/W down/W since/W the/W early/W _OOV_/W ./W
Competition/W and/W mounting/W insurance/W and/W equipment/W costs/W have/W been/W the/W undoing/W of/W many/W resorts/W ./W
But/W another/W big/W problem/W has/W been/W the/W aging/W of/W baby/W boomers/W ./W
_OOV_/W ,/W after/W all/W ,/W has/W mainly/W been/W for/W the/W young/W and/W daring/W and/W many/W baby/W boomers/W have/W outgrown/W skiing/W or/W have/W too/W many/W family/W responsibilities/W to/W stick/W with/W the/W sport/W ./W
In/W its/W new/W ad/W campaign/W ,/W created/W by/W _OOV_/W _OOV_/W _OOV_/W &/W _OOV_/W Inc./W ,/W Chicago/W ,/W the/W ski/W industry/W is/W trying/W to/W change/W its/W image/W as/W a/W sport/W primarily/W for/W young/W white/W people/W ./W
One/W _OOV_/W TV/W spot/W features/W a/W diverse/W group/W of/W skiers/W gracefully/W gliding/W down/W _OOV_/W slopes/W :/W senior/W citizens/W ,/W minorities/W ,/W families/W with/W children/W --/W even/W a/W blind/W skier/W ./W
``/W _OOV_/W school/W is/W great/W ,/W ''/W cries/W out/W a/W tot/W ,/W bundled/W in/W a/W _OOV_/W as/W he/W plows/W down/W a/W bunny/W slope/W ./W
``/W You/W 'll/W never/W _OOV_/W you/W try/W ,/W ''/W says/W a/W black/W skier/W ./W
``/W We/W used/W to/W show/W some/W _OOV_/W skier/W in/W his/W twenties/W or/W thirties/W going/W over/W the/W edge/W of/W a/W cliff/W ,/W ''/W says/W _OOV_/W _OOV_/W ,/W a/W spokeswoman/W for/W the/W United/W _OOV_/W Industries/W Association/W ,/W the/W trade/W group/W sponsoring/W the/W campaign/W ./W
_OOV_/W promotions/W have/W traditionally/W avoided/W the/W touchy/W issue/W of/W safety/W ./W
But/W the/W new/W commercials/W deal/W with/W it/W indirectly/W by/W showing/W a/W woman/W smiling/W as/W she/W tries/W to/W get/W up/W from/W a/W fall/W ./W
``/W We/W wanted/W to/W show/W it/W 's/W okay/W if/W you/W fall/W ,/W ''/W says/W Ms./W _OOV_/W ./W
``/W Most/W people/W think/W if/W you/W slip/W ,/W you/W 'll/W wind/W up/W in/W a/W body/W cast/W ./W ''/W
The/W ad/W campaign/W represents/W an/W unusual/W spirit/W of/W cooperation/W among/W resorts/W and/W ski/W equipment/W makers/W ;/W normally/W ,/W they/W only/W run/W ads/W hyping/W their/W own/W products/W and/W facilities/W ./W
But/W in/W these/W crunch/W times/W for/W the/W ski/W industry/W ,/W some/W resorts/W ,/W such/W as/W the/W _OOV_/W Fire/W ,/W Red/W River/W and/W _OOV_/W ski/W areas/W in/W New/W Mexico/W ,/W have/W even/W started/W _OOV_/W skiers/W to/W each/W other/W 's/W slopes/W and/W next/W year/W plan/W to/W sell/W tickets/W good/W for/W all/W local/W lifts/W ./W
Many/W resorts/W also/W are/W focusing/W more/W on/W the/W service/W side/W of/W their/W business/W ./W
Since/W 40/W %/W of/W skiers/W are/W parents/W ,/W many/W slopes/W are/W building/W nurseries/W ,/W expanding/W ski/W schools/W and/W adding/W entertainment/W for/W kids/W ./W
_OOV_/W ,/W Colo./W ,/W now/W has/W a/W _OOV_/W that/W looks/W like/W an/W old/W mining/W town/W ;/W kids/W can/W ski/W through/W and/W pan/W for/W fool/W 's/W gold/W ./W
For/W $/W 15/W ,/W they/W can/W enjoy/W their/W own/W nightly/W entertainment/W ,/W with/W dinner/W ,/W without/W mom/W and/W dad/W ./W
A/W few/W years/W ago/W ,/W parents/W usually/W had/W to/W hire/W a/W sitter/W or/W take/W turns/W skiing/W while/W one/W spouse/W stayed/W with/W the/W children/W ./W
``/W Most/W parents/W who/W had/W to/W go/W through/W that/W never/W came/W back/W ,/W ''/W says/W Michael/W _OOV_/W ,/W president/W of/W _OOV_/W Associates/W Inc./W ,/W which/W owns/W and/W operates/W the/W _OOV_/W and/W nearby/W Beaver/W _OOV_/W resorts/W ./W
To/W make/W skiing/W more/W convenient/W for/W _OOV_/W visitors/W ,/W several/W resorts/W are/W buying/W or/W starting/W their/W own/W travel/W agencies/W ./W
In/W one/W phone/W call/W ,/W ski/W buffs/W can/W make/W hotel/W and/W restaurant/W reservations/W ,/W buy/W lift/W tickets/W ,/W rent/W ski/W equipment/W and/W sign/W up/W for/W lessons/W ./W
And/W resorts/W are/W adding/W other/W amenities/W ,/W such/W as/W pricey/W restaurants/W ,/W health/W _OOV_/W and/W vacation/W packages/W with/W a/W twist/W ./W
During/W _OOV_/W Carnival/W week/W ,/W for/W example/W ,/W visitors/W at/W Sunday/W River/W in/W Maine/W can/W take/W a/W _OOV_/W balloon/W ride/W ./W
``/W People/W these/W days/W want/W something/W else/W to/W do/W besides/W ski/W and/W sit/W in/W the/W bar/W ,/W ''/W says/W Don/W _OOV_/W ,/W executive/W director/W of/W _OOV_/W Fire/W ,/W _OOV_/W 's/W Chamber/W of/W Commerce/W ./W
The/W ski/W industry/W hopes/W to/W increase/W the/W number/W of/W skiers/W by/W 3.5/W million/W to/W about/W _OOV_/W million/W in/W the/W next/W five/W years/W with/W its/W latest/W ads/W and/W promotions/W ./W
But/W some/W think/W that/W 's/W being/W overly/W optimistic/W ./W
For/W one/W thing/W ,/W it/W may/W be/W tough/W to/W attract/W people/W because/W skiing/W is/W still/W expensive/W :/W a/W lift/W ticket/W can/W cost/W up/W to/W $/W 35/W a/W day/W and/W equipment/W prices/W are/W rising/W ./W
And/W most/W _OOV_/W still/W prefer/W a/W warm/W climate/W for/W their/W winter/W excursions/W ./W
An/W American/W Express/W Co./W survey/W of/W its/W travel/W agents/W revealed/W that/W only/W 34/W %/W believe/W their/W clients/W will/W pick/W a/W trip/W this/W winter/W based/W on/W the/W availability/W of/W winter/W sports/W ,/W as/W opposed/W to/W 69/W %/W who/W think/W that/W _OOV_/W sports/W will/W be/W the/W deciding/W factor/W ./W
``/W Even/W if/W they/W could/W bring/W in/W that/W many/W new/W skiers/W ,/W I/W do/W n't/W know/W if/W -LCB-/W the/W industry/W -RCB-/W could/W handle/W that/W kind/W of/W an/W increase/W ,/W ''/W says/W _OOV_/W William/W Berry/W ,/W editor/W and/W publisher/W of/W the/W _OOV_/W Industry/W Letter/W in/W _OOV_/W ,/W _OOV_/W ./W
``/W Most/W people/W will/W come/W on/W the/W weekend/W ,/W the/W slopes/W will/W be/W overcrowded/W and/W then/W these/W -LCB-/W new/W skiers/W -RCB-/W wo/W n't/W come/W back/W ./W
They/W did/W n't/W play/W the/W third/W game/W of/W the/W World/W Series/W on/W Tuesday/W night/W as/W scheduled/W ,/W and/W they/W did/W n't/W play/W it/W on/W Wednesday/W or/W Thursday/W either/W ./W
But/W you/W knew/W that/W ,/W did/W n't/W you/W ?/W
They/W are/W supposed/W to/W play/W the/W game/W next/W Tuesday/W ,/W in/W _OOV_/W Park/W here/W ./W
The/W theory/W is/W that/W the/W stadium/W ,/W damaged/W by/W Tuesday/W 's/W earthquake/W ,/W will/W be/W repaired/W by/W then/W ,/W and/W that/W people/W will/W be/W able/W to/W get/W there/W ./W
Like/W just/W about/W everything/W else/W ,/W that/W remains/W to/W be/W seen/W ./W
_OOV_/W could/W intervene/W ./W
But/W ,/W at/W least/W ,/W the/W law/W of/W averages/W should/W have/W swung/W to/W the/W favorable/W side/W ./W
It/W may/W seem/W trivial/W to/W worry/W about/W the/W World/W Series/W amid/W the/W destruction/W to/W the/W Bay/W Area/W wrought/W by/W Tuesday/W 's/W quake/W ,/W but/W the/W name/W of/W this/W column/W is/W ``/W On/W Sports/W ,/W ''/W so/W I/W feel/W obliged/W to/W do/W so/W ./W
You/W might/W be/W interested/W to/W know/W that/W baseball/W ,/W not/W survival/W ,/W appeared/W to/W be/W the/W first/W thought/W of/W most/W of/W the/W crowd/W of/W _OOV_/W that/W had/W gathered/W at/W _OOV_/W at/W _OOV_/W p.m./W Tuesday/W ,/W a/W half-hour/W before/W game/W time/W ,/W when/W the/W quake/W struck/W ./W
As/W soon/W as/W the/W tremor/W passed/W ,/W many/W people/W spontaneously/W arose/W and/W cheered/W ,/W as/W though/W it/W had/W been/W a/W novel/W kind/W of/W _OOV_/W show/W ./W
One/W fan/W ,/W seated/W several/W rows/W in/W front/W of/W the/W open/W ,/W _OOV_/W auxiliary/W press/W section/W where/W I/W was/W stationed/W ,/W faced/W the/W assembled/W _OOV_/W and/W _OOV_/W shouted/W ,/W ``/W We/W arranged/W that/W just/W for/W you/W guys/W ''/W I/W thought/W and/W ,/W I/W 'm/W sure/W ,/W others/W did/W :/W ``/W You/W should/W n't/W have/W bothered/W ./W ''/W
I/W 'd/W slept/W through/W my/W only/W previous/W brush/W with/W natural/W disaster/W ,/W a/W tornado/W 15/W or/W so/W summers/W ago/W near/W _OOV_/W City/W ,/W Mich./W ,/W so/W I/W was/W unprepared/W for/W one/W reaction/W to/W such/W things/W :/W the/W urge/W to/W talk/W about/W them/W ./W
Perhaps/W primed/W by/W the/W daily/W diet/W of/W radio/W and/W TV/W reporters/W thrusting/W microphones/W into/W people/W 's/W faces/W and/W asking/W how/W they/W ``/W feel/W ''/W about/W one/W calamity/W or/W another/W ,/W fellow/W reporters/W and/W civilians/W who/W spied/W my/W press/W _OOV_/W were/W eager/W to/W chat/W ./W
``/W It/W felt/W like/W I/W was/W on/W a/W station/W platform/W and/W a/W train/W went/W by/W ,/W ''/W said/W one/W man/W ,/W describing/W my/W own/W reaction/W ./W
A/W women/W said/W she/W saw/W the/W park/W 's/W light/W standards/W sway/W ./W
A/W man/W said/W he/W saw/W the/W upper/W rim/W _OOV_/W ./W
I/W saw/W neither/W ./W
_OOV_/W of/W good/W sense/W to/W the/W contrary/W not/W withstanding/W ,/W the/W general/W inclination/W was/W to/W believe/W that/W the/W disturbance/W would/W be/W brief/W and/W that/W ball/W would/W be/W played/W ./W
``/W I/W was/W near/W the/W top/W of/W the/W stadium/W ,/W and/W saw/W a/W steel/W _OOV_/W bow/W six/W feet/W from/W where/W I/W sat/W ,/W but/W I/W stayed/W put/W for/W 10/W or/W 15/W minutes/W ,/W ''/W confessed/W a/W friend/W ./W
``/W I/W guess/W I/W thought/W ,/W `/W This/W is/W the/W World/W Series/W and/W I/W 'm/W not/W gon/W na/W wimp/W out/W '/W ''/W
Here/W in/W the/W Global/W _OOV_/W ,/W though/W ,/W folks/W do/W not/W stay/W uninformed/W for/W long/W ./W
_OOV_/W power/W was/W out/W in/W _OOV_/W _OOV_/W Park/W ,/W but/W _OOV_/W radios/W and/W television/W sets/W were/W plentiful/W ./W
Within/W a/W few/W minutes/W ,/W the/W true/W extent/W of/W the/W catastrophe/W was/W becoming/W clear/W ./W
Its/W _OOV_/W _OOV_/W measurement/W was/W reported/W as/W 6.5/W ,/W then/W 6.9/W ,/W then/W _OOV_/W ./W
A/W section/W of/W the/W Bay/W Bridge/W had/W collapsed/W ,/W as/W had/W a/W part/W of/W Interstate/W Highway/W 880/W in/W _OOV_/W ./W
People/W had/W died/W ./W
At/W _OOV_/W p.m./W ,/W scheduled/W game/W time/W having/W passed/W ,/W some/W fans/W chanted/W ``/W Let/W 's/W Play/W Ball/W ./W ''/W
No/W longer/W innocent/W ,/W they/W qualified/W as/W fools/W ./W
The/W stadium/W was/W ordered/W evacuated/W soon/W afterward/W ;/W the/W announcement/W ,/W made/W over/W police/W _OOV_/W ,/W cited/W the/W power/W outage/W ,/W but/W it/W later/W was/W revealed/W that/W there/W also/W had/W been/W damage/W of/W the/W sort/W reported/W by/W my/W friend/W ./W
Outside/W ,/W I/W spotted/W two/W young/W men/W _OOV_/W blocks/W of/W concrete/W ./W
``/W _OOV_/W of/W _OOV_/W ,/W ''/W they/W said/W ./W
The/W crowd/W remained/W good/W natured/W ,/W even/W bemused/W ./W
TV/W reporters/W interviewed/W fans/W in/W the/W parking/W lots/W while/W ,/W a/W few/W feet/W away/W ,/W others/W watched/W the/W interviews/W on/W their/W portable/W TVs/W ./W
The/W only/W frenzy/W I/W saw/W was/W commercial/W :/W _OOV_/W selling/W World/W Series/W commemorative/W stamps/W and/W dated/W _OOV_/W were/W besieged/W by/W fledgling/W speculators/W who/W saw/W future/W profit/W in/W the/W items/W ./W
The/W traffic/W jam/W out/W of/W the/W park/W was/W monumental/W ./W
It/W took/W me/W a/W half-hour/W to/W move/W 10/W feet/W from/W my/W parking/W spot/W in/W an/W outer/W lot/W to/W an/W aisle/W ,/W and/W an/W additional/W hour/W to/W reach/W an/W inner/W roadway/W a/W _OOV_/W away/W ./W
The/W _OOV_/W trip/W to/W my/W airport/W hotel/W that/W had/W taken/W 20/W minutes/W earlier/W in/W the/W day/W took/W more/W than/W three/W hours/W ./W
At/W my/W hotel/W ,/W the/W _OOV_/W ,/W power/W was/W out/W ,/W some/W interior/W plaster/W had/W broken/W loose/W and/W there/W had/W been/W water/W damage/W ,/W but/W little/W else/W ./W
With/W _OOV_/W randomness/W ,/W a/W hotel/W across/W the/W street/W ,/W the/W _OOV_/W ,/W had/W been/W hit/W harder/W :/W A/W large/W sheet/W of/W its/W concrete/W facade/W and/W several/W window/W _OOV_/W were/W torn/W away/W ./W
The/W _OOV_/W staff/W had/W ,/W kindly/W ,/W set/W out/W lighted/W candles/W in/W the/W ballroom/W ,/W prepared/W a/W _OOV_/W buffet/W and/W passed/W around/W pillows/W and/W blankets/W ./W
I/W fell/W asleep/W on/W the/W lobby/W floor/W ,/W next/W to/W a/W man/W wearing/W a/W Chicago/W _OOV_/W jacket/W ./W
I/W expected/W him/W to/W say/W ,/W ``/W I/W told/W you/W so/W ,/W ''/W but/W he/W already/W was/W snoring/W ./W
The/W journalistic/W consensus/W was/W that/W the/W earthquake/W made/W the/W World/W Series/W seem/W unimportant/W ./W
My/W response/W was/W that/W sports/W rarely/W are/W important/W ,/W only/W diverting/W ,/W and/W the/W quake/W merely/W highlighted/W that/W fact/W ./W
Should/W the/W rest/W of/W the/W Series/W be/W played/W at/W all/W ?/W
The/W quake/W and/W baseball/W were/W n't/W related/W ,/W unlike/W the/W massacre/W of/W athletes/W that/W attended/W the/W 1972/W _OOV_/W ./W
That/W heavily/W politicized/W event/W learned/W nothing/W from/W the/W horrifying/W experience/W ,/W and/W seems/W doomed/W to/W repeat/W it/W ./W
Two/W _OOV_/W _OOV_/W ./W
This/W has/W been/W widely/W dubbed/W the/W BART/W Series/W ,/W after/W the/W local/W subway/W line/W ,/W and/W the/W Bay/W Bridge/W Series/W ./W
_OOV_/W fly/W at/W _OOV_/W for/W the/W death/W of/W _OOV_/W _OOV_/W ,/W the/W late/W baseball/W commissioner/W ,/W and/W now/W the/W Bay/W Bridge/W lies/W in/W ruins/W ./W
A/W Series/W that/W was/W shaping/W up/W as/W the/W _OOV_/W since/W the/W _OOV_/W _OOV_/W _OOV_/W go/W of/W 1984/W has/W become/W memorable/W in/W the/W least/W fortunate/W way/W ./W
Still/W ,/W its/W edge/W is/W lost/W ./W
It/W now/W will/W be/W played/W mostly/W for/W the/W record/W ,/W and/W should/W be/W wrapped/W up/W as/W quickly/W as/W possible/W ,/W without/W ``/W off/W ''/W days/W ./W
And/W I/W will/W never/W again/W complain/W about/W a/W _OOV_/W ./W
The/W disarray/W in/W the/W junk-bond/W market/W that/W began/W last/W month/W with/W a/W credit/W crunch/W at/W Campeau/W Corp./W has/W offered/W commercial/W banks/W a/W golden/W opportunity/W to/W play/W a/W greater/W role/W in/W financing/W _OOV_/W takeovers/W ./W
But/W two/W big/W New/W York/W banks/W seem/W to/W have/W kicked/W those/W chances/W away/W ,/W for/W the/W moment/W ,/W with/W the/W embarrassing/W failure/W of/W _OOV_/W and/W Chase/W Manhattan/W Corp./W to/W deliver/W $/W 7.2/W billion/W in/W bank/W financing/W for/W a/W leveraged/W buy-out/W of/W United/W Airlines/W parent/W UAL/W Corp/W ./W
For/W more/W than/W a/W decade/W ,/W banks/W have/W been/W pressing/W Congress/W and/W banking/W regulators/W for/W expanded/W powers/W to/W act/W like/W securities/W firms/W in/W playing/W Wall/W Street/W 's/W lucrative/W takeover/W game/W ,/W from/W giving/W mergers/W advice/W all/W the/W way/W to/W selling/W and/W trading/W high-yield/W junk/W bonds/W ./W
Those/W expanded/W powers/W reached/W their/W zenith/W in/W July/W when/W Bankers/W Trust/W New/W York/W Corp./W provided/W mergers/W advice/W ,/W an/W equity/W investment/W and/W bank/W loans/W for/W the/W $/W _OOV_/W billion/W leveraged/W buy-out/W of/W _OOV_/W Airlines/W parent/W _OOV_/W Inc/W ./W
One/W of/W the/W major/W selling/W points/W used/W by/W Los/W Angeles/W financier/W Alfred/W _OOV_/W in/W getting/W the/W takeover/W approved/W was/W that/W the/W deal/W did/W n't/W include/W any/W junk/W bonds/W ./W
That/W was/W seen/W as/W an/W advantage/W in/W lobbying/W airline/W employees/W and/W Washington/W regulators/W for/W approval/W of/W the/W contested/W takeover/W ./W
All/W $/W _OOV_/W billion/W in/W debt/W for/W the/W deal/W was/W supplied/W by/W banks/W ./W
Charles/W _OOV_/W ,/W _OOV_/W of/W mergers/W and/W acquisitions/W at/W Salomon/W Brothers/W Inc./W ,/W says/W it/W is/W natural/W for/W banks/W to/W try/W to/W expand/W beyond/W their/W _OOV_/W business/W of/W providing/W senior/W debt/W for/W _OOV_/W ./W
But/W the/W UAL/W collapse/W ,/W he/W says/W ,/W ``/W may/W tell/W you/W it/W 's/W not/W going/W to/W work/W that/W easily/W ./W ''/W
David/W _OOV_/W ,/W a/W mergers/W adviser/W in/W La/W _OOV_/W ,/W Calif./W ,/W who/W aided/W Los/W Angeles/W investor/W Marvin/W Davis/W on/W the/W bids/W which/W put/W both/W UAL/W and/W _OOV_/W in/W play/W as/W takeover/W candidates/W this/W year/W ,/W says/W that/W banks/W have/W been/W ``/W preparing/W to/W play/W a/W larger/W and/W larger/W role/W in/W acquisition/W financing/W ./W ''/W
Mr./W _OOV_/W says/W that/W in/W the/W past/W ,/W banks/W would/W normally/W have/W loaned/W 65/W %/W of/W a/W total/W buy-out/W price/W ,/W with/W the/W loans/W secured/W by/W the/W target/W company/W 's/W assets/W ./W
Another/W 20/W %/W of/W the/W borrowed/W funds/W would/W come/W from/W the/W sale/W to/W investors/W of/W junk/W bonds/W ,/W which/W offer/W less/W security/W and/W typically/W carry/W higher/W yields/W than/W bank/W loans/W ./W
Mr./W _OOV_/W 's/W purchase/W of/W _OOV_/W ,/W Mr./W _OOV_/W notes/W ,/W ``/W was/W probably/W the/W most/W aggressive/W to/W date/W ,/W ''/W with/W bank/W debt/W at/W 85/W %/W of/W the/W purchase/W price/W ./W
But/W Mr./W _OOV_/W says/W that/W _OOV_/W 's/W ``/W failure/W to/W deliver/W ''/W on/W its/W promise/W to/W raise/W the/W UAL/W bank/W debt/W for/W a/W labor-management/W buy-out/W group/W ``/W is/W very/W distressing/W to/W potential/W users/W of/W a/W `/W _OOV_/W '/W letter/W from/W commercial/W banks/W ./W ''/W
His/W client/W ,/W Mr./W Davis/W ,/W used/W just/W such/W a/W letter/W from/W _OOV_/W in/W pursuing/W UAL/W ;/W _OOV_/W later/W agreed/W to/W work/W with/W a/W competing/W UAL/W buy-out/W group/W ./W
Executives/W of/W _OOV_/W and/W Chase/W Manhattan/W declined/W to/W comment/W on/W either/W the/W UAL/W situation/W ,/W or/W on/W the/W changing/W nature/W of/W banks/W '/W role/W in/W financing/W takeovers/W ./W
In/W the/W wake/W of/W Campeau/W 's/W problems/W ,/W prices/W of/W junk/W bonds/W tumbled/W ,/W throwing/W into/W doubt/W the/W ability/W of/W corporate/W _OOV_/W to/W finance/W large/W takeovers/W with/W the/W help/W of/W junk/W bond/W sales/W ./W
Mark/W _OOV_/W ,/W senior/W managing/W director/W at/W Manufacturers/W _OOV_/W Trust/W Co./W ,/W says/W the/W _OOV_/W in/W junk/W bonds/W may/W yet/W open/W new/W business/W opportunities/W to/W banks/W in/W structuring/W takeovers/W ./W
But/W he/W warns/W that/W banks/W will/W have/W ``/W to/W have/W enough/W discipline/W ''/W not/W to/W make/W loans/W that/W are/W too/W risky/W ./W
In/W fact/W ,/W Manufacturers/W _OOV_/W said/W in/W its/W third-quarter/W earnings/W report/W that/W fees/W from/W _OOV_/W loans/W to/W other/W banks/W dropped/W 48/W %/W ,/W to/W $/W 21/W million/W ./W
``/W We/W did/W n't/W take/W part/W in/W a/W lot/W of/W deals/W because/W their/W credit/W quality/W was/W poor/W ,/W ''/W says/W a/W bank/W spokesman/W ./W
James/W B./W Lee/W ,/W head/W of/W _OOV_/W and/W private/W placements/W at/W Chemical/W Banking/W Corp./W ,/W said/W he/W believes/W banks/W can/W still/W make/W a/W credible/W offer/W of/W _OOV_/W shopping/W for/W takeover/W finance/W ./W
As/W evidence/W ,/W he/W cites/W yesterday/W 's/W arrangement/W for/W the/W final/W financing/W of/W a/W $/W 3/W billion/W bid/W for/W American/W Medical/W International/W Inc./W in/W which/W Chemical/W served/W as/W both/W the/W lead/W bank/W and/W an/W equity/W investor/W ./W
Beyond/W the/W current/W weakness/W in/W the/W junk/W bond/W market/W ,/W banks/W have/W another/W advantage/W over/W investment/W banks/W in/W financing/W contested/W takeovers/W ./W
Arthur/W _OOV_/W Jr./W ,/W a/W takeover/W lawyer/W at/W Fried/W Frank/W Harris/W _OOV_/W &/W _OOV_/W ,/W notes/W that/W ``/W a/W political/W and/W emotional/W bias/W ''/W has/W developed/W against/W junk/W bonds/W ./W
One/W hostile/W bidder/W who/W deliberately/W avoided/W using/W junk/W bonds/W was/W Paramount/W Communications/W Inc./W in/W its/W initial/W offer/W to/W acquire/W Time/W Inc./W for/W $/W _OOV_/W billion/W ,/W or/W $/W 175/W a/W share/W ./W
A/W Paramount/W spokesman/W says/W that/W decision/W was/W based/W on/W the/W financial/W ,/W not/W political/W ,/W drawbacks/W of/W junk/W bonds/W ./W
But/W some/W observers/W believe/W Paramount/W Chairman/W Martin/W Davis/W wanted/W to/W avoid/W the/W possible/W taint/W of/W being/W perceived/W as/W a/W corporate/W raider/W in/W his/W controversial/W bid/W for/W Time/W ./W
In/W the/W end/W ,/W Mr./W Davis/W used/W junk/W bonds/W so/W that/W he/W could/W raise/W Paramount/W 's/W bid/W to/W $/W 200/W a/W share/W ./W
Some/W _OOV_/W quarterbacks/W said/W the/W initial/W lower/W bid/W ,/W without/W junk/W bonds/W ,/W was/W a/W factor/W in/W his/W losing/W the/W company/W ./W
Time/W eluded/W Paramount/W by/W acquiring/W Warner/W Communications/W Inc/W ./W
The/W success/W of/W the/W _OOV_/W financing/W ,/W and/W the/W failure/W of/W the/W UAL/W deal/W ,/W also/W seem/W to/W highlight/W the/W important/W new/W role/W in/W takeover/W financing/W being/W played/W by/W Japanese/W banks/W ./W
Japanese/W banks/W accounted/W for/W 50/W %/W of/W the/W _OOV_/W bank/W debt/W ,/W according/W to/W a/W report/W by/W Transportation/W Secretary/W Samuel/W _OOV_/W ./W
But/W it/W was/W _OOV_/W rejection/W by/W Japanese/W banks/W that/W helped/W seal/W the/W fate/W of/W the/W attempt/W to/W buy/W UAL/W ./W
_OOV_/W and/W Chase/W are/W attempting/W to/W put/W together/W a/W new/W ,/W lower/W bid/W ./W
_OOV_/W _OOV_/W ,/W chief/W economist/W of/W the/W Institute/W for/W Financial/W Affairs/W Inc./W ,/W a/W Tokyo/W research/W center/W on/W finance/W and/W economics/W ,/W says/W ,/W ``/W The/W junk/W bond/W market/W became/W very/W _OOV_/W ,/W and/W there/W 's/W a/W fear/W of/W a/W coming/W recession/W and/W the/W possible/W bankruptcy/W of/W _OOV_/W companies/W ./W
_OOV_/W Inc./W filed/W suit/W in/W federal/W court/W here/W ,/W alleging/W that/W a/W group/W that/W holds/W _OOV_/W %/W of/W its/W stock/W made/W ``/W false/W ,/W deceptive/W and/W misleading/W ''/W statements/W in/W recent/W regulatory/W filings/W and/W public/W announcements/W ./W
_OOV_/W 's/W complaint/W claims/W that/W the/W group/W ,/W led/W by/W investor/W Malcolm/W _OOV_/W _OOV_/W ,/W violated/W securities/W laws/W by/W failing/W to/W disclose/W plans/W to/W purchase/W 15/W %/W of/W the/W company/W 's/W shares/W outstanding/W and/W that/W when/W the/W required/W Hart-Scott-Rodino/W filing/W eventually/W was/W made/W ,/W it/W did/W n't/W disclose/W the/W group/W 's/W alleged/W earlier/W violation/W of/W the/W so-called/W _OOV_/W requirements/W of/W the/W law/W ./W
Mr./W _OOV_/W could/W n't/W immediately/W be/W reached/W to/W comment/W ./W
But/W when/W _OOV_/W last/W week/W publicly/W questioned/W the/W legality/W of/W the/W group/W 's/W filing/W procedures/W ,/W the/W Rochester/W ,/W N.Y./W ,/W investor/W said/W ``/W we/W complied/W with/W every/W law/W ,/W ''/W and/W he/W denied/W any/W wrongdoing/W ./W
The/W _OOV_/W group/W said/W in/W a/W Securities/W and/W Exchange/W Commission/W filing/W in/W early/W October/W that/W it/W may/W seek/W a/W controlling/W interest/W in/W _OOV_/W ,/W or/W seek/W representation/W on/W the/W company/W 's/W board/W ./W
_OOV_/W has/W said/W it/W does/W n't/W intend/W to/W be/W acquired/W by/W the/W _OOV_/W group/W or/W any/W other/W party/W ./W
Inland/W Steel/W Industries/W Inc./W ,/W battered/W by/W lower/W volume/W and/W higher/W costs/W ,/W posted/W a/W 75/W %/W drop/W in/W third-quarter/W earnings/W ./W
The/W nation/W 's/W _OOV_/W steelmaker/W earned/W $/W _OOV_/W million/W ,/W or/W 43/W cents/W a/W share/W ,/W compared/W with/W $/W 61/W million/W ,/W or/W $/W _OOV_/W a/W share/W ,/W a/W year/W earlier/W ,/W when/W the/W industry/W was/W enjoying/W peak/W demand/W and/W strong/W pricing/W ./W
Sales/W fell/W to/W $/W _OOV_/W million/W from/W $/W 1.02/W billion/W ./W
The/W earnings/W also/W mark/W a/W significant/W drop/W from/W the/W second/W quarter/W 's/W $/W _OOV_/W million/W or/W $/W 1.25/W a/W share/W ./W
Moreover/W ,/W the/W earnings/W were/W well/W below/W analysts/W '/W expectations/W of/W about/W $/W _OOV_/W a/W share/W ./W
In/W composite/W trading/W on/W the/W New/W York/W Stock/W Exchange/W ,/W Inland/W closed/W yesterday/W at/W $/W _OOV_/W a/W share/W ,/W down/W $/W 1/W ./W
The/W company/W attributed/W the/W earnings/W drop/W to/W lower/W volume/W related/W to/W seasonal/W demand/W and/W the/W soft/W consumer/W durable/W market/W ,/W especially/W in/W the/W automotive/W sector/W ./W
However/W ,/W the/W company/W also/W lost/W orders/W because/W of/W prolonged/W labor/W talks/W in/W the/W second/W quarter/W ./W
Third-quarter/W shipments/W slipped/W 7/W %/W from/W the/W year-ago/W period/W ,/W and/W 17/W %/W from/W this/W year/W 's/W second/W quarter/W ./W
Profit/W of/W steel/W shipped/W for/W the/W company/W 's/W steel/W segment/W slid/W to/W $/W 26/W a/W ton/W ,/W from/W $/W 66/W a/W ton/W a/W year/W earlier/W and/W $/W 57/W a/W ton/W a/W quarter/W earlier/W ./W
Analysts/W noted/W that/W the/W disappointing/W results/W do/W n't/W reflect/W lower/W prices/W for/W steel/W products/W ./W
Charles/W Bradford/W ,/W an/W analyst/W with/W Merrill/W Lynch/W Capital/W Markets/W ,/W said/W higher/W prices/W for/W galvanized/W and/W _OOV_/W products/W offset/W lower/W prices/W for/W bar/W ,/W _OOV_/W and/W structural/W steel/W ./W
Structural/W steel/W ,/W which/W primarily/W serves/W the/W construction/W market/W ,/W was/W especially/W hurt/W by/W a/W 15/W %/W price/W drop/W ,/W Mr./W Bradford/W said/W ./W
The/W company/W said/W its/W integrated/W steel/W sector/W was/W also/W hurt/W by/W higher/W raw/W material/W ,/W repair/W and/W maintenance/W ,/W and/W labor/W costs/W ./W
The/W increased/W labor/W costs/W became/W effective/W Aug./W 1/W under/W terms/W of/W the/W four-year/W labor/W agreement/W with/W the/W United/W _OOV_/W union/W ./W
Meanwhile/W ,/W the/W company/W 's/W service/W center/W segment/W ,/W which/W saw/W operating/W profit/W drop/W to/W $/W 11.5/W million/W from/W $/W _OOV_/W million/W a/W year/W ago/W ,/W experienced/W much/W of/W the/W same/W demand/W and/W cost/W problems/W ,/W as/W well/W as/W start-up/W costs/W associated/W with/W a/W coil/W processing/W facility/W in/W Chicago/W and/W an/W upgraded/W computer/W information/W system/W ./W
Inland/W Chairman/W Frank/W W./W _OOV_/W said/W the/W company/W 's/W short-term/W outlook/W is/W ``/W clouded/W by/W uncertainties/W in/W the/W economy/W and/W financial/W markets/W ./W ''/W
However/W ,/W he/W noted/W that/W steel/W mill/W bookings/W are/W up/W from/W early/W summer/W levels/W ,/W and/W that/W he/W expects/W the/W company/W to/W improve/W its/W cost/W performance/W in/W the/W fourth/W quarter/W ./W
In/W the/W first/W nine/W months/W ,/W profit/W was/W $/W 113/W million/W ,/W or/W $/W _OOV_/W a/W share/W ,/W on/W sales/W of/W $/W _OOV_/W billion/W ,/W compared/W with/W $/W _OOV_/W million/W ,/W or/W $/W _OOV_/W a/W share/W ,/W on/W sales/W of/W $/W _OOV_/W billion/W ,/W a/W year/W earlier/W ./W
The/W ``/W seismic/W ''/W activity/W of/W a/W financial/W market/W bears/W a/W resemblance/W to/W the/W seismic/W activity/W of/W the/W earth/W ./W
When/W things/W are/W quiet/W -LRB-/W low/W volatility/W -RRB-/W ,/W the/W structures/W on/W which/W markets/W stand/W can/W be/W relatively/W inefficient/W and/W still/W perform/W their/W functions/W adequately/W ./W
However/W ,/W when/W powerful/W forces/W start/W shaking/W the/W market/W 's/W structure/W ,/W the/W more/W ``/W _OOV_/W ''/W it/W is/W ,/W the/W better/W its/W chance/W for/W survival/W ./W
America/W 's/W financial/W markets/W do/W not/W yet/W have/W all/W the/W required/W modern/W features/W required/W to/W make/W them/W fully/W ``/W _OOV_/W ./W ''/W
Investors/W lack/W equal/W access/W to/W the/W markets/W '/W trading/W arena/W and/W its/W information/W ./W
That/W structural/W lack/W is/W crucial/W because/W investors/W are/W the/W only/W source/W of/W market/W liquidity/W ./W
And/W liquidity/W is/W what/W markets/W need/W to/W damp/W quakes/W and/W aftershocks/W ./W
In/W today/W 's/W markets/W ,/W specialists/W -LRB-/W on/W the/W New/W York/W Stock/W Exchange/W -RRB-/W and/W ``/W upstairs/W ''/W market/W makers/W -LRB-/W in/W the/W over-the-counter/W market/W -RRB-/W are/W the/W only/W market/W participants/W allowed/W to/W play/W a/W direct/W role/W in/W the/W _OOV_/W process/W ./W
When/W they/W halt/W trading/W ,/W all/W market/W liquidity/W is/W gone/W ./W
And/W when/W any/W component/W of/W the/W market/W --/W cash/W ,/W futures/W or/W options/W --/W loses/W liquidity/W ,/W the/W price/W discovery/W system/W -LRB-/W the/W way/W prices/W are/W determined/W -RRB-/W becomes/W flawed/W or/W is/W lost/W entirely/W for/W a/W time/W ./W
Last/W Friday/W the/W 13th/W -LRB-/W as/W well/W as/W two/W years/W ago/W this/W week/W -RRB-/W the/W markets/W became/W _OOV_/W ./W
When/W that/W happened/W ,/W ``/W seismic/W ''/W tremors/W of/W fear/W --/W much/W like/W the/W shock/W waves/W created/W by/W an/W earthquake/W --/W _OOV_/W through/W the/W market/W and/W increased/W the/W market/W 's/W volatility/W ./W
_OOV_/W of/W important/W ,/W needed/W information/W can/W cause/W fear/W ./W
_OOV_/W is/W the/W father/W of/W panic/W ./W
_OOV_/W frequently/W results/W in/W irrational/W behavior/W ./W
And/W in/W financial/W markets/W ,/W irrational/W behavior/W is/W sometimes/W translated/W into/W catastrophe/W ./W
When/W market/W tremors/W start/W ,/W it/W is/W crucial/W that/W as/W much/W information/W about/W transaction/W prices/W and/W the/W _OOV_/W curve/W -LRB-/W buy/W and/W sell/W orders/W at/W various/W prices/W -RRB-/W be/W made/W available/W to/W all/W ,/W not/W just/W to/W market/W makers/W ./W
Because/W of/W a/W lack/W of/W information/W and/W access/W ,/W many/W investors/W --/W including/W the/W very/W ones/W whose/W buying/W power/W could/W restore/W stability/W and/W damp/W volatility/W --/W are/W forced/W to/W stand/W on/W the/W sidelines/W when/W they/W are/W most/W needed/W ,/W because/W of/W their/W ignorance/W of/W important/W market/W information/W ./W
To/W add/W _OOV_/W power/W to/W America/W 's/W markets/W ,/W a/W modern/W ,/W electronic/W trading/W system/W should/W be/W implemented/W that/W permits/W equal/W access/W to/W the/W trading/W arena/W -LRB-/W and/W the/W information/W that/W would/W automatically/W accompany/W such/W access/W -RRB-/W by/W investors/W --/W particularly/W institutional/W investors/W ./W
_OOV_/W to/W some/W opinions/W ,/W the/W trading/W activities/W of/W specialists/W and/W other/W market/W makers/W do/W not/W provide/W liquidity/W to/W the/W market/W as/W a/W whole/W ./W
What/W market/W makers/W provide/W is/W immediacy/W ,/W a/W very/W valuable/W service/W ./W
_OOV_/W is/W not/W a/W service/W ./W
It/W is/W a/W market/W attribute/W --/W the/W ability/W to/W absorb/W selling/W orders/W without/W causing/W significant/W price/W changes/W in/W the/W absence/W of/W news/W ./W
Market/W makers/W buy/W what/W investors/W wish/W to/W sell/W ;/W their/W business/W is/W _OOV_/W these/W unwanted/W positions/W as/W quickly/W as/W possible/W to/W other/W investors/W ,/W and/W at/W a/W profit/W ./W
As/W a/W result/W ,/W while/W any/W one/W customer/W may/W purchase/W immediacy/W by/W selling/W to/W a/W market/W maker/W -LRB-/W which/W is/W _OOV_/W for/W the/W investor/W -RRB-/W ,/W the/W market/W as/W a/W whole/W remains/W in/W the/W same/W circumstances/W it/W was/W before/W the/W transaction/W :/W The/W unwanted/W position/W is/W still/W an/W unwanted/W position/W ;/W only/W the/W identity/W of/W the/W seller/W has/W changed/W ./W
In/W fact/W it/W can/W be/W argued/W that/W increasing/W capital/W commitments/W by/W market/W makers/W -LRB-/W a/W result/W of/W some/W _OOV_/W crash/W studies/W -RRB-/W also/W increases/W market/W volatility/W ,/W since/W the/W more/W securities/W are/W held/W by/W market/W makers/W at/W any/W given/W time/W ,/W the/W more/W selling/W pressure/W is/W overhanging/W the/W market/W ./W
In/W an/W open/W electronic/W system/W ,/W any/W investor/W wishing/W to/W pay/W for/W real-time/W access/W to/W the/W trading/W arena/W through/W a/W registered/W broker-dealer/W would/W be/W able/W to/W see/W the/W entire/W _OOV_/W curve/W -LRB-/W buy/W and/W sell/W orders/W at/W each/W price/W -RRB-/W entered/W by/W dealers/W and/W investors/W alike/W ,/W and/W to/W enter/W and/W execute/W orders/W ./W
Current/W quotations/W would/W reflect/W the/W combined/W financial/W judgment/W of/W all/W market/W participants/W --/W not/W just/W those/W of/W intermediaries/W who/W become/W extremely/W _OOV_/W during/W times/W of/W crisis/W ./W
Investors/W and/W professionals/W alike/W would/W compete/W on/W the/W level/W playing/W field/W Congress/W sought/W and/W called/W a/W ``/W national/W market/W system/W ''/W -LRB-/W not/W yet/W achieved/W -RRB-/W almost/W 15/W years/W ago/W when/W it/W passed/W the/W Securities/W Reform/W Act/W of/W _OOV_/W ./W
Last/W Friday/W 's/W market/W _OOV_/W did/W not/W result/W in/W severe/W ``/W aftershocks/W ./W ''/W
Were/W we/W smart/W or/W just/W lucky/W ?/W
I/W 'm/W not/W certain/W ./W
But/W I/W am/W sure/W we/W need/W to/W maximize/W our/W ``/W earthquake/W ''/W protection/W by/W making/W certain/W that/W our/W market/W structures/W let/W investors/W add/W their/W mighty/W _OOV_/W power/W to/W our/W nation/W 's/W markets/W ./W
Mr./W _OOV_/W is/W chairman/W of/W his/W own/W consulting/W company/W in/W _OOV_/W ,/W N.J/W ./W
NOW/W YOU/W _OOV_/W IT/W ,/W now/W you/W do/W n't/W ./W
The/W recession/W ,/W that/W is/W ./W
The/W economy/W 's/W _OOV_/W steps/W leave/W investors/W wondering/W whether/W things/W are/W slowing/W down/W or/W speeding/W up/W ./W
So/W often/W are/W government/W statistics/W revised/W that/W they/W seem/W to/W resemble/W a/W spinning/W weather/W vane/W ./W
For/W the/W past/W seven/W years/W ,/W investors/W have/W had/W the/W wind/W at/W their/W backs/W ,/W in/W the/W form/W of/W a/W generally/W growing/W economy/W ./W
Some/W may/W have/W forgotten/W --/W and/W some/W younger/W ones/W may/W never/W have/W experienced/W --/W what/W it/W 's/W like/W to/W invest/W during/W a/W recession/W ./W
_OOV_/W tactics/W are/W called/W for/W ,/W as/W losing/W money/W becomes/W easier/W and/W making/W money/W becomes/W tougher/W ./W
For/W those/W investors/W who/W believe/W --/W or/W fear/W --/W that/W 1990/W will/W be/W a/W recession/W year/W ,/W many/W economists/W and/W money/W managers/W agree/W on/W steps/W that/W can/W be/W taken/W to/W lower/W the/W risks/W in/W a/W portfolio/W ./W
In/W a/W nutshell/W ,/W pros/W advise/W investors/W who/W expect/W a/W slowdown/W to/W hold/W fewer/W stocks/W than/W usual/W and/W to/W favor/W shares/W of/W big/W companies/W in/W ``/W defensive/W ''/W industries/W ./W
A/W heavy/W dose/W of/W cash/W is/W prescribed/W ,/W along/W with/W a/W _OOV_/W allotment/W to/W bonds/W --/W preferably/W government/W bonds/W ./W
It/W 's/W tempting/W to/W think/W these/W defensive/W steps/W can/W be/W delayed/W until/W a/W recession/W is/W clearly/W at/W hand/W ./W
But/W that/W may/W not/W be/W possible/W ,/W because/W recessions/W often/W take/W investors/W by/W surprise/W ./W
``/W They/W always/W seem/W to/W come/W a/W bit/W later/W than/W you/W expect/W ./W
When/W they/W do/W hit/W ,/W they/W hit/W fast/W ,/W ''/W says/W David/W A./W _OOV_/W ,/W chief/W financial/W economist/W at/W the/W Data/W Resources/W division/W of/W McGraw-Hill/W Inc/W ./W
Though/W he/W himself/W does/W n't/W expect/W a/W recession/W soon/W ,/W Mr./W _OOV_/W advises/W people/W who/W do/W that/W ``/W the/W best/W thing/W to/W be/W in/W is/W long/W that/W is/W ,/W _OOV_/W to/W 30-year/W Treasury/W bonds/W ./W ''/W
The/W reason/W is/W simple/W ,/W Mr./W _OOV_/W says/W :/W ``/W Interest/W rates/W almost/W always/W decline/W during/W recession/W ./W ''/W
As/W surely/W as/W a/W _OOV_/W tilts/W ,/W falling/W interest/W rates/W force/W up/W the/W price/W of/W previously/W issued/W bonds/W ./W
They/W are/W worth/W more/W because/W they/W pay/W higher/W interest/W than/W newly/W issued/W bonds/W do/W ./W
That/W effect/W holds/W true/W for/W both/W short-term/W and/W long-term/W bonds/W ./W
But/W short-term/W bonds/W ca/W n't/W rise/W too/W much/W ,/W because/W everyone/W knows/W they/W will/W be/W redeemed/W at/W a/W preset/W price/W fairly/W soon/W ./W
_OOV_/W bonds/W ,/W with/W many/W years/W left/W before/W maturity/W ,/W swing/W more/W widely/W in/W price/W ./W
But/W not/W just/W any/W bonds/W will/W do/W ./W
Corporate/W bonds/W ``/W are/W usually/W not/W a/W good/W bet/W in/W a/W recession/W ,/W ''/W Mr./W _OOV_/W says/W ./W
As/W times/W get/W tougher/W ,/W investors/W fret/W about/W whether/W companies/W will/W have/W enough/W money/W to/W pay/W their/W debts/W ./W
This/W hurts/W the/W price/W of/W corporate/W bonds/W ./W
Also/W ,/W he/W notes/W ,/W ``/W most/W corporate/W bonds/W are/W _OOV_/W ./W ''/W
That/W means/W that/W a/W corporation/W ,/W after/W a/W specified/W amount/W of/W time/W has/W passed/W ,/W can/W buy/W back/W its/W bonds/W by/W paying/W investors/W the/W face/W value/W -LRB-/W plus/W ,/W in/W some/W cases/W ,/W a/W sweetener/W -RRB-/W ./W
When/W interest/W rates/W have/W dropped/W ,/W it/W makes/W sense/W for/W corporations/W to/W do/W just/W that/W ;/W they/W then/W save/W on/W interest/W costs/W ./W
But/W the/W investors/W are/W left/W stranded/W with/W money/W to/W _OOV_/W at/W a/W time/W when/W interest/W rates/W are/W _OOV_/W ./W
If/W corporate/W bonds/W are/W bad/W in/W recessions/W ,/W junk/W bonds/W are/W likely/W to/W be/W the/W worst/W of/W all/W ./W
It/W 's/W an/W ``/W absolute/W necessity/W ''/W to/W get/W out/W of/W junk/W bonds/W when/W a/W recession/W is/W in/W the/W _OOV_/W ,/W says/W _OOV_/W _OOV_/W ,/W professor/W of/W finance/W at/W Cornell/W University/W ./W
``/W Such/W bonds/W are/W very/W sensitive/W to/W the/W downside/W ,/W and/W this/W could/W be/W a/W disaster/W ./W ''/W
Municipal/W bonds/W are/W generally/W a/W bit/W safer/W than/W corporate/W bonds/W in/W a/W recession/W ,/W but/W not/W as/W safe/W as/W bonds/W issued/W by/W the/W federal/W government/W ./W
During/W an/W economic/W slump/W ,/W local/W tax/W revenues/W often/W go/W down/W ,/W raising/W the/W risks/W associated/W with/W at/W least/W some/W _OOV_/W ./W
And/W ,/W like/W corporates/W ,/W many/W municipal/W bonds/W are/W _OOV_/W ./W
But/W a/W few/W experts/W ,/W going/W against/W the/W consensus/W ,/W do/W n't/W think/W bonds/W would/W help/W investors/W even/W if/W a/W recession/W is/W in/W the/W _OOV_/W ./W
One/W of/W these/W is/W Jeffrey/W L./W Beach/W ,/W director/W of/W research/W for/W _OOV_/W _OOV_/W &/W Co./W ,/W a/W brokerage/W house/W in/W Houston/W ,/W who/W thinks/W that/W ``/W we/W 're/W either/W in/W a/W recession/W or/W about/W to/W go/W into/W one/W ./W ''/W
What/W 's/W more/W ,/W he/W thinks/W this/W could/W be/W a/W _OOV_/W recession/W than/W usual/W :/W ``/W Once/W the/W downturn/W comes/W ,/W it/W 's/W going/W to/W be/W very/W hard/W to/W reverse/W ./W ''/W
Investors/W ,/W he/W advises/W ,/W ``/W should/W be/W cautious/W ,/W ''/W holding/W fewer/W stocks/W than/W usual/W and/W also/W shunning/W bonds/W ./W
Because/W he/W sees/W ``/W 5/W %/W to/W 6/W %/W base/W rate/W of/W inflation/W in/W the/W economy/W ,/W ''/W he/W doubts/W that/W interest/W rates/W will/W fall/W much/W any/W time/W soon/W ./W
Instead/W ,/W Mr./W Beach/W says/W ,/W investors/W ``/W probably/W should/W be/W carrying/W a/W very/W high/W level/W of/W cash/W ,/W ''/W by/W which/W he/W means/W such/W so-called/W cash/W equivalents/W as/W _OOV_/W funds/W and/W Treasury/W bills/W ./W
_OOV_/W _OOV_/W ,/W president/W of/W _OOV_/W Financial/W Inc./W in/W _OOV_/W ,/W Pa./W ,/W also/W recommends/W that/W investors/W go/W heavily/W for/W cash/W ./W
He/W is/W n't/W sure/W a/W recession/W is/W coming/W ,/W but/W says/W the/W other/W likely/W alternative/W --/W _OOV_/W inflation/W --/W is/W just/W as/W bad/W ./W
``/W This/W late/W in/W an/W expansion/W ,/W ''/W the/W economy/W tends/W to/W veer/W off/W either/W into/W damaging/W inflation/W or/W into/W a/W recession/W ,/W Mr./W _OOV_/W says/W ./W
The/W Federal/W Reserve/W Board/W 's/W plan/W for/W a/W ``/W soft/W landing/W ,/W ''/W he/W says/W ,/W requires/W the/W Fed/W to/W navigate/W ``/W an/W _OOV_/W corridor/W ./W ''/W
A/W soft/W landing/W is/W n't/W something/W that/W can/W be/W achieved/W once/W and/W for/W all/W ,/W Mr./W _OOV_/W adds/W ./W
It/W has/W to/W be/W engineered/W over/W and/W over/W again/W ,/W month/W after/W month/W ./W
He/W believes/W that/W the/W task/W facing/W Fed/W Chairman/W Alan/W Greenspan/W is/W so/W difficult/W that/W it/W resembles/W ``/W juggling/W a/W _OOV_/W ax/W and/W a/W buzz/W saw/W ./W ''/W
And/W ,/W in/W a/W sense/W ,/W that/W 's/W the/W kind/W of/W task/W individuals/W face/W in/W deciding/W what/W to/W do/W about/W stocks/W --/W the/W mainstay/W of/W most/W serious/W investors/W '/W portfolios/W ./W
It/W comes/W down/W to/W a/W question/W of/W whether/W to/W try/W to/W ``/W time/W ''/W the/W market/W ./W
For/W people/W who/W can/W ride/W out/W market/W waves/W through/W good/W times/W and/W bad/W ,/W stocks/W have/W been/W rewarding/W long-term/W investments/W ./W
Most/W studies/W show/W that/W _OOV_/W investors/W historically/W have/W earned/W an/W annual/W return/W from/W stocks/W of/W 9/W %/W to/W 10/W %/W ,/W including/W both/W dividends/W and/W price/W appreciation/W ./W
That/W 's/W well/W above/W what/W bonds/W or/W bank/W certificates/W have/W paid/W ./W
Moreover/W ,/W because/W no/W one/W knows/W for/W sure/W just/W when/W a/W recession/W is/W coming/W ,/W some/W analysts/W think/W investors/W should/W n't/W even/W worry/W too/W much/W about/W timing/W ./W
``/W _OOV_/W to/W time/W the/W economy/W is/W a/W mistake/W ,/W ''/W says/W David/W Katz/W ,/W chief/W investment/W officer/W of/W Value/W Matrix/W Management/W Inc./W in/W New/W York/W ./W
Mr./W Katz/W notes/W that/W some/W economists/W have/W been/W predicting/W a/W recession/W for/W at/W least/W two/W years/W ./W
Investors/W who/W listened/W ,/W and/W lightened/W up/W on/W stocks/W ,/W ``/W have/W just/W hurt/W themselves/W ,/W ''/W he/W says/W ./W
Mr./W Katz/W adds/W that/W people/W who/W jump/W in/W and/W out/W of/W the/W stock/W market/W need/W to/W be/W right/W about/W 70/W %/W of/W the/W time/W to/W beat/W a/W _OOV_/W strategy/W ./W
_OOV_/W trading/W runs/W up/W high/W commission/W costs/W ./W
And/W the/W _OOV_/W might/W miss/W the/W sudden/W _OOV_/W that/W account/W for/W much/W of/W the/W stock/W market/W 's/W gains/W over/W time/W ./W
Still/W ,/W few/W investors/W are/W able/W to/W sit/W tight/W when/W they/W are/W convinced/W a/W recession/W is/W coming/W ./W
After/W all/W ,/W in/W all/W five/W recessions/W since/W _OOV_/W ,/W stocks/W declined/W ./W
According/W to/W _OOV_/W Davis/W ,/W president/W of/W _OOV_/W Davis/W Research/W Inc./W in/W _OOV_/W ,/W _OOV_/W ,/W the/W average/W drop/W in/W the/W Dow/W Jones/W Industrial/W Average/W was/W about/W 21/W %/W ,/W and/W the/W decrease/W began/W an/W average/W of/W six/W months/W before/W a/W recession/W officially/W started/W ./W
By/W the/W time/W a/W recession/W is/W ``/W official/W ''/W -LRB-/W two/W consecutive/W quarters/W of/W declining/W gross/W national/W product/W -RRB-/W ,/W much/W of/W the/W damage/W to/W stocks/W has/W already/W been/W _OOV_/W ,/W in/W the/W typical/W case/W ,/W the/W recession/W is/W already/W half/W over/W ./W
About/W six/W months/W before/W a/W recession/W ends/W ,/W stocks/W typically/W begin/W to/W rise/W again/W ,/W as/W investors/W anticipate/W a/W recovery/W ./W
The/W average/W recession/W lasts/W about/W a/W year/W ./W
Unfortunately/W ,/W though/W ,/W recessions/W vary/W enough/W in/W length/W so/W that/W the/W average/W ca/W n't/W reliably/W be/W used/W to/W guide/W investors/W in/W timing/W stock/W sales/W or/W purchases/W ./W
But/W whatever/W their/W advice/W about/W timing/W ,/W none/W of/W these/W experts/W recommend/W _OOV_/W stocks/W entirely/W during/W a/W recession/W ./W
For/W the/W portion/W of/W an/W investor/W 's/W portfolio/W that/W stays/W in/W stocks/W ,/W professionals/W have/W a/W number/W of/W suggestions/W ./W
Mr./W Katz/W advocates/W issues/W with/W low/W _OOV_/W ratios/W --/W that/W is/W ,/W low/W prices/W in/W relation/W to/W the/W company/W 's/W earnings/W per/W share/W ./W
``/W _OOV_/W _OOV_/W ''/W stocks/W ,/W he/W says/W ,/W vastly/W outperform/W others/W ``/W during/W a/W recession/W or/W bear/W market/W ./W ''/W
In/W good/W times/W ,/W he/W says/W ,/W they/W lag/W a/W bit/W ,/W but/W overall/W they/W provide/W superior/W performance/W ./W
Prof./W _OOV_/W urges/W investors/W to/W discard/W stocks/W in/W small/W companies/W ./W
_OOV_/W shares/W typically/W fall/W more/W than/W _OOV_/W stocks/W in/W a/W recession/W ,/W he/W says/W ./W
And/W in/W any/W case/W ,/W he/W argues/W ,/W stocks/W of/W small/W companies/W are/W ``/W almost/W as/W overpriced/W as/W they/W were/W Sept./W 30/W ,/W 1987/W ,/W just/W before/W the/W crash/W ./W ''/W
For/W example/W ,/W Mr./W _OOV_/W says/W ,/W stocks/W of/W small/W companies/W are/W selling/W for/W about/W 19/W times/W cash/W flow/W ./W
_OOV_/W flow/W ,/W basically/W earnings/W plus/W depreciation/W ,/W is/W one/W common/W gauge/W of/W a/W company/W 's/W financial/W health/W ./W -RRB-/W
That/W ratio/W is/W dangerously/W close/W to/W the/W ratio/W of/W _OOV_/W that/W prevailed/W before/W the/W 1987/W _OOV_/W crash/W ,/W Mr./W _OOV_/W says/W ./W
And/W it/W 's/W way/W above/W the/W ratio/W -LRB-/W _OOV_/W times/W cash/W flow/W -RRB-/W that/W bigger/W companies/W are/W selling/W for/W ./W
Another/W major/W trick/W in/W making/W a/W portfolio/W _OOV_/W is/W choosing/W stocks/W in/W ``/W defensive/W ''/W industries/W ./W
Food/W ,/W tobacco/W ,/W drugs/W and/W utilities/W are/W the/W classic/W examples/W ./W
Recession/W or/W not/W ,/W people/W still/W eat/W ,/W smoke/W ,/W and/W take/W medicine/W when/W they/W 're/W sick/W ./W
George/W _OOV_/W III/W ,/W editor/W of/W _OOV_/W Letter/W in/W Boston/W ,/W offers/W one/W final/W tip/W for/W _OOV_/W investors/W ./W
``/W Keep/W some/W money/W available/W for/W opportunities/W ,/W ''/W he/W says/W ./W
``/W If/W the/W recession/W does/W hit/W ,/W there/W will/W be/W some/W great/W investment/W opportunities/W just/W when/W things/W seem/W the/W blackest/W ./W ''/W
Mr./W Dorfman/W covers/W investing/W issues/W from/W The/W Wall/W Street/W Journal/W 's/W New/W York/W bureau/W ./W
Some/W industry/W groups/W consistently/W weather/W the/W storm/W better/W than/W others/W ./W
The/W following/W shows/W the/W number/W of/W times/W these/W industries/W outperformed/W the/W Standard/W &/W Poor/W 's/W _OOV_/W Index/W during/W the/W first/W six/W months/W of/W the/W past/W seven/W recessions/W ./W
Bond/W prices/W posted/W strong/W gains/W as/W investors/W went/W on/W a/W bargain/W hunt/W ./W
But/W while/W the/W overall/W market/W improved/W ,/W the/W _OOV_/W junk-bond/W market/W continued/W to/W count/W casualties/W ,/W even/W as/W junk-bond/W prices/W rose/W ./W
Yesterday/W ,/W Prudential-Bache/W Securities/W Inc./W said/W it/W postponed/W a/W $/W _OOV_/W million/W senior/W subordinated/W _OOV_/W offering/W by/W York/W International/W Corp/W ./W
And/W Donaldson/W ,/W Lufkin/W &/W Jenrette/W Securities/W Corp./W scrambled/W to/W restructure/W and/W improve/W the/W potential/W returns/W on/W a/W $/W _OOV_/W million/W _OOV_/W offering/W by/W Chicago/W &/W North/W Western/W Acquisition/W Corp./W that/W was/W still/W being/W negotiated/W late/W last/W night/W ./W
The/W issue/W by/W Chicago/W &/W North/W Western/W is/W one/W of/W the/W so-called/W good/W junk-bond/W offerings/W on/W the/W _OOV_/W calendar/W ./W
Some/W analysts/W said/W the/W restructuring/W of/W the/W railroad/W concern/W 's/W issue/W shows/W how/W tough/W it/W is/W for/W underwriters/W to/W sell/W even/W the/W junk/W bonds/W of/W a/W company/W considered/W to/W be/W a/W relatively/W good/W credit/W risk/W ./W
Since/W last/W week/W 's/W junk-bond/W market/W debacle/W ,/W many/W new/W issues/W of/W high-yield/W ,/W high-risk/W corporate/W bonds/W have/W either/W been/W scaled/W back/W ,/W delayed/W or/W dropped/W ./W
On/W Wednesday/W ,/W Drexel/W Burnham/W Lambert/W Inc./W had/W to/W slash/W the/W size/W of/W Continental/W Airlines/W '/W junk-bond/W offering/W to/W $/W 71/W million/W from/W $/W 150/W million/W ./W
Salomon/W Brothers/W Inc./W has/W delayed/W Grand/W Union/W Co./W 's/W $/W _OOV_/W billion/W junk-bond/W offering/W while/W it/W _OOV_/W the/W transaction/W ./W
Last/W week/W ,/W the/W Grand/W Union/W offering/W was/W sweetened/W to/W include/W warrants/W that/W allow/W _OOV_/W to/W acquire/W common/W stock/W ./W
Prudential-Bache/W said/W the/W York/W issue/W was/W delayed/W because/W of/W market/W conditions/W ./W
``/W Everything/W is/W going/W through/W _OOV_/W right/W now/W ,/W and/W -LCB-/W Chicago/W &/W North/W Western/W -RCB-/W is/W no/W exception/W ,/W ''/W said/W _OOV_/W _OOV_/W ,/W vice/W president/W ,/W high-yield/W research/W ,/W at/W _OOV_/W ./W
_OOV_/W managers/W say/W sweeteners/W like/W equity/W kickers/W and/W stricter/W protective/W covenants/W may/W increasingly/W be/W required/W to/W sell/W junk-bond/W deals/W ./W
Dan/W _OOV_/W ,/W managing/W director/W of/W high-yield/W investments/W at/W Chancellor/W Capital/W Management/W ,/W said/W the/W Chicago/W &/W North/W Western/W offering/W was/W restructured/W in/W part/W because/W ``/W several/W large/W insurance/W buyers/W right/W now/W are/W demanding/W equity/W as/W part/W of/W the/W package/W ./W
If/W you/W 're/W going/W to/W take/W the/W risk/W in/W this/W market/W ,/W you/W want/W something/W extra/W ./W ''/W
Mr./W _OOV_/W likes/W the/W offering/W ./W
But/W several/W mutual-fund/W managers/W ,/W nervous/W about/W the/W deteriorating/W quality/W of/W their/W junk-bond/W portfolios/W and/W shy/W about/W buying/W new/W issues/W ,/W said/W they/W 're/W staying/W away/W from/W any/W junk/W security/W that/W is/W n't/W considered/W first/W rate/W for/W its/W class/W ./W
While/W they/W consider/W the/W Chicago/W &/W North/W Western/W issue/W to/W be/W good/W ,/W they/W do/W n't/W view/W it/W as/W the/W best/W ./W
To/W lure/W buyers/W to/W the/W Chicago/W &/W North/W Western/W bonds/W ,/W portfolio/W managers/W said/W Donaldson/W Lufkin/W sweetened/W the/W transaction/W by/W offering/W the/W bonds/W with/W a/W _OOV_/W interest/W rate/W and/W a/W 10/W %/W equity/W kicker/W ./W
The/W bonds/W are/W expected/W to/W have/W a/W 14/W %/W coupon/W rate/W ./W
The/W equity/W arrangement/W apparently/W would/W allow/W _OOV_/W to/W buy/W a/W total/W of/W 10/W %/W of/W the/W stock/W of/W _OOV_/W Corp./W ,/W Chicago/W &/W North/W Western/W 's/W parent/W company/W ./W
Donaldson/W Lufkin/W declined/W to/W comment/W on/W the/W restructuring/W ./W
According/W to/W some/W analysts/W familiar/W with/W the/W negotiations/W ,/W the/W 10/W %/W of/W equity/W would/W come/W directly/W from/W Donaldson/W Lufkin/W and/W a/W fund/W affiliated/W with/W the/W investment/W bank/W _OOV_/W Group/W ,/W which/W would/W reduce/W their/W _OOV_/W equity/W holdings/W by/W 5/W %/W each/W ./W
That/W would/W leave/W the/W _OOV_/W fund/W with/W a/W 60/W %/W stake/W and/W Donaldson/W Lufkin/W with/W 15/W %/W ./W
Despite/W the/W problems/W with/W new/W issues/W ,/W high-yield/W bonds/W showed/W gains/W in/W the/W secondary/W ,/W or/W resell/W ,/W market/W ./W
_OOV_/W bonds/W ended/W about/W one-half/W point/W higher/W with/W so-called/W high-quality/W issues/W from/W RJR/W Capital/W Holdings/W Corp./W and/W _OOV_/W Gas/W Service/W Limited/W _OOV_/W rising/W one/W point/W ./W
In/W the/W Treasury/W market/W ,/W the/W benchmark/W 30-year/W bond/W rose/W _OOV_/W point/W ,/W or/W $/W 8.75/W for/W each/W $/W 1,000/W face/W amount/W ./W
The/W gain/W reflects/W fresh/W economic/W evidence/W that/W inflation/W is/W moderating/W while/W the/W economy/W slows/W ./W
That/W raised/W hopes/W that/W interest/W rates/W will/W continue/W to/W move/W lower/W ./W
The/W Labor/W Department/W reported/W that/W consumer/W prices/W rose/W just/W 0.2/W %/W last/W month/W ,/W slightly/W lower/W than/W some/W economists/W had/W expected/W ./W
But/W there/W were/W also/W rumors/W yesterday/W that/W several/W Japanese/W institutional/W investors/W were/W shifting/W their/W portfolios/W and/W buying/W long-term/W bonds/W while/W selling/W _OOV_/W Treasurys/W ./W
Short-term/W Treasury/W securities/W ended/W narrowly/W mixed/W ,/W with/W two-year/W notes/W posting/W slight/W declines/W while/W three-year/W notes/W were/W slightly/W higher/W ./W
Yesterday/W ,/W the/W Fed/W executed/W four-day/W matched/W sales/W ,/W a/W technical/W trading/W operation/W designed/W to/W drain/W reserves/W from/W the/W banking/W system/W ./W
The/W move/W was/W interpreted/W by/W some/W economists/W as/W a/W sign/W that/W the/W Fed/W does/W n't/W want/W the/W federal/W funds/W rate/W to/W move/W any/W lower/W than/W the/W 8/W %/W at/W which/W it/W has/W been/W hovering/W around/W during/W the/W past/W week/W ./W
The/W closely/W watched/W funds/W rate/W is/W what/W banks/W charge/W each/W other/W on/W overnight/W loans/W ./W
It/W is/W considered/W an/W early/W signal/W of/W Fed/W credit/W policy/W changes/W ./W
``/W The/W fact/W that/W they/W did/W four-day/W matched/W sales/W means/W they/W are/W not/W in/W a/W mood/W to/W ease/W aggressively/W ./W
They/W are/W telling/W us/W that/W -LCB-/W 8/W %/W -RCB-/W is/W as/W low/W as/W they/W want/W to/W see/W the/W fed/W funds/W rate/W ,/W ''/W said/W Robert/W _OOV_/W at/W _OOV_/W Bank/W PLC/W ./W
The/W benchmark/W 30-year/W bond/W was/W quoted/W late/W at/W a/W price/W of/W 101/W to/W yield/W _OOV_/W %/W ,/W compared/W with/W 100/W to/W yield/W _OOV_/W %/W Wednesday/W ./W
The/W latest/W 10-year/W notes/W were/W quoted/W late/W at/W 100/W to/W yield/W _OOV_/W %/W ,/W compared/W with/W 99/W to/W yield/W _OOV_/W %/W ./W
Short-term/W rates/W rose/W yesterday/W ./W
The/W discount/W rate/W on/W three-month/W Treasury/W bills/W rose/W to/W _OOV_/W %/W from/W _OOV_/W %/W Wednesday/W ,/W while/W the/W rate/W on/W six-month/W bills/W rose/W to/W _OOV_/W %/W from/W _OOV_/W %/W ./W
Meanwhile/W ,/W the/W Treasury/W sold/W $/W _OOV_/W billion/W of/W _OOV_/W bills/W yesterday/W ./W
The/W average/W yield/W on/W the/W bills/W was/W _OOV_/W %/W ,/W down/W from/W _OOV_/W %/W at/W the/W previous/W _OOV_/W bill/W auction/W Sept./W 21/W ./W
Yesterday/W 's/W yield/W was/W the/W lowest/W since/W _OOV_/W %/W on/W July/W 27/W ./W
Here/W are/W details/W of/W the/W auction/W :/W
Rates/W are/W determined/W by/W the/W difference/W between/W the/W purchase/W price/W and/W face/W value/W ./W
Thus/W ,/W higher/W bidding/W narrows/W the/W investor/W 's/W return/W while/W lower/W bidding/W widens/W it/W ./W
The/W percentage/W rates/W are/W calculated/W on/W a/W 360-day/W year/W ,/W while/W the/W coupon-equivalent/W yield/W is/W based/W on/W a/W 365-day/W year/W ./W
_OOV_/W bond/W price/W climbed/W yesterday/W despite/W skittishness/W in/W the/W _OOV_/W market/W for/W high-yield/W securities/W ./W
Dealers/W said/W junk/W bond/W issues/W on/W average/W were/W up/W by/W to/W point/W with/W so-called/W quality/W issues/W from/W RJR/W Capital/W Holdings/W Corp./W and/W _OOV_/W Gas/W Service/W Limited/W _OOV_/W posting/W _OOV_/W gains/W ./W
_OOV_/W Gas/W Service/W 's/W 13/W %/W debentures/W traded/W at/W 102/W ,/W after/W trading/W around/W par/W earlier/W this/W week/W ,/W and/W RJR/W 's/W 13/W %/W subordinated/W debentures/W of/W 2001/W were/W at/W 101/W after/W trading/W at/W below/W par/W earlier/W this/W week/W ./W
Investment-grade/W bonds/W were/W unchanged/W ./W
Activity/W was/W brisk/W in/W the/W _OOV_/W general/W obligation/W market/W ,/W as/W a/W series/W of/W sell/W lists/W hit/W the/W Street/W and/W capped/W upward/W price/W movement/W in/W the/W sector/W ./W
Traders/W estimated/W that/W more/W than/W $/W 140/W million/W of/W _OOV_/W bonds/W was/W put/W up/W for/W sale/W via/W _OOV_/W lists/W circulated/W by/W a/W handful/W of/W major/W brokers/W ./W
There/W was/W speculation/W that/W the/W supply/W was/W coming/W from/W a/W commercial/W bank/W 's/W portfolios/W ./W
According/W to/W market/W participants/W ,/W the/W bonds/W were/W met/W with/W decent/W bids/W ,/W but/W the/W volume/W of/W paper/W left/W high/W grades/W in/W the/W 10-year/W and/W under/W maturity/W range/W unchanged/W to/W _OOV_/W percentage/W point/W higher/W in/W yield/W ./W
_OOV_/W from/W the/W general/W obligation/W sector/W ,/W activity/W was/W modest/W ./W
Long/W dollar/W bonds/W were/W flat/W to/W up/W point/W ./W
New/W Jersey/W _OOV_/W Authority/W 's/W 7.20/W %/W issue/W of/W _OOV_/W was/W up/W at/W 98/W bid/W to/W yield/W about/W 7.32/W %/W ,/W down/W _OOV_/W percentage/W point/W ./W
The/W debt/W of/W some/W California/W issuers/W pulled/W off/W lows/W reached/W after/W Tuesday/W 's/W massive/W earthquake/W ,/W although/W traders/W said/W market/W participants/W remained/W cautious/W ./W
California/W expects/W to/W rely/W on/W federal/W emergency/W funds/W and/W its/W $/W _OOV_/W billion/W in/W general/W fund/W reserves/W to/W meet/W the/W estimated/W $/W 500/W million/W to/W $/W 1/W billion/W in/W damages/W resulting/W from/W the/W quake/W ,/W according/W to/W a/W state/W official/W ./W
It/W 's/W also/W unclear/W precisely/W how/W the/W state/W will/W rebuild/W its/W reserve/W ,/W said/W _OOV_/W Katz/W ,/W assistant/W director/W of/W California/W 's/W department/W of/W finance/W ,/W although/W she/W noted/W that/W a/W bond/W offering/W for/W that/W purpose/W is/W n't/W anticipated/W ./W
Meanwhile/W ,/W new/W issuance/W was/W slow/W ./W
The/W largest/W sale/W in/W the/W competitive/W arena/W was/W a/W $/W _OOV_/W million/W issue/W of/W school/W financing/W bonds/W from/W the/W _OOV_/W Public/W School/W Authority/W ./W
A/W balance/W of/W $/W _OOV_/W million/W remained/W in/W late/W _OOV_/W ,/W according/W to/W the/W lead/W manager/W ./W
Mortgage/W securities/W generally/W ended/W to/W point/W higher/W ,/W but/W lagged/W gains/W in/W the/W Treasury/W market/W because/W of/W a/W shift/W in/W the/W shape/W of/W the/W Treasury/W yield/W curve/W and/W rumored/W mortgage/W sales/W by/W thrifts/W ./W
Premium/W Government/W National/W Mortgage/W Association/W securities/W with/W coupon/W rates/W of/W 13/W %/W and/W higher/W actually/W declined/W amid/W concerns/W about/W increased/W prepayments/W because/W of/W a/W plan/W being/W considered/W by/W Congress/W to/W speed/W the/W refinancing/W of/W _OOV_/W mortgages/W ./W
Ginnie/W Mae/W 13/W %/W securities/W were/W down/W about/W at/W _OOV_/W ./W
If/W the/W refinancing/W plan/W clears/W Congress/W ,/W there/W could/W be/W fairly/W heavy/W prepayments/W on/W the/W premium/W securities/W ,/W hurting/W any/W investor/W paying/W much/W above/W par/W for/W them/W ./W
In/W the/W _OOV_/W sector/W ,/W a/W shift/W in/W the/W Treasury/W yield/W curve/W resulting/W from/W the/W better/W performance/W of/W _OOV_/W issues/W over/W _OOV_/W securities/W hurt/W major/W coupons/W because/W it/W will/W become/W more/W difficult/W to/W structure/W new/W derivative/W securities/W offerings/W ./W
Ginnie/W Mae/W 9/W %/W securities/W ended/W at/W 98/W ,/W up/W 9/W ,/W 9/W %/W
%/W to/W a/W 12-year/W average/W life/W assumption/W ,/W as/W the/W spread/W above/W the/W Treasury/W 10-year/W note/W widened/W _OOV_/W percentage/W point/W to/W _OOV_/W ./W
While/W Remic/W issuance/W may/W slow/W in/W the/W coming/W days/W because/W of/W the/W shift/W in/W the/W Treasury/W yield/W curve/W ,/W underwriters/W continued/W to/W crank/W out/W new/W real/W estate/W mortgage/W investment/W conduits/W structured/W when/W the/W yield/W curve/W was/W more/W favorable/W ./W
Two/W new/W _OOV_/W totaling/W $/W 900/W million/W were/W announced/W by/W Freddie/W Mac/W yesterday/W ./W
British/W government/W bonds/W ended/W little/W changed/W as/W investors/W awaited/W an/W economic/W policy/W address/W last/W night/W by/W Chancellor/W of/W the/W _OOV_/W Nigel/W _OOV_/W ./W
The/W Treasury/W 11/W %/W bond/W due/W was/W down/W at/W 111/W to/W yield/W _OOV_/W %/W ,/W while/W the/W 11/W %/W notes/W due/W 1991/W were/W unchanged/W at/W 98/W to/W yield/W _OOV_/W %/W ./W
In/W Japan/W ,/W the/W bellwether/W No./W 111/W 4.6/W %/W bond/W of/W 1998/W ended/W off/W _OOV_/W at/W _OOV_/W ,/W to/W yield/W _OOV_/W %/W ,/W and/W in/W West/W Germany/W ,/W the/W 7/W %/W benchmark/W issue/W due/W October/W 1999/W ended/W _OOV_/W point/W lower/W at/W _OOV_/W to/W yield/W _OOV_/W %/W ./W
